[38;5;159m[Genesis] [09:11:06] [INFO] [38;5;121m╭───────────────────────────────────────────────╮[0m[38;5;159m[0m
[38;5;159m[Genesis] [09:11:06] [INFO] [38;5;121m│┈┉┈┉┈┉┈┉┈┉┈┉┈┉┈┉┈┉┈[0m[38;5;159m [38;5;121m[1m[3mGenesis[0m[38;5;159m [38;5;121m┈┉┈┉┈┉┈┉┈┉┈┉┈┉┈┉┈┉┈│[0m[38;5;159m[0m
[38;5;159m[Genesis] [09:11:06] [INFO] [38;5;121m╰───────────────────────────────────────────────╯[0m[38;5;159m[0m
[W 09/29/26 09:11:07.234 4113430] [ptx_cache.cpp:PtxCache@73] Lock /home/gck/.cache/gstaichi/ticache/ptx_cache/ptxcache.lock failed. Please run 'ti cache clean -p /home/gck/.cache/gstaichi/ticache/ptx_cache' and try again.
[38;5;159m[Genesis] [09:11:07] [INFO] Running on [38;5;121m[4m[NVIDIA A100-SXM4-80GB][0m[38;5;159m with backend [38;5;121m[4mgs.cuda[0m[38;5;159m. Device memory: [38;5;121m[4m79.25[0m[38;5;159m GB.[0m
[38;5;159m[Genesis] [09:11:07] [INFO] 🚀 Genesis initialized. 🔖 version: [38;5;121m[4m0.3.6[0m[38;5;159m, 🎨 theme: [38;5;121m[4mdark[0m[38;5;159m, 🌱 seed: [38;5;121m[4mNone[0m[38;5;159m, 🐛 debug: [38;5;121m[4mFalse[0m[38;5;159m, 📏 precision: [38;5;121m[4m32[0m[38;5;159m, 🏎️ performance: [38;5;121m[4mFalse[0m[38;5;159m, 💬 verbose: [38;5;121m[4mINFO[0m[38;5;159m[0m
[38;5;159m[Genesis] [09:11:09] [INFO] Scene [38;5;121m[3m<6b0ea0e>[0m[38;5;159m created.[0m
[38;5;159m[Genesis] [09:11:09] [INFO] Adding [38;5;121m<gs.RigidEntity>[0m[38;5;159m. idx: [38;5;121m0[0m[38;5;159m, uid: [38;5;121m[3m<870fac8>[0m[38;5;159m, morph: [38;5;121m<gs.morphs.MJCF(file='/mnt4/gck/maniladder/maniladder/assets/xml/franka_emika_panda/panda.xml')>[0m[38;5;159m, material: [38;5;121m<gs.materials.Rigid>[0m[38;5;159m.[0m
[38;5;226m[Genesis] [09:11:09] [WARNING] (MJCF) Approximating tendon by joint actuator for `finger_joint1`[0m
[38;5;226m[Genesis] [09:11:09] [WARNING] (MJCF) Actuator control gain and bias parameters cannot be reduced to a unique PD control position gain. Using max between gain and bias for joint `finger_joint1`.[0m
[38;5;226m[Genesis] [09:11:09] [WARNING] (MJCF) Approximating tendon by joint actuator for `finger_joint2`[0m
[38;5;226m[Genesis] [09:11:09] [WARNING] (MJCF) Actuator control gain and bias parameters cannot be reduced to a unique PD control position gain. Using max between gain and bias for joint `finger_joint2`.[0m
[38;5;159m[Genesis] [09:11:09] [INFO] Applying offset to base link's pose with user provided value in morph.[0m
[38;5;159m[Genesis] [09:11:10] [INFO] Adding [38;5;121m<gs.RigidEntity>[0m[38;5;159m. idx: [38;5;121m1[0m[38;5;159m, uid: [38;5;121m[3m<8c47ecc>[0m[38;5;159m, morph: [38;5;121m<gs.morphs.Mesh(file='/mnt4/gck/maniladder/maniladder/assets/models/table.glb')>[0m[38;5;159m, material: [38;5;121m<gs.materials.Rigid>[0m[38;5;159m.[0m
[38;5;226m[Genesis] [09:11:10] [WARNING] GLTF is using y-up while Genesis uses z-up. Please set parse_glb_with_zup=True in morph options if you find the mesh is 90-degree rotated. We will set parse_glb_with_zup=True and rotate glb mesh by default later and gradually enforce this option.[0m
/data/gck/miniconda3/envs/maniladder/lib/python3.10/site-packages/pygltflib/__init__.py:830: UserWarning: pygltflib currently does not remove image data from the buffer when converting to data uri.Please open an issue at https://gitlab.com/dodgyville/pygltflib/issues
  warnings.warn("pygltflib currently does not remove image data "
[38;5;159m[Genesis] [09:11:10] [INFO] Adding [38;5;121m<gs.RigidEntity>[0m[38;5;159m. idx: [38;5;121m2[0m[38;5;159m, uid: [38;5;121m[3m<87c0ec3>[0m[38;5;159m, morph: [38;5;121m<gs.morphs.Box>[0m[38;5;159m, material: [38;5;121m<gs.materials.Rigid>[0m[38;5;159m.[0m
[38;5;159m[Genesis] [09:11:10] [INFO] Adding [38;5;121m<gs.RigidEntity>[0m[38;5;159m. idx: [38;5;121m3[0m[38;5;159m, uid: [38;5;121m[3m<08cf215>[0m[38;5;159m, morph: [38;5;121m<gs.morphs.Plane>[0m[38;5;159m, material: [38;5;121m<gs.materials.Rigid>[0m[38;5;159m.[0m
[38;5;159m[Genesis] [09:11:10] [INFO] Adding [38;5;121m<gs.RigidEntity>[0m[38;5;159m. idx: [38;5;121m4[0m[38;5;159m, uid: [38;5;121m[3m<c3f9078>[0m[38;5;159m, morph: [38;5;121m<gs.morphs.Box>[0m[38;5;159m, material: [38;5;121m<gs.materials.Rigid>[0m[38;5;159m.[0m
[38;5;159m[Genesis] [09:11:10] [INFO] Adding [38;5;121m<gs.RigidEntity>[0m[38;5;159m. idx: [38;5;121m5[0m[38;5;159m, uid: [38;5;121m[3m<cde1f41>[0m[38;5;159m, morph: [38;5;121m<gs.morphs.Box>[0m[38;5;159m, material: [38;5;121m<gs.materials.Rigid>[0m[38;5;159m.[0m
[38;5;159m[Genesis] [09:11:10] [INFO] Adding [38;5;121m<gs.RigidEntity>[0m[38;5;159m. idx: [38;5;121m6[0m[38;5;159m, uid: [38;5;121m[3m<c661215>[0m[38;5;159m, morph: [38;5;121m<gs.morphs.Box>[0m[38;5;159m, material: [38;5;121m<gs.materials.Rigid>[0m[38;5;159m.[0m
[38;5;159m[Genesis] [09:11:10] [INFO] Adding [38;5;121m<gs.RigidEntity>[0m[38;5;159m. idx: [38;5;121m7[0m[38;5;159m, uid: [38;5;121m[3m<120305f>[0m[38;5;159m, morph: [38;5;121m<gs.morphs.MJCF(file='/mnt4/gck/maniladder/maniladder/assets/models/stove/stove.xml')>[0m[38;5;159m, material: [38;5;121m<gs.materials.Rigid>[0m[38;5;159m.[0m
[38;5;159m[Genesis] [09:11:10] [INFO] Applying offset to base link's pose with user provided value in morph.[0m
[38;5;159m[Genesis] [09:11:10] [INFO] Adding [38;5;121m<gs.RigidEntity>[0m[38;5;159m. idx: [38;5;121m8[0m[38;5;159m, uid: [38;5;121m[3m<20c0fba>[0m[38;5;159m, morph: [38;5;121m<gs.morphs.MJCF(file='/mnt4/gck/maniladder/maniladder/assets/models/pan/pan.xml')>[0m[38;5;159m, material: [38;5;121m<gs.materials.Rigid>[0m[38;5;159m.[0m
[38;5;159m[Genesis] [09:11:11] [INFO] Applying offset to base link's pose with user provided value in morph.[0m
[38;5;159m[Genesis] [09:11:11] [INFO] Adding [38;5;121m<gs.RigidEntity>[0m[38;5;159m. idx: [38;5;121m9[0m[38;5;159m, uid: [38;5;121m[3m<c340184>[0m[38;5;159m, morph: [38;5;121m<gs.morphs.MJCF(file='/mnt4/gck/maniladder/maniladder/assets/models/pan/fried_egg.xml')>[0m[38;5;159m, material: [38;5;121m<gs.materials.Rigid>[0m[38;5;159m.[0m
[38;5;159m[Genesis] [09:11:11] [INFO] Applying offset to base link's pose with user provided value in morph.[0m
[38;5;159m[Genesis] [09:11:11] [INFO] Building scene [38;5;121m[3m<6b0ea0e>[0m[38;5;159m...[0m
[W 09/29/26 09:11:11.910 4113430] [kernel_compilation_manager.cpp:KernelCompilationManager@69] Lock /home/gck/.cache/gstaichi/ticache/kernel_compilation_manager/ticache.lock failed. Please run 'ti cache clean -p /home/gck/.cache/gstaichi/ticache/kernel_compilation_manager' and try again.
[38;5;226m[Genesis] [09:11:13] [WARNING] Constraint solver time constant should be greater than 2*substep_dt. timeconst is changed from `0.004` to `0.02`). Decrease simulation timestep or increase timeconst to avoid altering the original value.[0m
[38;5;226m[Genesis] [09:11:14] [WARNING] Reference robot position exceeds joint limits.[0m
[38;5;226m[Genesis] [09:11:14] [WARNING] Constraint solver time constant should be greater than 2*substep_dt. timeconst is changed from `0.005` to `0.02`). Decrease simulation timestep or increase timeconst to avoid altering the original value.[0m
[38;5;159m[Genesis] [09:11:24] [INFO] Compiling simulation kernels...[0m
[38;5;159m[Genesis] [09:12:00] [INFO] Building visualizer...[0m
/data/gck/miniconda3/envs/maniladder/lib/python3.10/site-packages/torch/utils/_device.py:109: UserWarning: The given NumPy array is not writable, and PyTorch does not support non-writable tensors. This means writing to this tensor will result in undefined behavior. You may want to copy the array to protect its data or make it writable before converting it to a tensor. This type of warning will be suppressed for the rest of this program. (Triggered internally at /pytorch/torch/csrc/utils/tensor_numpy.cpp:213.)
  return func(*args, **kwargs)
Action space: Box(-1.0, 1.0, (7,), float32)
Generating 1 orbit video-only demos → /mnt/gck_website/maniladder.github.io/generated_demos/FlipPan-v1
  [ep 0/1, attempt 1] step 1/900  terminated=False  truncated=False
[FlipPan scripted policy] Phase 0 -> 1 (aligned above handle). pan=(0.309, 0.016, 0.050) pan_yaw=+57.2deg handle=(0.212, -0.135, 0.130) gripper_yaw_err=+0.0deg egg_xy_d=0.010 egg_z_d=0.013 pan_stove_xy_d=0.000 pan_stove_z_d=-0.000 flipped=False in_pan=True still=True on_stove=True
[FlipPan scripted policy] Phase 1 -> 2 (at handle, closing gripper). pan=(0.309, 0.016, 0.050) pan_yaw=+57.2deg handle=(0.212, -0.135, 0.130) gripper_yaw_err=+0.0deg egg_xy_d=0.010 egg_z_d=0.013 pan_stove_xy_d=0.000 pan_stove_z_d=-0.000 flipped=False in_pan=True still=True on_stove=True
[FlipPan scripted policy] Phase 3 -> 4 (pan lifted and re-aligned). pan=(0.320, 0.005, 0.095) pan_yaw=+2.0deg handle=(0.172, -0.001, 0.226) gripper_yaw_err=+0.3deg egg_xy_d=0.021 egg_z_d=0.007 pan_stove_xy_d=0.015 pan_stove_z_d=0.045 flipped=False in_pan=False still=False on_stove=False
  [ep 0/1, attempt 1] step 101/900  terminated=False  truncated=False
[FlipPan scripted policy] Pan placed back on the stove. pan=(0.310, 0.015, 0.065) pan_yaw=-2.4deg handle=(0.128, 0.024, 0.140) gripper_yaw_err=+0.3deg egg_xy_d=0.306 egg_z_d=-0.058 pan_stove_xy_d=0.001 pan_stove_z_d=0.015 flipped=False in_pan=False still=True on_stove=True
  [ep 0/1, attempt 1] step 201/900  terminated=False  truncated=False
[FlipPan scripted policy] Attempt failed. Retrying (1/3). pan=(0.312, 0.016, 0.050) pan_yaw=-2.5deg handle=(0.132, 0.024, 0.130) gripper_yaw_err=-2.6deg egg_xy_d=0.307 egg_z_d=-0.043 pan_stove_xy_d=0.002 pan_stove_z_d=-0.000 flipped=False in_pan=False still=True on_stove=True
[FlipPan scripted policy] Phase 0 -> 1 (aligned above handle). pan=(0.312, 0.016, 0.050) pan_yaw=-2.5deg handle=(0.132, 0.024, 0.130) gripper_yaw_err=+0.0deg egg_xy_d=0.307 egg_z_d=-0.043 pan_stove_xy_d=0.002 pan_stove_z_d=-0.000 flipped=False in_pan=False still=True on_stove=True
[FlipPan scripted policy] Phase 1 -> 2 (at handle, closing gripper). pan=(0.312, 0.016, 0.050) pan_yaw=-2.5deg handle=(0.132, 0.024, 0.130) gripper_yaw_err=+0.0deg egg_xy_d=0.307 egg_z_d=-0.043 pan_stove_xy_d=0.002 pan_stove_z_d=-0.000 flipped=False in_pan=False still=True on_stove=True
  [ep 0/1, attempt 1] step 301/900  terminated=False  truncated=False
[FlipPan scripted policy] Phase 3 -> 4 (pan lifted and re-aligned). pan=(0.323, 0.003, 0.104) pan_yaw=+0.6deg handle=(0.166, 0.003, 0.224) gripper_yaw_err=+0.6deg egg_xy_d=0.295 egg_z_d=-0.098 pan_stove_xy_d=0.019 pan_stove_z_d=0.055 flipped=False in_pan=False still=True on_stove=False
  [ep 0/1, attempt 1] step 401/900  terminated=False  truncated=False
[FlipPan scripted policy] Pan placed back on the stove. pan=(0.310, 0.017, 0.064) pan_yaw=+4.0deg handle=(0.123, 0.003, 0.124) gripper_yaw_err=+0.2deg egg_xy_d=0.307 egg_z_d=-0.058 pan_stove_xy_d=0.001 pan_stove_z_d=0.015 flipped=False in_pan=False still=True on_stove=True
  [ep 0/1, attempt 1] step 501/900  terminated=False  truncated=False
[FlipPan scripted policy] Attempt failed. Retrying (2/3). pan=(0.312, 0.019, 0.050) pan_yaw=+4.7deg handle=(0.133, 0.004, 0.130) gripper_yaw_err=+5.0deg egg_xy_d=0.310 egg_z_d=-0.043 pan_stove_xy_d=0.004 pan_stove_z_d=-0.000 flipped=False in_pan=False still=True on_stove=True
[FlipPan scripted policy] Phase 0 -> 1 (aligned above handle). pan=(0.312, 0.019, 0.050) pan_yaw=+4.7deg handle=(0.133, 0.004, 0.130) gripper_yaw_err=-0.0deg egg_xy_d=0.310 egg_z_d=-0.043 pan_stove_xy_d=0.004 pan_stove_z_d=-0.000 flipped=False in_pan=False still=True on_stove=True
[FlipPan scripted policy] Phase 1 -> 2 (at handle, closing gripper). pan=(0.312, 0.019, 0.050) pan_yaw=+4.7deg handle=(0.133, 0.004, 0.130) gripper_yaw_err=-0.0deg egg_xy_d=0.310 egg_z_d=-0.043 pan_stove_xy_d=0.004 pan_stove_z_d=-0.000 flipped=False in_pan=False still=True on_stove=True
[FlipPan scripted policy] Phase 3 -> 4 (pan lifted and re-aligned). pan=(0.323, 0.001, 0.105) pan_yaw=+0.5deg handle=(0.166, 0.001, 0.224) gripper_yaw_err=+0.5deg egg_xy_d=0.293 egg_z_d=-0.099 pan_stove_xy_d=0.020 pan_stove_z_d=0.056 flipped=False in_pan=False still=True on_stove=False
  [ep 0/1, attempt 1] step 601/900  terminated=False  truncated=False
  [ep 0/1, attempt 1] step 701/900  terminated=False  truncated=False
[FlipPan scripted policy] Pan placed back on the stove. pan=(0.318, 0.019, 0.092) pan_yaw=-17.1deg handle=(0.132, 0.084, 0.095) gripper_yaw_err=-6.8deg egg_xy_d=0.310 egg_z_d=-0.086 pan_stove_xy_d=0.009 pan_stove_z_d=0.042 flipped=False in_pan=False still=True on_stove=False
[FlipPan scripted policy] Attempt failed. Retrying (3/3). pan=(0.320, 0.033, 0.050) pan_yaw=-25.2deg handle=(0.157, 0.109, 0.130) gripper_yaw_err=-25.4deg egg_xy_d=0.324 egg_z_d=-0.043 pan_stove_xy_d=0.019 pan_stove_z_d=-0.000 flipped=False in_pan=False still=True on_stove=True
  [ep 0/1, attempt 1] step 801/900  terminated=False  truncated=False
[FlipPan scripted policy] Phase 0 -> 1 (aligned above handle). pan=(0.320, 0.033, 0.050) pan_yaw=-25.2deg handle=(0.157, 0.109, 0.130) gripper_yaw_err=+0.0deg egg_xy_d=0.324 egg_z_d=-0.043 pan_stove_xy_d=0.019 pan_stove_z_d=-0.000 flipped=False in_pan=False still=True on_stove=True
[FlipPan scripted policy] Phase 1 -> 2 (at handle, closing gripper). pan=(0.320, 0.033, 0.050) pan_yaw=-25.2deg handle=(0.157, 0.109, 0.130) gripper_yaw_err=+0.0deg egg_xy_d=0.324 egg_z_d=-0.043 pan_stove_xy_d=0.019 pan_stove_z_d=-0.000 flipped=False in_pan=False still=True on_stove=True
[FlipPan scripted policy] Phase 3 -> 4 (pan lifted and re-aligned). pan=(0.321, 0.010, 0.105) pan_yaw=+0.8deg handle=(0.167, 0.009, 0.227) gripper_yaw_err=+0.8deg egg_xy_d=0.302 egg_z_d=-0.098 pan_stove_xy_d=0.013 pan_stove_z_d=0.055 flipped=False in_pan=False still=True on_stove=False
  [ep 0/1, attempt 1] step 900/900  terminated=False  truncated=True
  [WARNING] Episode 0 attempt 1 truncated without success. Discarding and retrying...
  [Success Rate] overall: 0.0% (0/1) | moving avg (last 1): 0.0%
  [ep 0/1, attempt 2] step 1/900  terminated=False  truncated=False
[FlipPan scripted policy] Phase 0 -> 1 (aligned above handle). pan=(0.091, -0.331, 0.050) pan_yaw=+42.1deg handle=(-0.042, -0.451, 0.130) gripper_yaw_err=+0.0deg egg_xy_d=0.034 egg_z_d=0.013 pan_stove_xy_d=0.000 pan_stove_z_d=-0.000 flipped=False in_pan=True still=True on_stove=True
[FlipPan scripted policy] Phase 1 -> 2 (at handle, closing gripper). pan=(0.091, -0.331, 0.050) pan_yaw=+42.1deg handle=(-0.042, -0.451, 0.130) gripper_yaw_err=+0.0deg egg_xy_d=0.034 egg_z_d=0.013 pan_stove_xy_d=0.000 pan_stove_z_d=-0.000 flipped=False in_pan=True still=True on_stove=True
[FlipPan scripted policy] Phase 3 -> 4 (pan lifted and re-aligned). pan=(0.310, -0.012, 0.096) pan_yaw=-0.2deg handle=(0.164, -0.009, 0.228) gripper_yaw_err=-0.2deg egg_xy_d=0.042 egg_z_d=0.001 pan_stove_xy_d=0.387 pan_stove_z_d=0.047 flipped=False in_pan=False still=True on_stove=False
  [ep 0/1, attempt 2] step 101/900  terminated=False  truncated=False
  [ep 0/1, attempt 2] step 201/900  terminated=False  truncated=False
[FlipPan scripted policy] Pan placed back on the stove. pan=(0.092, -0.329, 0.065) pan_yaw=-12.3deg handle=(-0.082, -0.300, 0.151) gripper_yaw_err=+0.5deg egg_xy_d=0.501 egg_z_d=-0.059 pan_stove_xy_d=0.002 pan_stove_z_d=0.015 flipped=False in_pan=False still=True on_stove=True
[FlipPan scripted policy] Attempt failed. Retrying (1/3). pan=(0.093, -0.330, 0.050) pan_yaw=-12.5deg handle=(-0.082, -0.291, 0.130) gripper_yaw_err=-11.7deg egg_xy_d=0.500 egg_z_d=-0.043 pan_stove_xy_d=0.002 pan_stove_z_d=-0.000 flipped=False in_pan=False still=True on_stove=True
  [ep 0/1, attempt 2] step 301/900  terminated=False  truncated=False
[FlipPan scripted policy] Phase 0 -> 1 (aligned above handle). pan=(0.093, -0.330, 0.050) pan_yaw=-12.5deg handle=(-0.082, -0.291, 0.130) gripper_yaw_err=-0.0deg egg_xy_d=0.500 egg_z_d=-0.043 pan_stove_xy_d=0.002 pan_stove_z_d=-0.000 flipped=False in_pan=False still=True on_stove=True
[FlipPan scripted policy] Phase 1 -> 2 (at handle, closing gripper). pan=(0.093, -0.330, 0.050) pan_yaw=-12.5deg handle=(-0.082, -0.291, 0.130) gripper_yaw_err=-0.0deg egg_xy_d=0.500 egg_z_d=-0.043 pan_stove_xy_d=0.002 pan_stove_z_d=-0.000 flipped=False in_pan=False still=True on_stove=True
[FlipPan scripted policy] Phase 3 -> 4 (pan lifted and re-aligned). pan=(0.317, -0.002, 0.101) pan_yaw=+0.4deg handle=(0.166, -0.005, 0.227) gripper_yaw_err=+0.4deg egg_xy_d=0.105 egg_z_d=-0.095 pan_stove_xy_d=0.398 pan_stove_z_d=0.051 flipped=False in_pan=False still=True on_stove=False
  [ep 0/1, attempt 2] step 401/900  terminated=False  truncated=False
[FlipPan scripted policy] Pan placed back on the stove. pan=(0.093, -0.329, 0.065) pan_yaw=+4.3deg handle=(-0.079, -0.352, 0.158) gripper_yaw_err=+1.0deg egg_xy_d=0.500 egg_z_d=-0.059 pan_stove_xy_d=0.003 pan_stove_z_d=0.016 flipped=False in_pan=False still=True on_stove=True
  [ep 0/1, attempt 2] step 501/900  terminated=False  truncated=False
[FlipPan scripted policy] Attempt failed. Retrying (2/3). pan=(0.095, -0.328, 0.050) pan_yaw=+3.3deg handle=(-0.085, -0.338, 0.130) gripper_yaw_err=+3.1deg egg_xy_d=0.498 egg_z_d=-0.043 pan_stove_xy_d=0.004 pan_stove_z_d=-0.000 flipped=False in_pan=False still=True on_stove=True
[FlipPan scripted policy] Phase 0 -> 1 (aligned above handle). pan=(0.095, -0.328, 0.050) pan_yaw=+3.3deg handle=(-0.085, -0.338, 0.130) gripper_yaw_err=-0.0deg egg_xy_d=0.498 egg_z_d=-0.043 pan_stove_xy_d=0.004 pan_stove_z_d=-0.000 flipped=False in_pan=False still=True on_stove=True
  [ep 0/1, attempt 2] step 601/900  terminated=False  truncated=False
[FlipPan scripted policy] Phase 1 -> 2 (at handle, closing gripper). pan=(0.095, -0.328, 0.050) pan_yaw=+3.3deg handle=(-0.085, -0.338, 0.130) gripper_yaw_err=-0.0deg egg_xy_d=0.498 egg_z_d=-0.043 pan_stove_xy_d=0.004 pan_stove_z_d=-0.000 flipped=False in_pan=False still=True on_stove=True
[FlipPan scripted policy] Phase 3 -> 4 (pan lifted and re-aligned). pan=(0.317, -0.004, 0.100) pan_yaw=+0.3deg handle=(0.167, -0.005, 0.227) gripper_yaw_err=+0.3deg egg_xy_d=0.106 egg_z_d=-0.094 pan_stove_xy_d=0.397 pan_stove_z_d=0.050 flipped=False in_pan=False still=True on_stove=False
  [ep 0/1, attempt 2] step 701/900  terminated=False  truncated=False
[FlipPan scripted policy] Pan placed back on the stove. pan=(0.094, -0.331, 0.065) pan_yaw=+2.5deg handle=(-0.079, -0.348, 0.158) gripper_yaw_err=+2.4deg egg_xy_d=0.501 egg_z_d=-0.059 pan_stove_xy_d=0.003 pan_stove_z_d=0.015 flipped=False in_pan=False still=True on_stove=True
  [ep 0/1, attempt 2] step 801/900  terminated=False  truncated=False
[FlipPan scripted policy] Attempt failed. Retrying (3/3). pan=(0.098, -0.328, 0.050) pan_yaw=+2.6deg handle=(-0.082, -0.336, 0.130) gripper_yaw_err=+2.4deg egg_xy_d=0.496 egg_z_d=-0.043 pan_stove_xy_d=0.007 pan_stove_z_d=-0.000 flipped=False in_pan=False still=True on_stove=True
[FlipPan scripted policy] Phase 0 -> 1 (aligned above handle). pan=(0.098, -0.328, 0.050) pan_yaw=+2.6deg handle=(-0.082, -0.336, 0.130) gripper_yaw_err=-0.0deg egg_xy_d=0.496 egg_z_d=-0.043 pan_stove_xy_d=0.007 pan_stove_z_d=-0.000 flipped=False in_pan=False still=True on_stove=True
[FlipPan scripted policy] Phase 1 -> 2 (at handle, closing gripper). pan=(0.098, -0.328, 0.050) pan_yaw=+2.6deg handle=(-0.082, -0.336, 0.130) gripper_yaw_err=-0.0deg egg_xy_d=0.496 egg_z_d=-0.043 pan_stove_xy_d=0.007 pan_stove_z_d=-0.000 flipped=False in_pan=False still=True on_stove=True
  [ep 0/1, attempt 2] step 900/900  terminated=False  truncated=True
  [WARNING] Episode 0 attempt 2 truncated without success. Discarding and retrying...
  [Success Rate] overall: 0.0% (0/2) | moving avg (last 2): 0.0%
  [ep 0/1, attempt 3] step 1/900  terminated=False  truncated=False
[FlipPan scripted policy] Phase 0 -> 1 (aligned above handle). pan=(0.083, -0.271, 0.050) pan_yaw=+28.0deg handle=(-0.075, -0.356, 0.130) gripper_yaw_err=+0.0deg egg_xy_d=0.028 egg_z_d=0.013 pan_stove_xy_d=0.000 pan_stove_z_d=-0.000 flipped=False in_pan=True still=True on_stove=True
[FlipPan scripted policy] Phase 1 -> 2 (at handle, closing gripper). pan=(0.083, -0.271, 0.050) pan_yaw=+28.0deg handle=(-0.075, -0.356, 0.130) gripper_yaw_err=+0.0deg egg_xy_d=0.028 egg_z_d=0.013 pan_stove_xy_d=0.000 pan_stove_z_d=-0.000 flipped=False in_pan=True still=True on_stove=True
[FlipPan scripted policy] Phase 3 -> 4 (pan lifted and re-aligned). pan=(0.315, -0.008, 0.106) pan_yaw=+0.6deg handle=(0.162, -0.007, 0.230) gripper_yaw_err=+0.6deg egg_xy_d=0.035 egg_z_d=0.008 pan_stove_xy_d=0.351 pan_stove_z_d=0.057 flipped=False in_pan=False still=True on_stove=False
  [ep 0/1, attempt 3] step 101/900  terminated=False  truncated=False
  [ep 0/1, attempt 3] step 201/900  terminated=False  truncated=False
[FlipPan scripted policy] Pan placed back on the stove. pan=(0.090, -0.281, 0.092) pan_yaw=-14.3deg handle=(-0.103, -0.238, 0.095) gripper_yaw_err=-2.4deg egg_xy_d=0.247 egg_z_d=-0.071 pan_stove_xy_d=0.011 pan_stove_z_d=0.043 flipped=True in_pan=False still=True on_stove=False
  [ep 0/1, attempt 3] step 301/900  terminated=False  truncated=False
[FlipPan scripted policy] Attempt failed. Retrying (1/3). pan=(0.166, -0.240, 0.050) pan_yaw=-42.3deg handle=(0.032, -0.119, 0.130) gripper_yaw_err=-46.2deg egg_xy_d=0.278 egg_z_d=-0.028 pan_stove_xy_d=0.088 pan_stove_z_d=-0.000 flipped=True in_pan=False still=True on_stove=False
[FlipPan scripted policy] Phase 0 -> 1 (aligned above handle). pan=(0.166, -0.240, 0.050) pan_yaw=-42.3deg handle=(0.033, -0.119, 0.130) gripper_yaw_err=-0.0deg egg_xy_d=0.278 egg_z_d=-0.028 pan_stove_xy_d=0.088 pan_stove_z_d=-0.000 flipped=True in_pan=False still=True on_stove=False
[FlipPan scripted policy] Phase 1 -> 2 (at handle, closing gripper). pan=(0.166, -0.240, 0.050) pan_yaw=-42.3deg handle=(0.033, -0.119, 0.130) gripper_yaw_err=+0.0deg egg_xy_d=0.278 egg_z_d=-0.028 pan_stove_xy_d=0.088 pan_stove_z_d=-0.000 flipped=True in_pan=False still=True on_stove=False
[FlipPan scripted policy] Phase 3 -> 4 (pan lifted and re-aligned). pan=(0.314, -0.017, 0.094) pan_yaw=-0.9deg handle=(0.166, -0.008, 0.224) gripper_yaw_err=-0.7deg egg_xy_d=0.525 egg_z_d=-0.073 pan_stove_xy_d=0.343 pan_stove_z_d=0.044 flipped=True in_pan=False still=True on_stove=False
  [ep 0/1, attempt 3] step 401/900  terminated=False  truncated=False
  [ep 0/1, attempt 3] step 501/900  terminated=False  truncated=False
[FlipPan scripted policy] Pan placed back on the stove. pan=(0.085, -0.269, 0.064) pan_yaw=+16.8deg handle=(-0.083, -0.321, 0.154) gripper_yaw_err=+0.4deg egg_xy_d=0.260 egg_z_d=-0.043 pan_stove_xy_d=0.002 pan_stove_z_d=0.015 flipped=True in_pan=False still=True on_stove=True
  [ep 0/1, attempt 3] step 601/900  terminated=False  truncated=False
[FlipPan scripted policy] Attempt failed. Retrying (2/3). pan=(0.088, -0.269, 0.050) pan_yaw=+16.3deg handle=(-0.085, -0.319, 0.130) gripper_yaw_err=+15.3deg egg_xy_d=0.259 egg_z_d=-0.028 pan_stove_xy_d=0.005 pan_stove_z_d=-0.000 flipped=True in_pan=False still=True on_stove=True
[FlipPan scripted policy] Phase 0 -> 1 (aligned above handle). pan=(0.088, -0.269, 0.050) pan_yaw=+16.3deg handle=(-0.085, -0.319, 0.130) gripper_yaw_err=-0.0deg egg_xy_d=0.259 egg_z_d=-0.028 pan_stove_xy_d=0.005 pan_stove_z_d=-0.000 flipped=True in_pan=False still=True on_stove=True
[FlipPan scripted policy] Phase 1 -> 2 (at handle, closing gripper). pan=(0.088, -0.269, 0.050) pan_yaw=+16.3deg handle=(-0.085, -0.319, 0.130) gripper_yaw_err=-0.0deg egg_xy_d=0.259 egg_z_d=-0.028 pan_stove_xy_d=0.005 pan_stove_z_d=-0.000 flipped=True in_pan=False still=True on_stove=True
[FlipPan scripted policy] Phase 3 -> 4 (pan lifted and re-aligned). pan=(0.316, -0.005, 0.097) pan_yaw=+0.1deg handle=(0.167, -0.005, 0.226) gripper_yaw_err=+0.1deg egg_xy_d=0.536 egg_z_d=-0.075 pan_stove_xy_d=0.353 pan_stove_z_d=0.047 flipped=True in_pan=False still=True on_stove=False
  [ep 0/1, attempt 3] step 701/900  terminated=False  truncated=False
  [ep 0/1, attempt 3] step 801/900  terminated=False  truncated=False
[FlipPan scripted policy] Pan placed back on the stove. pan=(0.086, -0.270, 0.065) pan_yaw=+9.9deg handle=(-0.084, -0.310, 0.156) gripper_yaw_err=+1.1deg egg_xy_d=0.258 egg_z_d=-0.043 pan_stove_xy_d=0.002 pan_stove_z_d=0.015 flipped=True in_pan=False still=True on_stove=True
[FlipPan scripted policy] Attempt failed. Retrying (3/3). pan=(0.085, -0.271, 0.050) pan_yaw=+10.2deg handle=(-0.092, -0.303, 0.130) gripper_yaw_err=+9.8deg egg_xy_d=0.258 egg_z_d=-0.028 pan_stove_xy_d=0.002 pan_stove_z_d=-0.000 flipped=True in_pan=False still=True on_stove=True
  [ep 0/1, attempt 3] step 900/900  terminated=False  truncated=True
  [WARNING] Episode 0 attempt 3 truncated without success. Discarding and retrying...
  [Success Rate] overall: 0.0% (0/3) | moving avg (last 3): 0.0%
  [ep 0/1, attempt 4] step 1/900  terminated=False  truncated=False
[FlipPan scripted policy] Phase 0 -> 1 (aligned above handle). pan=(0.090, -0.306, 0.050) pan_yaw=-3.0deg handle=(-0.090, -0.296, 0.130) gripper_yaw_err=+0.0deg egg_xy_d=0.050 egg_z_d=0.013 pan_stove_xy_d=0.000 pan_stove_z_d=-0.000 flipped=False in_pan=False still=True on_stove=True
[FlipPan scripted policy] Phase 1 -> 2 (at handle, closing gripper). pan=(0.090, -0.306, 0.050) pan_yaw=-3.0deg handle=(-0.090, -0.296, 0.130) gripper_yaw_err=-0.0deg egg_xy_d=0.050 egg_z_d=0.013 pan_stove_xy_d=0.000 pan_stove_z_d=-0.000 flipped=False in_pan=False still=True on_stove=True
[FlipPan scripted policy] Phase 3 -> 4 (pan lifted and re-aligned). pan=(0.319, -0.006, 0.106) pan_yaw=+0.4deg handle=(0.165, -0.006, 0.229) gripper_yaw_err=+0.4deg egg_xy_d=0.051 egg_z_d=0.001 pan_stove_xy_d=0.377 pan_stove_z_d=0.057 flipped=False in_pan=False still=True on_stove=False
  [ep 0/1, attempt 4] step 101/900  terminated=False  truncated=False
  [ep 0/1, attempt 4] step 201/900  terminated=False  truncated=False
[FlipPan scripted policy] Pan placed back on the stove. pan=(0.111, -0.384, 0.127) pan_yaw=-0.5deg handle=(-0.086, -0.394, 0.132) gripper_yaw_err=+4.5deg egg_xy_d=0.085 egg_z_d=-0.097 pan_stove_xy_d=0.081 pan_stove_z_d=0.077 flipped=True in_pan=False still=True on_stove=False
  [ep 0/1, attempt 4] step 301/900  terminated=False  truncated=False
[FlipPan scripted policy] Attempt failed. Retrying (1/3). pan=(0.124, -0.477, 0.033) pan_yaw=-2.2deg handle=(-0.055, -0.490, 0.114) gripper_yaw_err=-1.2deg egg_xy_d=0.033 egg_z_d=-0.011 pan_stove_xy_d=0.175 pan_stove_z_d=-0.017 flipped=True in_pan=False still=True on_stove=False
[FlipPan scripted policy] Phase 0 -> 1 (aligned above handle). pan=(0.124, -0.478, 0.033) pan_yaw=-2.2deg handle=(-0.055, -0.491, 0.114) gripper_yaw_err=+0.0deg egg_xy_d=0.033 egg_z_d=-0.011 pan_stove_xy_d=0.176 pan_stove_z_d=-0.017 flipped=True in_pan=False still=True on_stove=False
[FlipPan scripted policy] Phase 1 -> 2 (at handle, closing gripper). pan=(0.124, -0.479, 0.033) pan_yaw=-2.2deg handle=(-0.055, -0.492, 0.114) gripper_yaw_err=+0.0deg egg_xy_d=0.033 egg_z_d=-0.011 pan_stove_xy_d=0.176 pan_stove_z_d=-0.017 flipped=True in_pan=False still=True on_stove=False
  [ep 0/1, attempt 4] step 401/900  terminated=False  truncated=False
[FlipPan scripted policy] Phase 3 -> 4 (pan lifted and re-aligned). pan=(0.349, -0.008, 0.193) pan_yaw=-9.5deg handle=(0.157, -0.043, 0.220) gripper_yaw_err=-9.5deg egg_xy_d=0.553 egg_z_d=-0.171 pan_stove_xy_d=0.394 pan_stove_z_d=0.143 flipped=True in_pan=False still=True on_stove=False
  [ep 0/1, attempt 4] step 501/900  terminated=False  truncated=False
[FlipPan scripted policy] Pan placed back on the stove. pan=(0.123, -0.321, 0.169) pan_yaw=+20.5deg handle=(-0.025, -0.357, 0.044) gripper_yaw_err=+19.7deg egg_xy_d=0.180 egg_z_d=-0.148 pan_stove_xy_d=0.036 pan_stove_z_d=0.120 flipped=True in_pan=False still=True on_stove=False
  [ep 0/1, attempt 4] step 601/900  terminated=False  truncated=False
[FlipPan scripted policy] Attempt failed. Retrying (2/3). pan=(0.122, -0.273, 0.090) pan_yaw=+30.7deg handle=(-0.036, -0.369, 0.023) gripper_yaw_err=+29.4deg egg_xy_d=0.227 egg_z_d=-0.069 pan_stove_xy_d=0.045 pan_stove_z_d=0.041 flipped=True in_pan=False still=True on_stove=False
  [ep 0/1, attempt 4] step 701/900  terminated=False  truncated=False
[FlipPan scripted policy] Phase 0 -> 1 (aligned above handle). pan=(0.122, -0.273, 0.090) pan_yaw=+30.8deg handle=(-0.036, -0.369, 0.023) gripper_yaw_err=+0.0deg egg_xy_d=0.227 egg_z_d=-0.069 pan_stove_xy_d=0.045 pan_stove_z_d=0.041 flipped=True in_pan=False still=True on_stove=False
  [ep 0/1, attempt 4] step 801/900  terminated=False  truncated=False
  [ep 0/1, attempt 4] step 900/900  terminated=False  truncated=True
  [WARNING] Episode 0 attempt 4 truncated without success. Discarding and retrying...
  [Success Rate] overall: 0.0% (0/4) | moving avg (last 4): 0.0%
  [ep 0/1, attempt 5] step 1/900  terminated=False  truncated=False
[FlipPan scripted policy] Phase 0 -> 1 (aligned above handle). pan=(0.128, -0.308, 0.050) pan_yaw=-25.3deg handle=(-0.035, -0.232, 0.130) gripper_yaw_err=+0.0deg egg_xy_d=0.041 egg_z_d=0.013 pan_stove_xy_d=0.000 pan_stove_z_d=-0.000 flipped=False in_pan=True still=True on_stove=True
[FlipPan scripted policy] Phase 1 -> 2 (at handle, closing gripper). pan=(0.128, -0.308, 0.050) pan_yaw=-25.3deg handle=(-0.035, -0.232, 0.130) gripper_yaw_err=+0.0deg egg_xy_d=0.041 egg_z_d=0.013 pan_stove_xy_d=0.000 pan_stove_z_d=-0.000 flipped=False in_pan=True still=True on_stove=True
[FlipPan scripted policy] Phase 3 -> 4 (pan lifted and re-aligned). pan=(0.317, -0.006, 0.097) pan_yaw=+0.3deg handle=(0.167, -0.005, 0.225) gripper_yaw_err=+0.3deg egg_xy_d=0.051 egg_z_d=0.007 pan_stove_xy_d=0.357 pan_stove_z_d=0.047 flipped=False in_pan=False still=True on_stove=False
  [ep 0/1, attempt 5] step 101/900  terminated=False  truncated=False
[FlipPan scripted policy] Pan placed back on the stove. pan=(0.129, -0.307, 0.065) pan_yaw=-1.0deg handle=(-0.056, -0.302, 0.134) gripper_yaw_err=+0.4deg egg_xy_d=0.503 egg_z_d=-0.058 pan_stove_xy_d=0.001 pan_stove_z_d=0.015 flipped=False in_pan=False still=True on_stove=True
  [ep 0/1, attempt 5] step 201/900  terminated=False  truncated=False
[FlipPan scripted policy] Attempt failed. Retrying (1/3). pan=(0.129, -0.307, 0.050) pan_yaw=-0.7deg handle=(-0.051, -0.305, 0.130) gripper_yaw_err=-1.1deg egg_xy_d=0.503 egg_z_d=-0.043 pan_stove_xy_d=0.002 pan_stove_z_d=-0.000 flipped=False in_pan=False still=True on_stove=True
  [ep 0/1, attempt 5] step 301/900  terminated=False  truncated=False
[FlipPan scripted policy] Phase 0 -> 1 (aligned above handle). pan=(0.129, -0.307, 0.050) pan_yaw=-0.7deg handle=(-0.051, -0.305, 0.130) gripper_yaw_err=-0.0deg egg_xy_d=0.502 egg_z_d=-0.043 pan_stove_xy_d=0.002 pan_stove_z_d=-0.000 flipped=False in_pan=False still=True on_stove=True
[FlipPan scripted policy] Phase 1 -> 2 (at handle, closing gripper). pan=(0.129, -0.307, 0.050) pan_yaw=-0.7deg handle=(-0.051, -0.305, 0.130) gripper_yaw_err=-0.0deg egg_xy_d=0.503 egg_z_d=-0.043 pan_stove_xy_d=0.002 pan_stove_z_d=-0.000 flipped=False in_pan=False still=True on_stove=True
[FlipPan scripted policy] Phase 3 -> 4 (pan lifted and re-aligned). pan=(0.318, -0.010, 0.101) pan_yaw=-0.1deg handle=(0.166, -0.008, 0.227) gripper_yaw_err=-0.1deg egg_xy_d=0.199 egg_z_d=-0.095 pan_stove_xy_d=0.353 pan_stove_z_d=0.052 flipped=False in_pan=False still=True on_stove=False
  [ep 0/1, attempt 5] step 401/900  terminated=False  truncated=False
[FlipPan scripted policy] Pan placed back on the stove. pan=(0.129, -0.307, 0.065) pan_yaw=+9.6deg handle=(-0.053, -0.326, 0.139) gripper_yaw_err=+0.7deg egg_xy_d=0.503 egg_z_d=-0.059 pan_stove_xy_d=0.002 pan_stove_z_d=0.016 flipped=False in_pan=False still=True on_stove=True
  [ep 0/1, attempt 5] step 501/900  terminated=False  truncated=False
[FlipPan scripted policy] Attempt failed. Retrying (2/3). pan=(0.105, -0.330, 0.050) pan_yaw=-2.0deg handle=(-0.075, -0.324, 0.129) gripper_yaw_err=-3.9deg egg_xy_d=0.531 egg_z_d=-0.043 pan_stove_xy_d=0.032 pan_stove_z_d=-0.000 flipped=False in_pan=False still=True on_stove=True
  [ep 0/1, attempt 5] step 601/900  terminated=False  truncated=False
[FlipPan scripted policy] Phase 0 -> 1 (aligned above handle). pan=(0.105, -0.330, 0.050) pan_yaw=-2.0deg handle=(-0.075, -0.324, 0.129) gripper_yaw_err=-0.0deg egg_xy_d=0.531 egg_z_d=-0.043 pan_stove_xy_d=0.032 pan_stove_z_d=-0.000 flipped=False in_pan=False still=True on_stove=True
[FlipPan scripted policy] Phase 1 -> 2 (at handle, closing gripper). pan=(0.105, -0.330, 0.050) pan_yaw=-2.0deg handle=(-0.075, -0.324, 0.129) gripper_yaw_err=+0.0deg egg_xy_d=0.531 egg_z_d=-0.043 pan_stove_xy_d=0.032 pan_stove_z_d=-0.000 flipped=False in_pan=False still=True on_stove=True
[FlipPan scripted policy] Phase 3 -> 4 (pan lifted and re-aligned). pan=(0.318, -0.011, 0.099) pan_yaw=-0.2deg handle=(0.168, -0.008, 0.226) gripper_yaw_err=-0.2deg egg_xy_d=0.199 egg_z_d=-0.092 pan_stove_xy_d=0.353 pan_stove_z_d=0.049 flipped=False in_pan=False still=True on_stove=False
  [ep 0/1, attempt 5] step 701/900  terminated=False  truncated=False
[FlipPan scripted policy] Pan placed back on the stove. pan=(0.128, -0.307, 0.065) pan_yaw=+14.6deg handle=(-0.050, -0.342, 0.140) gripper_yaw_err=+0.7deg egg_xy_d=0.503 egg_z_d=-0.058 pan_stove_xy_d=0.002 pan_stove_z_d=0.015 flipped=False in_pan=False still=True on_stove=True
  [ep 0/1, attempt 5] step 801/900  terminated=False  truncated=False
[FlipPan scripted policy] Attempt failed. Retrying (3/3). pan=(0.133, -0.381, 0.050) pan_yaw=-5.6deg handle=(-0.046, -0.363, 0.130) gripper_yaw_err=-6.6deg egg_xy_d=0.573 egg_z_d=-0.043 pan_stove_xy_d=0.073 pan_stove_z_d=-0.000 flipped=False in_pan=False still=True on_stove=False
[FlipPan scripted policy] Phase 0 -> 1 (aligned above handle). pan=(0.133, -0.381, 0.050) pan_yaw=-5.6deg handle=(-0.046, -0.363, 0.129) gripper_yaw_err=+0.0deg egg_xy_d=0.574 egg_z_d=-0.043 pan_stove_xy_d=0.073 pan_stove_z_d=-0.000 flipped=False in_pan=False still=True on_stove=False
  [ep 0/1, attempt 5] step 900/900  terminated=False  truncated=True
  [WARNING] Episode 0 attempt 5 truncated without success. Discarding and retrying...
  [Success Rate] overall: 0.0% (0/5) | moving avg (last 5): 0.0%
  [ep 0/1, attempt 6] step 1/900  terminated=False  truncated=False
[FlipPan scripted policy] Phase 0 -> 1 (aligned above handle). pan=(0.338, 0.129, 0.050) pan_yaw=+59.0deg handle=(0.245, -0.025, 0.130) gripper_yaw_err=+0.0deg egg_xy_d=0.039 egg_z_d=0.013 pan_stove_xy_d=0.000 pan_stove_z_d=-0.000 flipped=False in_pan=True still=True on_stove=True
[FlipPan scripted policy] Phase 1 -> 2 (at handle, closing gripper). pan=(0.338, 0.129, 0.050) pan_yaw=+59.0deg handle=(0.245, -0.025, 0.130) gripper_yaw_err=+0.0deg egg_xy_d=0.039 egg_z_d=0.013 pan_stove_xy_d=0.000 pan_stove_z_d=-0.000 flipped=False in_pan=True still=True on_stove=True
[FlipPan scripted policy] Phase 3 -> 4 (pan lifted and re-aligned). pan=(0.322, 0.008, 0.094) pan_yaw=+2.2deg handle=(0.175, 0.002, 0.225) gripper_yaw_err=+0.3deg egg_xy_d=0.052 egg_z_d=0.001 pan_stove_xy_d=0.121 pan_stove_z_d=0.045 flipped=False in_pan=False still=False on_stove=False
  [ep 0/1, attempt 6] step 101/900  terminated=False  truncated=False
[FlipPan scripted policy] Pan placed back on the stove. pan=(0.337, 0.128, 0.064) pan_yaw=+0.8deg handle=(0.155, 0.127, 0.139) gripper_yaw_err=+0.5deg egg_xy_d=0.155 egg_z_d=0.050 pan_stove_xy_d=0.001 pan_stove_z_d=0.015 flipped=True in_pan=False still=True on_stove=True
  [ep 0/1, attempt 6] step 201/900  terminated=False  truncated=False
[FlipPan scripted policy] Attempt failed. Retrying (1/3). pan=(0.339, 0.128, 0.050) pan_yaw=+2.5deg handle=(0.159, 0.120, 0.130) gripper_yaw_err=+3.1deg egg_xy_d=0.155 egg_z_d=0.054 pan_stove_xy_d=0.001 pan_stove_z_d=-0.000 flipped=True in_pan=False still=True on_stove=True
[FlipPan scripted policy] Phase 0 -> 1 (aligned above handle). pan=(0.341, 0.125, 0.054) pan_yaw=+0.0deg handle=(0.157, 0.124, 0.126) gripper_yaw_err=-1.2deg egg_xy_d=0.154 egg_z_d=0.054 pan_stove_xy_d=0.005 pan_stove_z_d=0.005 flipped=False in_pan=False still=True on_stove=True
  [ep 0/1, attempt 6] step 301/900  terminated=False  truncated=False
[FlipPan scripted policy] Phase 1 -> 2 (at handle, closing gripper). pan=(0.311, 0.026, 0.050) pan_yaw=-53.5deg handle=(0.204, 0.170, 0.130) gripper_yaw_err=-0.0deg egg_xy_d=0.163 egg_z_d=0.009 pan_stove_xy_d=0.106 pan_stove_z_d=-0.000 flipped=False in_pan=False still=True on_stove=False
[FlipPan scripted policy] Phase 3 -> 4 (pan lifted and re-aligned). pan=(0.326, 0.000, 0.110) pan_yaw=-0.6deg handle=(0.169, 0.004, 0.230) gripper_yaw_err=+0.5deg egg_xy_d=0.165 egg_z_d=-0.089 pan_stove_xy_d=0.129 pan_stove_z_d=0.061 flipped=True in_pan=False still=False on_stove=False
  [ep 0/1, attempt 6] step 401/900  terminated=False  truncated=False
[FlipPan scripted policy] Pan placed back on the stove. pan=(0.339, 0.128, 0.065) pan_yaw=+0.7deg handle=(0.151, 0.126, 0.124) gripper_yaw_err=+0.3deg egg_xy_d=0.222 egg_z_d=-0.044 pan_stove_xy_d=0.002 pan_stove_z_d=0.016 flipped=True in_pan=False still=True on_stove=True
  [ep 0/1, attempt 6] step 501/900  terminated=False  truncated=False
[FlipPan scripted policy] Attempt failed. Retrying (2/3). pan=(0.340, 0.130, 0.050) pan_yaw=+1.5deg handle=(0.160, 0.126, 0.130) gripper_yaw_err=+1.4deg egg_xy_d=0.224 egg_z_d=-0.028 pan_stove_xy_d=0.003 pan_stove_z_d=-0.000 flipped=True in_pan=False still=True on_stove=True
[FlipPan scripted policy] Phase 0 -> 1 (aligned above handle). pan=(0.340, 0.130, 0.050) pan_yaw=+1.5deg handle=(0.160, 0.126, 0.130) gripper_yaw_err=+0.0deg egg_xy_d=0.224 egg_z_d=-0.028 pan_stove_xy_d=0.003 pan_stove_z_d=-0.000 flipped=True in_pan=False still=True on_stove=True
  [ep 0/1, attempt 6] step 601/900  terminated=False  truncated=False
[FlipPan scripted policy] Phase 1 -> 2 (at handle, closing gripper). pan=(0.340, 0.130, 0.050) pan_yaw=+1.5deg handle=(0.160, 0.126, 0.130) gripper_yaw_err=+0.0deg egg_xy_d=0.224 egg_z_d=-0.028 pan_stove_xy_d=0.003 pan_stove_z_d=-0.000 flipped=True in_pan=False still=True on_stove=True
[FlipPan scripted policy] Phase 3 -> 4 (pan lifted and re-aligned). pan=(0.325, 0.007, 0.106) pan_yaw=+0.4deg handle=(0.169, 0.008, 0.227) gripper_yaw_err=+0.4deg egg_xy_d=0.162 egg_z_d=-0.085 pan_stove_xy_d=0.123 pan_stove_z_d=0.057 flipped=True in_pan=False still=True on_stove=False
  [ep 0/1, attempt 6] step 701/900  terminated=False  truncated=False
[FlipPan scripted policy] Pan placed back on the stove. pan=(0.341, 0.139, 0.084) pan_yaw=+15.5deg handle=(0.150, 0.091, 0.092) gripper_yaw_err=+8.9deg egg_xy_d=0.236 egg_z_d=-0.063 pan_stove_xy_d=0.010 pan_stove_z_d=0.035 flipped=True in_pan=False still=True on_stove=False
  [ep 0/1, attempt 6] step 801/900  terminated=False  truncated=False
[FlipPan scripted policy] Attempt failed. Retrying (3/3). pan=(0.374, 0.156, 0.050) pan_yaw=+2.4deg handle=(0.195, 0.148, 0.130) gripper_yaw_err=+2.6deg egg_xy_d=0.279 egg_z_d=-0.028 pan_stove_xy_d=0.046 pan_stove_z_d=-0.000 flipped=True in_pan=False still=True on_stove=True
[FlipPan scripted policy] Phase 0 -> 1 (aligned above handle). pan=(0.374, 0.156, 0.050) pan_yaw=+2.4deg handle=(0.195, 0.148, 0.130) gripper_yaw_err=-0.0deg egg_xy_d=0.279 egg_z_d=-0.028 pan_stove_xy_d=0.046 pan_stove_z_d=-0.000 flipped=True in_pan=False still=True on_stove=True
[FlipPan scripted policy] Phase 1 -> 2 (at handle, closing gripper). pan=(0.374, 0.156, 0.050) pan_yaw=+2.4deg handle=(0.195, 0.148, 0.130) gripper_yaw_err=-0.0deg egg_xy_d=0.279 egg_z_d=-0.028 pan_stove_xy_d=0.046 pan_stove_z_d=-0.000 flipped=True in_pan=False still=True on_stove=True
  [ep 0/1, attempt 6] step 900/900  terminated=False  truncated=True
  [WARNING] Episode 0 attempt 6 truncated without success. Discarding and retrying...
  [Success Rate] overall: 0.0% (0/6) | moving avg (last 6): 0.0%
  [ep 0/1, attempt 7] step 1/900  terminated=False  truncated=False
[FlipPan scripted policy] Phase 0 -> 1 (aligned above handle). pan=(0.181, -0.326, 0.050) pan_yaw=-19.9deg handle=(0.011, -0.265, 0.130) gripper_yaw_err=+0.0deg egg_xy_d=0.024 egg_z_d=0.013 pan_stove_xy_d=0.000 pan_stove_z_d=-0.000 flipped=False in_pan=True still=True on_stove=True
[FlipPan scripted policy] Phase 1 -> 2 (at handle, closing gripper). pan=(0.181, -0.326, 0.050) pan_yaw=-19.9deg handle=(0.011, -0.265, 0.130) gripper_yaw_err=+0.0deg egg_xy_d=0.024 egg_z_d=0.013 pan_stove_xy_d=0.000 pan_stove_z_d=-0.000 flipped=False in_pan=True still=True on_stove=True
[FlipPan scripted policy] Phase 3 -> 4 (pan lifted and re-aligned). pan=(0.315, -0.006, 0.094) pan_yaw=+0.3deg handle=(0.168, -0.006, 0.225) gripper_yaw_err=+0.3deg egg_xy_d=0.046 egg_z_d=0.006 pan_stove_xy_d=0.347 pan_stove_z_d=0.045 flipped=False in_pan=False still=True on_stove=False
  [ep 0/1, attempt 7] step 101/900  terminated=False  truncated=False
[FlipPan scripted policy] Pan placed back on the stove. pan=(0.181, -0.326, 0.065) pan_yaw=-2.8deg handle=(-0.002, -0.317, 0.137) gripper_yaw_err=+0.2deg egg_xy_d=0.525 egg_z_d=-0.058 pan_stove_xy_d=0.001 pan_stove_z_d=0.015 flipped=False in_pan=False still=True on_stove=True
  [ep 0/1, attempt 7] step 201/900  terminated=False  truncated=False
[FlipPan scripted policy] Attempt failed. Retrying (1/3). pan=(0.183, -0.326, 0.050) pan_yaw=-3.0deg handle=(0.003, -0.317, 0.130) gripper_yaw_err=-3.3deg egg_xy_d=0.525 egg_z_d=-0.043 pan_stove_xy_d=0.002 pan_stove_z_d=-0.000 flipped=False in_pan=False still=True on_stove=True
  [ep 0/1, attempt 7] step 301/900  terminated=False  truncated=False
[FlipPan scripted policy] Phase 0 -> 1 (aligned above handle). pan=(0.183, -0.326, 0.050) pan_yaw=-3.0deg handle=(0.003, -0.317, 0.130) gripper_yaw_err=-0.0deg egg_xy_d=0.525 egg_z_d=-0.043 pan_stove_xy_d=0.002 pan_stove_z_d=-0.000 flipped=False in_pan=False still=True on_stove=True
[FlipPan scripted policy] Phase 1 -> 2 (at handle, closing gripper). pan=(0.183, -0.326, 0.050) pan_yaw=-3.0deg handle=(0.003, -0.317, 0.130) gripper_yaw_err=-0.0deg egg_xy_d=0.525 egg_z_d=-0.043 pan_stove_xy_d=0.002 pan_stove_z_d=-0.000 flipped=False in_pan=False still=True on_stove=True
[FlipPan scripted policy] Phase 3 -> 4 (pan lifted and re-aligned). pan=(0.323, -0.009, 0.106) pan_yaw=+0.0deg handle=(0.168, -0.007, 0.228) gripper_yaw_err=+0.0deg egg_xy_d=0.186 egg_z_d=-0.100 pan_stove_xy_d=0.347 pan_stove_z_d=0.057 flipped=False in_pan=False still=True on_stove=False
  [ep 0/1, attempt 7] step 401/900  terminated=False  truncated=False
[FlipPan scripted policy] Pan placed back on the stove. pan=(0.181, -0.324, 0.065) pan_yaw=+13.6deg handle=(-0.000, -0.359, 0.133) gripper_yaw_err=+0.9deg egg_xy_d=0.524 egg_z_d=-0.059 pan_stove_xy_d=0.002 pan_stove_z_d=0.015 flipped=False in_pan=False still=True on_stove=True
  [ep 0/1, attempt 7] step 501/900  terminated=False  truncated=False
[FlipPan scripted policy] Attempt failed. Retrying (2/3). pan=(0.178, -0.339, 0.050) pan_yaw=-4.5deg handle=(-0.002, -0.325, 0.130) gripper_yaw_err=-5.4deg egg_xy_d=0.539 egg_z_d=-0.043 pan_stove_xy_d=0.013 pan_stove_z_d=-0.000 flipped=False in_pan=False still=True on_stove=True
[FlipPan scripted policy] Phase 0 -> 1 (aligned above handle). pan=(0.178, -0.339, 0.050) pan_yaw=-4.5deg handle=(-0.002, -0.325, 0.130) gripper_yaw_err=-0.0deg egg_xy_d=0.539 egg_z_d=-0.043 pan_stove_xy_d=0.013 pan_stove_z_d=-0.000 flipped=False in_pan=False still=True on_stove=True
  [ep 0/1, attempt 7] step 601/900  terminated=False  truncated=False
[FlipPan scripted policy] Phase 1 -> 2 (at handle, closing gripper). pan=(0.178, -0.339, 0.050) pan_yaw=-4.5deg handle=(-0.002, -0.325, 0.130) gripper_yaw_err=-0.0deg egg_xy_d=0.539 egg_z_d=-0.043 pan_stove_xy_d=0.013 pan_stove_z_d=-0.000 flipped=False in_pan=False still=True on_stove=True
[FlipPan scripted policy] Phase 3 -> 4 (pan lifted and re-aligned). pan=(0.320, -0.006, 0.103) pan_yaw=+0.2deg handle=(0.167, -0.006, 0.228) gripper_yaw_err=+0.2deg egg_xy_d=0.183 egg_z_d=-0.097 pan_stove_xy_d=0.349 pan_stove_z_d=0.054 flipped=False in_pan=False still=True on_stove=False
  [ep 0/1, attempt 7] step 701/900  terminated=False  truncated=False
[FlipPan scripted policy] Pan placed back on the stove. pan=(0.181, -0.324, 0.065) pan_yaw=+15.4deg handle=(0.002, -0.365, 0.137) gripper_yaw_err=+0.7deg egg_xy_d=0.524 egg_z_d=-0.059 pan_stove_xy_d=0.002 pan_stove_z_d=0.015 flipped=False in_pan=False still=True on_stove=True
  [ep 0/1, attempt 7] step 801/900  terminated=False  truncated=False
[FlipPan scripted policy] Attempt failed. Retrying (3/3). pan=(0.187, -0.321, 0.050) pan_yaw=+8.8deg handle=(0.009, -0.349, 0.130) gripper_yaw_err=+7.9deg egg_xy_d=0.519 egg_z_d=-0.043 pan_stove_xy_d=0.008 pan_stove_z_d=-0.000 flipped=False in_pan=False still=True on_stove=True
[FlipPan scripted policy] Phase 0 -> 1 (aligned above handle). pan=(0.187, -0.321, 0.050) pan_yaw=+8.8deg handle=(0.009, -0.349, 0.130) gripper_yaw_err=-0.0deg egg_xy_d=0.519 egg_z_d=-0.043 pan_stove_xy_d=0.008 pan_stove_z_d=-0.000 flipped=False in_pan=False still=True on_stove=True
[FlipPan scripted policy] Phase 1 -> 2 (at handle, closing gripper). pan=(0.187, -0.321, 0.050) pan_yaw=+8.8deg handle=(0.009, -0.349, 0.130) gripper_yaw_err=-0.0deg egg_xy_d=0.519 egg_z_d=-0.043 pan_stove_xy_d=0.008 pan_stove_z_d=-0.000 flipped=False in_pan=False still=True on_stove=True
  [ep 0/1, attempt 7] step 900/900  terminated=False  truncated=True
  [WARNING] Episode 0 attempt 7 truncated without success. Discarding and retrying...
  [Success Rate] overall: 0.0% (0/7) | moving avg (last 7): 0.0%
  [ep 0/1, attempt 8] step 1/900  terminated=False  truncated=False
[FlipPan scripted policy] Phase 0 -> 1 (aligned above handle). pan=(0.243, -0.284, 0.050) pan_yaw=+7.0deg handle=(0.064, -0.306, 0.130) gripper_yaw_err=+0.0deg egg_xy_d=0.018 egg_z_d=0.013 pan_stove_xy_d=0.000 pan_stove_z_d=-0.000 flipped=False in_pan=True still=True on_stove=True
[FlipPan scripted policy] Phase 1 -> 2 (at handle, closing gripper). pan=(0.243, -0.284, 0.050) pan_yaw=+7.0deg handle=(0.064, -0.306, 0.130) gripper_yaw_err=+0.0deg egg_xy_d=0.018 egg_z_d=0.013 pan_stove_xy_d=0.000 pan_stove_z_d=-0.000 flipped=False in_pan=True still=True on_stove=True
[FlipPan scripted policy] Phase 3 -> 4 (pan lifted and re-aligned). pan=(0.313, -0.008, 0.089) pan_yaw=+0.3deg handle=(0.169, -0.008, 0.224) gripper_yaw_err=+0.2deg egg_xy_d=0.028 egg_z_d=0.010 pan_stove_xy_d=0.285 pan_stove_z_d=0.040 flipped=False in_pan=True still=True on_stove=False
  [ep 0/1, attempt 8] step 101/900  terminated=False  truncated=False
[FlipPan scripted policy] Pan placed back on the stove. pan=(0.243, -0.283, 0.065) pan_yaw=-4.4deg handle=(0.061, -0.267, 0.139) gripper_yaw_err=+0.4deg egg_xy_d=0.163 egg_z_d=-0.027 pan_stove_xy_d=0.001 pan_stove_z_d=0.015 flipped=False in_pan=False still=True on_stove=True
  [ep 0/1, attempt 8] step 201/900  terminated=False  truncated=False
[FlipPan scripted policy] Attempt failed. Retrying (1/3). pan=(0.244, -0.282, 0.052) pan_yaw=-4.3deg handle=(0.062, -0.270, 0.129) gripper_yaw_err=-4.2deg egg_xy_d=0.175 egg_z_d=-0.013 pan_stove_xy_d=0.001 pan_stove_z_d=0.003 flipped=False in_pan=False still=True on_stove=True
  [ep 0/1, attempt 8] step 301/900  terminated=False  truncated=False
[FlipPan scripted policy] Phase 0 -> 1 (aligned above handle). pan=(0.243, -0.282, 0.050) pan_yaw=-4.1deg handle=(0.064, -0.269, 0.129) gripper_yaw_err=+0.0deg egg_xy_d=0.181 egg_z_d=-0.017 pan_stove_xy_d=0.002 pan_stove_z_d=-0.000 flipped=False in_pan=False still=True on_stove=True
[FlipPan scripted policy] Phase 1 -> 2 (at handle, closing gripper). pan=(0.243, -0.282, 0.050) pan_yaw=-4.1deg handle=(0.064, -0.269, 0.130) gripper_yaw_err=+0.0deg egg_xy_d=0.181 egg_z_d=-0.017 pan_stove_xy_d=0.002 pan_stove_z_d=-0.000 flipped=False in_pan=False still=True on_stove=True
[FlipPan scripted policy] Phase 3 -> 4 (pan lifted and re-aligned). pan=(0.323, -0.010, 0.108) pan_yaw=+0.1deg handle=(0.168, -0.008, 0.228) gripper_yaw_err=+0.1deg egg_xy_d=0.095 egg_z_d=-0.086 pan_stove_xy_d=0.285 pan_stove_z_d=0.058 flipped=False in_pan=False still=True on_stove=False
  [ep 0/1, attempt 8] step 401/900  terminated=False  truncated=False
[FlipPan scripted policy] Pan placed back on the stove. pan=(0.244, -0.282, 0.065) pan_yaw=+7.0deg handle=(0.059, -0.300, 0.130) gripper_yaw_err=+0.7deg egg_xy_d=0.210 egg_z_d=-0.050 pan_stove_xy_d=0.002 pan_stove_z_d=0.015 flipped=False in_pan=False still=False on_stove=True
  [ep 0/1, attempt 8] step 501/900  terminated=False  truncated=False
[FlipPan scripted policy] Attempt failed. Retrying (2/3). pan=(0.229, -0.326, 0.050) pan_yaw=-15.6deg handle=(0.055, -0.277, 0.130) gripper_yaw_err=-16.7deg egg_xy_d=0.256 egg_z_d=-0.043 pan_stove_xy_d=0.044 pan_stove_z_d=-0.000 flipped=False in_pan=False still=True on_stove=True
[FlipPan scripted policy] Phase 0 -> 1 (aligned above handle). pan=(0.229, -0.326, 0.050) pan_yaw=-15.6deg handle=(0.055, -0.277, 0.130) gripper_yaw_err=-0.0deg egg_xy_d=0.256 egg_z_d=-0.043 pan_stove_xy_d=0.044 pan_stove_z_d=-0.000 flipped=False in_pan=False still=True on_stove=True
[FlipPan scripted policy] Phase 1 -> 2 (at handle, closing gripper). pan=(0.229, -0.326, 0.050) pan_yaw=-15.6deg handle=(0.055, -0.277, 0.130) gripper_yaw_err=-0.0deg egg_xy_d=0.256 egg_z_d=-0.043 pan_stove_xy_d=0.044 pan_stove_z_d=-0.000 flipped=False in_pan=False still=True on_stove=True
  [ep 0/1, attempt 8] step 601/900  terminated=False  truncated=False
[FlipPan scripted policy] Phase 3 -> 4 (pan lifted and re-aligned). pan=(0.322, -0.012, 0.104) pan_yaw=-0.1deg handle=(0.168, -0.008, 0.227) gripper_yaw_err=-0.1deg egg_xy_d=0.089 egg_z_d=-0.098 pan_stove_xy_d=0.283 pan_stove_z_d=0.055 flipped=False in_pan=False still=True on_stove=False
  [ep 0/1, attempt 8] step 701/900  terminated=False  truncated=False
[FlipPan scripted policy] Pan placed back on the stove. pan=(0.244, -0.282, 0.065) pan_yaw=+12.3deg handle=(0.061, -0.312, 0.133) gripper_yaw_err=+0.9deg egg_xy_d=0.211 egg_z_d=-0.059 pan_stove_xy_d=0.002 pan_stove_z_d=0.015 flipped=False in_pan=False still=True on_stove=True
  [ep 0/1, attempt 8] step 801/900  terminated=False  truncated=False
[FlipPan scripted policy] Attempt failed. Retrying (3/3). pan=(0.245, -0.282, 0.050) pan_yaw=+12.2deg handle=(0.069, -0.320, 0.130) gripper_yaw_err=+13.2deg egg_xy_d=0.210 egg_z_d=-0.043 pan_stove_xy_d=0.003 pan_stove_z_d=-0.000 flipped=False in_pan=False still=True on_stove=True
[FlipPan scripted policy] Phase 0 -> 1 (aligned above handle). pan=(0.245, -0.282, 0.050) pan_yaw=+12.2deg handle=(0.069, -0.320, 0.130) gripper_yaw_err=-0.0deg egg_xy_d=0.210 egg_z_d=-0.043 pan_stove_xy_d=0.003 pan_stove_z_d=-0.000 flipped=False in_pan=False still=True on_stove=True
[FlipPan scripted policy] Phase 1 -> 2 (at handle, closing gripper). pan=(0.245, -0.282, 0.050) pan_yaw=+12.2deg handle=(0.069, -0.320, 0.130) gripper_yaw_err=-0.0deg egg_xy_d=0.210 egg_z_d=-0.043 pan_stove_xy_d=0.003 pan_stove_z_d=-0.000 flipped=False in_pan=False still=True on_stove=True
[FlipPan scripted policy] Phase 3 -> 4 (pan lifted and re-aligned). pan=(0.324, -0.009, 0.109) pan_yaw=+0.5deg handle=(0.168, -0.008, 0.229) gripper_yaw_err=+0.5deg egg_xy_d=0.091 egg_z_d=-0.103 pan_stove_xy_d=0.287 pan_stove_z_d=0.059 flipped=False in_pan=False still=True on_stove=False
  [ep 0/1, attempt 8] step 900/900  terminated=False  truncated=True
  [WARNING] Episode 0 attempt 8 truncated without success. Discarding and retrying...
  [Success Rate] overall: 0.0% (0/8) | moving avg (last 8): 0.0%
  [ep 0/1, attempt 9] step 1/900  terminated=False  truncated=False
[FlipPan scripted policy] Phase 0 -> 1 (aligned above handle). pan=(0.181, -0.221, 0.050) pan_yaw=-29.7deg handle=(0.024, -0.132, 0.130) gripper_yaw_err=+0.0deg egg_xy_d=0.021 egg_z_d=0.013 pan_stove_xy_d=0.000 pan_stove_z_d=-0.000 flipped=False in_pan=True still=True on_stove=True
[FlipPan scripted policy] Phase 1 -> 2 (at handle, closing gripper). pan=(0.181, -0.221, 0.050) pan_yaw=-29.7deg handle=(0.024, -0.132, 0.130) gripper_yaw_err=+0.0deg egg_xy_d=0.021 egg_z_d=0.013 pan_stove_xy_d=0.000 pan_stove_z_d=-0.000 flipped=False in_pan=True still=True on_stove=True
[FlipPan scripted policy] Phase 3 -> 4 (pan lifted and re-aligned). pan=(0.312, -0.006, 0.094) pan_yaw=+0.0deg handle=(0.164, -0.005, 0.224) gripper_yaw_err=+0.0deg egg_xy_d=0.033 egg_z_d=0.005 pan_stove_xy_d=0.252 pan_stove_z_d=0.044 flipped=False in_pan=False still=True on_stove=False
  [ep 0/1, attempt 9] step 101/900  terminated=False  truncated=False
[FlipPan scripted policy] Pan placed back on the stove. pan=(0.182, -0.221, 0.065) pan_yaw=-0.7deg handle=(-0.001, -0.221, 0.140) gripper_yaw_err=+0.2deg egg_xy_d=0.552 egg_z_d=-0.059 pan_stove_xy_d=0.001 pan_stove_z_d=0.016 flipped=False in_pan=False still=True on_stove=True
  [ep 0/1, attempt 9] step 201/900  terminated=False  truncated=False
[FlipPan scripted policy] Attempt failed. Retrying (1/3). pan=(0.181, -0.223, 0.050) pan_yaw=-3.0deg handle=(0.002, -0.214, 0.130) gripper_yaw_err=-5.2deg egg_xy_d=0.555 egg_z_d=-0.043 pan_stove_xy_d=0.002 pan_stove_z_d=-0.000 flipped=False in_pan=False still=True on_stove=True
  [ep 0/1, attempt 9] step 301/900  terminated=False  truncated=False
[FlipPan scripted policy] Phase 0 -> 1 (aligned above handle). pan=(0.181, -0.223, 0.050) pan_yaw=-3.0deg handle=(0.002, -0.214, 0.130) gripper_yaw_err=-0.0deg egg_xy_d=0.555 egg_z_d=-0.043 pan_stove_xy_d=0.002 pan_stove_z_d=-0.000 flipped=False in_pan=False still=True on_stove=True
[FlipPan scripted policy] Phase 1 -> 2 (at handle, closing gripper). pan=(0.181, -0.223, 0.050) pan_yaw=-3.0deg handle=(0.002, -0.214, 0.130) gripper_yaw_err=-0.0deg egg_xy_d=0.555 egg_z_d=-0.043 pan_stove_xy_d=0.002 pan_stove_z_d=-0.000 flipped=False in_pan=False still=True on_stove=True
[FlipPan scripted policy] Phase 3 -> 4 (pan lifted and re-aligned). pan=(0.316, -0.001, 0.094) pan_yaw=+0.8deg handle=(0.169, -0.005, 0.224) gripper_yaw_err=+0.8deg egg_xy_d=0.297 egg_z_d=-0.087 pan_stove_xy_d=0.259 pan_stove_z_d=0.044 flipped=False in_pan=False still=True on_stove=False
  [ep 0/1, attempt 9] step 401/900  terminated=False  truncated=False
  [ep 0/1, attempt 9] step 501/900  terminated=False  truncated=False
[FlipPan scripted policy] Pan placed back on the stove. pan=(0.298, -0.232, 0.112) pan_yaw=+0.8deg handle=(0.102, -0.215, 0.112) gripper_yaw_err=-7.5deg egg_xy_d=0.525 egg_z_d=-0.106 pan_stove_xy_d=0.118 pan_stove_z_d=0.063 flipped=False in_pan=False still=True on_stove=False
  [ep 0/1, attempt 9] step 601/900  terminated=False  truncated=False
[FlipPan scripted policy] Attempt failed. Retrying (2/3). pan=(0.320, -0.234, 0.044) pan_yaw=-0.5deg handle=(0.157, -0.236, 0.155) gripper_yaw_err=+0.4deg egg_xy_d=0.522 egg_z_d=-0.038 pan_stove_xy_d=0.140 pan_stove_z_d=-0.006 flipped=False in_pan=False still=True on_stove=False
[FlipPan scripted policy] Phase 0 -> 1 (aligned above handle). pan=(0.321, -0.234, 0.044) pan_yaw=-0.3deg handle=(0.158, -0.237, 0.155) gripper_yaw_err=+0.0deg egg_xy_d=0.522 egg_z_d=-0.038 pan_stove_xy_d=0.141 pan_stove_z_d=-0.006 flipped=False in_pan=False still=True on_stove=False
[FlipPan scripted policy] Phase 1 -> 2 (at handle, closing gripper). pan=(0.321, -0.234, 0.044) pan_yaw=-0.3deg handle=(0.158, -0.237, 0.155) gripper_yaw_err=+0.0deg egg_xy_d=0.522 egg_z_d=-0.038 pan_stove_xy_d=0.141 pan_stove_z_d=-0.006 flipped=False in_pan=False still=True on_stove=False
[FlipPan scripted policy] Phase 3 -> 4 (pan lifted and re-aligned). pan=(0.320, -0.009, 0.105) pan_yaw=+0.6deg handle=(0.167, -0.009, 0.229) gripper_yaw_err=+0.6deg egg_xy_d=0.304 egg_z_d=-0.099 pan_stove_xy_d=0.254 pan_stove_z_d=0.055 flipped=False in_pan=False still=True on_stove=False
  [ep 0/1, attempt 9] step 701/900  terminated=False  truncated=False
[FlipPan scripted policy] Pan placed back on the stove. pan=(0.183, -0.218, 0.064) pan_yaw=+8.0deg handle=(-0.002, -0.240, 0.128) gripper_yaw_err=+0.6deg egg_xy_d=0.550 egg_z_d=-0.058 pan_stove_xy_d=0.004 pan_stove_z_d=0.014 flipped=False in_pan=False still=True on_stove=True
  [ep 0/1, attempt 9] step 801/900  terminated=False  truncated=False
[FlipPan scripted policy] Attempt failed. Retrying (3/3). pan=(0.181, -0.235, 0.050) pan_yaw=-5.0deg handle=(0.002, -0.219, 0.130) gripper_yaw_err=-7.7deg egg_xy_d=0.565 egg_z_d=-0.043 pan_stove_xy_d=0.013 pan_stove_z_d=-0.000 flipped=False in_pan=False still=True on_stove=True
  [ep 0/1, attempt 9] step 900/900  terminated=False  truncated=True
  [WARNING] Episode 0 attempt 9 truncated without success. Discarding and retrying...
  [Success Rate] overall: 0.0% (0/9) | moving avg (last 9): 0.0%
  [ep 0/1, attempt 10] step 1/900  terminated=False  truncated=False
[FlipPan scripted policy] Phase 0 -> 1 (aligned above handle). pan=(0.318, 0.158, 0.050) pan_yaw=+52.1deg handle=(0.208, 0.016, 0.130) gripper_yaw_err=+0.0deg egg_xy_d=0.043 egg_z_d=0.013 pan_stove_xy_d=0.000 pan_stove_z_d=-0.000 flipped=False in_pan=True still=True on_stove=True
[FlipPan scripted policy] Phase 1 -> 2 (at handle, closing gripper). pan=(0.318, 0.158, 0.050) pan_yaw=+52.1deg handle=(0.208, 0.016, 0.130) gripper_yaw_err=-0.0deg egg_xy_d=0.043 egg_z_d=0.013 pan_stove_xy_d=0.000 pan_stove_z_d=-0.000 flipped=False in_pan=True still=True on_stove=True
[FlipPan scripted policy] Phase 3 -> 4 (pan lifted and re-aligned). pan=(0.319, 0.006, 0.093) pan_yaw=+1.2deg handle=(0.173, 0.003, 0.224) gripper_yaw_err=+0.1deg egg_xy_d=0.048 egg_z_d=0.004 pan_stove_xy_d=0.152 pan_stove_z_d=0.043 flipped=False in_pan=False still=True on_stove=False
  [ep 0/1, attempt 10] step 101/900  terminated=False  truncated=False
[FlipPan scripted policy] Pan placed back on the stove. pan=(0.318, 0.157, 0.065) pan_yaw=+0.6deg handle=(0.136, 0.157, 0.141) gripper_yaw_err=+0.4deg egg_xy_d=0.250 egg_z_d=-0.043 pan_stove_xy_d=0.001 pan_stove_z_d=0.015 flipped=True in_pan=False still=True on_stove=True
  [ep 0/1, attempt 10] step 201/900  terminated=False  truncated=False
[FlipPan scripted policy] Attempt failed. Retrying (1/3). pan=(0.318, 0.159, 0.050) pan_yaw=+1.8deg handle=(0.138, 0.153, 0.130) gripper_yaw_err=+2.1deg egg_xy_d=0.248 egg_z_d=-0.028 pan_stove_xy_d=0.001 pan_stove_z_d=-0.000 flipped=True in_pan=False still=True on_stove=True
[FlipPan scripted policy] Phase 0 -> 1 (aligned above handle). pan=(0.318, 0.159, 0.050) pan_yaw=+1.8deg handle=(0.138, 0.153, 0.130) gripper_yaw_err=+0.0deg egg_xy_d=0.248 egg_z_d=-0.028 pan_stove_xy_d=0.001 pan_stove_z_d=-0.000 flipped=True in_pan=False still=True on_stove=True
  [ep 0/1, attempt 10] step 301/900  terminated=False  truncated=False
[FlipPan scripted policy] Phase 1 -> 2 (at handle, closing gripper). pan=(0.318, 0.159, 0.050) pan_yaw=+1.8deg handle=(0.138, 0.153, 0.130) gripper_yaw_err=+0.0deg egg_xy_d=0.248 egg_z_d=-0.028 pan_stove_xy_d=0.001 pan_stove_z_d=-0.000 flipped=True in_pan=False still=True on_stove=True
[FlipPan scripted policy] Phase 3 -> 4 (pan lifted and re-aligned). pan=(0.325, 0.007, 0.108) pan_yaw=+0.4deg handle=(0.168, 0.008, 0.228) gripper_yaw_err=+0.4deg egg_xy_d=0.384 egg_z_d=-0.087 pan_stove_xy_d=0.152 pan_stove_z_d=0.059 flipped=True in_pan=False still=True on_stove=False
  [ep 0/1, attempt 10] step 401/900  terminated=False  truncated=False
[FlipPan scripted policy] Pan placed back on the stove. pan=(0.320, 0.157, 0.065) pan_yaw=+4.6deg handle=(0.132, 0.144, 0.124) gripper_yaw_err=+0.5deg egg_xy_d=0.250 egg_z_d=-0.044 pan_stove_xy_d=0.002 pan_stove_z_d=0.016 flipped=True in_pan=False still=True on_stove=True
  [ep 0/1, attempt 10] step 501/900  terminated=False  truncated=False
[FlipPan scripted policy] Attempt failed. Retrying (2/3). pan=(0.319, 0.154, 0.050) pan_yaw=+2.4deg handle=(0.140, 0.146, 0.130) gripper_yaw_err=+1.4deg egg_xy_d=0.253 egg_z_d=-0.028 pan_stove_xy_d=0.005 pan_stove_z_d=-0.000 flipped=True in_pan=False still=True on_stove=True
[FlipPan scripted policy] Phase 0 -> 1 (aligned above handle). pan=(0.319, 0.154, 0.050) pan_yaw=+2.4deg handle=(0.140, 0.146, 0.130) gripper_yaw_err=+0.0deg egg_xy_d=0.253 egg_z_d=-0.028 pan_stove_xy_d=0.005 pan_stove_z_d=-0.000 flipped=True in_pan=False still=True on_stove=True
[FlipPan scripted policy] Phase 1 -> 2 (at handle, closing gripper). pan=(0.319, 0.154, 0.050) pan_yaw=+2.4deg handle=(0.140, 0.146, 0.130) gripper_yaw_err=+0.0deg egg_xy_d=0.253 egg_z_d=-0.028 pan_stove_xy_d=0.005 pan_stove_z_d=-0.000 flipped=True in_pan=False still=True on_stove=True
[FlipPan scripted policy] Phase 3 -> 4 (pan lifted and re-aligned). pan=(0.323, 0.019, 0.101) pan_yaw=+0.9deg handle=(0.171, 0.012, 0.225) gripper_yaw_err=+0.9deg egg_xy_d=0.371 egg_z_d=-0.079 pan_stove_xy_d=0.139 pan_stove_z_d=0.051 flipped=True in_pan=False still=True on_stove=False
  [ep 0/1, attempt 10] step 601/900  terminated=False  truncated=False
  [ep 0/1, attempt 10] step 701/900  terminated=False  truncated=False
[FlipPan scripted policy] Pan placed back on the stove. pan=(0.332, 0.187, 0.107) pan_yaw=+55.0deg handle=(0.221, 0.024, 0.109) gripper_yaw_err=+4.4deg egg_xy_d=0.235 egg_z_d=-0.086 pan_stove_xy_d=0.032 pan_stove_z_d=0.057 flipped=True in_pan=False still=True on_stove=False
  [ep 0/1, attempt 10] step 801/900  terminated=False  truncated=False
[FlipPan scripted policy] Attempt failed. Retrying (3/3). pan=(0.367, 0.170, 0.050) pan_yaw=+42.4deg handle=(0.234, 0.049, 0.130) gripper_yaw_err=+40.7deg egg_xy_d=0.271 egg_z_d=-0.028 pan_stove_xy_d=0.050 pan_stove_z_d=-0.000 flipped=True in_pan=False still=True on_stove=True
[FlipPan scripted policy] Phase 0 -> 1 (aligned above handle). pan=(0.367, 0.170, 0.050) pan_yaw=+42.4deg handle=(0.234, 0.049, 0.130) gripper_yaw_err=+0.0deg egg_xy_d=0.271 egg_z_d=-0.028 pan_stove_xy_d=0.050 pan_stove_z_d=-0.000 flipped=True in_pan=False still=True on_stove=True
[FlipPan scripted policy] Phase 1 -> 2 (at handle, closing gripper). pan=(0.367, 0.170, 0.050) pan_yaw=+42.4deg handle=(0.234, 0.049, 0.130) gripper_yaw_err=-0.0deg egg_xy_d=0.271 egg_z_d=-0.028 pan_stove_xy_d=0.050 pan_stove_z_d=-0.000 flipped=True in_pan=False still=True on_stove=True
[FlipPan scripted policy] Phase 3 -> 4 (pan lifted and re-aligned). pan=(0.327, 0.008, 0.100) pan_yaw=+1.7deg handle=(0.174, 0.005, 0.225) gripper_yaw_err=+0.4deg egg_xy_d=0.383 egg_z_d=-0.078 pan_stove_xy_d=0.151 pan_stove_z_d=0.050 flipped=True in_pan=False still=True on_stove=False
  [ep 0/1, attempt 10] step 900/900  terminated=False  truncated=True
  [WARNING] Episode 0 attempt 10 truncated without success. Discarding and retrying...
  [Success Rate] overall: 0.0% (0/10) | moving avg (last 10): 0.0%
  [ep 0/1, attempt 11] step 1/900  terminated=False  truncated=False
[FlipPan scripted policy] Phase 0 -> 1 (aligned above handle). pan=(0.311, 0.042, 0.050) pan_yaw=-15.7deg handle=(0.138, 0.091, 0.130) gripper_yaw_err=-0.0deg egg_xy_d=0.042 egg_z_d=0.013 pan_stove_xy_d=0.000 pan_stove_z_d=-0.000 flipped=False in_pan=True still=True on_stove=True
[FlipPan scripted policy] Phase 1 -> 2 (at handle, closing gripper). pan=(0.311, 0.042, 0.050) pan_yaw=-15.7deg handle=(0.138, 0.091, 0.130) gripper_yaw_err=-0.0deg egg_xy_d=0.042 egg_z_d=0.013 pan_stove_xy_d=0.000 pan_stove_z_d=-0.000 flipped=False in_pan=True still=True on_stove=True
[FlipPan scripted policy] Phase 3 -> 4 (pan lifted and re-aligned). pan=(0.315, 0.004, 0.087) pan_yaw=-0.1deg handle=(0.170, 0.007, 0.220) gripper_yaw_err=-0.1deg egg_xy_d=0.052 egg_z_d=-0.003 pan_stove_xy_d=0.038 pan_stove_z_d=0.037 flipped=False in_pan=False still=True on_stove=False
  [ep 0/1, attempt 11] step 101/900  terminated=False  truncated=False
[FlipPan scripted policy] Pan placed back on the stove. pan=(0.311, 0.042, 0.065) pan_yaw=+2.3deg handle=(0.130, 0.033, 0.143) gripper_yaw_err=+0.3deg egg_xy_d=0.516 egg_z_d=-0.059 pan_stove_xy_d=0.001 pan_stove_z_d=0.016 flipped=False in_pan=False still=True on_stove=True
  [ep 0/1, attempt 11] step 201/900  terminated=False  truncated=False
[FlipPan scripted policy] Attempt failed. Retrying (1/3). pan=(0.312, 0.042, 0.050) pan_yaw=+2.2deg handle=(0.132, 0.035, 0.130) gripper_yaw_err=+1.9deg egg_xy_d=0.516 egg_z_d=-0.043 pan_stove_xy_d=0.001 pan_stove_z_d=-0.000 flipped=False in_pan=False still=True on_stove=True
[FlipPan scripted policy] Phase 0 -> 1 (aligned above handle). pan=(0.312, 0.042, 0.050) pan_yaw=+2.2deg handle=(0.132, 0.035, 0.130) gripper_yaw_err=+0.0deg egg_xy_d=0.517 egg_z_d=-0.043 pan_stove_xy_d=0.001 pan_stove_z_d=-0.000 flipped=False in_pan=False still=True on_stove=True
[FlipPan scripted policy] Phase 1 -> 2 (at handle, closing gripper). pan=(0.312, 0.042, 0.050) pan_yaw=+2.2deg handle=(0.132, 0.035, 0.130) gripper_yaw_err=+0.0deg egg_xy_d=0.516 egg_z_d=-0.043 pan_stove_xy_d=0.001 pan_stove_z_d=-0.000 flipped=False in_pan=False still=True on_stove=True
  [ep 0/1, attempt 11] step 301/900  terminated=False  truncated=False
[FlipPan scripted policy] Phase 3 -> 4 (pan lifted and re-aligned). pan=(0.324, 0.004, 0.106) pan_yaw=+0.5deg handle=(0.166, 0.004, 0.224) gripper_yaw_err=+0.5deg egg_xy_d=0.552 egg_z_d=-0.099 pan_stove_xy_d=0.040 pan_stove_z_d=0.056 flipped=False in_pan=False still=True on_stove=False
  [ep 0/1, attempt 11] step 401/900  terminated=False  truncated=False
[FlipPan scripted policy] Pan placed back on the stove. pan=(0.312, 0.042, 0.066) pan_yaw=+2.6deg handle=(0.124, 0.032, 0.123) gripper_yaw_err=-0.0deg egg_xy_d=0.516 egg_z_d=-0.059 pan_stove_xy_d=0.001 pan_stove_z_d=0.016 flipped=False in_pan=False still=True on_stove=True
[FlipPan scripted policy] Attempt failed. Retrying (2/3). pan=(0.314, 0.044, 0.050) pan_yaw=+3.2deg handle=(0.134, 0.034, 0.130) gripper_yaw_err=+3.9deg egg_xy_d=0.516 egg_z_d=-0.043 pan_stove_xy_d=0.003 pan_stove_z_d=-0.000 flipped=False in_pan=False still=True on_stove=True
  [ep 0/1, attempt 11] step 501/900  terminated=False  truncated=False
[FlipPan scripted policy] Phase 0 -> 1 (aligned above handle). pan=(0.314, 0.044, 0.050) pan_yaw=+3.2deg handle=(0.134, 0.034, 0.130) gripper_yaw_err=-0.0deg egg_xy_d=0.516 egg_z_d=-0.043 pan_stove_xy_d=0.003 pan_stove_z_d=-0.000 flipped=False in_pan=False still=True on_stove=True
[FlipPan scripted policy] Phase 1 -> 2 (at handle, closing gripper). pan=(0.314, 0.044, 0.050) pan_yaw=+3.2deg handle=(0.134, 0.034, 0.130) gripper_yaw_err=-0.0deg egg_xy_d=0.516 egg_z_d=-0.043 pan_stove_xy_d=0.003 pan_stove_z_d=-0.000 flipped=False in_pan=False still=True on_stove=True
[FlipPan scripted policy] Phase 3 -> 4 (pan lifted and re-aligned). pan=(0.323, 0.005, 0.105) pan_yaw=+0.6deg handle=(0.166, 0.004, 0.224) gripper_yaw_err=+0.6deg egg_xy_d=0.552 egg_z_d=-0.099 pan_stove_xy_d=0.039 pan_stove_z_d=0.056 flipped=False in_pan=False still=True on_stove=False
  [ep 0/1, attempt 11] step 601/900  terminated=False  truncated=False
[FlipPan scripted policy] Pan placed back on the stove. pan=(0.318, 0.040, 0.089) pan_yaw=-22.9deg handle=(0.136, 0.116, 0.092) gripper_yaw_err=-11.2deg egg_xy_d=0.521 egg_z_d=-0.083 pan_stove_xy_d=0.007 pan_stove_z_d=0.039 flipped=False in_pan=False still=True on_stove=False
  [ep 0/1, attempt 11] step 701/900  terminated=False  truncated=False
[FlipPan scripted policy] Attempt failed. Retrying (3/3). pan=(0.331, 0.071, 0.050) pan_yaw=-17.4deg handle=(0.159, 0.125, 0.130) gripper_yaw_err=-17.4deg egg_xy_d=0.507 egg_z_d=-0.043 pan_stove_xy_d=0.035 pan_stove_z_d=-0.000 flipped=False in_pan=False still=True on_stove=True
  [ep 0/1, attempt 11] step 801/900  terminated=False  truncated=False
[FlipPan scripted policy] Phase 0 -> 1 (aligned above handle). pan=(0.331, 0.071, 0.050) pan_yaw=-17.4deg handle=(0.159, 0.125, 0.130) gripper_yaw_err=+0.0deg egg_xy_d=0.508 egg_z_d=-0.043 pan_stove_xy_d=0.035 pan_stove_z_d=-0.000 flipped=False in_pan=False still=True on_stove=True
[FlipPan scripted policy] Phase 1 -> 2 (at handle, closing gripper). pan=(0.331, 0.071, 0.050) pan_yaw=-17.4deg handle=(0.159, 0.125, 0.130) gripper_yaw_err=+0.0deg egg_xy_d=0.507 egg_z_d=-0.043 pan_stove_xy_d=0.035 pan_stove_z_d=-0.000 flipped=False in_pan=False still=True on_stove=True
[FlipPan scripted policy] Phase 3 -> 4 (pan lifted and re-aligned). pan=(0.323, 0.007, 0.102) pan_yaw=+0.5deg handle=(0.169, 0.008, 0.226) gripper_yaw_err=+0.5deg egg_xy_d=0.550 egg_z_d=-0.096 pan_stove_xy_d=0.037 pan_stove_z_d=0.052 flipped=False in_pan=False still=True on_stove=False
  [ep 0/1, attempt 11] step 900/900  terminated=False  truncated=True
  [WARNING] Episode 0 attempt 11 truncated without success. Discarding and retrying...
  [Success Rate] overall: 0.0% (0/11) | moving avg (last 11): 0.0%
  [ep 0/1, attempt 12] step 1/900  terminated=False  truncated=False
[FlipPan scripted policy] Phase 0 -> 1 (aligned above handle). pan=(0.110, 0.271, 0.050) pan_yaw=-55.9deg handle=(0.009, 0.420, 0.130) gripper_yaw_err=-0.0deg egg_xy_d=0.049 egg_z_d=0.013 pan_stove_xy_d=0.000 pan_stove_z_d=-0.000 flipped=False in_pan=True still=True on_stove=True
[FlipPan scripted policy] Phase 1 -> 2 (at handle, closing gripper). pan=(0.110, 0.271, 0.050) pan_yaw=-55.9deg handle=(0.009, 0.420, 0.130) gripper_yaw_err=-0.0deg egg_xy_d=0.049 egg_z_d=0.013 pan_stove_xy_d=0.000 pan_stove_z_d=-0.000 flipped=False in_pan=True still=True on_stove=True
[FlipPan scripted policy] Phase 3 -> 4 (pan lifted and re-aligned). pan=(0.310, 0.008, 0.093) pan_yaw=-0.3deg handle=(0.166, 0.010, 0.227) gripper_yaw_err=+0.2deg egg_xy_d=0.052 egg_z_d=0.000 pan_stove_xy_d=0.331 pan_stove_z_d=0.044 flipped=False in_pan=False still=True on_stove=False
  [ep 0/1, attempt 12] step 101/900  terminated=False  truncated=False
[FlipPan scripted policy] Pan placed back on the stove. pan=(0.111, 0.271, 0.064) pan_yaw=+9.8deg handle=(-0.069, 0.245, 0.141) gripper_yaw_err=+0.5deg egg_xy_d=0.625 egg_z_d=-0.058 pan_stove_xy_d=0.001 pan_stove_z_d=0.015 flipped=False in_pan=False still=True on_stove=True
  [ep 0/1, attempt 12] step 201/900  terminated=False  truncated=False
[FlipPan scripted policy] Attempt failed. Retrying (1/3). pan=(0.112, 0.272, 0.050) pan_yaw=+9.9deg handle=(-0.065, 0.241, 0.130) gripper_yaw_err=+9.7deg egg_xy_d=0.625 egg_z_d=-0.043 pan_stove_xy_d=0.002 pan_stove_z_d=-0.000 flipped=False in_pan=False still=True on_stove=True
  [ep 0/1, attempt 12] step 301/900  terminated=False  truncated=False
[FlipPan scripted policy] Phase 0 -> 1 (aligned above handle). pan=(0.112, 0.272, 0.050) pan_yaw=+9.9deg handle=(-0.065, 0.241, 0.130) gripper_yaw_err=+0.0deg egg_xy_d=0.625 egg_z_d=-0.043 pan_stove_xy_d=0.002 pan_stove_z_d=-0.000 flipped=False in_pan=False still=True on_stove=True
[FlipPan scripted policy] Phase 1 -> 2 (at handle, closing gripper). pan=(0.112, 0.272, 0.050) pan_yaw=+9.9deg handle=(-0.065, 0.241, 0.130) gripper_yaw_err=+0.0deg egg_xy_d=0.625 egg_z_d=-0.043 pan_stove_xy_d=0.002 pan_stove_z_d=-0.000 flipped=False in_pan=False still=True on_stove=True
[FlipPan scripted policy] Phase 3 -> 4 (pan lifted and re-aligned). pan=(0.316, -0.007, 0.102) pan_yaw=-0.9deg handle=(0.165, 0.003, 0.227) gripper_yaw_err=-0.9deg egg_xy_d=0.365 egg_z_d=-0.096 pan_stove_xy_d=0.347 pan_stove_z_d=0.052 flipped=False in_pan=False still=True on_stove=False
  [ep 0/1, attempt 12] step 401/900  terminated=False  truncated=False
  [ep 0/1, attempt 12] step 501/900  terminated=False  truncated=False
[FlipPan scripted policy] Pan placed back on the stove. pan=(0.111, 0.279, 0.094) pan_yaw=+12.1deg handle=(-0.082, 0.237, 0.098) gripper_yaw_err=-3.6deg egg_xy_d=0.633 egg_z_d=-0.088 pan_stove_xy_d=0.008 pan_stove_z_d=0.044 flipped=False in_pan=False still=True on_stove=False
  [ep 0/1, attempt 12] step 601/900  terminated=False  truncated=False
[FlipPan scripted policy] Attempt failed. Retrying (2/3). pan=(0.098, 0.271, 0.050) pan_yaw=+5.5deg handle=(-0.081, 0.254, 0.130) gripper_yaw_err=+12.0deg egg_xy_d=0.627 egg_z_d=-0.043 pan_stove_xy_d=0.012 pan_stove_z_d=-0.000 flipped=False in_pan=False still=True on_stove=True
[FlipPan scripted policy] Phase 0 -> 1 (aligned above handle). pan=(0.098, 0.271, 0.050) pan_yaw=+5.5deg handle=(-0.081, 0.254, 0.130) gripper_yaw_err=+0.0deg egg_xy_d=0.627 egg_z_d=-0.043 pan_stove_xy_d=0.012 pan_stove_z_d=-0.000 flipped=False in_pan=False still=True on_stove=True
[FlipPan scripted policy] Phase 1 -> 2 (at handle, closing gripper). pan=(0.098, 0.271, 0.050) pan_yaw=+5.5deg handle=(-0.081, 0.254, 0.130) gripper_yaw_err=-0.0deg egg_xy_d=0.627 egg_z_d=-0.043 pan_stove_xy_d=0.012 pan_stove_z_d=-0.000 flipped=False in_pan=False still=True on_stove=True
[FlipPan scripted policy] Phase 3 -> 4 (pan lifted and re-aligned). pan=(0.310, 0.012, 0.089) pan_yaw=+0.9deg handle=(0.166, 0.009, 0.224) gripper_yaw_err=+0.9deg egg_xy_d=0.380 egg_z_d=-0.082 pan_stove_xy_d=0.327 pan_stove_z_d=0.039 flipped=False in_pan=False still=True on_stove=False
  [ep 0/1, attempt 12] step 701/900  terminated=False  truncated=False
[FlipPan scripted policy] Pan placed back on the stove. pan=(0.112, 0.270, 0.065) pan_yaw=-5.2deg handle=(-0.059, 0.295, 0.160) gripper_yaw_err=-0.5deg egg_xy_d=0.624 egg_z_d=-0.059 pan_stove_xy_d=0.002 pan_stove_z_d=0.016 flipped=False in_pan=False still=True on_stove=True
  [ep 0/1, attempt 12] step 801/900  terminated=False  truncated=False
[FlipPan scripted policy] Attempt failed. Retrying (3/3). pan=(0.114, 0.271, 0.050) pan_yaw=-5.0deg handle=(-0.065, 0.287, 0.130) gripper_yaw_err=-4.6deg egg_xy_d=0.625 egg_z_d=-0.043 pan_stove_xy_d=0.004 pan_stove_z_d=-0.000 flipped=False in_pan=False still=True on_stove=True
  [ep 0/1, attempt 12] step 900/900  terminated=False  truncated=True
  [WARNING] Episode 0 attempt 12 truncated without success. Discarding and retrying...
  [Success Rate] overall: 0.0% (0/12) | moving avg (last 12): 0.0%
  [ep 0/1, attempt 13] step 1/900  terminated=False  truncated=False
[FlipPan scripted policy] Phase 0 -> 1 (aligned above handle). pan=(0.349, -0.180, 0.050) pan_yaw=-18.7deg handle=(0.178, -0.123, 0.130) gripper_yaw_err=+0.0deg egg_xy_d=0.030 egg_z_d=0.013 pan_stove_xy_d=0.000 pan_stove_z_d=-0.000 flipped=False in_pan=True still=True on_stove=True
[FlipPan scripted policy] Phase 1 -> 2 (at handle, closing gripper). pan=(0.349, -0.180, 0.050) pan_yaw=-18.7deg handle=(0.178, -0.123, 0.130) gripper_yaw_err=+0.0deg egg_xy_d=0.030 egg_z_d=0.013 pan_stove_xy_d=0.000 pan_stove_z_d=-0.000 flipped=False in_pan=True still=True on_stove=True
[FlipPan scripted policy] Phase 3 -> 4 (pan lifted and re-aligned). pan=(0.317, -0.006, 0.087) pan_yaw=+0.3deg handle=(0.173, -0.006, 0.221) gripper_yaw_err=+0.3deg egg_xy_d=0.036 egg_z_d=0.013 pan_stove_xy_d=0.177 pan_stove_z_d=0.038 flipped=False in_pan=True still=True on_stove=False
  [ep 0/1, attempt 13] step 101/900  terminated=False  truncated=False
[FlipPan scripted policy] Pan placed back on the stove. pan=(0.348, -0.179, 0.065) pan_yaw=-0.8deg handle=(0.168, -0.178, 0.143) gripper_yaw_err=+0.3deg egg_xy_d=0.386 egg_z_d=-0.058 pan_stove_xy_d=0.002 pan_stove_z_d=0.015 flipped=False in_pan=False still=True on_stove=True
  [ep 0/1, attempt 13] step 201/900  terminated=False  truncated=False
[FlipPan scripted policy] Attempt failed. Retrying (1/3). pan=(0.350, -0.179, 0.050) pan_yaw=-1.0deg handle=(0.170, -0.176, 0.130) gripper_yaw_err=-1.0deg egg_xy_d=0.387 egg_z_d=-0.043 pan_stove_xy_d=0.001 pan_stove_z_d=-0.000 flipped=False in_pan=False still=True on_stove=True
[FlipPan scripted policy] Phase 0 -> 1 (aligned above handle). pan=(0.350, -0.179, 0.050) pan_yaw=-1.0deg handle=(0.170, -0.176, 0.130) gripper_yaw_err=-0.0deg egg_xy_d=0.387 egg_z_d=-0.043 pan_stove_xy_d=0.001 pan_stove_z_d=-0.000 flipped=False in_pan=False still=True on_stove=True
[FlipPan scripted policy] Phase 1 -> 2 (at handle, closing gripper). pan=(0.350, -0.179, 0.050) pan_yaw=-1.0deg handle=(0.170, -0.176, 0.130) gripper_yaw_err=-0.0deg egg_xy_d=0.387 egg_z_d=-0.043 pan_stove_xy_d=0.001 pan_stove_z_d=-0.000 flipped=False in_pan=False still=True on_stove=True
  [ep 0/1, attempt 13] step 301/900  terminated=False  truncated=False
[FlipPan scripted policy] Phase 3 -> 4 (pan lifted and re-aligned). pan=(0.326, -0.006, 0.107) pan_yaw=+0.6deg handle=(0.170, -0.007, 0.228) gripper_yaw_err=+0.6deg egg_xy_d=0.226 egg_z_d=-0.101 pan_stove_xy_d=0.176 pan_stove_z_d=0.058 flipped=False in_pan=False still=True on_stove=False
  [ep 0/1, attempt 13] step 401/900  terminated=False  truncated=False
[FlipPan scripted policy] Pan placed back on the stove. pan=(0.350, -0.179, 0.065) pan_yaw=-6.2deg handle=(0.162, -0.160, 0.123) gripper_yaw_err=+0.2deg egg_xy_d=0.387 egg_z_d=-0.058 pan_stove_xy_d=0.002 pan_stove_z_d=0.015 flipped=False in_pan=False still=True on_stove=True
  [ep 0/1, attempt 13] step 501/900  terminated=False  truncated=False
[FlipPan scripted policy] Attempt failed. Retrying (2/3). pan=(0.350, -0.172, 0.050) pan_yaw=-2.9deg handle=(0.170, -0.163, 0.130) gripper_yaw_err=-3.2deg egg_xy_d=0.380 egg_z_d=-0.043 pan_stove_xy_d=0.009 pan_stove_z_d=-0.000 flipped=False in_pan=False still=True on_stove=True
[FlipPan scripted policy] Phase 0 -> 1 (aligned above handle). pan=(0.350, -0.172, 0.050) pan_yaw=-2.9deg handle=(0.170, -0.163, 0.130) gripper_yaw_err=-0.0deg egg_xy_d=0.380 egg_z_d=-0.043 pan_stove_xy_d=0.009 pan_stove_z_d=-0.000 flipped=False in_pan=False still=True on_stove=True
[FlipPan scripted policy] Phase 1 -> 2 (at handle, closing gripper). pan=(0.350, -0.172, 0.050) pan_yaw=-2.9deg handle=(0.170, -0.163, 0.130) gripper_yaw_err=-0.0deg egg_xy_d=0.380 egg_z_d=-0.043 pan_stove_xy_d=0.009 pan_stove_z_d=-0.000 flipped=False in_pan=False still=True on_stove=True
[FlipPan scripted policy] Phase 3 -> 4 (pan lifted and re-aligned). pan=(0.337, -0.010, 0.126) pan_yaw=-0.9deg handle=(0.170, -0.016, 0.231) gripper_yaw_err=-0.9deg egg_xy_d=0.236 egg_z_d=-0.120 pan_stove_xy_d=0.170 pan_stove_z_d=0.077 flipped=False in_pan=False still=True on_stove=False
  [ep 0/1, attempt 13] step 601/900  terminated=False  truncated=False
  [ep 0/1, attempt 13] step 701/900  terminated=False  truncated=False
[FlipPan scripted policy] Pan placed back on the stove. pan=(0.355, -0.188, 0.085) pan_yaw=+11.9deg handle=(0.163, -0.233, 0.092) gripper_yaw_err=-5.5deg egg_xy_d=0.397 egg_z_d=-0.079 pan_stove_xy_d=0.010 pan_stove_z_d=0.036 flipped=False in_pan=False still=True on_stove=False
  [ep 0/1, attempt 13] step 801/900  terminated=False  truncated=False
[FlipPan scripted policy] Attempt failed. Retrying (3/3). pan=(0.344, -0.192, 0.050) pan_yaw=+13.3deg handle=(0.168, -0.233, 0.130) gripper_yaw_err=+12.7deg egg_xy_d=0.396 egg_z_d=-0.043 pan_stove_xy_d=0.012 pan_stove_z_d=-0.000 flipped=False in_pan=False still=True on_stove=True
[FlipPan scripted policy] Phase 0 -> 1 (aligned above handle). pan=(0.344, -0.192, 0.050) pan_yaw=+13.3deg handle=(0.168, -0.233, 0.130) gripper_yaw_err=-0.0deg egg_xy_d=0.396 egg_z_d=-0.043 pan_stove_xy_d=0.012 pan_stove_z_d=-0.000 flipped=False in_pan=False still=True on_stove=True
[FlipPan scripted policy] Phase 1 -> 2 (at handle, closing gripper). pan=(0.344, -0.192, 0.050) pan_yaw=+13.3deg handle=(0.168, -0.233, 0.130) gripper_yaw_err=-0.0deg egg_xy_d=0.396 egg_z_d=-0.043 pan_stove_xy_d=0.012 pan_stove_z_d=-0.000 flipped=False in_pan=False still=True on_stove=True
  [ep 0/1, attempt 13] step 900/900  terminated=False  truncated=True
  [WARNING] Episode 0 attempt 13 truncated without success. Discarding and retrying...
  [Success Rate] overall: 0.0% (0/13) | moving avg (last 13): 0.0%
  [ep 0/1, attempt 14] step 1/900  terminated=False  truncated=False
[FlipPan scripted policy] Phase 0 -> 1 (aligned above handle). pan=(0.224, -0.179, 0.050) pan_yaw=+9.0deg handle=(0.047, -0.207, 0.130) gripper_yaw_err=+0.0deg egg_xy_d=0.034 egg_z_d=0.013 pan_stove_xy_d=0.000 pan_stove_z_d=-0.000 flipped=False in_pan=True still=True on_stove=True
[FlipPan scripted policy] Phase 1 -> 2 (at handle, closing gripper). pan=(0.224, -0.179, 0.050) pan_yaw=+9.0deg handle=(0.047, -0.207, 0.130) gripper_yaw_err=+0.0deg egg_xy_d=0.034 egg_z_d=0.013 pan_stove_xy_d=0.000 pan_stove_z_d=-0.000 flipped=False in_pan=True still=True on_stove=True
[FlipPan scripted policy] Phase 3 -> 4 (pan lifted and re-aligned). pan=(0.316, -0.007, 0.094) pan_yaw=+0.2deg handle=(0.168, -0.007, 0.224) gripper_yaw_err=+0.2deg egg_xy_d=0.034 egg_z_d=0.010 pan_stove_xy_d=0.194 pan_stove_z_d=0.045 flipped=False in_pan=True still=True on_stove=False
  [ep 0/1, attempt 14] step 101/900  terminated=False  truncated=False
[FlipPan scripted policy] Pan placed back on the stove. pan=(0.225, -0.177, 0.065) pan_yaw=-2.8deg handle=(0.042, -0.166, 0.137) gripper_yaw_err=+0.3deg egg_xy_d=0.313 egg_z_d=-0.043 pan_stove_xy_d=0.002 pan_stove_z_d=0.015 flipped=True in_pan=False still=True on_stove=True
  [ep 0/1, attempt 14] step 201/900  terminated=False  truncated=False
[FlipPan scripted policy] Attempt failed. Retrying (1/3). pan=(0.226, -0.178, 0.050) pan_yaw=-3.0deg handle=(0.047, -0.168, 0.130) gripper_yaw_err=-2.7deg egg_xy_d=0.314 egg_z_d=-0.028 pan_stove_xy_d=0.002 pan_stove_z_d=-0.000 flipped=True in_pan=False still=True on_stove=True
[FlipPan scripted policy] Phase 0 -> 1 (aligned above handle). pan=(0.226, -0.178, 0.050) pan_yaw=-3.0deg handle=(0.047, -0.168, 0.130) gripper_yaw_err=+0.0deg egg_xy_d=0.314 egg_z_d=-0.028 pan_stove_xy_d=0.002 pan_stove_z_d=-0.000 flipped=True in_pan=False still=True on_stove=True
  [ep 0/1, attempt 14] step 301/900  terminated=False  truncated=False
[FlipPan scripted policy] Phase 1 -> 2 (at handle, closing gripper). pan=(0.226, -0.178, 0.050) pan_yaw=-3.0deg handle=(0.047, -0.168, 0.130) gripper_yaw_err=+0.0deg egg_xy_d=0.314 egg_z_d=-0.028 pan_stove_xy_d=0.002 pan_stove_z_d=-0.000 flipped=True in_pan=False still=True on_stove=True
[FlipPan scripted policy] Phase 3 -> 4 (pan lifted and re-aligned). pan=(0.308, -0.002, 0.080) pan_yaw=+0.9deg handle=(0.169, -0.005, 0.220) gripper_yaw_err=+0.9deg egg_xy_d=0.426 egg_z_d=-0.059 pan_stove_xy_d=0.195 pan_stove_z_d=0.031 flipped=True in_pan=False still=True on_stove=False
  [ep 0/1, attempt 14] step 401/900  terminated=False  truncated=False
[FlipPan scripted policy] Pan placed back on the stove. pan=(0.225, -0.177, 0.064) pan_yaw=+7.4deg handle=(0.049, -0.202, 0.150) gripper_yaw_err=+0.2deg egg_xy_d=0.312 egg_z_d=-0.043 pan_stove_xy_d=0.001 pan_stove_z_d=0.015 flipped=True in_pan=False still=True on_stove=True
  [ep 0/1, attempt 14] step 501/900  terminated=False  truncated=False
[FlipPan scripted policy] Attempt failed. Retrying (2/3). pan=(0.229, -0.178, 0.050) pan_yaw=+7.4deg handle=(0.050, -0.201, 0.130) gripper_yaw_err=+3.9deg egg_xy_d=0.317 egg_z_d=-0.028 pan_stove_xy_d=0.004 pan_stove_z_d=-0.000 flipped=True in_pan=False still=True on_stove=True
[FlipPan scripted policy] Phase 0 -> 1 (aligned above handle). pan=(0.229, -0.178, 0.050) pan_yaw=+7.4deg handle=(0.050, -0.201, 0.130) gripper_yaw_err=-0.0deg egg_xy_d=0.317 egg_z_d=-0.028 pan_stove_xy_d=0.004 pan_stove_z_d=-0.000 flipped=True in_pan=False still=True on_stove=True
[FlipPan scripted policy] Phase 1 -> 2 (at handle, closing gripper). pan=(0.229, -0.178, 0.050) pan_yaw=+7.4deg handle=(0.050, -0.201, 0.130) gripper_yaw_err=-0.0deg egg_xy_d=0.317 egg_z_d=-0.028 pan_stove_xy_d=0.004 pan_stove_z_d=-0.000 flipped=True in_pan=False still=True on_stove=True
  [ep 0/1, attempt 14] step 601/900  terminated=False  truncated=False
[FlipPan scripted policy] Phase 3 -> 4 (pan lifted and re-aligned). pan=(0.321, -0.012, 0.105) pan_yaw=+0.1deg handle=(0.166, -0.009, 0.227) gripper_yaw_err=+0.1deg egg_xy_d=0.435 egg_z_d=-0.084 pan_stove_xy_d=0.193 pan_stove_z_d=0.056 flipped=True in_pan=False still=True on_stove=False
  [ep 0/1, attempt 14] step 701/900  terminated=False  truncated=False
[FlipPan scripted policy] Pan placed back on the stove. pan=(0.227, -0.175, 0.064) pan_yaw=+5.7deg handle=(0.041, -0.190, 0.128) gripper_yaw_err=+0.7deg egg_xy_d=0.314 egg_z_d=-0.042 pan_stove_xy_d=0.004 pan_stove_z_d=0.014 flipped=True in_pan=False still=True on_stove=True
  [ep 0/1, attempt 14] step 801/900  terminated=False  truncated=False
[FlipPan scripted policy] Attempt failed. Retrying (3/3). pan=(0.185, -0.212, 0.050) pan_yaw=-32.6deg handle=(0.033, -0.115, 0.129) gripper_yaw_err=-33.9deg egg_xy_d=0.288 egg_z_d=-0.028 pan_stove_xy_d=0.051 pan_stove_z_d=-0.000 flipped=True in_pan=False still=True on_stove=True
[FlipPan scripted policy] Phase 0 -> 1 (aligned above handle). pan=(0.185, -0.212, 0.050) pan_yaw=-32.6deg handle=(0.033, -0.115, 0.129) gripper_yaw_err=-0.0deg egg_xy_d=0.288 egg_z_d=-0.028 pan_stove_xy_d=0.051 pan_stove_z_d=-0.000 flipped=True in_pan=False still=True on_stove=True
[FlipPan scripted policy] Phase 1 -> 2 (at handle, closing gripper). pan=(0.185, -0.212, 0.050) pan_yaw=-32.6deg handle=(0.033, -0.115, 0.129) gripper_yaw_err=+0.0deg egg_xy_d=0.288 egg_z_d=-0.028 pan_stove_xy_d=0.051 pan_stove_z_d=-0.000 flipped=True in_pan=False still=True on_stove=True
[FlipPan scripted policy] Phase 3 -> 4 (pan lifted and re-aligned). pan=(0.316, -0.005, 0.095) pan_yaw=+0.1deg handle=(0.167, -0.004, 0.224) gripper_yaw_err=+0.1deg egg_xy_d=0.441 egg_z_d=-0.074 pan_stove_xy_d=0.196 pan_stove_z_d=0.046 flipped=True in_pan=False still=True on_stove=False
  [ep 0/1, attempt 14] step 900/900  terminated=False  truncated=True
  [WARNING] Episode 0 attempt 14 truncated without success. Discarding and retrying...
  [Success Rate] overall: 0.0% (0/14) | moving avg (last 14): 0.0%
  [ep 0/1, attempt 15] step 1/900  terminated=False  truncated=False
[FlipPan scripted policy] Phase 0 -> 1 (aligned above handle). pan=(0.391, 0.041, 0.050) pan_yaw=+47.3deg handle=(0.269, -0.091, 0.130) gripper_yaw_err=+0.0deg egg_xy_d=0.026 egg_z_d=0.013 pan_stove_xy_d=0.000 pan_stove_z_d=-0.000 flipped=False in_pan=True still=True on_stove=True
[FlipPan scripted policy] Phase 1 -> 2 (at handle, closing gripper). pan=(0.391, 0.041, 0.050) pan_yaw=+47.3deg handle=(0.269, -0.091, 0.130) gripper_yaw_err=+0.0deg egg_xy_d=0.026 egg_z_d=0.013 pan_stove_xy_d=0.000 pan_stove_z_d=-0.000 flipped=False in_pan=True still=True on_stove=True
[FlipPan scripted policy] Phase 3 -> 4 (pan lifted and re-aligned). pan=(0.327, 0.002, 0.094) pan_yaw=+1.4deg handle=(0.179, -0.002, 0.223) gripper_yaw_err=+0.2deg egg_xy_d=0.034 egg_z_d=0.005 pan_stove_xy_d=0.075 pan_stove_z_d=0.044 flipped=False in_pan=False still=True on_stove=False
  [ep 0/1, attempt 15] step 101/900  terminated=False  truncated=False
[FlipPan scripted policy] Pan placed back on the stove. pan=(0.390, 0.040, 0.064) pan_yaw=-2.5deg handle=(0.207, 0.048, 0.136) gripper_yaw_err=+0.3deg egg_xy_d=0.216 egg_z_d=-0.058 pan_stove_xy_d=0.001 pan_stove_z_d=0.015 flipped=False in_pan=False still=True on_stove=True
  [ep 0/1, attempt 15] step 201/900  terminated=False  truncated=False
[FlipPan scripted policy] Attempt failed. Retrying (1/3). pan=(0.392, 0.040, 0.050) pan_yaw=-2.5deg handle=(0.212, 0.048, 0.130) gripper_yaw_err=-2.4deg egg_xy_d=0.218 egg_z_d=-0.043 pan_stove_xy_d=0.001 pan_stove_z_d=-0.000 flipped=False in_pan=False still=True on_stove=True
[FlipPan scripted policy] Phase 0 -> 1 (aligned above handle). pan=(0.392, 0.040, 0.050) pan_yaw=-2.5deg handle=(0.212, 0.048, 0.130) gripper_yaw_err=+0.0deg egg_xy_d=0.218 egg_z_d=-0.043 pan_stove_xy_d=0.001 pan_stove_z_d=-0.000 flipped=False in_pan=False still=True on_stove=True
[FlipPan scripted policy] Phase 1 -> 2 (at handle, closing gripper). pan=(0.392, 0.040, 0.050) pan_yaw=-2.5deg handle=(0.212, 0.048, 0.130) gripper_yaw_err=+0.0deg egg_xy_d=0.218 egg_z_d=-0.043 pan_stove_xy_d=0.001 pan_stove_z_d=-0.000 flipped=False in_pan=False still=True on_stove=True
  [ep 0/1, attempt 15] step 301/900  terminated=False  truncated=False
[FlipPan scripted policy] Phase 3 -> 4 (pan lifted and re-aligned). pan=(0.328, 0.004, 0.103) pan_yaw=+0.5deg handle=(0.173, 0.004, 0.224) gripper_yaw_err=+0.5deg egg_xy_d=0.145 egg_z_d=-0.097 pan_stove_xy_d=0.073 pan_stove_z_d=0.053 flipped=False in_pan=False still=True on_stove=False
  [ep 0/1, attempt 15] step 401/900  terminated=False  truncated=False
[FlipPan scripted policy] Pan placed back on the stove. pan=(0.391, 0.040, 0.065) pan_yaw=-0.3deg handle=(0.203, 0.046, 0.124) gripper_yaw_err=+0.7deg egg_xy_d=0.217 egg_z_d=-0.059 pan_stove_xy_d=0.001 pan_stove_z_d=0.015 flipped=False in_pan=False still=True on_stove=True
  [ep 0/1, attempt 15] step 501/900  terminated=False  truncated=False
[FlipPan scripted policy] Attempt failed. Retrying (2/3). pan=(0.393, 0.041, 0.050) pan_yaw=-0.6deg handle=(0.213, 0.043, 0.130) gripper_yaw_err=-0.7deg egg_xy_d=0.219 egg_z_d=-0.043 pan_stove_xy_d=0.002 pan_stove_z_d=-0.000 flipped=False in_pan=False still=True on_stove=True
[FlipPan scripted policy] Phase 0 -> 1 (aligned above handle). pan=(0.393, 0.041, 0.050) pan_yaw=-0.6deg handle=(0.213, 0.043, 0.130) gripper_yaw_err=+0.0deg egg_xy_d=0.219 egg_z_d=-0.043 pan_stove_xy_d=0.002 pan_stove_z_d=-0.000 flipped=False in_pan=False still=True on_stove=True
[FlipPan scripted policy] Phase 1 -> 2 (at handle, closing gripper). pan=(0.393, 0.041, 0.050) pan_yaw=-0.6deg handle=(0.213, 0.043, 0.130) gripper_yaw_err=+0.0deg egg_xy_d=0.219 egg_z_d=-0.043 pan_stove_xy_d=0.002 pan_stove_z_d=-0.000 flipped=False in_pan=False still=True on_stove=True
[FlipPan scripted policy] Phase 3 -> 4 (pan lifted and re-aligned). pan=(0.328, 0.004, 0.104) pan_yaw=+0.6deg handle=(0.173, 0.004, 0.225) gripper_yaw_err=+0.6deg egg_xy_d=0.145 egg_z_d=-0.098 pan_stove_xy_d=0.073 pan_stove_z_d=0.055 flipped=False in_pan=False still=True on_stove=False
  [ep 0/1, attempt 15] step 601/900  terminated=False  truncated=False
[FlipPan scripted policy] Pan placed back on the stove. pan=(0.391, 0.041, 0.065) pan_yaw=+6.9deg handle=(0.203, 0.021, 0.120) gripper_yaw_err=+0.5deg egg_xy_d=0.218 egg_z_d=-0.059 pan_stove_xy_d=0.001 pan_stove_z_d=0.016 flipped=False in_pan=False still=True on_stove=True
  [ep 0/1, attempt 15] step 701/900  terminated=False  truncated=False
[FlipPan scripted policy] Attempt failed. Retrying (3/3). pan=(0.392, 0.040, 0.050) pan_yaw=+5.4deg handle=(0.213, 0.023, 0.130) gripper_yaw_err=+5.0deg egg_xy_d=0.217 egg_z_d=-0.043 pan_stove_xy_d=0.001 pan_stove_z_d=-0.000 flipped=False in_pan=False still=True on_stove=True
[FlipPan scripted policy] Phase 0 -> 1 (aligned above handle). pan=(0.392, 0.040, 0.050) pan_yaw=+5.4deg handle=(0.213, 0.023, 0.130) gripper_yaw_err=+0.0deg egg_xy_d=0.217 egg_z_d=-0.043 pan_stove_xy_d=0.001 pan_stove_z_d=-0.000 flipped=False in_pan=False still=True on_stove=True
[FlipPan scripted policy] Phase 1 -> 2 (at handle, closing gripper). pan=(0.392, 0.040, 0.050) pan_yaw=+5.4deg handle=(0.213, 0.023, 0.130) gripper_yaw_err=+0.0deg egg_xy_d=0.217 egg_z_d=-0.043 pan_stove_xy_d=0.001 pan_stove_z_d=-0.000 flipped=False in_pan=False still=True on_stove=True
  [ep 0/1, attempt 15] step 801/900  terminated=False  truncated=False
[FlipPan scripted policy] Phase 3 -> 4 (pan lifted and re-aligned). pan=(0.329, 0.004, 0.105) pan_yaw=+0.5deg handle=(0.173, 0.003, 0.225) gripper_yaw_err=+0.5deg egg_xy_d=0.145 egg_z_d=-0.099 pan_stove_xy_d=0.073 pan_stove_z_d=0.055 flipped=False in_pan=False still=True on_stove=False
  [ep 0/1, attempt 15] step 900/900  terminated=False  truncated=True
  [WARNING] Episode 0 attempt 15 truncated without success. Discarding and retrying...
  [Success Rate] overall: 0.0% (0/15) | moving avg (last 15): 0.0%
  [ep 0/1, attempt 16] step 1/900  terminated=False  truncated=False
[FlipPan scripted policy] Phase 0 -> 1 (aligned above handle). pan=(0.142, -0.299, 0.050) pan_yaw=-24.5deg handle=(-0.022, -0.224, 0.130) gripper_yaw_err=+0.0deg egg_xy_d=0.026 egg_z_d=0.013 pan_stove_xy_d=0.000 pan_stove_z_d=-0.000 flipped=False in_pan=True still=True on_stove=True
[FlipPan scripted policy] Phase 1 -> 2 (at handle, closing gripper). pan=(0.142, -0.299, 0.050) pan_yaw=-24.5deg handle=(-0.022, -0.224, 0.130) gripper_yaw_err=+0.0deg egg_xy_d=0.026 egg_z_d=0.013 pan_stove_xy_d=0.000 pan_stove_z_d=-0.000 flipped=False in_pan=True still=True on_stove=True
[FlipPan scripted policy] Phase 3 -> 4 (pan lifted and re-aligned). pan=(0.316, -0.007, 0.095) pan_yaw=+0.2deg handle=(0.167, -0.006, 0.225) gripper_yaw_err=+0.2deg egg_xy_d=0.029 egg_z_d=0.017 pan_stove_xy_d=0.340 pan_stove_z_d=0.046 flipped=False in_pan=True still=True on_stove=False
  [ep 0/1, attempt 16] step 101/900  terminated=False  truncated=False
[FlipPan scripted policy] Pan placed back on the stove. pan=(0.143, -0.298, 0.065) pan_yaw=-1.0deg handle=(-0.042, -0.293, 0.134) gripper_yaw_err=+0.4deg egg_xy_d=0.380 egg_z_d=-0.059 pan_stove_xy_d=0.001 pan_stove_z_d=0.015 flipped=False in_pan=False still=True on_stove=True
  [ep 0/1, attempt 16] step 201/900  terminated=False  truncated=False
[FlipPan scripted policy] Attempt failed. Retrying (1/3). pan=(0.143, -0.297, 0.050) pan_yaw=-0.7deg handle=(-0.037, -0.295, 0.130) gripper_yaw_err=-1.1deg egg_xy_d=0.379 egg_z_d=-0.043 pan_stove_xy_d=0.002 pan_stove_z_d=-0.000 flipped=False in_pan=False still=True on_stove=True
  [ep 0/1, attempt 16] step 301/900  terminated=False  truncated=False
[FlipPan scripted policy] Phase 0 -> 1 (aligned above handle). pan=(0.143, -0.297, 0.050) pan_yaw=-0.7deg handle=(-0.037, -0.295, 0.130) gripper_yaw_err=-0.0deg egg_xy_d=0.379 egg_z_d=-0.043 pan_stove_xy_d=0.002 pan_stove_z_d=-0.000 flipped=False in_pan=False still=True on_stove=True
[FlipPan scripted policy] Phase 1 -> 2 (at handle, closing gripper). pan=(0.143, -0.297, 0.050) pan_yaw=-0.7deg handle=(-0.037, -0.295, 0.130) gripper_yaw_err=-0.0deg egg_xy_d=0.379 egg_z_d=-0.043 pan_stove_xy_d=0.002 pan_stove_z_d=-0.000 flipped=False in_pan=False still=True on_stove=True
[FlipPan scripted policy] Phase 3 -> 4 (pan lifted and re-aligned). pan=(0.319, -0.010, 0.102) pan_yaw=-0.1deg handle=(0.167, -0.007, 0.227) gripper_yaw_err=-0.1deg egg_xy_d=0.141 egg_z_d=-0.096 pan_stove_xy_d=0.339 pan_stove_z_d=0.053 flipped=False in_pan=False still=True on_stove=False
  [ep 0/1, attempt 16] step 401/900  terminated=False  truncated=False
  [ep 0/1, attempt 16] step 501/900  terminated=False  truncated=False
[FlipPan scripted policy] Pan placed back on the stove. pan=(0.141, -0.300, 0.089) pan_yaw=+14.2deg handle=(-0.050, -0.348, 0.094) gripper_yaw_err=+1.1deg egg_xy_d=0.382 egg_z_d=-0.082 pan_stove_xy_d=0.001 pan_stove_z_d=0.039 flipped=False in_pan=False still=True on_stove=False
  [ep 0/1, attempt 16] step 601/900  terminated=False  truncated=False
[FlipPan scripted policy] Attempt failed. Retrying (2/3). pan=(0.113, -0.395, 0.049) pan_yaw=-26.3deg handle=(-0.048, -0.316, 0.129) gripper_yaw_err=-25.0deg egg_xy_d=0.480 egg_z_d=-0.043 pan_stove_xy_d=0.100 pan_stove_z_d=-0.000 flipped=False in_pan=False still=True on_stove=False
[FlipPan scripted policy] Phase 0 -> 1 (aligned above handle). pan=(0.113, -0.395, 0.049) pan_yaw=-26.3deg handle=(-0.048, -0.315, 0.129) gripper_yaw_err=-0.0deg egg_xy_d=0.481 egg_z_d=-0.043 pan_stove_xy_d=0.100 pan_stove_z_d=-0.000 flipped=False in_pan=False still=True on_stove=False
[FlipPan scripted policy] Phase 1 -> 2 (at handle, closing gripper). pan=(0.113, -0.395, 0.049) pan_yaw=-26.3deg handle=(-0.048, -0.315, 0.129) gripper_yaw_err=-0.0deg egg_xy_d=0.480 egg_z_d=-0.043 pan_stove_xy_d=0.100 pan_stove_z_d=-0.000 flipped=False in_pan=False still=True on_stove=False
  [ep 0/1, attempt 16] step 701/900  terminated=False  truncated=False
[FlipPan scripted policy] Phase 3 -> 4 (pan lifted and re-aligned). pan=(0.341, -0.017, 0.159) pan_yaw=-10.6deg handle=(0.155, -0.050, 0.216) gripper_yaw_err=-10.6deg egg_xy_d=0.162 egg_z_d=-0.153 pan_stove_xy_d=0.345 pan_stove_z_d=0.110 flipped=False in_pan=False still=True on_stove=False
  [ep 0/1, attempt 16] step 801/900  terminated=False  truncated=False
[FlipPan scripted policy] Pan placed back on the stove. pan=(0.189, -0.272, 0.116) pan_yaw=-2.1deg handle=(0.021, -0.270, 0.012) gripper_yaw_err=+3.3deg egg_xy_d=0.348 egg_z_d=-0.110 pan_stove_xy_d=0.054 pan_stove_z_d=0.066 flipped=False in_pan=False still=True on_stove=False
  [ep 0/1, attempt 16] step 900/900  terminated=False  truncated=True
  [WARNING] Episode 0 attempt 16 truncated without success. Discarding and retrying...
  [Success Rate] overall: 0.0% (0/16) | moving avg (last 16): 0.0%
  [ep 0/1, attempt 17] step 1/900  terminated=False  truncated=False
[FlipPan scripted policy] Phase 0 -> 1 (aligned above handle). pan=(0.344, -0.046, 0.050) pan_yaw=-3.9deg handle=(0.165, -0.034, 0.130) gripper_yaw_err=+0.0deg egg_xy_d=0.034 egg_z_d=0.013 pan_stove_xy_d=0.000 pan_stove_z_d=-0.000 flipped=False in_pan=True still=True on_stove=True
[FlipPan scripted policy] Phase 1 -> 2 (at handle, closing gripper). pan=(0.344, -0.046, 0.050) pan_yaw=-3.9deg handle=(0.165, -0.034, 0.130) gripper_yaw_err=+0.0deg egg_xy_d=0.034 egg_z_d=0.013 pan_stove_xy_d=0.000 pan_stove_z_d=-0.000 flipped=False in_pan=True still=True on_stove=True
[FlipPan scripted policy] Phase 3 -> 4 (pan lifted and re-aligned). pan=(0.319, -0.005, 0.089) pan_yaw=-0.4deg handle=(0.171, -0.003, 0.219) gripper_yaw_err=-0.4deg egg_xy_d=0.024 egg_z_d=0.020 pan_stove_xy_d=0.048 pan_stove_z_d=0.039 flipped=False in_pan=True still=True on_stove=False
  [ep 0/1, attempt 17] step 101/900  terminated=False  truncated=False
[FlipPan scripted policy] Pan placed back on the stove. pan=(0.344, -0.046, 0.065) pan_yaw=+0.1deg handle=(0.163, -0.045, 0.144) gripper_yaw_err=+0.3deg egg_xy_d=0.069 egg_z_d=0.033 pan_stove_xy_d=0.001 pan_stove_z_d=0.016 flipped=False in_pan=False still=True on_stove=True
  [ep 0/1, attempt 17] step 201/900  terminated=False  truncated=False
[FlipPan scripted policy] Attempt failed. Retrying (1/3). pan=(0.347, -0.045, 0.050) pan_yaw=-0.0deg handle=(0.167, -0.045, 0.130) gripper_yaw_err=-0.1deg egg_xy_d=0.062 egg_z_d=0.032 pan_stove_xy_d=0.003 pan_stove_z_d=-0.000 flipped=False in_pan=False still=True on_stove=True
[FlipPan scripted policy] Phase 0 -> 1 (aligned above handle). pan=(0.347, -0.045, 0.050) pan_yaw=-0.0deg handle=(0.167, -0.045, 0.130) gripper_yaw_err=+0.0deg egg_xy_d=0.060 egg_z_d=0.032 pan_stove_xy_d=0.003 pan_stove_z_d=-0.000 flipped=False in_pan=False still=True on_stove=True
[FlipPan scripted policy] Phase 1 -> 2 (at handle, closing gripper). pan=(0.347, -0.045, 0.050) pan_yaw=-0.0deg handle=(0.167, -0.045, 0.130) gripper_yaw_err=+0.0deg egg_xy_d=0.060 egg_z_d=0.032 pan_stove_xy_d=0.003 pan_stove_z_d=-0.000 flipped=False in_pan=False still=True on_stove=True
  [ep 0/1, attempt 17] step 301/900  terminated=False  truncated=False
[FlipPan scripted policy] Phase 3 -> 4 (pan lifted and re-aligned). pan=(0.326, -0.002, 0.105) pan_yaw=+0.6deg handle=(0.170, -0.003, 0.225) gripper_yaw_err=+0.6deg egg_xy_d=0.025 egg_z_d=0.019 pan_stove_xy_d=0.048 pan_stove_z_d=0.055 flipped=False in_pan=True still=True on_stove=False
  [ep 0/1, attempt 17] step 401/900  terminated=False  truncated=False
[FlipPan scripted policy] Pan placed back on the stove. pan=(0.344, -0.046, 0.064) pan_yaw=-4.5deg handle=(0.157, -0.029, 0.121) gripper_yaw_err=+0.3deg egg_xy_d=0.607 egg_z_d=-0.043 pan_stove_xy_d=0.000 pan_stove_z_d=0.015 flipped=True in_pan=False still=False on_stove=True
[FlipPan scripted policy] Attempt failed. Retrying (2/3). pan=(0.347, -0.045, 0.050) pan_yaw=-4.4deg handle=(0.167, -0.031, 0.130) gripper_yaw_err=-4.0deg egg_xy_d=0.614 egg_z_d=-0.028 pan_stove_xy_d=0.003 pan_stove_z_d=-0.000 flipped=True in_pan=False still=True on_stove=True
  [ep 0/1, attempt 17] step 501/900  terminated=False  truncated=False
[FlipPan scripted policy] Phase 0 -> 1 (aligned above handle). pan=(0.347, -0.045, 0.050) pan_yaw=-4.4deg handle=(0.167, -0.031, 0.130) gripper_yaw_err=-0.0deg egg_xy_d=0.614 egg_z_d=-0.028 pan_stove_xy_d=0.003 pan_stove_z_d=-0.000 flipped=True in_pan=False still=True on_stove=True
[FlipPan scripted policy] Phase 1 -> 2 (at handle, closing gripper). pan=(0.347, -0.045, 0.050) pan_yaw=-4.4deg handle=(0.167, -0.031, 0.130) gripper_yaw_err=-0.0deg egg_xy_d=0.614 egg_z_d=-0.028 pan_stove_xy_d=0.003 pan_stove_z_d=-0.000 flipped=True in_pan=False still=True on_stove=True
[FlipPan scripted policy] Phase 3 -> 4 (pan lifted and re-aligned). pan=(0.325, -0.003, 0.103) pan_yaw=+0.5deg handle=(0.169, -0.002, 0.223) gripper_yaw_err=+0.5deg egg_xy_d=0.567 egg_z_d=-0.081 pan_stove_xy_d=0.048 pan_stove_z_d=0.053 flipped=True in_pan=False still=True on_stove=False
  [ep 0/1, attempt 17] step 601/900  terminated=False  truncated=False
[FlipPan scripted policy] Pan placed back on the stove. pan=(0.345, -0.046, 0.065) pan_yaw=-5.1deg handle=(0.157, -0.028, 0.122) gripper_yaw_err=+0.3deg egg_xy_d=0.614 egg_z_d=-0.043 pan_stove_xy_d=0.001 pan_stove_z_d=0.015 flipped=True in_pan=False still=True on_stove=True
  [ep 0/1, attempt 17] step 701/900  terminated=False  truncated=False
[FlipPan scripted policy] Attempt failed. Retrying (3/3). pan=(0.346, -0.045, 0.050) pan_yaw=-5.1deg handle=(0.167, -0.029, 0.130) gripper_yaw_err=-4.6deg egg_xy_d=0.614 egg_z_d=-0.028 pan_stove_xy_d=0.002 pan_stove_z_d=-0.000 flipped=True in_pan=False still=True on_stove=True
[FlipPan scripted policy] Phase 0 -> 1 (aligned above handle). pan=(0.346, -0.045, 0.050) pan_yaw=-5.1deg handle=(0.167, -0.029, 0.130) gripper_yaw_err=-0.0deg egg_xy_d=0.614 egg_z_d=-0.028 pan_stove_xy_d=0.002 pan_stove_z_d=-0.000 flipped=True in_pan=False still=True on_stove=True
[FlipPan scripted policy] Phase 1 -> 2 (at handle, closing gripper). pan=(0.346, -0.045, 0.050) pan_yaw=-5.1deg handle=(0.167, -0.029, 0.130) gripper_yaw_err=-0.0deg egg_xy_d=0.614 egg_z_d=-0.028 pan_stove_xy_d=0.002 pan_stove_z_d=-0.000 flipped=True in_pan=False still=True on_stove=True
  [ep 0/1, attempt 17] step 801/900  terminated=False  truncated=False
[FlipPan scripted policy] Phase 3 -> 4 (pan lifted and re-aligned). pan=(0.326, -0.002, 0.103) pan_yaw=+0.5deg handle=(0.170, -0.002, 0.223) gripper_yaw_err=+0.5deg egg_xy_d=0.567 egg_z_d=-0.081 pan_stove_xy_d=0.048 pan_stove_z_d=0.053 flipped=True in_pan=False still=True on_stove=False
  [ep 0/1, attempt 17] step 900/900  terminated=False  truncated=True
  [WARNING] Episode 0 attempt 17 truncated without success. Discarding and retrying...
  [Success Rate] overall: 0.0% (0/17) | moving avg (last 17): 0.0%
  [ep 0/1, attempt 18] step 1/900  terminated=False  truncated=False
[FlipPan scripted policy] Phase 0 -> 1 (aligned above handle). pan=(0.106, 0.353, 0.050) pan_yaw=-13.1deg handle=(-0.069, 0.393, 0.130) gripper_yaw_err=-0.0deg egg_xy_d=0.030 egg_z_d=0.013 pan_stove_xy_d=0.000 pan_stove_z_d=-0.000 flipped=False in_pan=True still=True on_stove=True
[FlipPan scripted policy] Phase 1 -> 2 (at handle, closing gripper). pan=(0.106, 0.353, 0.050) pan_yaw=-13.1deg handle=(-0.069, 0.393, 0.130) gripper_yaw_err=-0.0deg egg_xy_d=0.030 egg_z_d=0.013 pan_stove_xy_d=0.000 pan_stove_z_d=-0.000 flipped=False in_pan=True still=True on_stove=True
[FlipPan scripted policy] Phase 3 -> 4 (pan lifted and re-aligned). pan=(0.316, 0.011, 0.101) pan_yaw=+0.7deg handle=(0.166, 0.009, 0.228) gripper_yaw_err=+0.7deg egg_xy_d=0.047 egg_z_d=0.001 pan_stove_xy_d=0.401 pan_stove_z_d=0.052 flipped=False in_pan=False still=True on_stove=False
  [ep 0/1, attempt 18] step 101/900  terminated=False  truncated=False
  [ep 0/1, attempt 18] step 201/900  terminated=False  truncated=False
[FlipPan scripted policy] Pan placed back on the stove. pan=(0.108, 0.352, 0.065) pan_yaw=+13.6deg handle=(-0.072, 0.316, 0.136) gripper_yaw_err=+0.7deg egg_xy_d=1.005 egg_z_d=-0.059 pan_stove_xy_d=0.002 pan_stove_z_d=0.015 flipped=False in_pan=False still=True on_stove=True
[FlipPan scripted policy] Attempt failed. Retrying (1/3). pan=(0.109, 0.353, 0.050) pan_yaw=+13.7deg handle=(-0.066, 0.311, 0.130) gripper_yaw_err=+13.2deg egg_xy_d=1.006 egg_z_d=-0.043 pan_stove_xy_d=0.003 pan_stove_z_d=-0.000 flipped=False in_pan=False still=True on_stove=True
  [ep 0/1, attempt 18] step 301/900  terminated=False  truncated=False
[FlipPan scripted policy] Phase 0 -> 1 (aligned above handle). pan=(0.109, 0.353, 0.050) pan_yaw=+13.7deg handle=(-0.066, 0.311, 0.130) gripper_yaw_err=+0.0deg egg_xy_d=1.006 egg_z_d=-0.043 pan_stove_xy_d=0.003 pan_stove_z_d=-0.000 flipped=False in_pan=False still=True on_stove=True
[FlipPan scripted policy] Phase 1 -> 2 (at handle, closing gripper). pan=(0.109, 0.353, 0.050) pan_yaw=+13.7deg handle=(-0.066, 0.310, 0.130) gripper_yaw_err=+0.0deg egg_xy_d=1.006 egg_z_d=-0.043 pan_stove_xy_d=0.003 pan_stove_z_d=-0.000 flipped=False in_pan=False still=True on_stove=True
[FlipPan scripted policy] Phase 3 -> 4 (pan lifted and re-aligned). pan=(0.317, -0.001, 0.099) pan_yaw=-0.5deg handle=(0.167, 0.006, 0.226) gripper_yaw_err=-0.5deg egg_xy_d=0.611 egg_z_d=-0.093 pan_stove_xy_d=0.411 pan_stove_z_d=0.049 flipped=False in_pan=False still=True on_stove=False
  [ep 0/1, attempt 18] step 401/900  terminated=False  truncated=False
[FlipPan scripted policy] Pan placed back on the stove. pan=(0.109, 0.354, 0.065) pan_yaw=+0.9deg handle=(-0.063, 0.359, 0.161) gripper_yaw_err=-2.5deg egg_xy_d=1.007 egg_z_d=-0.059 pan_stove_xy_d=0.003 pan_stove_z_d=0.015 flipped=False in_pan=False still=True on_stove=True
  [ep 0/1, attempt 18] step 501/900  terminated=False  truncated=False
[FlipPan scripted policy] Attempt failed. Retrying (2/3). pan=(0.110, 0.355, 0.050) pan_yaw=+0.4deg handle=(-0.070, 0.354, 0.130) gripper_yaw_err=+0.3deg egg_xy_d=1.008 egg_z_d=-0.043 pan_stove_xy_d=0.004 pan_stove_z_d=-0.000 flipped=False in_pan=False still=True on_stove=True
  [ep 0/1, attempt 18] step 601/900  terminated=False  truncated=False
[FlipPan scripted policy] Phase 0 -> 1 (aligned above handle). pan=(0.110, 0.355, 0.050) pan_yaw=+0.4deg handle=(-0.070, 0.354, 0.130) gripper_yaw_err=+0.0deg egg_xy_d=1.008 egg_z_d=-0.043 pan_stove_xy_d=0.004 pan_stove_z_d=-0.000 flipped=False in_pan=False still=True on_stove=True
[FlipPan scripted policy] Phase 1 -> 2 (at handle, closing gripper). pan=(0.110, 0.355, 0.050) pan_yaw=+0.4deg handle=(-0.070, 0.354, 0.130) gripper_yaw_err=+0.0deg egg_xy_d=1.008 egg_z_d=-0.043 pan_stove_xy_d=0.004 pan_stove_z_d=-0.000 flipped=False in_pan=False still=True on_stove=True
[FlipPan scripted policy] Phase 3 -> 4 (pan lifted and re-aligned). pan=(0.318, 0.002, 0.101) pan_yaw=-0.2deg handle=(0.167, 0.007, 0.227) gripper_yaw_err=-0.2deg egg_xy_d=0.614 egg_z_d=-0.095 pan_stove_xy_d=0.409 pan_stove_z_d=0.051 flipped=False in_pan=False still=True on_stove=False
  [ep 0/1, attempt 18] step 701/900  terminated=False  truncated=False
[FlipPan scripted policy] Pan placed back on the stove. pan=(0.110, 0.354, 0.065) pan_yaw=-3.7deg handle=(-0.061, 0.374, 0.160) gripper_yaw_err=-2.2deg egg_xy_d=1.007 egg_z_d=-0.058 pan_stove_xy_d=0.004 pan_stove_z_d=0.015 flipped=False in_pan=False still=True on_stove=True
  [ep 0/1, attempt 18] step 801/900  terminated=False  truncated=False
[FlipPan scripted policy] Attempt failed. Retrying (3/3). pan=(0.110, 0.355, 0.050) pan_yaw=-4.6deg handle=(-0.069, 0.370, 0.130) gripper_yaw_err=-4.4deg egg_xy_d=1.008 egg_z_d=-0.043 pan_stove_xy_d=0.005 pan_stove_z_d=-0.000 flipped=False in_pan=False still=True on_stove=True
[FlipPan scripted policy] Phase 0 -> 1 (aligned above handle). pan=(0.110, 0.355, 0.050) pan_yaw=-4.6deg handle=(-0.069, 0.370, 0.130) gripper_yaw_err=+0.0deg egg_xy_d=1.008 egg_z_d=-0.043 pan_stove_xy_d=0.005 pan_stove_z_d=-0.000 flipped=False in_pan=False still=True on_stove=True
  [ep 0/1, attempt 18] step 900/900  terminated=False  truncated=True
  [WARNING] Episode 0 attempt 18 truncated without success. Discarding and retrying...
  [Success Rate] overall: 0.0% (0/18) | moving avg (last 18): 0.0%
  [ep 0/1, attempt 19] step 1/900  terminated=False  truncated=False
[FlipPan scripted policy] Phase 0 -> 1 (aligned above handle). pan=(0.178, 0.229, 0.050) pan_yaw=+24.7deg handle=(0.014, 0.154, 0.130) gripper_yaw_err=-0.0deg egg_xy_d=0.025 egg_z_d=0.013 pan_stove_xy_d=0.000 pan_stove_z_d=-0.000 flipped=False in_pan=True still=True on_stove=True
[FlipPan scripted policy] Phase 1 -> 2 (at handle, closing gripper). pan=(0.178, 0.229, 0.050) pan_yaw=+24.7deg handle=(0.014, 0.154, 0.130) gripper_yaw_err=+0.0deg egg_xy_d=0.025 egg_z_d=0.013 pan_stove_xy_d=0.000 pan_stove_z_d=-0.000 flipped=False in_pan=True still=True on_stove=True
[FlipPan scripted policy] Phase 3 -> 4 (pan lifted and re-aligned). pan=(0.313, 0.004, 0.094) pan_yaw=-0.3deg handle=(0.165, 0.006, 0.225) gripper_yaw_err=-0.3deg egg_xy_d=0.042 egg_z_d=0.002 pan_stove_xy_d=0.262 pan_stove_z_d=0.045 flipped=False in_pan=False still=True on_stove=False
  [ep 0/1, attempt 19] step 101/900  terminated=False  truncated=False
[FlipPan scripted policy] Pan placed back on the stove. pan=(0.179, 0.228, 0.065) pan_yaw=+0.9deg handle=(-0.004, 0.226, 0.136) gripper_yaw_err=+0.3deg egg_xy_d=0.028 egg_z_d=0.012 pan_stove_xy_d=0.002 pan_stove_z_d=0.015 flipped=False in_pan=True still=True on_stove=True
  [ep 0/1, attempt 19] step 201/900  terminated=False  truncated=False
[FlipPan scripted policy] Attempt failed. Retrying (1/3). pan=(0.180, 0.233, 0.050) pan_yaw=+4.1deg handle=(-0.000, 0.220, 0.130) gripper_yaw_err=+5.4deg egg_xy_d=0.028 egg_z_d=0.013 pan_stove_xy_d=0.004 pan_stove_z_d=-0.000 flipped=False in_pan=True still=True on_stove=True
  [ep 0/1, attempt 19] step 301/900  terminated=False  truncated=False
[FlipPan scripted policy] Phase 0 -> 1 (aligned above handle). pan=(0.180, 0.233, 0.050) pan_yaw=+4.1deg handle=(-0.000, 0.220, 0.130) gripper_yaw_err=+0.0deg egg_xy_d=0.027 egg_z_d=0.013 pan_stove_xy_d=0.004 pan_stove_z_d=-0.000 flipped=False in_pan=True still=True on_stove=True
[FlipPan scripted policy] Phase 1 -> 2 (at handle, closing gripper). pan=(0.180, 0.233, 0.050) pan_yaw=+4.1deg handle=(-0.000, 0.220, 0.130) gripper_yaw_err=+0.0deg egg_xy_d=0.028 egg_z_d=0.013 pan_stove_xy_d=0.004 pan_stove_z_d=-0.000 flipped=False in_pan=True still=True on_stove=True
[FlipPan scripted policy] Phase 3 -> 4 (pan lifted and re-aligned). pan=(0.320, 0.010, 0.103) pan_yaw=+0.7deg handle=(0.167, 0.009, 0.227) gripper_yaw_err=+0.7deg egg_xy_d=0.004 egg_z_d=0.015 pan_stove_xy_d=0.261 pan_stove_z_d=0.054 flipped=False in_pan=True still=True on_stove=False
  [ep 0/1, attempt 19] step 401/900  terminated=False  truncated=False
  [ep 0/1, attempt 19] step 501/900  terminated=False  truncated=False
[FlipPan scripted policy] Pan placed back on the stove. pan=(0.152, 0.324, 0.264) pan_yaw=+30.3deg handle=(0.013, 0.204, 0.192) gripper_yaw_err=+34.0deg egg_xy_d=0.056 egg_z_d=-0.019 pan_stove_xy_d=0.098 pan_stove_z_d=0.214 flipped=False in_pan=False still=False on_stove=False
[FlipPan scripted policy] Attempt failed. Retrying (2/3). pan=(0.175, 0.325, 0.049) pan_yaw=+52.1deg handle=(0.065, 0.183, 0.130) gripper_yaw_err=+53.4deg egg_xy_d=0.044 egg_z_d=0.029 pan_stove_xy_d=0.096 pan_stove_z_d=-0.000 flipped=True in_pan=True still=True on_stove=False
  [ep 0/1, attempt 19] step 601/900  terminated=False  truncated=False
[FlipPan scripted policy] Phase 0 -> 1 (aligned above handle). pan=(0.175, 0.325, 0.049) pan_yaw=+52.1deg handle=(0.065, 0.183, 0.130) gripper_yaw_err=+0.3deg egg_xy_d=0.044 egg_z_d=0.029 pan_stove_xy_d=0.096 pan_stove_z_d=-0.000 flipped=True in_pan=True still=True on_stove=False
[FlipPan scripted policy] Phase 1 -> 2 (at handle, closing gripper). pan=(0.175, 0.325, 0.049) pan_yaw=+52.1deg handle=(0.065, 0.183, 0.130) gripper_yaw_err=+0.0deg egg_xy_d=0.044 egg_z_d=0.029 pan_stove_xy_d=0.096 pan_stove_z_d=-0.000 flipped=True in_pan=True still=True on_stove=False
[FlipPan scripted policy] Phase 3 -> 4 (pan lifted and re-aligned). pan=(0.322, 0.014, 0.104) pan_yaw=+1.9deg handle=(0.168, 0.009, 0.227) gripper_yaw_err=+0.0deg egg_xy_d=0.029 egg_z_d=0.033 pan_stove_xy_d=0.259 pan_stove_z_d=0.055 flipped=True in_pan=True still=False on_stove=False
  [ep 0/1, attempt 19] step 701/900  terminated=False  truncated=False
  [ep 0/1, attempt 19] step 801/900  terminated=False  truncated=False
[FlipPan scripted policy] Pan placed back on the stove. pan=(0.210, 0.275, 0.099) pan_yaw=-3.2deg handle=(0.015, 0.276, 0.131) gripper_yaw_err=-5.2deg egg_xy_d=0.197 egg_z_d=-0.077 pan_stove_xy_d=0.056 pan_stove_z_d=0.049 flipped=True in_pan=False still=True on_stove=False
[FlipPan scripted policy] Attempt failed. Retrying (3/3). pan=(0.172, 0.369, 0.045) pan_yaw=+14.4deg handle=(-0.015, 0.346, 0.102) gripper_yaw_err=+13.9deg egg_xy_d=0.107 egg_z_d=-0.024 pan_stove_xy_d=0.140 pan_stove_z_d=-0.004 flipped=True in_pan=False still=True on_stove=False
  [ep 0/1, attempt 19] step 900/900  terminated=False  truncated=True
  [WARNING] Episode 0 attempt 19 truncated without success. Discarding and retrying...
  [Success Rate] overall: 0.0% (0/19) | moving avg (last 19): 0.0%
  [ep 0/1, attempt 20] step 1/900  terminated=False  truncated=False
[FlipPan scripted policy] Phase 0 -> 1 (aligned above handle). pan=(0.162, -0.318, 0.050) pan_yaw=+57.7deg handle=(0.066, -0.470, 0.130) gripper_yaw_err=+0.0deg egg_xy_d=0.029 egg_z_d=0.013 pan_stove_xy_d=0.000 pan_stove_z_d=-0.000 flipped=False in_pan=True still=True on_stove=True
[FlipPan scripted policy] Phase 1 -> 2 (at handle, closing gripper). pan=(0.162, -0.318, 0.050) pan_yaw=+57.7deg handle=(0.066, -0.470, 0.130) gripper_yaw_err=+0.0deg egg_xy_d=0.029 egg_z_d=0.013 pan_stove_xy_d=0.000 pan_stove_z_d=-0.000 flipped=False in_pan=True still=True on_stove=True
[FlipPan scripted policy] Phase 3 -> 4 (pan lifted and re-aligned). pan=(0.308, -0.012, 0.086) pan_yaw=+0.1deg handle=(0.168, -0.009, 0.224) gripper_yaw_err=-0.3deg egg_xy_d=0.044 egg_z_d=-0.002 pan_stove_xy_d=0.339 pan_stove_z_d=0.036 flipped=False in_pan=False still=True on_stove=False
  [ep 0/1, attempt 20] step 101/900  terminated=False  truncated=False
[FlipPan scripted policy] Pan placed back on the stove. pan=(0.163, -0.317, 0.065) pan_yaw=-8.6deg handle=(-0.014, -0.290, 0.147) gripper_yaw_err=+0.3deg egg_xy_d=0.068 egg_z_d=0.035 pan_stove_xy_d=0.002 pan_stove_z_d=0.015 flipped=False in_pan=False still=True on_stove=True
  [ep 0/1, attempt 20] step 201/900  terminated=False  truncated=False
[FlipPan scripted policy] Attempt failed. Retrying (1/3). pan=(0.164, -0.317, 0.050) pan_yaw=-8.7deg handle=(-0.014, -0.289, 0.130) gripper_yaw_err=-7.7deg egg_xy_d=0.061 egg_z_d=0.032 pan_stove_xy_d=0.003 pan_stove_z_d=-0.000 flipped=False in_pan=False still=True on_stove=True
  [ep 0/1, attempt 20] step 301/900  terminated=False  truncated=False
[FlipPan scripted policy] Phase 0 -> 1 (aligned above handle). pan=(0.164, -0.317, 0.050) pan_yaw=-8.7deg handle=(-0.014, -0.289, 0.130) gripper_yaw_err=+0.0deg egg_xy_d=0.059 egg_z_d=0.032 pan_stove_xy_d=0.003 pan_stove_z_d=-0.000 flipped=False in_pan=False still=True on_stove=True
[FlipPan scripted policy] Phase 1 -> 2 (at handle, closing gripper). pan=(0.164, -0.317, 0.050) pan_yaw=-8.7deg handle=(-0.014, -0.289, 0.130) gripper_yaw_err=+0.0deg egg_xy_d=0.059 egg_z_d=0.031 pan_stove_xy_d=0.003 pan_stove_z_d=-0.000 flipped=False in_pan=False still=True on_stove=True
[FlipPan scripted policy] Phase 3 -> 4 (pan lifted and re-aligned). pan=(0.318, 0.005, 0.097) pan_yaw=+1.1deg handle=(0.169, -0.003, 0.226) gripper_yaw_err=+1.1deg egg_xy_d=0.032 egg_z_d=0.022 pan_stove_xy_d=0.359 pan_stove_z_d=0.047 flipped=False in_pan=True still=True on_stove=False
  [ep 0/1, attempt 20] step 401/900  terminated=False  truncated=False
[FlipPan scripted policy] Pan placed back on the stove. pan=(0.156, -0.311, 0.054) pan_yaw=+4.9deg handle=(-0.024, -0.323, 0.135) gripper_yaw_err=-1.1deg egg_xy_d=0.590 egg_z_d=-0.048 pan_stove_xy_d=0.010 pan_stove_z_d=0.005 flipped=False in_pan=False still=True on_stove=True
  [ep 0/1, attempt 20] step 501/900  terminated=False  truncated=False
[FlipPan scripted policy] Attempt failed. Retrying (2/3). pan=(0.133, -0.346, 0.050) pan_yaw=-42.8deg handle=(0.001, -0.224, 0.130) gripper_yaw_err=-43.7deg egg_xy_d=0.621 egg_z_d=-0.043 pan_stove_xy_d=0.040 pan_stove_z_d=-0.000 flipped=False in_pan=False still=True on_stove=True
  [ep 0/1, attempt 20] step 601/900  terminated=False  truncated=False
[FlipPan scripted policy] Phase 0 -> 1 (aligned above handle). pan=(0.133, -0.346, 0.050) pan_yaw=-42.8deg handle=(0.001, -0.224, 0.130) gripper_yaw_err=-0.0deg egg_xy_d=0.621 egg_z_d=-0.043 pan_stove_xy_d=0.040 pan_stove_z_d=-0.000 flipped=False in_pan=False still=True on_stove=True
[FlipPan scripted policy] Phase 1 -> 2 (at handle, closing gripper). pan=(0.133, -0.346, 0.050) pan_yaw=-42.8deg handle=(0.001, -0.224, 0.130) gripper_yaw_err=+0.0deg egg_xy_d=0.621 egg_z_d=-0.043 pan_stove_xy_d=0.040 pan_stove_z_d=-0.000 flipped=False in_pan=False still=True on_stove=True
[FlipPan scripted policy] Phase 3 -> 4 (pan lifted and re-aligned). pan=(0.322, -0.006, 0.109) pan_yaw=+0.5deg handle=(0.166, -0.006, 0.229) gripper_yaw_err=+0.5deg egg_xy_d=0.396 egg_z_d=-0.102 pan_stove_xy_d=0.351 pan_stove_z_d=0.059 flipped=False in_pan=False still=True on_stove=False
  [ep 0/1, attempt 20] step 701/900  terminated=False  truncated=False
[FlipPan scripted policy] Pan placed back on the stove. pan=(0.163, -0.317, 0.065) pan_yaw=+8.2deg handle=(-0.022, -0.340, 0.129) gripper_yaw_err=+0.7deg egg_xy_d=0.597 egg_z_d=-0.059 pan_stove_xy_d=0.002 pan_stove_z_d=0.015 flipped=False in_pan=False still=True on_stove=True
  [ep 0/1, attempt 20] step 801/900  terminated=False  truncated=False
[FlipPan scripted policy] Attempt failed. Retrying (3/3). pan=(0.163, -0.326, 0.050) pan_yaw=+2.8deg handle=(-0.016, -0.335, 0.130) gripper_yaw_err=+2.8deg egg_xy_d=0.607 egg_z_d=-0.043 pan_stove_xy_d=0.008 pan_stove_z_d=-0.000 flipped=False in_pan=False still=True on_stove=True
[FlipPan scripted policy] Phase 0 -> 1 (aligned above handle). pan=(0.163, -0.326, 0.050) pan_yaw=+2.8deg handle=(-0.016, -0.335, 0.130) gripper_yaw_err=-0.0deg egg_xy_d=0.607 egg_z_d=-0.043 pan_stove_xy_d=0.008 pan_stove_z_d=-0.000 flipped=False in_pan=False still=True on_stove=True
  [ep 0/1, attempt 20] step 900/900  terminated=False  truncated=True
  [WARNING] Episode 0 attempt 20 truncated without success. Discarding and retrying...
  [Success Rate] overall: 0.0% (0/20) | moving avg (last 20): 0.0%
  [ep 0/1, attempt 21] step 1/900  terminated=False  truncated=False
[FlipPan scripted policy] Phase 0 -> 1 (aligned above handle). pan=(0.179, -0.331, 0.050) pan_yaw=+31.2deg handle=(0.025, -0.425, 0.130) gripper_yaw_err=+0.0deg egg_xy_d=0.012 egg_z_d=0.013 pan_stove_xy_d=0.000 pan_stove_z_d=-0.000 flipped=False in_pan=True still=True on_stove=True
[FlipPan scripted policy] Phase 1 -> 2 (at handle, closing gripper). pan=(0.179, -0.331, 0.050) pan_yaw=+31.2deg handle=(0.025, -0.425, 0.130) gripper_yaw_err=+0.0deg egg_xy_d=0.012 egg_z_d=0.013 pan_stove_xy_d=0.000 pan_stove_z_d=-0.000 flipped=False in_pan=True still=True on_stove=True
[FlipPan scripted policy] Phase 3 -> 4 (pan lifted and re-aligned). pan=(0.311, -0.012, 0.092) pan_yaw=-0.1deg handle=(0.167, -0.009, 0.226) gripper_yaw_err=-0.1deg egg_xy_d=0.012 egg_z_d=0.017 pan_stove_xy_d=0.346 pan_stove_z_d=0.042 flipped=False in_pan=True still=True on_stove=False
  [ep 0/1, attempt 21] step 101/900  terminated=False  truncated=False
[FlipPan scripted policy] Pan placed back on the stove. pan=(0.180, -0.330, 0.065) pan_yaw=-9.0deg handle=(-0.000, -0.303, 0.141) gripper_yaw_err=+0.2deg egg_xy_d=0.123 egg_z_d=-0.007 pan_stove_xy_d=0.002 pan_stove_z_d=0.015 flipped=True in_pan=False still=True on_stove=True
  [ep 0/1, attempt 21] step 201/900  terminated=False  truncated=False
[FlipPan scripted policy] Attempt failed. Retrying (1/3). pan=(0.182, -0.329, 0.053) pan_yaw=-10.2deg handle=(0.007, -0.299, 0.138) gripper_yaw_err=-10.2deg egg_xy_d=0.137 egg_z_d=-0.001 pan_stove_xy_d=0.004 pan_stove_z_d=0.004 flipped=True in_pan=False still=True on_stove=True
  [ep 0/1, attempt 21] step 301/900  terminated=False  truncated=False
[FlipPan scripted policy] Phase 0 -> 1 (aligned above handle). pan=(0.182, -0.329, 0.053) pan_yaw=-10.3deg handle=(0.007, -0.299, 0.138) gripper_yaw_err=-0.0deg egg_xy_d=0.138 egg_z_d=-0.001 pan_stove_xy_d=0.004 pan_stove_z_d=0.004 flipped=True in_pan=False still=True on_stove=True
[FlipPan scripted policy] Phase 1 -> 2 (at handle, closing gripper). pan=(0.183, -0.329, 0.053) pan_yaw=-10.3deg handle=(0.007, -0.299, 0.138) gripper_yaw_err=-0.0deg egg_xy_d=0.138 egg_z_d=-0.001 pan_stove_xy_d=0.004 pan_stove_z_d=0.004 flipped=True in_pan=False still=True on_stove=True
[FlipPan scripted policy] Phase 3 -> 4 (pan lifted and re-aligned). pan=(0.321, -0.001, 0.107) pan_yaw=+1.1deg handle=(0.166, -0.006, 0.229) gripper_yaw_err=+1.1deg egg_xy_d=0.338 egg_z_d=-0.072 pan_stove_xy_d=0.359 pan_stove_z_d=0.057 flipped=True in_pan=False still=True on_stove=False
  [ep 0/1, attempt 21] step 401/900  terminated=False  truncated=False
  [ep 0/1, attempt 21] step 501/900  terminated=False  truncated=False
[FlipPan scripted policy] Pan placed back on the stove. pan=(0.183, -0.325, 0.097) pan_yaw=+25.1deg handle=(0.004, -0.406, 0.096) gripper_yaw_err=+21.1deg egg_xy_d=0.164 egg_z_d=-0.068 pan_stove_xy_d=0.008 pan_stove_z_d=0.047 flipped=True in_pan=False still=True on_stove=False
  [ep 0/1, attempt 21] step 601/900  terminated=False  truncated=False
[FlipPan scripted policy] Attempt failed. Retrying (2/3). pan=(-0.199, -2.544, -0.867) pan_yaw=+65.6deg handle=(-0.275, -2.712, -0.937) gripper_yaw_err=+59.3deg egg_xy_d=2.354 egg_z_d=0.895 pan_stove_xy_d=2.245 pan_stove_z_d=-0.916 flipped=True in_pan=False still=True on_stove=False
  [ep 0/1, attempt 21] step 701/900  terminated=False  truncated=False
  [ep 0/1, attempt 21] step 801/900  terminated=False  truncated=False
  [ep 0/1, attempt 21] step 900/900  terminated=False  truncated=True
  [WARNING] Episode 0 attempt 21 truncated without success. Discarding and retrying...
  [Success Rate] overall: 0.0% (0/21) | moving avg (last 21): 0.0%
  [ep 0/1, attempt 22] step 1/900  terminated=False  truncated=False
[FlipPan scripted policy] Phase 0 -> 1 (aligned above handle). pan=(0.284, -0.059, 0.050) pan_yaw=-17.9deg handle=(0.112, -0.003, 0.130) gripper_yaw_err=+0.0deg egg_xy_d=0.034 egg_z_d=0.013 pan_stove_xy_d=0.000 pan_stove_z_d=-0.000 flipped=False in_pan=True still=True on_stove=True
[FlipPan scripted policy] Phase 1 -> 2 (at handle, closing gripper). pan=(0.284, -0.059, 0.050) pan_yaw=-17.9deg handle=(0.112, -0.003, 0.130) gripper_yaw_err=-0.0deg egg_xy_d=0.034 egg_z_d=0.013 pan_stove_xy_d=0.000 pan_stove_z_d=-0.000 flipped=False in_pan=True still=True on_stove=True
[FlipPan scripted policy] Phase 3 -> 4 (pan lifted and re-aligned). pan=(0.313, -0.002, 0.085) pan_yaw=-0.1deg handle=(0.168, 0.000, 0.218) gripper_yaw_err=-0.1deg egg_xy_d=0.019 egg_z_d=0.020 pan_stove_xy_d=0.064 pan_stove_z_d=0.036 flipped=False in_pan=True still=True on_stove=False
  [ep 0/1, attempt 22] step 101/900  terminated=False  truncated=False
[FlipPan scripted policy] Pan placed back on the stove. pan=(0.285, -0.058, 0.065) pan_yaw=+0.8deg handle=(0.104, -0.062, 0.141) gripper_yaw_err=+0.2deg egg_xy_d=0.264 egg_z_d=-0.059 pan_stove_xy_d=0.002 pan_stove_z_d=0.015 flipped=False in_pan=False still=True on_stove=True
  [ep 0/1, attempt 22] step 201/900  terminated=False  truncated=False
[FlipPan scripted policy] Attempt failed. Retrying (1/3). pan=(0.285, -0.057, 0.050) pan_yaw=+1.6deg handle=(0.105, -0.062, 0.130) gripper_yaw_err=-6.4deg egg_xy_d=0.263 egg_z_d=-0.043 pan_stove_xy_d=0.002 pan_stove_z_d=-0.000 flipped=False in_pan=False still=True on_stove=True
[FlipPan scripted policy] Phase 0 -> 1 (aligned above handle). pan=(0.285, -0.057, 0.050) pan_yaw=+1.6deg handle=(0.105, -0.062, 0.130) gripper_yaw_err=-0.0deg egg_xy_d=0.263 egg_z_d=-0.043 pan_stove_xy_d=0.002 pan_stove_z_d=-0.000 flipped=False in_pan=False still=True on_stove=True
[FlipPan scripted policy] Phase 1 -> 2 (at handle, closing gripper). pan=(0.285, -0.057, 0.050) pan_yaw=+1.6deg handle=(0.105, -0.062, 0.130) gripper_yaw_err=-0.0deg egg_xy_d=0.262 egg_z_d=-0.043 pan_stove_xy_d=0.002 pan_stove_z_d=-0.000 flipped=False in_pan=False still=True on_stove=True
  [ep 0/1, attempt 22] step 301/900  terminated=False  truncated=False
[FlipPan scripted policy] Phase 3 -> 4 (pan lifted and re-aligned). pan=(0.322, -0.005, 0.103) pan_yaw=+0.5deg handle=(0.166, -0.004, 0.225) gripper_yaw_err=+0.5deg egg_xy_d=0.261 egg_z_d=-0.097 pan_stove_xy_d=0.066 pan_stove_z_d=0.054 flipped=False in_pan=False still=True on_stove=False
  [ep 0/1, attempt 22] step 401/900  terminated=False  truncated=False
[FlipPan scripted policy] Pan placed back on the stove. pan=(0.348, -0.063, 0.102) pan_yaw=+4.0deg handle=(0.152, -0.076, 0.102) gripper_yaw_err=+3.7deg egg_xy_d=0.316 egg_z_d=-0.096 pan_stove_xy_d=0.065 pan_stove_z_d=0.052 flipped=False in_pan=False still=True on_stove=False
  [ep 0/1, attempt 22] step 501/900  terminated=False  truncated=False
[FlipPan scripted policy] Attempt failed. Retrying (2/3). pan=(0.364, -0.095, 0.050) pan_yaw=-9.2deg handle=(0.186, -0.066, 0.130) gripper_yaw_err=-9.0deg egg_xy_d=0.347 egg_z_d=-0.043 pan_stove_xy_d=0.088 pan_stove_z_d=-0.000 flipped=False in_pan=False still=True on_stove=False
[FlipPan scripted policy] Phase 0 -> 1 (aligned above handle). pan=(0.364, -0.095, 0.050) pan_yaw=-9.2deg handle=(0.186, -0.066, 0.130) gripper_yaw_err=+0.0deg egg_xy_d=0.347 egg_z_d=-0.043 pan_stove_xy_d=0.088 pan_stove_z_d=-0.000 flipped=False in_pan=False still=True on_stove=False
[FlipPan scripted policy] Phase 1 -> 2 (at handle, closing gripper). pan=(0.364, -0.095, 0.050) pan_yaw=-9.2deg handle=(0.186, -0.066, 0.130) gripper_yaw_err=+0.0deg egg_xy_d=0.347 egg_z_d=-0.043 pan_stove_xy_d=0.088 pan_stove_z_d=-0.000 flipped=False in_pan=False still=True on_stove=False
  [ep 0/1, attempt 22] step 601/900  terminated=False  truncated=False
[FlipPan scripted policy] Phase 3 -> 4 (pan lifted and re-aligned). pan=(0.330, -0.003, 0.104) pan_yaw=+0.1deg handle=(0.174, -0.006, 0.224) gripper_yaw_err=+0.1deg egg_xy_d=0.268 egg_z_d=-0.098 pan_stove_xy_d=0.073 pan_stove_z_d=0.055 flipped=False in_pan=False still=True on_stove=False
  [ep 0/1, attempt 22] step 701/900  terminated=False  truncated=False
[FlipPan scripted policy] Pan placed back on the stove. pan=(0.285, -0.058, 0.065) pan_yaw=+15.4deg handle=(0.102, -0.099, 0.128) gripper_yaw_err=+0.8deg egg_xy_d=0.263 egg_z_d=-0.059 pan_stove_xy_d=0.001 pan_stove_z_d=0.016 flipped=False in_pan=False still=True on_stove=True
  [ep 0/1, attempt 22] step 801/900  terminated=False  truncated=False
[FlipPan scripted policy] Attempt failed. Retrying (3/3). pan=(0.306, -0.061, 0.050) pan_yaw=+40.1deg handle=(0.169, -0.177, 0.130) gripper_yaw_err=+41.4deg egg_xy_d=0.282 egg_z_d=-0.043 pan_stove_xy_d=0.023 pan_stove_z_d=-0.000 flipped=False in_pan=False still=True on_stove=True
[FlipPan scripted policy] Phase 0 -> 1 (aligned above handle). pan=(0.306, -0.061, 0.050) pan_yaw=+40.1deg handle=(0.169, -0.177, 0.130) gripper_yaw_err=-0.0deg egg_xy_d=0.282 egg_z_d=-0.043 pan_stove_xy_d=0.023 pan_stove_z_d=-0.000 flipped=False in_pan=False still=True on_stove=True
[FlipPan scripted policy] Phase 1 -> 2 (at handle, closing gripper). pan=(0.306, -0.061, 0.050) pan_yaw=+40.1deg handle=(0.169, -0.177, 0.130) gripper_yaw_err=-0.0deg egg_xy_d=0.281 egg_z_d=-0.043 pan_stove_xy_d=0.023 pan_stove_z_d=-0.000 flipped=False in_pan=False still=True on_stove=True
[FlipPan scripted policy] Phase 3 -> 4 (pan lifted and re-aligned). pan=(0.322, -0.010, 0.103) pan_yaw=+0.4deg handle=(0.170, -0.008, 0.227) gripper_yaw_err=+0.3deg egg_xy_d=0.265 egg_z_d=-0.097 pan_stove_xy_d=0.062 pan_stove_z_d=0.053 flipped=False in_pan=False still=True on_stove=False
  [ep 0/1, attempt 22] step 900/900  terminated=False  truncated=True
  [WARNING] Episode 0 attempt 22 truncated without success. Discarding and retrying...
  [Success Rate] overall: 0.0% (0/22) | moving avg (last 22): 0.0%
  [ep 0/1, attempt 23] step 1/900  terminated=False  truncated=False
[FlipPan scripted policy] Phase 0 -> 1 (aligned above handle). pan=(0.285, -0.077, 0.050) pan_yaw=-56.8deg handle=(0.186, 0.074, 0.130) gripper_yaw_err=-0.0deg egg_xy_d=0.032 egg_z_d=0.013 pan_stove_xy_d=0.000 pan_stove_z_d=-0.000 flipped=False in_pan=True still=True on_stove=True
[FlipPan scripted policy] Phase 1 -> 2 (at handle, closing gripper). pan=(0.285, -0.077, 0.050) pan_yaw=-56.8deg handle=(0.186, 0.074, 0.130) gripper_yaw_err=+0.0deg egg_xy_d=0.032 egg_z_d=0.013 pan_stove_xy_d=0.000 pan_stove_z_d=-0.000 flipped=False in_pan=True still=True on_stove=True
[FlipPan scripted policy] Phase 3 -> 4 (pan lifted and re-aligned). pan=(0.318, -0.005, 0.094) pan_yaw=-1.0deg handle=(0.172, 0.001, 0.225) gripper_yaw_err=+0.2deg egg_xy_d=0.023 egg_z_d=0.018 pan_stove_xy_d=0.079 pan_stove_z_d=0.044 flipped=False in_pan=True still=True on_stove=False
  [ep 0/1, attempt 23] step 101/900  terminated=False  truncated=False
[FlipPan scripted policy] Pan placed back on the stove. pan=(0.286, -0.077, 0.065) pan_yaw=+1.6deg handle=(0.104, -0.082, 0.139) gripper_yaw_err=+0.3deg egg_xy_d=0.738 egg_z_d=-0.043 pan_stove_xy_d=0.002 pan_stove_z_d=0.015 flipped=True in_pan=False still=True on_stove=True
  [ep 0/1, attempt 23] step 201/900  terminated=False  truncated=False
[FlipPan scripted policy] Attempt failed. Retrying (1/3). pan=(0.287, -0.075, 0.050) pan_yaw=+2.4deg handle=(0.107, -0.083, 0.130) gripper_yaw_err=-0.2deg egg_xy_d=0.737 egg_z_d=-0.028 pan_stove_xy_d=0.003 pan_stove_z_d=-0.000 flipped=True in_pan=False still=True on_stove=True
[FlipPan scripted policy] Phase 0 -> 1 (aligned above handle). pan=(0.287, -0.075, 0.050) pan_yaw=+2.4deg handle=(0.107, -0.083, 0.130) gripper_yaw_err=-0.0deg egg_xy_d=0.737 egg_z_d=-0.028 pan_stove_xy_d=0.003 pan_stove_z_d=-0.000 flipped=True in_pan=False still=True on_stove=True
  [ep 0/1, attempt 23] step 301/900  terminated=False  truncated=False
[FlipPan scripted policy] Phase 1 -> 2 (at handle, closing gripper). pan=(0.287, -0.075, 0.050) pan_yaw=+2.4deg handle=(0.107, -0.083, 0.130) gripper_yaw_err=-0.0deg egg_xy_d=0.737 egg_z_d=-0.028 pan_stove_xy_d=0.003 pan_stove_z_d=-0.000 flipped=True in_pan=False still=True on_stove=True
[FlipPan scripted policy] Phase 3 -> 4 (pan lifted and re-aligned). pan=(0.323, -0.003, 0.105) pan_yaw=+0.7deg handle=(0.167, -0.004, 0.225) gripper_yaw_err=+0.7deg egg_xy_d=0.677 egg_z_d=-0.083 pan_stove_xy_d=0.083 pan_stove_z_d=0.055 flipped=True in_pan=False still=True on_stove=False
  [ep 0/1, attempt 23] step 401/900  terminated=False  truncated=False
[FlipPan scripted policy] Pan placed back on the stove. pan=(0.312, -0.090, 0.103) pan_yaw=-18.1deg handle=(0.127, -0.023, 0.103) gripper_yaw_err=-4.7deg egg_xy_d=0.758 egg_z_d=-0.081 pan_stove_xy_d=0.030 pan_stove_z_d=0.053 flipped=True in_pan=False still=True on_stove=False
  [ep 0/1, attempt 23] step 501/900  terminated=False  truncated=False
[FlipPan scripted policy] Attempt failed. Retrying (2/3). pan=(0.369, -0.120, 0.050) pan_yaw=-18.4deg handle=(0.198, -0.064, 0.130) gripper_yaw_err=-20.9deg egg_xy_d=0.803 egg_z_d=-0.028 pan_stove_xy_d=0.095 pan_stove_z_d=-0.000 flipped=True in_pan=False still=True on_stove=False
  [ep 0/1, attempt 23] step 601/900  terminated=False  truncated=False
[FlipPan scripted policy] Phase 0 -> 1 (aligned above handle). pan=(0.369, -0.120, 0.050) pan_yaw=-18.4deg handle=(0.198, -0.064, 0.130) gripper_yaw_err=+0.0deg egg_xy_d=0.803 egg_z_d=-0.028 pan_stove_xy_d=0.095 pan_stove_z_d=-0.000 flipped=True in_pan=False still=True on_stove=False
[FlipPan scripted policy] Phase 1 -> 2 (at handle, closing gripper). pan=(0.369, -0.120, 0.050) pan_yaw=-18.4deg handle=(0.198, -0.064, 0.130) gripper_yaw_err=+0.0deg egg_xy_d=0.803 egg_z_d=-0.028 pan_stove_xy_d=0.095 pan_stove_z_d=-0.000 flipped=True in_pan=False still=True on_stove=False
[FlipPan scripted policy] Phase 3 -> 4 (pan lifted and re-aligned). pan=(0.352, 0.003, 0.194) pan_yaw=+10.1deg handle=(0.158, 0.027, 0.220) gripper_yaw_err=+10.1deg egg_xy_d=0.681 egg_z_d=-0.172 pan_stove_xy_d=0.105 pan_stove_z_d=0.144 flipped=True in_pan=False still=True on_stove=False
  [ep 0/1, attempt 23] step 701/900  terminated=False  truncated=False
[FlipPan scripted policy] Pan placed back on the stove. pan=(0.290, -0.084, 0.080) pan_yaw=-8.9deg handle=(0.095, -0.058, 0.089) gripper_yaw_err=-5.1deg egg_xy_d=0.747 egg_z_d=-0.058 pan_stove_xy_d=0.009 pan_stove_z_d=0.030 flipped=True in_pan=False still=True on_stove=False
  [ep 0/1, attempt 23] step 801/900  terminated=False  truncated=False
[FlipPan scripted policy] Attempt failed. Retrying (3/3). pan=(0.277, -0.077, 0.050) pan_yaw=-9.8deg handle=(0.100, -0.046, 0.130) gripper_yaw_err=-9.8deg egg_xy_d=0.736 egg_z_d=-0.028 pan_stove_xy_d=0.007 pan_stove_z_d=-0.000 flipped=True in_pan=False still=True on_stove=True
[FlipPan scripted policy] Phase 0 -> 1 (aligned above handle). pan=(0.277, -0.077, 0.050) pan_yaw=-9.8deg handle=(0.100, -0.046, 0.130) gripper_yaw_err=-0.0deg egg_xy_d=0.736 egg_z_d=-0.028 pan_stove_xy_d=0.007 pan_stove_z_d=-0.000 flipped=True in_pan=False still=True on_stove=True
[FlipPan scripted policy] Phase 1 -> 2 (at handle, closing gripper). pan=(0.277, -0.077, 0.050) pan_yaw=-9.8deg handle=(0.100, -0.046, 0.130) gripper_yaw_err=-0.0deg egg_xy_d=0.736 egg_z_d=-0.028 pan_stove_xy_d=0.007 pan_stove_z_d=-0.000 flipped=True in_pan=False still=True on_stove=True
  [ep 0/1, attempt 23] step 900/900  terminated=False  truncated=True
  [WARNING] Episode 0 attempt 23 truncated without success. Discarding and retrying...
  [Success Rate] overall: 0.0% (0/23) | moving avg (last 23): 0.0%
  [ep 0/1, attempt 24] step 1/900  terminated=False  truncated=False
[FlipPan scripted policy] Phase 0 -> 1 (aligned above handle). pan=(0.257, -0.135, 0.050) pan_yaw=-2.3deg handle=(0.077, -0.128, 0.130) gripper_yaw_err=+0.0deg egg_xy_d=0.035 egg_z_d=0.013 pan_stove_xy_d=0.000 pan_stove_z_d=-0.000 flipped=False in_pan=True still=True on_stove=True
[FlipPan scripted policy] Phase 1 -> 2 (at handle, closing gripper). pan=(0.257, -0.135, 0.050) pan_yaw=-2.3deg handle=(0.077, -0.128, 0.130) gripper_yaw_err=+0.0deg egg_xy_d=0.035 egg_z_d=0.013 pan_stove_xy_d=0.000 pan_stove_z_d=-0.000 flipped=False in_pan=True still=True on_stove=True
[FlipPan scripted policy] Phase 3 -> 4 (pan lifted and re-aligned). pan=(0.315, -0.007, 0.091) pan_yaw=-0.1deg handle=(0.168, -0.005, 0.223) gripper_yaw_err=-0.1deg egg_xy_d=0.028 egg_z_d=0.013 pan_stove_xy_d=0.141 pan_stove_z_d=0.042 flipped=False in_pan=True still=True on_stove=False
  [ep 0/1, attempt 24] step 101/900  terminated=False  truncated=False
[FlipPan scripted policy] Pan placed back on the stove. pan=(0.257, -0.134, 0.065) pan_yaw=-1.0deg handle=(0.075, -0.129, 0.140) gripper_yaw_err=+0.4deg egg_xy_d=0.467 egg_z_d=-0.044 pan_stove_xy_d=0.001 pan_stove_z_d=0.016 flipped=True in_pan=False still=False on_stove=True
  [ep 0/1, attempt 24] step 201/900  terminated=False  truncated=False
[FlipPan scripted policy] Attempt failed. Retrying (1/3). pan=(0.257, -0.133, 0.050) pan_yaw=-2.4deg handle=(0.078, -0.126, 0.130) gripper_yaw_err=-4.2deg egg_xy_d=0.471 egg_z_d=-0.028 pan_stove_xy_d=0.002 pan_stove_z_d=-0.000 flipped=True in_pan=False still=True on_stove=True
[FlipPan scripted policy] Phase 0 -> 1 (aligned above handle). pan=(0.257, -0.133, 0.050) pan_yaw=-2.4deg handle=(0.078, -0.126, 0.130) gripper_yaw_err=+0.0deg egg_xy_d=0.471 egg_z_d=-0.028 pan_stove_xy_d=0.002 pan_stove_z_d=-0.000 flipped=True in_pan=False still=True on_stove=True
  [ep 0/1, attempt 24] step 301/900  terminated=False  truncated=False
[FlipPan scripted policy] Phase 1 -> 2 (at handle, closing gripper). pan=(0.257, -0.133, 0.050) pan_yaw=-2.4deg handle=(0.078, -0.126, 0.130) gripper_yaw_err=+0.0deg egg_xy_d=0.471 egg_z_d=-0.028 pan_stove_xy_d=0.002 pan_stove_z_d=-0.000 flipped=True in_pan=False still=True on_stove=True
[FlipPan scripted policy] Phase 3 -> 4 (pan lifted and re-aligned). pan=(0.318, -0.006, 0.096) pan_yaw=+0.1deg handle=(0.168, -0.005, 0.224) gripper_yaw_err=+0.1deg egg_xy_d=0.607 egg_z_d=-0.075 pan_stove_xy_d=0.142 pan_stove_z_d=0.046 flipped=True in_pan=False still=True on_stove=False
  [ep 0/1, attempt 24] step 401/900  terminated=False  truncated=False
[FlipPan scripted policy] Pan placed back on the stove. pan=(0.266, -0.137, 0.094) pan_yaw=+7.3deg handle=(0.071, -0.165, 0.096) gripper_yaw_err=+15.5deg egg_xy_d=0.474 egg_z_d=-0.073 pan_stove_xy_d=0.009 pan_stove_z_d=0.045 flipped=True in_pan=False still=True on_stove=False
  [ep 0/1, attempt 24] step 501/900  terminated=False  truncated=False
[FlipPan scripted policy] Attempt failed. Retrying (2/3). pan=(0.287, -0.186, 0.050) pan_yaw=-9.2deg handle=(0.109, -0.157, 0.130) gripper_yaw_err=-8.6deg egg_xy_d=0.456 egg_z_d=-0.028 pan_stove_xy_d=0.059 pan_stove_z_d=-0.000 flipped=True in_pan=False still=True on_stove=True
[FlipPan scripted policy] Phase 0 -> 1 (aligned above handle). pan=(0.287, -0.186, 0.050) pan_yaw=-9.2deg handle=(0.109, -0.157, 0.130) gripper_yaw_err=+0.0deg egg_xy_d=0.456 egg_z_d=-0.028 pan_stove_xy_d=0.059 pan_stove_z_d=-0.000 flipped=True in_pan=False still=True on_stove=True
[FlipPan scripted policy] Phase 1 -> 2 (at handle, closing gripper). pan=(0.287, -0.186, 0.050) pan_yaw=-9.2deg handle=(0.109, -0.157, 0.130) gripper_yaw_err=+0.0deg egg_xy_d=0.456 egg_z_d=-0.028 pan_stove_xy_d=0.059 pan_stove_z_d=-0.000 flipped=True in_pan=False still=True on_stove=True
  [ep 0/1, attempt 24] step 601/900  terminated=False  truncated=False
[FlipPan scripted policy] Phase 3 -> 4 (pan lifted and re-aligned). pan=(0.322, -0.009, 0.103) pan_yaw=+0.2deg handle=(0.168, -0.007, 0.226) gripper_yaw_err=+0.1deg egg_xy_d=0.607 egg_z_d=-0.082 pan_stove_xy_d=0.142 pan_stove_z_d=0.053 flipped=True in_pan=False still=True on_stove=False
  [ep 0/1, attempt 24] step 701/900  terminated=False  truncated=False
[FlipPan scripted policy] Pan placed back on the stove. pan=(0.258, -0.134, 0.065) pan_yaw=+4.7deg handle=(0.074, -0.147, 0.132) gripper_yaw_err=+0.6deg egg_xy_d=0.471 egg_z_d=-0.043 pan_stove_xy_d=0.002 pan_stove_z_d=0.015 flipped=True in_pan=False still=True on_stove=True
  [ep 0/1, attempt 24] step 801/900  terminated=False  truncated=False
[FlipPan scripted policy] Attempt failed. Retrying (3/3). pan=(0.260, -0.142, 0.050) pan_yaw=-0.0deg handle=(0.080, -0.142, 0.130) gripper_yaw_err=-1.5deg egg_xy_d=0.467 egg_z_d=-0.028 pan_stove_xy_d=0.008 pan_stove_z_d=-0.000 flipped=True in_pan=False still=True on_stove=True
[FlipPan scripted policy] Phase 0 -> 1 (aligned above handle). pan=(0.260, -0.142, 0.050) pan_yaw=-0.0deg handle=(0.080, -0.142, 0.130) gripper_yaw_err=-0.0deg egg_xy_d=0.467 egg_z_d=-0.028 pan_stove_xy_d=0.008 pan_stove_z_d=-0.000 flipped=True in_pan=False still=True on_stove=True
[FlipPan scripted policy] Phase 1 -> 2 (at handle, closing gripper). pan=(0.260, -0.142, 0.050) pan_yaw=-0.0deg handle=(0.080, -0.142, 0.130) gripper_yaw_err=-0.0deg egg_xy_d=0.467 egg_z_d=-0.028 pan_stove_xy_d=0.008 pan_stove_z_d=-0.000 flipped=True in_pan=False still=True on_stove=True
[FlipPan scripted policy] Phase 3 -> 4 (pan lifted and re-aligned). pan=(0.324, 0.002, 0.108) pan_yaw=+1.2deg handle=(0.167, -0.004, 0.227) gripper_yaw_err=+1.2deg egg_xy_d=0.618 egg_z_d=-0.086 pan_stove_xy_d=0.153 pan_stove_z_d=0.058 flipped=True in_pan=False still=True on_stove=False
  [ep 0/1, attempt 24] step 900/900  terminated=False  truncated=True
  [WARNING] Episode 0 attempt 24 truncated without success. Discarding and retrying...
  [Success Rate] overall: 0.0% (0/24) | moving avg (last 24): 0.0%
  [ep 0/1, attempt 25] step 1/900  terminated=False  truncated=False
[FlipPan scripted policy] Phase 0 -> 1 (aligned above handle). pan=(0.311, 0.034, 0.050) pan_yaw=+28.4deg handle=(0.153, -0.052, 0.130) gripper_yaw_err=+0.0deg egg_xy_d=0.045 egg_z_d=0.013 pan_stove_xy_d=0.000 pan_stove_z_d=-0.000 flipped=False in_pan=True still=True on_stove=True
[FlipPan scripted policy] Phase 1 -> 2 (at handle, closing gripper). pan=(0.311, 0.034, 0.050) pan_yaw=+28.4deg handle=(0.153, -0.052, 0.130) gripper_yaw_err=+0.0deg egg_xy_d=0.045 egg_z_d=0.013 pan_stove_xy_d=0.000 pan_stove_z_d=-0.000 flipped=False in_pan=True still=True on_stove=True
[FlipPan scripted policy] Phase 3 -> 4 (pan lifted and re-aligned). pan=(0.315, -0.003, 0.089) pan_yaw=+0.1deg handle=(0.169, -0.003, 0.221) gripper_yaw_err=+0.0deg egg_xy_d=0.052 egg_z_d=0.001 pan_stove_xy_d=0.037 pan_stove_z_d=0.039 flipped=False in_pan=False still=True on_stove=False
  [ep 0/1, attempt 25] step 101/900  terminated=False  truncated=False
[FlipPan scripted policy] Pan placed back on the stove. pan=(0.312, 0.033, 0.064) pan_yaw=-1.4deg handle=(0.131, 0.039, 0.142) gripper_yaw_err=+0.4deg egg_xy_d=0.200 egg_z_d=-0.040 pan_stove_xy_d=0.001 pan_stove_z_d=0.015 flipped=False in_pan=False still=True on_stove=True
  [ep 0/1, attempt 25] step 201/900  terminated=False  truncated=False
[FlipPan scripted policy] Attempt failed. Retrying (1/3). pan=(0.313, 0.033, 0.050) pan_yaw=-1.5deg handle=(0.133, 0.038, 0.130) gripper_yaw_err=-1.1deg egg_xy_d=0.206 egg_z_d=-0.026 pan_stove_xy_d=0.002 pan_stove_z_d=-0.000 flipped=False in_pan=False still=True on_stove=True
[FlipPan scripted policy] Phase 0 -> 1 (aligned above handle). pan=(0.313, 0.033, 0.050) pan_yaw=-1.5deg handle=(0.133, 0.038, 0.130) gripper_yaw_err=-0.0deg egg_xy_d=0.206 egg_z_d=-0.026 pan_stove_xy_d=0.002 pan_stove_z_d=-0.000 flipped=False in_pan=False still=True on_stove=True
[FlipPan scripted policy] Phase 1 -> 2 (at handle, closing gripper). pan=(0.313, 0.033, 0.050) pan_yaw=-1.5deg handle=(0.133, 0.038, 0.130) gripper_yaw_err=-0.0deg egg_xy_d=0.207 egg_z_d=-0.026 pan_stove_xy_d=0.002 pan_stove_z_d=-0.000 flipped=False in_pan=False still=True on_stove=True
  [ep 0/1, attempt 25] step 301/900  terminated=False  truncated=False
[FlipPan scripted policy] Phase 3 -> 4 (pan lifted and re-aligned). pan=(0.323, 0.003, 0.104) pan_yaw=+0.5deg handle=(0.166, 0.004, 0.224) gripper_yaw_err=+0.5deg egg_xy_d=0.191 egg_z_d=-0.081 pan_stove_xy_d=0.032 pan_stove_z_d=0.054 flipped=False in_pan=False still=True on_stove=False
  [ep 0/1, attempt 25] step 401/900  terminated=False  truncated=False
[FlipPan scripted policy] Pan placed back on the stove. pan=(0.312, 0.034, 0.065) pan_yaw=+2.4deg handle=(0.124, 0.025, 0.124) gripper_yaw_err=+0.2deg egg_xy_d=0.210 egg_z_d=-0.043 pan_stove_xy_d=0.001 pan_stove_z_d=0.015 flipped=False in_pan=False still=True on_stove=True
[FlipPan scripted policy] Attempt failed. Retrying (2/3). pan=(0.314, 0.034, 0.050) pan_yaw=+2.5deg handle=(0.134, 0.026, 0.130) gripper_yaw_err=+2.7deg egg_xy_d=0.215 egg_z_d=-0.028 pan_stove_xy_d=0.003 pan_stove_z_d=-0.000 flipped=False in_pan=False still=True on_stove=True
  [ep 0/1, attempt 25] step 501/900  terminated=False  truncated=False
[FlipPan scripted policy] Phase 0 -> 1 (aligned above handle). pan=(0.314, 0.034, 0.050) pan_yaw=+2.5deg handle=(0.134, 0.026, 0.130) gripper_yaw_err=-0.0deg egg_xy_d=0.216 egg_z_d=-0.028 pan_stove_xy_d=0.003 pan_stove_z_d=-0.000 flipped=False in_pan=False still=True on_stove=True
[FlipPan scripted policy] Phase 1 -> 2 (at handle, closing gripper). pan=(0.314, 0.034, 0.050) pan_yaw=+2.5deg handle=(0.134, 0.026, 0.130) gripper_yaw_err=-0.0deg egg_xy_d=0.216 egg_z_d=-0.028 pan_stove_xy_d=0.003 pan_stove_z_d=-0.000 flipped=False in_pan=False still=True on_stove=True
[FlipPan scripted policy] Phase 3 -> 4 (pan lifted and re-aligned). pan=(0.323, 0.004, 0.105) pan_yaw=+0.5deg handle=(0.167, 0.003, 0.224) gripper_yaw_err=+0.5deg egg_xy_d=0.200 egg_z_d=-0.083 pan_stove_xy_d=0.032 pan_stove_z_d=0.055 flipped=False in_pan=False still=True on_stove=False
  [ep 0/1, attempt 25] step 601/900  terminated=False  truncated=False
[FlipPan scripted policy] Pan placed back on the stove. pan=(0.312, 0.032, 0.065) pan_yaw=-10.5deg handle=(0.125, 0.062, 0.121) gripper_yaw_err=-0.4deg egg_xy_d=0.217 egg_z_d=-0.044 pan_stove_xy_d=0.001 pan_stove_z_d=0.016 flipped=False in_pan=False still=True on_stove=True
  [ep 0/1, attempt 25] step 701/900  terminated=False  truncated=False
[FlipPan scripted policy] Attempt failed. Retrying (3/3). pan=(0.313, 0.033, 0.050) pan_yaw=-10.8deg handle=(0.136, 0.067, 0.130) gripper_yaw_err=-10.9deg egg_xy_d=0.223 egg_z_d=-0.043 pan_stove_xy_d=0.002 pan_stove_z_d=-0.000 flipped=False in_pan=False still=True on_stove=True
[FlipPan scripted policy] Phase 0 -> 1 (aligned above handle). pan=(0.313, 0.033, 0.050) pan_yaw=-10.8deg handle=(0.136, 0.067, 0.130) gripper_yaw_err=+0.0deg egg_xy_d=0.223 egg_z_d=-0.043 pan_stove_xy_d=0.002 pan_stove_z_d=-0.000 flipped=False in_pan=False still=True on_stove=True
[FlipPan scripted policy] Phase 1 -> 2 (at handle, closing gripper). pan=(0.313, 0.033, 0.050) pan_yaw=-10.8deg handle=(0.136, 0.067, 0.130) gripper_yaw_err=+0.0deg egg_xy_d=0.223 egg_z_d=-0.043 pan_stove_xy_d=0.002 pan_stove_z_d=-0.000 flipped=False in_pan=False still=True on_stove=True
  [ep 0/1, attempt 25] step 801/900  terminated=False  truncated=False
[FlipPan scripted policy] Phase 3 -> 4 (pan lifted and re-aligned). pan=(0.324, 0.007, 0.107) pan_yaw=+0.6deg handle=(0.167, 0.006, 0.226) gripper_yaw_err=+0.6deg egg_xy_d=0.210 egg_z_d=-0.100 pan_stove_xy_d=0.030 pan_stove_z_d=0.057 flipped=False in_pan=False still=True on_stove=False
  [ep 0/1, attempt 25] step 900/900  terminated=False  truncated=True
  [WARNING] Episode 0 attempt 25 truncated without success. Discarding and retrying...
  [Success Rate] overall: 0.0% (0/25) | moving avg (last 25): 0.0%
  [ep 0/1, attempt 26] step 1/900  terminated=False  truncated=False
[FlipPan scripted policy] Phase 0 -> 1 (aligned above handle). pan=(0.155, -0.244, 0.050) pan_yaw=-23.1deg handle=(-0.010, -0.174, 0.130) gripper_yaw_err=+0.0deg egg_xy_d=0.019 egg_z_d=0.013 pan_stove_xy_d=0.000 pan_stove_z_d=-0.000 flipped=False in_pan=True still=True on_stove=True
[FlipPan scripted policy] Phase 1 -> 2 (at handle, closing gripper). pan=(0.155, -0.244, 0.050) pan_yaw=-23.1deg handle=(-0.010, -0.174, 0.130) gripper_yaw_err=+0.0deg egg_xy_d=0.019 egg_z_d=0.013 pan_stove_xy_d=0.000 pan_stove_z_d=-0.000 flipped=False in_pan=True still=True on_stove=True
[FlipPan scripted policy] Phase 3 -> 4 (pan lifted and re-aligned). pan=(0.313, -0.006, 0.096) pan_yaw=+0.1deg handle=(0.164, -0.005, 0.226) gripper_yaw_err=+0.1deg egg_xy_d=0.030 egg_z_d=0.011 pan_stove_xy_d=0.286 pan_stove_z_d=0.047 flipped=False in_pan=True still=True on_stove=False
  [ep 0/1, attempt 26] step 101/900  terminated=False  truncated=False
[FlipPan scripted policy] Pan placed back on the stove. pan=(0.156, -0.244, 0.065) pan_yaw=-0.8deg handle=(-0.028, -0.241, 0.134) gripper_yaw_err=+0.3deg egg_xy_d=0.443 egg_z_d=-0.058 pan_stove_xy_d=0.001 pan_stove_z_d=0.015 flipped=False in_pan=False still=True on_stove=True
  [ep 0/1, attempt 26] step 201/900  terminated=False  truncated=False
[FlipPan scripted policy] Attempt failed. Retrying (1/3). pan=(0.157, -0.242, 0.050) pan_yaw=-0.4deg handle=(-0.023, -0.241, 0.130) gripper_yaw_err=-0.8deg egg_xy_d=0.442 egg_z_d=-0.043 pan_stove_xy_d=0.002 pan_stove_z_d=-0.000 flipped=False in_pan=False still=True on_stove=True
  [ep 0/1, attempt 26] step 301/900  terminated=False  truncated=False
[FlipPan scripted policy] Phase 0 -> 1 (aligned above handle). pan=(0.157, -0.242, 0.050) pan_yaw=-0.4deg handle=(-0.023, -0.241, 0.130) gripper_yaw_err=-0.0deg egg_xy_d=0.441 egg_z_d=-0.043 pan_stove_xy_d=0.002 pan_stove_z_d=-0.000 flipped=False in_pan=False still=True on_stove=True
[FlipPan scripted policy] Phase 1 -> 2 (at handle, closing gripper). pan=(0.157, -0.242, 0.050) pan_yaw=-0.4deg handle=(-0.023, -0.241, 0.130) gripper_yaw_err=+0.0deg egg_xy_d=0.442 egg_z_d=-0.043 pan_stove_xy_d=0.002 pan_stove_z_d=-0.000 flipped=False in_pan=False still=True on_stove=True
[FlipPan scripted policy] Phase 3 -> 4 (pan lifted and re-aligned). pan=(0.320, -0.010, 0.104) pan_yaw=-0.1deg handle=(0.167, -0.007, 0.227) gripper_yaw_err=-0.1deg egg_xy_d=0.315 egg_z_d=-0.098 pan_stove_xy_d=0.286 pan_stove_z_d=0.054 flipped=False in_pan=False still=True on_stove=False
  [ep 0/1, attempt 26] step 401/900  terminated=False  truncated=False
[FlipPan scripted policy] Pan placed back on the stove. pan=(0.156, -0.243, 0.065) pan_yaw=+14.1deg handle=(-0.025, -0.277, 0.134) gripper_yaw_err=+0.7deg egg_xy_d=0.442 egg_z_d=-0.059 pan_stove_xy_d=0.002 pan_stove_z_d=0.016 flipped=False in_pan=False still=True on_stove=True
  [ep 0/1, attempt 26] step 501/900  terminated=False  truncated=False
[FlipPan scripted policy] Attempt failed. Retrying (2/3). pan=(0.157, -0.257, 0.050) pan_yaw=+2.7deg handle=(-0.023, -0.265, 0.130) gripper_yaw_err=+2.8deg egg_xy_d=0.456 egg_z_d=-0.043 pan_stove_xy_d=0.012 pan_stove_z_d=-0.000 flipped=False in_pan=False still=True on_stove=True
[FlipPan scripted policy] Phase 0 -> 1 (aligned above handle). pan=(0.157, -0.257, 0.050) pan_yaw=+2.7deg handle=(-0.023, -0.265, 0.130) gripper_yaw_err=+0.0deg egg_xy_d=0.456 egg_z_d=-0.043 pan_stove_xy_d=0.012 pan_stove_z_d=-0.000 flipped=False in_pan=False still=True on_stove=True
  [ep 0/1, attempt 26] step 601/900  terminated=False  truncated=False
[FlipPan scripted policy] Phase 1 -> 2 (at handle, closing gripper). pan=(0.157, -0.257, 0.050) pan_yaw=+2.7deg handle=(-0.023, -0.265, 0.130) gripper_yaw_err=+0.0deg egg_xy_d=0.456 egg_z_d=-0.043 pan_stove_xy_d=0.012 pan_stove_z_d=-0.000 flipped=False in_pan=False still=True on_stove=True
[FlipPan scripted policy] Phase 3 -> 4 (pan lifted and re-aligned). pan=(0.318, -0.009, 0.101) pan_yaw=+0.0deg handle=(0.167, -0.007, 0.227) gripper_yaw_err=+0.0deg egg_xy_d=0.313 egg_z_d=-0.095 pan_stove_xy_d=0.286 pan_stove_z_d=0.052 flipped=False in_pan=False still=True on_stove=False
  [ep 0/1, attempt 26] step 701/900  terminated=False  truncated=False
[FlipPan scripted policy] Pan placed back on the stove. pan=(0.156, -0.243, 0.065) pan_yaw=+15.1deg handle=(-0.023, -0.280, 0.139) gripper_yaw_err=+0.7deg egg_xy_d=0.442 egg_z_d=-0.058 pan_stove_xy_d=0.002 pan_stove_z_d=0.015 flipped=False in_pan=False still=True on_stove=True
  [ep 0/1, attempt 26] step 801/900  terminated=False  truncated=False
[FlipPan scripted policy] Attempt failed. Retrying (3/3). pan=(0.156, -0.288, 0.050) pan_yaw=-13.0deg handle=(-0.019, -0.248, 0.130) gripper_yaw_err=-14.7deg egg_xy_d=0.487 egg_z_d=-0.043 pan_stove_xy_d=0.044 pan_stove_z_d=-0.000 flipped=False in_pan=False still=True on_stove=True
[FlipPan scripted policy] Phase 0 -> 1 (aligned above handle). pan=(0.156, -0.288, 0.050) pan_yaw=-13.0deg handle=(-0.019, -0.248, 0.130) gripper_yaw_err=-0.1deg egg_xy_d=0.486 egg_z_d=-0.043 pan_stove_xy_d=0.044 pan_stove_z_d=-0.000 flipped=False in_pan=False still=True on_stove=True
[FlipPan scripted policy] Phase 1 -> 2 (at handle, closing gripper). pan=(0.156, -0.288, 0.050) pan_yaw=-13.0deg handle=(-0.019, -0.248, 0.130) gripper_yaw_err=-0.1deg egg_xy_d=0.487 egg_z_d=-0.043 pan_stove_xy_d=0.044 pan_stove_z_d=-0.000 flipped=False in_pan=False still=True on_stove=True
  [ep 0/1, attempt 26] step 900/900  terminated=False  truncated=True
  [WARNING] Episode 0 attempt 26 truncated without success. Discarding and retrying...
  [Success Rate] overall: 0.0% (0/26) | moving avg (last 26): 0.0%
  [ep 0/1, attempt 27] step 1/900  terminated=False  truncated=False
[FlipPan scripted policy] Phase 0 -> 1 (aligned above handle). pan=(0.149, -0.349, 0.050) pan_yaw=+24.1deg handle=(-0.015, -0.422, 0.130) gripper_yaw_err=+0.0deg egg_xy_d=0.027 egg_z_d=0.013 pan_stove_xy_d=0.000 pan_stove_z_d=-0.000 flipped=False in_pan=True still=True on_stove=True
[FlipPan scripted policy] Phase 1 -> 2 (at handle, closing gripper). pan=(0.149, -0.349, 0.050) pan_yaw=+24.1deg handle=(-0.015, -0.422, 0.130) gripper_yaw_err=+0.0deg egg_xy_d=0.027 egg_z_d=0.013 pan_stove_xy_d=0.000 pan_stove_z_d=-0.000 flipped=False in_pan=True still=True on_stove=True
[FlipPan scripted policy] Phase 3 -> 4 (pan lifted and re-aligned). pan=(0.313, -0.012, 0.094) pan_yaw=-0.3deg handle=(0.167, -0.008, 0.226) gripper_yaw_err=-0.3deg egg_xy_d=0.016 egg_z_d=0.013 pan_stove_xy_d=0.375 pan_stove_z_d=0.044 flipped=False in_pan=True still=True on_stove=False
  [ep 0/1, attempt 27] step 101/900  terminated=False  truncated=False
  [ep 0/1, attempt 27] step 201/900  terminated=False  truncated=False
[FlipPan scripted policy] Pan placed back on the stove. pan=(0.150, -0.347, 0.065) pan_yaw=-10.1deg handle=(-0.029, -0.318, 0.140) gripper_yaw_err=+0.2deg egg_xy_d=0.279 egg_z_d=-0.043 pan_stove_xy_d=0.002 pan_stove_z_d=0.015 flipped=True in_pan=False still=True on_stove=True
[FlipPan scripted policy] Attempt failed. Retrying (1/3). pan=(0.152, -0.347, 0.050) pan_yaw=-10.2deg handle=(-0.026, -0.315, 0.130) gripper_yaw_err=-9.9deg egg_xy_d=0.281 egg_z_d=-0.028 pan_stove_xy_d=0.003 pan_stove_z_d=-0.000 flipped=True in_pan=False still=True on_stove=True
  [ep 0/1, attempt 27] step 301/900  terminated=False  truncated=False
[FlipPan scripted policy] Phase 0 -> 1 (aligned above handle). pan=(0.152, -0.347, 0.050) pan_yaw=-10.2deg handle=(-0.026, -0.315, 0.130) gripper_yaw_err=-0.0deg egg_xy_d=0.281 egg_z_d=-0.028 pan_stove_xy_d=0.003 pan_stove_z_d=-0.000 flipped=True in_pan=False still=True on_stove=True
[FlipPan scripted policy] Phase 1 -> 2 (at handle, closing gripper). pan=(0.152, -0.347, 0.050) pan_yaw=-10.2deg handle=(-0.026, -0.315, 0.130) gripper_yaw_err=-0.0deg egg_xy_d=0.281 egg_z_d=-0.028 pan_stove_xy_d=0.003 pan_stove_z_d=-0.000 flipped=True in_pan=False still=True on_stove=True
[FlipPan scripted policy] Phase 3 -> 4 (pan lifted and re-aligned). pan=(0.319, -0.004, 0.103) pan_yaw=+0.8deg handle=(0.166, -0.006, 0.228) gripper_yaw_err=+0.8deg egg_xy_d=0.545 egg_z_d=-0.081 pan_stove_xy_d=0.384 pan_stove_z_d=0.053 flipped=True in_pan=False still=True on_stove=False
  [ep 0/1, attempt 27] step 401/900  terminated=False  truncated=False
[FlipPan scripted policy] Pan placed back on the stove. pan=(0.152, -0.350, 0.064) pan_yaw=+3.6deg handle=(-0.017, -0.368, 0.163) gripper_yaw_err=+3.1deg egg_xy_d=0.282 egg_z_d=-0.043 pan_stove_xy_d=0.003 pan_stove_z_d=0.015 flipped=True in_pan=False still=True on_stove=False
  [ep 0/1, attempt 27] step 501/900  terminated=False  truncated=False
[FlipPan scripted policy] Attempt failed. Retrying (2/3). pan=(0.152, -0.351, 0.050) pan_yaw=+3.9deg handle=(-0.027, -0.363, 0.130) gripper_yaw_err=+3.8deg egg_xy_d=0.282 egg_z_d=-0.028 pan_stove_xy_d=0.004 pan_stove_z_d=-0.000 flipped=True in_pan=False still=True on_stove=True
  [ep 0/1, attempt 27] step 601/900  terminated=False  truncated=False
[FlipPan scripted policy] Phase 0 -> 1 (aligned above handle). pan=(0.152, -0.351, 0.050) pan_yaw=+3.9deg handle=(-0.027, -0.363, 0.130) gripper_yaw_err=-0.0deg egg_xy_d=0.282 egg_z_d=-0.028 pan_stove_xy_d=0.004 pan_stove_z_d=-0.000 flipped=True in_pan=False still=True on_stove=True
[FlipPan scripted policy] Phase 1 -> 2 (at handle, closing gripper). pan=(0.152, -0.351, 0.050) pan_yaw=+3.9deg handle=(-0.027, -0.363, 0.130) gripper_yaw_err=-0.0deg egg_xy_d=0.282 egg_z_d=-0.028 pan_stove_xy_d=0.004 pan_stove_z_d=-0.000 flipped=True in_pan=False still=True on_stove=True
[FlipPan scripted policy] Phase 3 -> 4 (pan lifted and re-aligned). pan=(0.322, -0.006, 0.107) pan_yaw=+0.2deg handle=(0.168, -0.006, 0.229) gripper_yaw_err=+0.2deg egg_xy_d=0.547 egg_z_d=-0.085 pan_stove_xy_d=0.384 pan_stove_z_d=0.057 flipped=True in_pan=False still=True on_stove=False
  [ep 0/1, attempt 27] step 701/900  terminated=False  truncated=False
[FlipPan scripted policy] Pan placed back on the stove. pan=(0.151, -0.349, 0.065) pan_yaw=-0.8deg handle=(-0.029, -0.357, 0.143) gripper_yaw_err=+1.3deg egg_xy_d=0.281 egg_z_d=-0.043 pan_stove_xy_d=0.002 pan_stove_z_d=0.015 flipped=True in_pan=False still=True on_stove=True
  [ep 0/1, attempt 27] step 801/900  terminated=False  truncated=False
[FlipPan scripted policy] Attempt failed. Retrying (3/3). pan=(0.153, -0.351, 0.050) pan_yaw=+0.8deg handle=(-0.027, -0.354, 0.130) gripper_yaw_err=+0.3deg egg_xy_d=0.283 egg_z_d=-0.028 pan_stove_xy_d=0.005 pan_stove_z_d=-0.000 flipped=True in_pan=False still=True on_stove=True
[FlipPan scripted policy] Phase 0 -> 1 (aligned above handle). pan=(0.153, -0.351, 0.050) pan_yaw=+0.8deg handle=(-0.027, -0.354, 0.130) gripper_yaw_err=-0.0deg egg_xy_d=0.283 egg_z_d=-0.028 pan_stove_xy_d=0.005 pan_stove_z_d=-0.000 flipped=True in_pan=False still=True on_stove=True
  [ep 0/1, attempt 27] step 900/900  terminated=False  truncated=True
  [WARNING] Episode 0 attempt 27 truncated without success. Discarding and retrying...
  [Success Rate] overall: 0.0% (0/27) | moving avg (last 27): 0.0%
  [ep 0/1, attempt 28] step 1/900  terminated=False  truncated=False
[FlipPan scripted policy] Phase 0 -> 1 (aligned above handle). pan=(0.299, 0.163, 0.050) pan_yaw=-38.1deg handle=(0.158, 0.274, 0.130) gripper_yaw_err=-0.0deg egg_xy_d=0.020 egg_z_d=0.013 pan_stove_xy_d=0.000 pan_stove_z_d=-0.000 flipped=False in_pan=True still=True on_stove=True
[FlipPan scripted policy] Phase 1 -> 2 (at handle, closing gripper). pan=(0.299, 0.163, 0.050) pan_yaw=-38.1deg handle=(0.158, 0.274, 0.130) gripper_yaw_err=-0.0deg egg_xy_d=0.020 egg_z_d=0.013 pan_stove_xy_d=0.000 pan_stove_z_d=-0.000 flipped=False in_pan=True still=True on_stove=True
[FlipPan scripted policy] Phase 3 -> 4 (pan lifted and re-aligned). pan=(0.317, 0.006, 0.091) pan_yaw=-0.3deg handle=(0.172, 0.009, 0.224) gripper_yaw_err=-0.2deg egg_xy_d=0.030 egg_z_d=0.005 pan_stove_xy_d=0.158 pan_stove_z_d=0.042 flipped=False in_pan=False still=True on_stove=False
  [ep 0/1, attempt 28] step 101/900  terminated=False  truncated=False
  [ep 0/1, attempt 28] step 201/900  terminated=False  truncated=False
[FlipPan scripted policy] Pan placed back on the stove. pan=(0.337, 0.167, 0.105) pan_yaw=+3.0deg handle=(0.140, 0.157, 0.097) gripper_yaw_err=-4.9deg egg_xy_d=0.084 egg_z_d=-0.055 pan_stove_xy_d=0.037 pan_stove_z_d=0.055 flipped=False in_pan=False still=True on_stove=False
  [ep 0/1, attempt 28] step 301/900  terminated=False  truncated=False
[FlipPan scripted policy] Attempt failed. Retrying (1/3). pan=(0.361, 0.154, 0.058) pan_yaw=+2.8deg handle=(0.197, 0.140, 0.167) gripper_yaw_err=+3.2deg egg_xy_d=0.101 egg_z_d=-0.003 pan_stove_xy_d=0.062 pan_stove_z_d=0.009 flipped=False in_pan=False still=True on_stove=False
[FlipPan scripted policy] Phase 0 -> 1 (aligned above handle). pan=(0.362, 0.154, 0.058) pan_yaw=+2.6deg handle=(0.197, 0.140, 0.165) gripper_yaw_err=-0.3deg egg_xy_d=0.108 egg_z_d=-0.003 pan_stove_xy_d=0.063 pan_stove_z_d=0.008 flipped=False in_pan=False still=True on_stove=False
[FlipPan scripted policy] Phase 1 -> 2 (at handle, closing gripper). pan=(0.362, 0.154, 0.058) pan_yaw=+2.5deg handle=(0.197, 0.141, 0.164) gripper_yaw_err=-0.3deg egg_xy_d=0.108 egg_z_d=-0.003 pan_stove_xy_d=0.063 pan_stove_z_d=0.008 flipped=False in_pan=False still=True on_stove=False
[FlipPan scripted policy] Phase 3 -> 4 (pan lifted and re-aligned). pan=(0.322, 0.017, 0.115) pan_yaw=+1.3deg handle=(0.164, 0.011, 0.232) gripper_yaw_err=+1.3deg egg_xy_d=0.173 egg_z_d=-0.059 pan_stove_xy_d=0.147 pan_stove_z_d=0.065 flipped=False in_pan=False still=True on_stove=False
  [ep 0/1, attempt 28] step 401/900  terminated=False  truncated=False
  [ep 0/1, attempt 28] step 501/900  terminated=False  truncated=False
[FlipPan scripted policy] Pan placed back on the stove. pan=(0.312, 0.180, 0.089) pan_yaw=-21.6deg handle=(0.132, 0.259, 0.095) gripper_yaw_err=+5.0deg egg_xy_d=0.034 egg_z_d=-0.033 pan_stove_xy_d=0.021 pan_stove_z_d=0.040 flipped=False in_pan=False still=True on_stove=False
  [ep 0/1, attempt 28] step 601/900  terminated=False  truncated=False
[FlipPan scripted policy] Attempt failed. Retrying (2/3). pan=(0.310, 0.200, 0.065) pan_yaw=-22.3deg handle=(0.144, 0.284, 0.128) gripper_yaw_err=-21.4deg egg_xy_d=0.063 egg_z_d=-0.009 pan_stove_xy_d=0.038 pan_stove_z_d=0.015 flipped=False in_pan=False still=True on_stove=True
[FlipPan scripted policy] Phase 0 -> 1 (aligned above handle). pan=(0.310, 0.201, 0.064) pan_yaw=-22.6deg handle=(0.144, 0.285, 0.128) gripper_yaw_err=-0.0deg egg_xy_d=0.068 egg_z_d=-0.009 pan_stove_xy_d=0.039 pan_stove_z_d=0.014 flipped=False in_pan=False still=True on_stove=True
[FlipPan scripted policy] Phase 1 -> 2 (at handle, closing gripper). pan=(0.309, 0.201, 0.064) pan_yaw=-22.7deg handle=(0.144, 0.286, 0.128) gripper_yaw_err=-0.0deg egg_xy_d=0.071 egg_z_d=-0.008 pan_stove_xy_d=0.039 pan_stove_z_d=0.014 flipped=False in_pan=False still=True on_stove=True
[FlipPan scripted policy] Phase 3 -> 4 (pan lifted and re-aligned). pan=(0.329, 0.006, 0.107) pan_yaw=-0.2deg handle=(0.173, 0.009, 0.228) gripper_yaw_err=-0.2deg egg_xy_d=0.110 egg_z_d=-0.051 pan_stove_xy_d=0.160 pan_stove_z_d=0.058 flipped=False in_pan=False still=True on_stove=False
  [ep 0/1, attempt 28] step 701/900  terminated=False  truncated=False
  [ep 0/1, attempt 28] step 801/900  terminated=False  truncated=False
[FlipPan scripted policy] Pan placed back on the stove. pan=(0.298, 0.189, 0.090) pan_yaw=+16.7deg handle=(0.107, 0.143, 0.094) gripper_yaw_err=+7.6deg egg_xy_d=0.071 egg_z_d=-0.034 pan_stove_xy_d=0.026 pan_stove_z_d=0.040 flipped=False in_pan=False still=True on_stove=False
  [ep 0/1, attempt 28] step 900/900  terminated=False  truncated=True
  [WARNING] Episode 0 attempt 28 truncated without success. Discarding and retrying...
  [Success Rate] overall: 0.0% (0/28) | moving avg (last 28): 0.0%
  [ep 0/1, attempt 29] step 1/900  terminated=False  truncated=False
[FlipPan scripted policy] Phase 0 -> 1 (aligned above handle). pan=(0.099, -0.314, 0.050) pan_yaw=-36.1deg handle=(-0.047, -0.208, 0.130) gripper_yaw_err=+0.0deg egg_xy_d=0.024 egg_z_d=0.013 pan_stove_xy_d=0.000 pan_stove_z_d=-0.000 flipped=False in_pan=True still=True on_stove=True
[FlipPan scripted policy] Phase 1 -> 2 (at handle, closing gripper). pan=(0.099, -0.314, 0.050) pan_yaw=-36.1deg handle=(-0.047, -0.208, 0.130) gripper_yaw_err=+0.0deg egg_xy_d=0.024 egg_z_d=0.013 pan_stove_xy_d=0.000 pan_stove_z_d=-0.000 flipped=False in_pan=True still=True on_stove=True
[FlipPan scripted policy] Phase 3 -> 4 (pan lifted and re-aligned). pan=(0.315, -0.006, 0.101) pan_yaw=+0.4deg handle=(0.163, -0.006, 0.227) gripper_yaw_err=+0.4deg egg_xy_d=0.043 egg_z_d=0.011 pan_stove_xy_d=0.376 pan_stove_z_d=0.051 flipped=False in_pan=True still=True on_stove=False
  [ep 0/1, attempt 29] step 101/900  terminated=False  truncated=False
[FlipPan scripted policy] Pan placed back on the stove. pan=(0.100, -0.313, 0.065) pan_yaw=-0.9deg handle=(-0.085, -0.310, 0.132) gripper_yaw_err=+0.3deg egg_xy_d=3.708 egg_z_d=-0.916 pan_stove_xy_d=0.001 pan_stove_z_d=0.016 flipped=False in_pan=False still=False on_stove=True
  [ep 0/1, attempt 29] step 201/900  terminated=False  truncated=False
[FlipPan scripted policy] Attempt failed. Retrying (1/3). pan=(0.101, -0.313, 0.050) pan_yaw=-1.1deg handle=(-0.079, -0.309, 0.130) gripper_yaw_err=-2.1deg egg_xy_d=3.422 egg_z_d=-0.948 pan_stove_xy_d=0.002 pan_stove_z_d=-0.000 flipped=True in_pan=False still=True on_stove=True
  [ep 0/1, attempt 29] step 301/900  terminated=False  truncated=False
[FlipPan scripted policy] Phase 0 -> 1 (aligned above handle). pan=(0.101, -0.313, 0.050) pan_yaw=-1.1deg handle=(-0.079, -0.309, 0.130) gripper_yaw_err=-0.0deg egg_xy_d=3.422 egg_z_d=-0.948 pan_stove_xy_d=0.002 pan_stove_z_d=-0.000 flipped=True in_pan=False still=True on_stove=True
[FlipPan scripted policy] Phase 1 -> 2 (at handle, closing gripper). pan=(0.101, -0.313, 0.050) pan_yaw=-1.1deg handle=(-0.079, -0.309, 0.130) gripper_yaw_err=+0.0deg egg_xy_d=3.421 egg_z_d=-0.948 pan_stove_xy_d=0.002 pan_stove_z_d=-0.000 flipped=True in_pan=False still=True on_stove=True
[FlipPan scripted policy] Phase 3 -> 4 (pan lifted and re-aligned). pan=(0.317, -0.009, 0.099) pan_yaw=-0.0deg handle=(0.167, -0.007, 0.226) gripper_yaw_err=-0.0deg egg_xy_d=3.539 egg_z_d=-0.997 pan_stove_xy_d=0.375 pan_stove_z_d=0.049 flipped=True in_pan=False still=True on_stove=False
  [ep 0/1, attempt 29] step 401/900  terminated=False  truncated=False
[FlipPan scripted policy] Pan placed back on the stove. pan=(0.101, -0.308, 0.064) pan_yaw=+7.9deg handle=(-0.086, -0.329, 0.123) gripper_yaw_err=+0.8deg egg_xy_d=3.420 egg_z_d=-0.962 pan_stove_xy_d=0.006 pan_stove_z_d=0.014 flipped=True in_pan=False still=True on_stove=True
  [ep 0/1, attempt 29] step 501/900  terminated=False  truncated=False
  [ep 0/1, attempt 29] step 601/900  terminated=False  truncated=False
[FlipPan scripted policy] Attempt failed. Retrying (2/3). pan=(0.090, -0.209, 0.051) pan_yaw=+0.4deg handle=(-0.094, -0.191, 0.116) gripper_yaw_err=-9.1deg egg_xy_d=3.378 egg_z_d=-0.949 pan_stove_xy_d=0.105 pan_stove_z_d=0.001 flipped=True in_pan=False still=True on_stove=False
[FlipPan scripted policy] Phase 0 -> 1 (aligned above handle). pan=(0.090, -0.208, 0.051) pan_yaw=-0.1deg handle=(-0.095, -0.188, 0.115) gripper_yaw_err=-0.0deg egg_xy_d=3.377 egg_z_d=-0.949 pan_stove_xy_d=0.106 pan_stove_z_d=0.001 flipped=True in_pan=False still=True on_stove=False
[FlipPan scripted policy] Phase 1 -> 2 (at handle, closing gripper). pan=(0.089, -0.207, 0.051) pan_yaw=-0.1deg handle=(-0.097, -0.186, 0.112) gripper_yaw_err=+0.0deg egg_xy_d=3.376 egg_z_d=-0.949 pan_stove_xy_d=0.107 pan_stove_z_d=0.001 flipped=True in_pan=False still=True on_stove=False
[FlipPan scripted policy] Phase 3 -> 4 (pan lifted and re-aligned). pan=(0.341, -0.006, 0.177) pan_yaw=+10.0deg handle=(0.151, 0.029, 0.217) gripper_yaw_err=+10.0deg egg_xy_d=3.562 egg_z_d=-1.075 pan_stove_xy_d=0.392 pan_stove_z_d=0.127 flipped=True in_pan=False still=True on_stove=False
  [ep 0/1, attempt 29] step 701/900  terminated=False  truncated=False
  [ep 0/1, attempt 29] step 801/900  terminated=False  truncated=False
[FlipPan scripted policy] Pan placed back on the stove. pan=(0.085, -0.187, 0.101) pan_yaw=+51.0deg handle=(-0.017, -0.334, 0.018) gripper_yaw_err=+55.3deg egg_xy_d=3.366 egg_z_d=-0.999 pan_stove_xy_d=0.127 pan_stove_z_d=0.051 flipped=True in_pan=False still=True on_stove=False
  [ep 0/1, attempt 29] step 900/900  terminated=False  truncated=True
  [WARNING] Episode 0 attempt 29 truncated without success. Discarding and retrying...
  [Success Rate] overall: 0.0% (0/29) | moving avg (last 29): 0.0%
  [ep 0/1, attempt 30] step 1/900  terminated=False  truncated=False
[FlipPan scripted policy] Phase 0 -> 1 (aligned above handle). pan=(0.166, 0.341, 0.050) pan_yaw=+41.4deg handle=(0.031, 0.222, 0.130) gripper_yaw_err=-0.0deg egg_xy_d=0.041 egg_z_d=0.013 pan_stove_xy_d=0.000 pan_stove_z_d=-0.000 flipped=False in_pan=True still=True on_stove=True
[FlipPan scripted policy] Phase 1 -> 2 (at handle, closing gripper). pan=(0.166, 0.341, 0.050) pan_yaw=+41.4deg handle=(0.031, 0.222, 0.130) gripper_yaw_err=-0.0deg egg_xy_d=0.041 egg_z_d=0.013 pan_stove_xy_d=0.000 pan_stove_z_d=-0.000 flipped=False in_pan=True still=True on_stove=True
[FlipPan scripted policy] Phase 3 -> 4 (pan lifted and re-aligned). pan=(0.315, 0.006, 0.094) pan_yaw=-0.1deg handle=(0.167, 0.008, 0.225) gripper_yaw_err=-0.1deg egg_xy_d=0.030 egg_z_d=0.021 pan_stove_xy_d=0.367 pan_stove_z_d=0.045 flipped=False in_pan=True still=True on_stove=False
  [ep 0/1, attempt 30] step 101/900  terminated=False  truncated=False
[FlipPan scripted policy] Pan placed back on the stove. pan=(0.166, 0.339, 0.065) pan_yaw=+1.5deg handle=(-0.016, 0.337, 0.141) gripper_yaw_err=+0.5deg egg_xy_d=0.152 egg_z_d=0.051 pan_stove_xy_d=0.002 pan_stove_z_d=0.015 flipped=False in_pan=False still=True on_stove=True
  [ep 0/1, attempt 30] step 201/900  terminated=False  truncated=False
[FlipPan scripted policy] Attempt failed. Retrying (1/3). pan=(0.167, 0.340, 0.050) pan_yaw=+1.6deg handle=(-0.013, 0.335, 0.130) gripper_yaw_err=+0.8deg egg_xy_d=0.157 egg_z_d=0.054 pan_stove_xy_d=0.002 pan_stove_z_d=-0.000 flipped=False in_pan=False still=True on_stove=True
  [ep 0/1, attempt 30] step 301/900  terminated=False  truncated=False
[FlipPan scripted policy] Phase 0 -> 1 (aligned above handle). pan=(0.170, 0.336, 0.051) pan_yaw=-2.3deg handle=(-0.011, 0.343, 0.128) gripper_yaw_err=-1.1deg egg_xy_d=0.153 egg_z_d=0.053 pan_stove_xy_d=0.007 pan_stove_z_d=0.001 flipped=False in_pan=False still=True on_stove=True
[FlipPan scripted policy] Phase 1 -> 2 (at handle, closing gripper). pan=(0.174, 0.322, 0.050) pan_yaw=-11.6deg handle=(-0.003, 0.358, 0.129) gripper_yaw_err=-0.2deg egg_xy_d=0.152 egg_z_d=0.033 pan_stove_xy_d=0.020 pan_stove_z_d=0.000 flipped=False in_pan=False still=True on_stove=True
[FlipPan scripted policy] Phase 3 -> 4 (pan lifted and re-aligned). pan=(0.320, 0.009, 0.101) pan_yaw=+0.1deg handle=(0.168, 0.009, 0.227) gripper_yaw_err=+0.1deg egg_xy_d=0.217 egg_z_d=-0.078 pan_stove_xy_d=0.366 pan_stove_z_d=0.052 flipped=False in_pan=False still=True on_stove=False
  [ep 0/1, attempt 30] step 401/900  terminated=False  truncated=False
  [ep 0/1, attempt 30] step 501/900  terminated=False  truncated=False
[FlipPan scripted policy] Pan placed back on the stove. pan=(0.170, 0.354, 0.089) pan_yaw=+5.3deg handle=(-0.027, 0.342, 0.093) gripper_yaw_err=+5.2deg egg_xy_d=0.234 egg_z_d=-0.067 pan_stove_xy_d=0.014 pan_stove_z_d=0.039 flipped=False in_pan=False still=True on_stove=False
  [ep 0/1, attempt 30] step 601/900  terminated=False  truncated=False
[FlipPan scripted policy] Attempt failed. Retrying (2/3). pan=(0.167, 0.357, 0.050) pan_yaw=+4.1deg handle=(-0.013, 0.344, 0.130) gripper_yaw_err=+5.0deg egg_xy_d=0.241 egg_z_d=-0.028 pan_stove_xy_d=0.016 pan_stove_z_d=-0.000 flipped=False in_pan=False still=True on_stove=True
[FlipPan scripted policy] Phase 0 -> 1 (aligned above handle). pan=(0.167, 0.357, 0.050) pan_yaw=+4.1deg handle=(-0.013, 0.344, 0.130) gripper_yaw_err=+0.0deg egg_xy_d=0.242 egg_z_d=-0.028 pan_stove_xy_d=0.016 pan_stove_z_d=-0.000 flipped=False in_pan=False still=True on_stove=True
[FlipPan scripted policy] Phase 1 -> 2 (at handle, closing gripper). pan=(0.167, 0.357, 0.050) pan_yaw=+4.1deg handle=(-0.013, 0.344, 0.130) gripper_yaw_err=+0.0deg egg_xy_d=0.242 egg_z_d=-0.028 pan_stove_xy_d=0.016 pan_stove_z_d=-0.000 flipped=False in_pan=False still=True on_stove=True
[FlipPan scripted policy] Phase 3 -> 4 (pan lifted and re-aligned). pan=(0.320, 0.006, 0.103) pan_yaw=-0.1deg handle=(0.168, 0.008, 0.228) gripper_yaw_err=-0.1deg egg_xy_d=0.216 egg_z_d=-0.082 pan_stove_xy_d=0.368 pan_stove_z_d=0.054 flipped=False in_pan=False still=True on_stove=False
  [ep 0/1, attempt 30] step 701/900  terminated=False  truncated=False
  [ep 0/1, attempt 30] step 801/900  terminated=False  truncated=False
[FlipPan scripted policy] Pan placed back on the stove. pan=(0.167, 0.339, 0.065) pan_yaw=-8.6deg handle=(-0.005, 0.375, 0.153) gripper_yaw_err=+0.1deg egg_xy_d=0.230 egg_z_d=-0.059 pan_stove_xy_d=0.003 pan_stove_z_d=0.015 flipped=False in_pan=False still=True on_stove=True
  [ep 0/1, attempt 30] step 900/900  terminated=False  truncated=True
  [WARNING] Episode 0 attempt 30 truncated without success. Discarding and retrying...
  [Success Rate] overall: 0.0% (0/30) | moving avg (last 30): 0.0%
  [ep 0/1, attempt 31] step 1/900  terminated=False  truncated=False
[FlipPan scripted policy] Phase 0 -> 1 (aligned above handle). pan=(0.250, 0.248, 0.050) pan_yaw=-8.6deg handle=(0.072, 0.275, 0.130) gripper_yaw_err=-0.0deg egg_xy_d=0.018 egg_z_d=0.013 pan_stove_xy_d=0.000 pan_stove_z_d=-0.000 flipped=False in_pan=True still=True on_stove=True
[FlipPan scripted policy] Phase 1 -> 2 (at handle, closing gripper). pan=(0.250, 0.248, 0.050) pan_yaw=-8.6deg handle=(0.072, 0.275, 0.130) gripper_yaw_err=-0.0deg egg_xy_d=0.018 egg_z_d=0.013 pan_stove_xy_d=0.000 pan_stove_z_d=-0.000 flipped=False in_pan=True still=True on_stove=True
[FlipPan scripted policy] Phase 3 -> 4 (pan lifted and re-aligned). pan=(0.314, 0.007, 0.089) pan_yaw=-0.1deg handle=(0.169, 0.009, 0.223) gripper_yaw_err=-0.1deg egg_xy_d=0.018 egg_z_d=0.015 pan_stove_xy_d=0.249 pan_stove_z_d=0.040 flipped=False in_pan=True still=True on_stove=False
  [ep 0/1, attempt 31] step 101/900  terminated=False  truncated=False
[FlipPan scripted policy] Pan placed back on the stove. pan=(0.250, 0.247, 0.065) pan_yaw=+4.6deg handle=(0.069, 0.231, 0.140) gripper_yaw_err=+0.2deg egg_xy_d=0.151 egg_z_d=-0.024 pan_stove_xy_d=0.001 pan_stove_z_d=0.016 flipped=True in_pan=False still=True on_stove=True
  [ep 0/1, attempt 31] step 201/900  terminated=False  truncated=False
[FlipPan scripted policy] Attempt failed. Retrying (1/3). pan=(0.254, 0.247, 0.052) pan_yaw=+4.5deg handle=(0.077, 0.233, 0.137) gripper_yaw_err=+4.8deg egg_xy_d=0.157 egg_z_d=0.001 pan_stove_xy_d=0.004 pan_stove_z_d=0.003 flipped=True in_pan=False still=True on_stove=True
[FlipPan scripted policy] Phase 0 -> 1 (aligned above handle). pan=(0.254, 0.247, 0.052) pan_yaw=+4.5deg handle=(0.077, 0.233, 0.137) gripper_yaw_err=+0.0deg egg_xy_d=0.157 egg_z_d=0.001 pan_stove_xy_d=0.004 pan_stove_z_d=0.003 flipped=True in_pan=False still=True on_stove=True
  [ep 0/1, attempt 31] step 301/900  terminated=False  truncated=False
[FlipPan scripted policy] Phase 1 -> 2 (at handle, closing gripper). pan=(0.254, 0.247, 0.052) pan_yaw=+4.5deg handle=(0.077, 0.233, 0.137) gripper_yaw_err=+0.0deg egg_xy_d=0.158 egg_z_d=0.001 pan_stove_xy_d=0.004 pan_stove_z_d=0.003 flipped=True in_pan=False still=True on_stove=True
[FlipPan scripted policy] Phase 3 -> 4 (pan lifted and re-aligned). pan=(0.323, 0.011, 0.109) pan_yaw=+0.7deg handle=(0.167, 0.010, 0.229) gripper_yaw_err=+0.7deg egg_xy_d=0.320 egg_z_d=-0.077 pan_stove_xy_d=0.248 pan_stove_z_d=0.059 flipped=True in_pan=False still=True on_stove=False
  [ep 0/1, attempt 31] step 401/900  terminated=False  truncated=False
[FlipPan scripted policy] Pan placed back on the stove. pan=(0.232, 0.270, 0.082) pan_yaw=+34.4deg handle=(0.065, 0.165, 0.090) gripper_yaw_err=+11.7deg egg_xy_d=0.153 egg_z_d=-0.036 pan_stove_xy_d=0.029 pan_stove_z_d=0.033 flipped=False in_pan=False still=False on_stove=False
  [ep 0/1, attempt 31] step 501/900  terminated=False  truncated=False
[FlipPan scripted policy] Attempt failed. Retrying (2/3). pan=(0.331, 0.200, 0.049) pan_yaw=+53.6deg handle=(0.225, 0.055, 0.129) gripper_yaw_err=+54.2deg egg_xy_d=0.290 egg_z_d=-0.028 pan_stove_xy_d=0.094 pan_stove_z_d=-0.000 flipped=True in_pan=False still=True on_stove=False
[FlipPan scripted policy] Phase 0 -> 1 (aligned above handle). pan=(0.331, 0.200, 0.049) pan_yaw=+53.6deg handle=(0.224, 0.055, 0.129) gripper_yaw_err=+0.0deg egg_xy_d=0.290 egg_z_d=-0.028 pan_stove_xy_d=0.094 pan_stove_z_d=-0.000 flipped=True in_pan=False still=True on_stove=False
  [ep 0/1, attempt 31] step 601/900  terminated=False  truncated=False
[FlipPan scripted policy] Phase 1 -> 2 (at handle, closing gripper). pan=(0.331, 0.200, 0.049) pan_yaw=+53.6deg handle=(0.225, 0.055, 0.129) gripper_yaw_err=+0.0deg egg_xy_d=0.290 egg_z_d=-0.028 pan_stove_xy_d=0.094 pan_stove_z_d=-0.000 flipped=True in_pan=False still=True on_stove=False
[FlipPan scripted policy] Phase 3 -> 4 (pan lifted and re-aligned). pan=(0.330, 0.011, 0.112) pan_yaw=+2.3deg handle=(0.172, 0.004, 0.230) gripper_yaw_err=+0.7deg egg_xy_d=0.364 egg_z_d=-0.091 pan_stove_xy_d=0.250 pan_stove_z_d=0.063 flipped=True in_pan=False still=True on_stove=False
  [ep 0/1, attempt 31] step 701/900  terminated=False  truncated=False
[FlipPan scripted policy] Pan placed back on the stove. pan=(0.253, 0.268, 0.088) pan_yaw=+6.2deg handle=(0.057, 0.255, 0.091) gripper_yaw_err=+10.6deg egg_xy_d=0.191 egg_z_d=-0.086 pan_stove_xy_d=0.021 pan_stove_z_d=0.039 flipped=True in_pan=False still=True on_stove=False
  [ep 0/1, attempt 31] step 801/900  terminated=False  truncated=False
[FlipPan scripted policy] Attempt failed. Retrying (3/3). pan=(0.245, 0.273, 0.050) pan_yaw=+4.6deg handle=(0.066, 0.258, 0.129) gripper_yaw_err=+5.1deg egg_xy_d=0.241 egg_z_d=-0.028 pan_stove_xy_d=0.025 pan_stove_z_d=-0.000 flipped=True in_pan=False still=True on_stove=True
  [ep 0/1, attempt 31] step 900/900  terminated=False  truncated=True
  [WARNING] Episode 0 attempt 31 truncated without success. Discarding and retrying...
  [Success Rate] overall: 0.0% (0/31) | moving avg (last 31): 0.0%
  [ep 0/1, attempt 32] step 1/900  terminated=False  truncated=False
[FlipPan scripted policy] Phase 0 -> 1 (aligned above handle). pan=(0.189, 0.339, 0.050) pan_yaw=-38.4deg handle=(0.048, 0.451, 0.130) gripper_yaw_err=-0.0deg egg_xy_d=0.037 egg_z_d=0.013 pan_stove_xy_d=0.000 pan_stove_z_d=-0.000 flipped=False in_pan=True still=True on_stove=True
[FlipPan scripted policy] Phase 1 -> 2 (at handle, closing gripper). pan=(0.189, 0.339, 0.050) pan_yaw=-38.4deg handle=(0.048, 0.451, 0.130) gripper_yaw_err=-0.0deg egg_xy_d=0.037 egg_z_d=0.013 pan_stove_xy_d=0.000 pan_stove_z_d=-0.000 flipped=False in_pan=True still=True on_stove=True
[FlipPan scripted policy] Phase 3 -> 4 (pan lifted and re-aligned). pan=(0.310, 0.011, 0.090) pan_yaw=+0.5deg handle=(0.167, 0.010, 0.226) gripper_yaw_err=+0.5deg egg_xy_d=0.051 egg_z_d=0.007 pan_stove_xy_d=0.349 pan_stove_z_d=0.041 flipped=False in_pan=False still=True on_stove=False
  [ep 0/1, attempt 32] step 101/900  terminated=False  truncated=False
[FlipPan scripted policy] Pan placed back on the stove. pan=(0.190, 0.337, 0.065) pan_yaw=+9.3deg handle=(0.011, 0.309, 0.143) gripper_yaw_err=+0.4deg egg_xy_d=0.765 egg_z_d=-0.044 pan_stove_xy_d=0.002 pan_stove_z_d=0.016 flipped=True in_pan=False still=True on_stove=True
  [ep 0/1, attempt 32] step 201/900  terminated=False  truncated=False
[FlipPan scripted policy] Attempt failed. Retrying (1/3). pan=(0.191, 0.338, 0.050) pan_yaw=+9.2deg handle=(0.013, 0.309, 0.130) gripper_yaw_err=+9.1deg egg_xy_d=0.765 egg_z_d=-0.028 pan_stove_xy_d=0.003 pan_stove_z_d=-0.000 flipped=True in_pan=False still=True on_stove=True
  [ep 0/1, attempt 32] step 301/900  terminated=False  truncated=False
[FlipPan scripted policy] Phase 0 -> 1 (aligned above handle). pan=(0.191, 0.338, 0.050) pan_yaw=+9.3deg handle=(0.013, 0.309, 0.130) gripper_yaw_err=+0.0deg egg_xy_d=0.765 egg_z_d=-0.028 pan_stove_xy_d=0.003 pan_stove_z_d=-0.000 flipped=True in_pan=False still=True on_stove=True
[FlipPan scripted policy] Phase 1 -> 2 (at handle, closing gripper). pan=(0.191, 0.338, 0.050) pan_yaw=+9.3deg handle=(0.013, 0.309, 0.130) gripper_yaw_err=+0.0deg egg_xy_d=0.765 egg_z_d=-0.028 pan_stove_xy_d=0.003 pan_stove_z_d=-0.000 flipped=True in_pan=False still=True on_stove=True
[FlipPan scripted policy] Phase 3 -> 4 (pan lifted and re-aligned). pan=(0.319, 0.004, 0.102) pan_yaw=+0.1deg handle=(0.167, 0.007, 0.228) gripper_yaw_err=+0.1deg egg_xy_d=0.429 egg_z_d=-0.081 pan_stove_xy_d=0.360 pan_stove_z_d=0.053 flipped=True in_pan=False still=True on_stove=False
  [ep 0/1, attempt 32] step 401/900  terminated=False  truncated=False
[FlipPan scripted policy] Pan placed back on the stove. pan=(0.189, 0.333, 0.063) pan_yaw=-4.3deg handle=(0.002, 0.341, 0.125) gripper_yaw_err=-0.2deg egg_xy_d=0.761 egg_z_d=-0.041 pan_stove_xy_d=0.006 pan_stove_z_d=0.013 flipped=True in_pan=False still=True on_stove=False
  [ep 0/1, attempt 32] step 501/900  terminated=False  truncated=False
[FlipPan scripted policy] Attempt failed. Retrying (2/3). pan=(0.192, 0.329, 0.050) pan_yaw=-8.6deg handle=(0.014, 0.356, 0.130) gripper_yaw_err=-8.3deg egg_xy_d=0.756 egg_z_d=-0.028 pan_stove_xy_d=0.010 pan_stove_z_d=-0.000 flipped=True in_pan=False still=True on_stove=True
[FlipPan scripted policy] Phase 0 -> 1 (aligned above handle). pan=(0.192, 0.329, 0.050) pan_yaw=-8.6deg handle=(0.014, 0.356, 0.130) gripper_yaw_err=-0.0deg egg_xy_d=0.756 egg_z_d=-0.028 pan_stove_xy_d=0.010 pan_stove_z_d=-0.000 flipped=True in_pan=False still=True on_stove=True
  [ep 0/1, attempt 32] step 601/900  terminated=False  truncated=False
[FlipPan scripted policy] Phase 1 -> 2 (at handle, closing gripper). pan=(0.192, 0.329, 0.050) pan_yaw=-8.6deg handle=(0.014, 0.356, 0.130) gripper_yaw_err=-0.0deg egg_xy_d=0.756 egg_z_d=-0.028 pan_stove_xy_d=0.010 pan_stove_z_d=-0.000 flipped=True in_pan=False still=True on_stove=True
[FlipPan scripted policy] Phase 3 -> 4 (pan lifted and re-aligned). pan=(0.323, 0.008, 0.108) pan_yaw=+0.4deg handle=(0.167, 0.009, 0.229) gripper_yaw_err=+0.4deg egg_xy_d=0.433 egg_z_d=-0.087 pan_stove_xy_d=0.357 pan_stove_z_d=0.059 flipped=True in_pan=False still=True on_stove=False
  [ep 0/1, attempt 32] step 701/900  terminated=False  truncated=False
[FlipPan scripted policy] Pan placed back on the stove. pan=(0.237, 0.428, 0.189) pan_yaw=-0.9deg handle=(0.041, 0.402, 0.193) gripper_yaw_err=-10.4deg egg_xy_d=0.852 egg_z_d=-0.167 pan_stove_xy_d=0.101 pan_stove_z_d=0.139 flipped=True in_pan=False still=True on_stove=False
  [ep 0/1, attempt 32] step 801/900  terminated=False  truncated=False
[FlipPan scripted policy] Attempt failed. Retrying (3/3). pan=(0.242, 0.494, 0.035) pan_yaw=-2.4deg handle=(0.065, 0.522, 0.117) gripper_yaw_err=-1.9deg egg_xy_d=0.917 egg_z_d=-0.014 pan_stove_xy_d=0.164 pan_stove_z_d=-0.014 flipped=True in_pan=False still=True on_stove=False
  [ep 0/1, attempt 32] step 900/900  terminated=False  truncated=True
  [WARNING] Episode 0 attempt 32 truncated without success. Discarding and retrying...
  [Success Rate] overall: 0.0% (0/32) | moving avg (last 32): 0.0%
  [ep 0/1, attempt 33] step 1/900  terminated=False  truncated=False
[FlipPan scripted policy] Phase 0 -> 1 (aligned above handle). pan=(0.289, -0.053, 0.050) pan_yaw=+1.6deg handle=(0.109, -0.058, 0.130) gripper_yaw_err=+0.0deg egg_xy_d=0.024 egg_z_d=0.013 pan_stove_xy_d=0.000 pan_stove_z_d=-0.000 flipped=False in_pan=True still=True on_stove=True
[FlipPan scripted policy] Phase 1 -> 2 (at handle, closing gripper). pan=(0.289, -0.053, 0.050) pan_yaw=+1.6deg handle=(0.109, -0.058, 0.130) gripper_yaw_err=+0.0deg egg_xy_d=0.024 egg_z_d=0.013 pan_stove_xy_d=0.000 pan_stove_z_d=-0.000 flipped=False in_pan=True still=True on_stove=True
[FlipPan scripted policy] Phase 3 -> 4 (pan lifted and re-aligned). pan=(0.314, -0.004, 0.085) pan_yaw=+0.3deg handle=(0.169, -0.004, 0.219) gripper_yaw_err=+0.2deg egg_xy_d=0.031 egg_z_d=0.009 pan_stove_xy_d=0.055 pan_stove_z_d=0.036 flipped=False in_pan=True still=True on_stove=False
  [ep 0/1, attempt 33] step 101/900  terminated=False  truncated=False
[FlipPan scripted policy] Pan placed back on the stove. pan=(0.290, -0.053, 0.065) pan_yaw=-0.8deg handle=(0.109, -0.049, 0.142) gripper_yaw_err=+0.2deg egg_xy_d=0.278 egg_z_d=-0.059 pan_stove_xy_d=0.001 pan_stove_z_d=0.016 flipped=False in_pan=False still=True on_stove=True
  [ep 0/1, attempt 33] step 201/900  terminated=False  truncated=False
[FlipPan scripted policy] Attempt failed. Retrying (1/3). pan=(0.291, -0.053, 0.050) pan_yaw=-6.8deg handle=(0.113, -0.031, 0.130) gripper_yaw_err=-7.3deg egg_xy_d=0.278 egg_z_d=-0.043 pan_stove_xy_d=0.003 pan_stove_z_d=-0.000 flipped=False in_pan=False still=True on_stove=True
[FlipPan scripted policy] Phase 0 -> 1 (aligned above handle). pan=(0.291, -0.053, 0.050) pan_yaw=-6.8deg handle=(0.113, -0.031, 0.130) gripper_yaw_err=+0.0deg egg_xy_d=0.278 egg_z_d=-0.043 pan_stove_xy_d=0.003 pan_stove_z_d=-0.000 flipped=False in_pan=False still=True on_stove=True
[FlipPan scripted policy] Phase 1 -> 2 (at handle, closing gripper). pan=(0.291, -0.053, 0.050) pan_yaw=-6.8deg handle=(0.113, -0.031, 0.130) gripper_yaw_err=+0.0deg egg_xy_d=0.278 egg_z_d=-0.043 pan_stove_xy_d=0.003 pan_stove_z_d=-0.000 flipped=False in_pan=False still=True on_stove=True
  [ep 0/1, attempt 33] step 301/900  terminated=False  truncated=False
[FlipPan scripted policy] Phase 3 -> 4 (pan lifted and re-aligned). pan=(0.323, -0.001, 0.106) pan_yaw=+0.6deg handle=(0.166, -0.001, 0.225) gripper_yaw_err=+0.6deg egg_xy_d=0.249 egg_z_d=-0.100 pan_stove_xy_d=0.063 pan_stove_z_d=0.057 flipped=False in_pan=False still=True on_stove=False
  [ep 0/1, attempt 33] step 401/900  terminated=False  truncated=False
[FlipPan scripted policy] Pan placed back on the stove. pan=(0.290, -0.052, 0.065) pan_yaw=-1.6deg handle=(0.102, -0.043, 0.123) gripper_yaw_err=+0.6deg egg_xy_d=0.278 egg_z_d=-0.059 pan_stove_xy_d=0.001 pan_stove_z_d=0.015 flipped=False in_pan=False still=True on_stove=True
  [ep 0/1, attempt 33] step 501/900  terminated=False  truncated=False
[FlipPan scripted policy] Attempt failed. Retrying (2/3). pan=(0.292, -0.052, 0.050) pan_yaw=-2.2deg handle=(0.112, -0.045, 0.130) gripper_yaw_err=-2.5deg egg_xy_d=0.278 egg_z_d=-0.043 pan_stove_xy_d=0.003 pan_stove_z_d=-0.000 flipped=False in_pan=False still=True on_stove=True
[FlipPan scripted policy] Phase 0 -> 1 (aligned above handle). pan=(0.292, -0.052, 0.050) pan_yaw=-2.2deg handle=(0.112, -0.045, 0.130) gripper_yaw_err=+0.0deg egg_xy_d=0.278 egg_z_d=-0.043 pan_stove_xy_d=0.003 pan_stove_z_d=-0.000 flipped=False in_pan=False still=True on_stove=True
[FlipPan scripted policy] Phase 1 -> 2 (at handle, closing gripper). pan=(0.292, -0.052, 0.050) pan_yaw=-2.2deg handle=(0.112, -0.045, 0.130) gripper_yaw_err=+0.0deg egg_xy_d=0.278 egg_z_d=-0.043 pan_stove_xy_d=0.003 pan_stove_z_d=-0.000 flipped=False in_pan=False still=True on_stove=True
[FlipPan scripted policy] Phase 3 -> 4 (pan lifted and re-aligned). pan=(0.322, -0.004, 0.106) pan_yaw=+0.5deg handle=(0.165, -0.003, 0.225) gripper_yaw_err=+0.5deg egg_xy_d=0.252 egg_z_d=-0.100 pan_stove_xy_d=0.059 pan_stove_z_d=0.056 flipped=False in_pan=False still=True on_stove=False
  [ep 0/1, attempt 33] step 601/900  terminated=False  truncated=False
[FlipPan scripted policy] Pan placed back on the stove. pan=(0.325, -0.033, 0.101) pan_yaw=+25.6deg handle=(0.146, -0.117, 0.102) gripper_yaw_err=+6.6deg egg_xy_d=0.277 egg_z_d=-0.095 pan_stove_xy_d=0.041 pan_stove_z_d=0.052 flipped=False in_pan=False still=True on_stove=False
  [ep 0/1, attempt 33] step 701/900  terminated=False  truncated=False
[FlipPan scripted policy] Attempt failed. Retrying (3/3). pan=(0.332, -0.027, 0.050) pan_yaw=+29.8deg handle=(0.176, -0.117, 0.130) gripper_yaw_err=+30.7deg egg_xy_d=0.276 egg_z_d=-0.043 pan_stove_xy_d=0.050 pan_stove_z_d=-0.000 flipped=False in_pan=False still=True on_stove=True
  [ep 0/1, attempt 33] step 801/900  terminated=False  truncated=False
[FlipPan scripted policy] Phase 0 -> 1 (aligned above handle). pan=(0.332, -0.027, 0.050) pan_yaw=+29.8deg handle=(0.176, -0.117, 0.130) gripper_yaw_err=-0.0deg egg_xy_d=0.276 egg_z_d=-0.043 pan_stove_xy_d=0.050 pan_stove_z_d=-0.000 flipped=False in_pan=False still=True on_stove=True
[FlipPan scripted policy] Phase 1 -> 2 (at handle, closing gripper). pan=(0.332, -0.027, 0.050) pan_yaw=+29.8deg handle=(0.176, -0.117, 0.130) gripper_yaw_err=-0.0deg egg_xy_d=0.276 egg_z_d=-0.043 pan_stove_xy_d=0.050 pan_stove_z_d=-0.000 flipped=False in_pan=False still=True on_stove=True
[FlipPan scripted policy] Phase 3 -> 4 (pan lifted and re-aligned). pan=(0.322, -0.008, 0.104) pan_yaw=+0.4deg handle=(0.168, -0.007, 0.227) gripper_yaw_err=+0.4deg egg_xy_d=0.255 egg_z_d=-0.098 pan_stove_xy_d=0.056 pan_stove_z_d=0.054 flipped=False in_pan=False still=True on_stove=False
  [ep 0/1, attempt 33] step 900/900  terminated=False  truncated=True
  [WARNING] Episode 0 attempt 33 truncated without success. Discarding and retrying...
  [Success Rate] overall: 0.0% (0/33) | moving avg (last 33): 0.0%
  [ep 0/1, attempt 34] step 1/900  terminated=False  truncated=False
[FlipPan scripted policy] Phase 0 -> 1 (aligned above handle). pan=(0.318, 0.237, 0.050) pan_yaw=+42.5deg handle=(0.186, 0.116, 0.130) gripper_yaw_err=-0.0deg egg_xy_d=0.020 egg_z_d=0.013 pan_stove_xy_d=0.000 pan_stove_z_d=-0.000 flipped=False in_pan=True still=True on_stove=True
[FlipPan scripted policy] Phase 1 -> 2 (at handle, closing gripper). pan=(0.318, 0.237, 0.050) pan_yaw=+42.5deg handle=(0.186, 0.116, 0.130) gripper_yaw_err=-0.0deg egg_xy_d=0.020 egg_z_d=0.013 pan_stove_xy_d=0.000 pan_stove_z_d=-0.000 flipped=False in_pan=True still=True on_stove=True
[FlipPan scripted policy] Phase 3 -> 4 (pan lifted and re-aligned). pan=(0.317, 0.007, 0.089) pan_yaw=+0.4deg handle=(0.172, 0.008, 0.222) gripper_yaw_err=-0.1deg egg_xy_d=0.028 egg_z_d=0.009 pan_stove_xy_d=0.230 pan_stove_z_d=0.039 flipped=False in_pan=True still=False on_stove=False
  [ep 0/1, attempt 34] step 101/900  terminated=False  truncated=False
[FlipPan scripted policy] Pan placed back on the stove. pan=(0.318, 0.236, 0.065) pan_yaw=+1.6deg handle=(0.137, 0.234, 0.143) gripper_yaw_err=+0.5deg egg_xy_d=0.854 egg_z_d=-0.964 pan_stove_xy_d=0.002 pan_stove_z_d=0.016 flipped=True in_pan=False still=True on_stove=True
  [ep 0/1, attempt 34] step 201/900  terminated=False  truncated=False
[FlipPan scripted policy] Attempt failed. Retrying (1/3). pan=(0.319, 0.237, 0.050) pan_yaw=+1.7deg handle=(0.139, 0.231, 0.130) gripper_yaw_err=+1.7deg egg_xy_d=0.854 egg_z_d=-0.948 pan_stove_xy_d=0.001 pan_stove_z_d=-0.000 flipped=True in_pan=False still=True on_stove=True
[FlipPan scripted policy] Phase 0 -> 1 (aligned above handle). pan=(0.319, 0.237, 0.050) pan_yaw=+1.7deg handle=(0.139, 0.231, 0.130) gripper_yaw_err=+0.0deg egg_xy_d=0.854 egg_z_d=-0.948 pan_stove_xy_d=0.001 pan_stove_z_d=-0.000 flipped=True in_pan=False still=True on_stove=True
  [ep 0/1, attempt 34] step 301/900  terminated=False  truncated=False
[FlipPan scripted policy] Phase 1 -> 2 (at handle, closing gripper). pan=(0.319, 0.237, 0.050) pan_yaw=+1.7deg handle=(0.139, 0.231, 0.130) gripper_yaw_err=+0.0deg egg_xy_d=0.854 egg_z_d=-0.948 pan_stove_xy_d=0.001 pan_stove_z_d=-0.000 flipped=True in_pan=False still=True on_stove=True
[FlipPan scripted policy] Phase 3 -> 4 (pan lifted and re-aligned). pan=(0.325, 0.009, 0.108) pan_yaw=+0.5deg handle=(0.169, 0.009, 0.229) gripper_yaw_err=+0.5deg egg_xy_d=0.691 egg_z_d=-1.006 pan_stove_xy_d=0.228 pan_stove_z_d=0.059 flipped=True in_pan=False still=True on_stove=False
  [ep 0/1, attempt 34] step 401/900  terminated=False  truncated=False
[FlipPan scripted policy] Pan placed back on the stove. pan=(0.320, 0.244, 0.091) pan_yaw=+8.1deg handle=(0.125, 0.218, 0.092) gripper_yaw_err=+0.7deg egg_xy_d=0.859 egg_z_d=-0.989 pan_stove_xy_d=0.007 pan_stove_z_d=0.042 flipped=True in_pan=False still=True on_stove=False
  [ep 0/1, attempt 34] step 501/900  terminated=False  truncated=False
[FlipPan scripted policy] Attempt failed. Retrying (2/3). pan=(0.338, 0.293, 0.050) pan_yaw=-9.1deg handle=(0.160, 0.322, 0.130) gripper_yaw_err=-8.5deg egg_xy_d=0.887 egg_z_d=-0.948 pan_stove_xy_d=0.059 pan_stove_z_d=-0.000 flipped=True in_pan=False still=True on_stove=True
[FlipPan scripted policy] Phase 0 -> 1 (aligned above handle). pan=(0.338, 0.293, 0.050) pan_yaw=-9.1deg handle=(0.160, 0.322, 0.130) gripper_yaw_err=-0.0deg egg_xy_d=0.887 egg_z_d=-0.948 pan_stove_xy_d=0.059 pan_stove_z_d=-0.000 flipped=True in_pan=False still=True on_stove=True
[FlipPan scripted policy] Phase 1 -> 2 (at handle, closing gripper). pan=(0.338, 0.293, 0.050) pan_yaw=-9.1deg handle=(0.160, 0.322, 0.130) gripper_yaw_err=-0.0deg egg_xy_d=0.887 egg_z_d=-0.948 pan_stove_xy_d=0.059 pan_stove_z_d=-0.000 flipped=True in_pan=False still=True on_stove=True
  [ep 0/1, attempt 34] step 601/900  terminated=False  truncated=False
[FlipPan scripted policy] Phase 3 -> 4 (pan lifted and re-aligned). pan=(0.329, 0.005, 0.111) pan_yaw=+0.2deg handle=(0.172, 0.008, 0.229) gripper_yaw_err=+0.2deg egg_xy_d=0.686 egg_z_d=-1.009 pan_stove_xy_d=0.232 pan_stove_z_d=0.061 flipped=True in_pan=False still=True on_stove=False
  [ep 0/1, attempt 34] step 701/900  terminated=False  truncated=False
[FlipPan scripted policy] Pan placed back on the stove. pan=(0.360, 0.289, 0.121) pan_yaw=-6.5deg handle=(0.168, 0.331, 0.125) gripper_yaw_err=-1.4deg egg_xy_d=0.870 egg_z_d=-1.020 pan_stove_xy_d=0.066 pan_stove_z_d=0.072 flipped=True in_pan=False still=True on_stove=False
  [ep 0/1, attempt 34] step 801/900  terminated=False  truncated=False
[FlipPan scripted policy] Attempt failed. Retrying (3/3). pan=(0.366, 0.320, 0.050) pan_yaw=-0.7deg handle=(0.186, 0.323, 0.130) gripper_yaw_err=-0.9deg egg_xy_d=0.893 egg_z_d=-0.948 pan_stove_xy_d=0.096 pan_stove_z_d=-0.000 flipped=True in_pan=False still=True on_stove=False
[FlipPan scripted policy] Phase 0 -> 1 (aligned above handle). pan=(0.366, 0.320, 0.049) pan_yaw=-0.7deg handle=(0.186, 0.323, 0.130) gripper_yaw_err=+0.0deg egg_xy_d=0.893 egg_z_d=-0.948 pan_stove_xy_d=0.096 pan_stove_z_d=-0.000 flipped=True in_pan=False still=True on_stove=False
  [ep 0/1, attempt 34] step 900/900  terminated=False  truncated=True
  [WARNING] Episode 0 attempt 34 truncated without success. Discarding and retrying...
  [Success Rate] overall: 0.0% (0/34) | moving avg (last 34): 0.0%
  [ep 0/1, attempt 35] step 1/900  terminated=False  truncated=False
[FlipPan scripted policy] Phase 0 -> 1 (aligned above handle). pan=(0.129, 0.350, 0.050) pan_yaw=+16.0deg handle=(-0.044, 0.301, 0.130) gripper_yaw_err=-0.0deg egg_xy_d=0.040 egg_z_d=0.013 pan_stove_xy_d=0.000 pan_stove_z_d=-0.000 flipped=False in_pan=True still=True on_stove=True
[FlipPan scripted policy] Phase 1 -> 2 (at handle, closing gripper). pan=(0.129, 0.350, 0.050) pan_yaw=+16.0deg handle=(-0.044, 0.301, 0.130) gripper_yaw_err=+0.0deg egg_xy_d=0.040 egg_z_d=0.013 pan_stove_xy_d=0.000 pan_stove_z_d=-0.000 flipped=False in_pan=True still=True on_stove=True
[FlipPan scripted policy] Phase 3 -> 4 (pan lifted and re-aligned). pan=(0.315, 0.005, 0.098) pan_yaw=-0.2deg handle=(0.166, 0.008, 0.226) gripper_yaw_err=-0.2deg egg_xy_d=0.049 egg_z_d=-0.000 pan_stove_xy_d=0.392 pan_stove_z_d=0.048 flipped=False in_pan=False still=True on_stove=False
  [ep 0/1, attempt 35] step 101/900  terminated=False  truncated=False
  [ep 0/1, attempt 35] step 201/900  terminated=False  truncated=False
[FlipPan scripted policy] Pan placed back on the stove. pan=(0.130, 0.354, 0.088) pan_yaw=+2.6deg handle=(-0.067, 0.347, 0.091) gripper_yaw_err=-0.0deg egg_xy_d=0.157 egg_z_d=0.015 pan_stove_xy_d=0.004 pan_stove_z_d=0.039 flipped=False in_pan=False still=False on_stove=False
  [ep 0/1, attempt 35] step 301/900  terminated=False  truncated=False
[FlipPan scripted policy] Attempt failed. Retrying (1/3). pan=(0.067, 0.596, -0.000) pan_yaw=+33.3deg handle=(-0.084, 0.497, 0.080) gripper_yaw_err=+32.2deg egg_xy_d=0.149 egg_z_d=0.072 pan_stove_xy_d=0.254 pan_stove_z_d=-0.050 flipped=False in_pan=False still=True on_stove=False
[FlipPan scripted policy] Phase 0 -> 1 (aligned above handle). pan=(0.067, 0.596, -0.000) pan_yaw=+33.3deg handle=(-0.084, 0.497, 0.080) gripper_yaw_err=+0.0deg egg_xy_d=0.151 egg_z_d=0.072 pan_stove_xy_d=0.253 pan_stove_z_d=-0.050 flipped=False in_pan=False still=True on_stove=False
[FlipPan scripted policy] Phase 1 -> 2 (at handle, closing gripper). pan=(0.067, 0.596, -0.000) pan_yaw=+33.3deg handle=(-0.084, 0.497, 0.080) gripper_yaw_err=+0.0deg egg_xy_d=0.152 egg_z_d=0.072 pan_stove_xy_d=0.253 pan_stove_z_d=-0.050 flipped=False in_pan=False still=True on_stove=False
  [ep 0/1, attempt 35] step 401/900  terminated=False  truncated=False
[FlipPan scripted policy] Phase 3 -> 4 (pan lifted and re-aligned). pan=(0.397, 0.016, 0.199) pan_yaw=-11.7deg handle=(0.205, -0.026, 0.199) gripper_yaw_err=-11.7deg egg_xy_d=0.311 egg_z_d=-0.146 pan_stove_xy_d=0.428 pan_stove_z_d=0.149 flipped=False in_pan=False still=False on_stove=False
  [ep 0/1, attempt 35] step 501/900  terminated=False  truncated=False
  [ep 0/1, attempt 35] step 601/900  terminated=False  truncated=False
[FlipPan scripted policy] Pan placed back on the stove. pan=(0.142, 0.353, 0.182) pan_yaw=-51.9deg handle=(0.045, 0.478, 0.065) gripper_yaw_err=-28.6deg egg_xy_d=0.144 egg_z_d=-0.147 pan_stove_xy_d=0.013 pan_stove_z_d=0.132 flipped=True in_pan=False still=True on_stove=False
  [ep 0/1, attempt 35] step 701/900  terminated=False  truncated=False
[FlipPan scripted policy] Attempt failed. Retrying (2/3). pan=(0.197, 0.449, 0.078) pan_yaw=-31.1deg handle=(0.032, 0.525, 0.000) gripper_yaw_err=-31.3deg egg_xy_d=0.244 egg_z_d=-0.045 pan_stove_xy_d=0.120 pan_stove_z_d=0.028 flipped=True in_pan=False still=True on_stove=False
[FlipPan scripted policy] Phase 0 -> 1 (aligned above handle). pan=(0.197, 0.450, 0.078) pan_yaw=-31.1deg handle=(0.032, 0.526, -0.000) gripper_yaw_err=-0.0deg egg_xy_d=0.246 egg_z_d=-0.045 pan_stove_xy_d=0.121 pan_stove_z_d=0.028 flipped=True in_pan=False still=True on_stove=False
  [ep 0/1, attempt 35] step 801/900  terminated=False  truncated=False
  [ep 0/1, attempt 35] step 900/900  terminated=False  truncated=True
  [WARNING] Episode 0 attempt 35 truncated without success. Discarding and retrying...
  [Success Rate] overall: 0.0% (0/35) | moving avg (last 35): 0.0%
  [ep 0/1, attempt 36] step 1/900  terminated=False  truncated=False
[FlipPan scripted policy] Phase 0 -> 1 (aligned above handle). pan=(0.336, -0.107, 0.050) pan_yaw=-24.6deg handle=(0.173, -0.032, 0.130) gripper_yaw_err=+0.0deg egg_xy_d=0.039 egg_z_d=0.013 pan_stove_xy_d=0.000 pan_stove_z_d=-0.000 flipped=False in_pan=True still=True on_stove=True
[FlipPan scripted policy] Phase 1 -> 2 (at handle, closing gripper). pan=(0.336, -0.107, 0.050) pan_yaw=-24.6deg handle=(0.173, -0.032, 0.130) gripper_yaw_err=-0.0deg egg_xy_d=0.039 egg_z_d=0.013 pan_stove_xy_d=0.000 pan_stove_z_d=-0.000 flipped=False in_pan=True still=True on_stove=True
[FlipPan scripted policy] Phase 3 -> 4 (pan lifted and re-aligned). pan=(0.317, -0.006, 0.088) pan_yaw=-0.4deg handle=(0.171, -0.002, 0.220) gripper_yaw_err=-0.4deg egg_xy_d=0.038 egg_z_d=0.011 pan_stove_xy_d=0.103 pan_stove_z_d=0.038 flipped=False in_pan=True still=True on_stove=False
  [ep 0/1, attempt 36] step 101/900  terminated=False  truncated=False
[FlipPan scripted policy] Pan placed back on the stove. pan=(0.336, -0.106, 0.065) pan_yaw=+0.5deg handle=(0.155, -0.109, 0.142) gripper_yaw_err=+0.3deg egg_xy_d=0.274 egg_z_d=-0.059 pan_stove_xy_d=0.001 pan_stove_z_d=0.015 flipped=False in_pan=False still=True on_stove=True
  [ep 0/1, attempt 36] step 201/900  terminated=False  truncated=False
[FlipPan scripted policy] Attempt failed. Retrying (1/3). pan=(0.338, -0.106, 0.050) pan_yaw=+0.3deg handle=(0.158, -0.107, 0.130) gripper_yaw_err=-0.1deg egg_xy_d=0.274 egg_z_d=-0.043 pan_stove_xy_d=0.002 pan_stove_z_d=-0.000 flipped=False in_pan=False still=True on_stove=True
[FlipPan scripted policy] Phase 0 -> 1 (aligned above handle). pan=(0.338, -0.106, 0.050) pan_yaw=+0.3deg handle=(0.158, -0.107, 0.130) gripper_yaw_err=-0.0deg egg_xy_d=0.275 egg_z_d=-0.043 pan_stove_xy_d=0.002 pan_stove_z_d=-0.000 flipped=False in_pan=False still=True on_stove=True
[FlipPan scripted policy] Phase 1 -> 2 (at handle, closing gripper). pan=(0.338, -0.106, 0.050) pan_yaw=+0.3deg handle=(0.158, -0.107, 0.130) gripper_yaw_err=+0.0deg egg_xy_d=0.275 egg_z_d=-0.043 pan_stove_xy_d=0.002 pan_stove_z_d=-0.000 flipped=False in_pan=False still=True on_stove=True
  [ep 0/1, attempt 36] step 301/900  terminated=False  truncated=False
[FlipPan scripted policy] Phase 3 -> 4 (pan lifted and re-aligned). pan=(0.326, -0.004, 0.107) pan_yaw=+0.8deg handle=(0.169, -0.006, 0.226) gripper_yaw_err=+0.8deg egg_xy_d=0.198 egg_z_d=-0.101 pan_stove_xy_d=0.104 pan_stove_z_d=0.057 flipped=False in_pan=False still=True on_stove=False
  [ep 0/1, attempt 36] step 401/900  terminated=False  truncated=False
[FlipPan scripted policy] Pan placed back on the stove. pan=(0.338, -0.106, 0.065) pan_yaw=-2.2deg handle=(0.150, -0.096, 0.123) gripper_yaw_err=+0.6deg egg_xy_d=0.275 egg_z_d=-0.058 pan_stove_xy_d=0.002 pan_stove_z_d=0.015 flipped=False in_pan=False still=True on_stove=True
  [ep 0/1, attempt 36] step 501/900  terminated=False  truncated=False
[FlipPan scripted policy] Attempt failed. Retrying (2/3). pan=(0.337, -0.168, 0.050) pan_yaw=-5.9deg handle=(0.158, -0.150, 0.129) gripper_yaw_err=-6.9deg egg_xy_d=0.324 egg_z_d=-0.043 pan_stove_xy_d=0.061 pan_stove_z_d=-0.000 flipped=False in_pan=False still=True on_stove=False
[FlipPan scripted policy] Phase 0 -> 1 (aligned above handle). pan=(0.337, -0.168, 0.050) pan_yaw=-5.9deg handle=(0.158, -0.150, 0.130) gripper_yaw_err=-0.0deg egg_xy_d=0.324 egg_z_d=-0.043 pan_stove_xy_d=0.061 pan_stove_z_d=-0.000 flipped=False in_pan=False still=True on_stove=False
[FlipPan scripted policy] Phase 1 -> 2 (at handle, closing gripper). pan=(0.337, -0.168, 0.050) pan_yaw=-5.9deg handle=(0.158, -0.150, 0.130) gripper_yaw_err=-0.0deg egg_xy_d=0.324 egg_z_d=-0.043 pan_stove_xy_d=0.061 pan_stove_z_d=-0.000 flipped=False in_pan=False still=True on_stove=False
[FlipPan scripted policy] Phase 3 -> 4 (pan lifted and re-aligned). pan=(0.322, -0.014, 0.099) pan_yaw=-0.4deg handle=(0.171, -0.008, 0.225) gripper_yaw_err=-0.4deg egg_xy_d=0.200 egg_z_d=-0.093 pan_stove_xy_d=0.094 pan_stove_z_d=0.049 flipped=False in_pan=False still=True on_stove=False
  [ep 0/1, attempt 36] step 601/900  terminated=False  truncated=False
[FlipPan scripted policy] Pan placed back on the stove. pan=(0.337, -0.106, 0.065) pan_yaw=+6.5deg handle=(0.152, -0.120, 0.132) gripper_yaw_err=+0.8deg egg_xy_d=0.273 egg_z_d=-0.058 pan_stove_xy_d=0.002 pan_stove_z_d=0.015 flipped=False in_pan=False still=True on_stove=True
  [ep 0/1, attempt 36] step 701/900  terminated=False  truncated=False
[FlipPan scripted policy] Attempt failed. Retrying (3/3). pan=(0.338, -0.104, 0.050) pan_yaw=+6.8deg handle=(0.160, -0.125, 0.130) gripper_yaw_err=+6.8deg egg_xy_d=0.274 egg_z_d=-0.043 pan_stove_xy_d=0.003 pan_stove_z_d=-0.000 flipped=False in_pan=False still=True on_stove=True
  [ep 0/1, attempt 36] step 801/900  terminated=False  truncated=False
[FlipPan scripted policy] Phase 0 -> 1 (aligned above handle). pan=(0.338, -0.104, 0.050) pan_yaw=+6.8deg handle=(0.160, -0.125, 0.130) gripper_yaw_err=-0.0deg egg_xy_d=0.273 egg_z_d=-0.043 pan_stove_xy_d=0.003 pan_stove_z_d=-0.000 flipped=False in_pan=False still=True on_stove=True
[FlipPan scripted policy] Phase 1 -> 2 (at handle, closing gripper). pan=(0.338, -0.104, 0.050) pan_yaw=+6.8deg handle=(0.160, -0.125, 0.130) gripper_yaw_err=-0.0deg egg_xy_d=0.274 egg_z_d=-0.043 pan_stove_xy_d=0.003 pan_stove_z_d=-0.000 flipped=False in_pan=False still=True on_stove=True
[FlipPan scripted policy] Phase 3 -> 4 (pan lifted and re-aligned). pan=(0.342, -0.027, 0.144) pan_yaw=+4.2deg handle=(0.164, 0.014, 0.219) gripper_yaw_err=+4.2deg egg_xy_d=0.224 egg_z_d=-0.138 pan_stove_xy_d=0.081 pan_stove_z_d=0.094 flipped=False in_pan=False still=True on_stove=False
  [ep 0/1, attempt 36] step 900/900  terminated=False  truncated=True
  [WARNING] Episode 0 attempt 36 truncated without success. Discarding and retrying...
  [Success Rate] overall: 0.0% (0/36) | moving avg (last 36): 0.0%
  [ep 0/1, attempt 37] step 1/900  terminated=False  truncated=False
[FlipPan scripted policy] Phase 0 -> 1 (aligned above handle). pan=(0.380, 0.076, 0.050) pan_yaw=-32.1deg handle=(0.227, 0.171, 0.130) gripper_yaw_err=-0.0deg egg_xy_d=0.023 egg_z_d=0.013 pan_stove_xy_d=0.000 pan_stove_z_d=-0.000 flipped=False in_pan=True still=True on_stove=True
[FlipPan scripted policy] Phase 1 -> 2 (at handle, closing gripper). pan=(0.380, 0.076, 0.050) pan_yaw=-32.1deg handle=(0.227, 0.171, 0.130) gripper_yaw_err=-0.0deg egg_xy_d=0.023 egg_z_d=0.013 pan_stove_xy_d=0.000 pan_stove_z_d=-0.000 flipped=False in_pan=True still=True on_stove=True
[FlipPan scripted policy] Phase 3 -> 4 (pan lifted and re-aligned). pan=(0.322, 0.003, 0.094) pan_yaw=-0.5deg handle=(0.174, 0.008, 0.224) gripper_yaw_err=-0.5deg egg_xy_d=0.033 egg_z_d=0.005 pan_stove_xy_d=0.093 pan_stove_z_d=0.044 flipped=False in_pan=False still=True on_stove=False
  [ep 0/1, attempt 37] step 101/900  terminated=False  truncated=False
[FlipPan scripted policy] Pan placed back on the stove. pan=(0.379, 0.075, 0.065) pan_yaw=+5.0deg handle=(0.196, 0.061, 0.138) gripper_yaw_err=+0.4deg egg_xy_d=0.293 egg_z_d=-0.043 pan_stove_xy_d=0.001 pan_stove_z_d=0.015 flipped=True in_pan=False still=True on_stove=True
  [ep 0/1, attempt 37] step 201/900  terminated=False  truncated=False
[FlipPan scripted policy] Attempt failed. Retrying (1/3). pan=(0.378, 0.080, 0.050) pan_yaw=+8.0deg handle=(0.199, 0.055, 0.130) gripper_yaw_err=+7.8deg egg_xy_d=0.289 egg_z_d=-0.028 pan_stove_xy_d=0.005 pan_stove_z_d=-0.000 flipped=True in_pan=False still=True on_stove=True
[FlipPan scripted policy] Phase 0 -> 1 (aligned above handle). pan=(0.378, 0.080, 0.050) pan_yaw=+8.0deg handle=(0.199, 0.055, 0.130) gripper_yaw_err=+0.0deg egg_xy_d=0.289 egg_z_d=-0.028 pan_stove_xy_d=0.005 pan_stove_z_d=-0.000 flipped=True in_pan=False still=True on_stove=True
[FlipPan scripted policy] Phase 1 -> 2 (at handle, closing gripper). pan=(0.378, 0.080, 0.050) pan_yaw=+8.0deg handle=(0.199, 0.055, 0.130) gripper_yaw_err=+0.0deg egg_xy_d=0.289 egg_z_d=-0.028 pan_stove_xy_d=0.005 pan_stove_z_d=-0.000 flipped=True in_pan=False still=True on_stove=True
  [ep 0/1, attempt 37] step 301/900  terminated=False  truncated=False
[FlipPan scripted policy] Phase 3 -> 4 (pan lifted and re-aligned). pan=(0.328, 0.005, 0.105) pan_yaw=+0.6deg handle=(0.172, 0.005, 0.225) gripper_yaw_err=+0.6deg egg_xy_d=0.336 egg_z_d=-0.084 pan_stove_xy_d=0.088 pan_stove_z_d=0.056 flipped=True in_pan=False still=True on_stove=False
  [ep 0/1, attempt 37] step 401/900  terminated=False  truncated=False
[FlipPan scripted policy] Pan placed back on the stove. pan=(0.386, 0.075, 0.089) pan_yaw=+21.5deg handle=(0.203, 0.002, 0.091) gripper_yaw_err=+7.4deg egg_xy_d=0.297 egg_z_d=-0.068 pan_stove_xy_d=0.006 pan_stove_z_d=0.040 flipped=True in_pan=False still=True on_stove=False
  [ep 0/1, attempt 37] step 501/900  terminated=False  truncated=False
[FlipPan scripted policy] Attempt failed. Retrying (2/3). pan=(0.385, 0.051, 0.050) pan_yaw=+24.2deg handle=(0.220, -0.023, 0.129) gripper_yaw_err=+24.2deg egg_xy_d=0.317 egg_z_d=-0.028 pan_stove_xy_d=0.025 pan_stove_z_d=-0.000 flipped=True in_pan=False still=True on_stove=True
[FlipPan scripted policy] Phase 0 -> 1 (aligned above handle). pan=(0.385, 0.051, 0.050) pan_yaw=+24.2deg handle=(0.220, -0.023, 0.130) gripper_yaw_err=-0.0deg egg_xy_d=0.317 egg_z_d=-0.028 pan_stove_xy_d=0.025 pan_stove_z_d=-0.000 flipped=True in_pan=False still=True on_stove=True
[FlipPan scripted policy] Phase 1 -> 2 (at handle, closing gripper). pan=(0.385, 0.051, 0.050) pan_yaw=+24.2deg handle=(0.220, -0.023, 0.130) gripper_yaw_err=-0.0deg egg_xy_d=0.317 egg_z_d=-0.028 pan_stove_xy_d=0.025 pan_stove_z_d=-0.000 flipped=True in_pan=False still=True on_stove=True
  [ep 0/1, attempt 37] step 601/900  terminated=False  truncated=False
[FlipPan scripted policy] Phase 3 -> 4 (pan lifted and re-aligned). pan=(0.327, 0.002, 0.104) pan_yaw=+0.8deg handle=(0.172, 0.000, 0.226) gripper_yaw_err=+0.7deg egg_xy_d=0.338 egg_z_d=-0.083 pan_stove_xy_d=0.090 pan_stove_z_d=0.055 flipped=True in_pan=False still=True on_stove=False
  [ep 0/1, attempt 37] step 701/900  terminated=False  truncated=False
[FlipPan scripted policy] Pan placed back on the stove. pan=(0.370, 0.086, 0.098) pan_yaw=+38.6deg handle=(0.222, -0.044, 0.101) gripper_yaw_err=-2.2deg egg_xy_d=0.276 egg_z_d=-0.076 pan_stove_xy_d=0.014 pan_stove_z_d=0.048 flipped=True in_pan=False still=True on_stove=False
  [ep 0/1, attempt 37] step 801/900  terminated=False  truncated=False
[FlipPan scripted policy] Attempt failed. Retrying (3/3). pan=(0.386, 0.068, 0.050) pan_yaw=+30.1deg handle=(0.231, -0.022, 0.130) gripper_yaw_err=+29.1deg egg_xy_d=0.299 egg_z_d=-0.028 pan_stove_xy_d=0.010 pan_stove_z_d=-0.000 flipped=True in_pan=False still=True on_stove=True
[FlipPan scripted policy] Phase 0 -> 1 (aligned above handle). pan=(0.386, 0.068, 0.050) pan_yaw=+30.1deg handle=(0.231, -0.022, 0.130) gripper_yaw_err=+0.0deg egg_xy_d=0.299 egg_z_d=-0.028 pan_stove_xy_d=0.010 pan_stove_z_d=-0.000 flipped=True in_pan=False still=True on_stove=True
[FlipPan scripted policy] Phase 1 -> 2 (at handle, closing gripper). pan=(0.386, 0.068, 0.050) pan_yaw=+30.1deg handle=(0.231, -0.022, 0.130) gripper_yaw_err=-0.0deg egg_xy_d=0.299 egg_z_d=-0.028 pan_stove_xy_d=0.010 pan_stove_z_d=-0.000 flipped=True in_pan=False still=True on_stove=True
  [ep 0/1, attempt 37] step 900/900  terminated=False  truncated=True
  [WARNING] Episode 0 attempt 37 truncated without success. Discarding and retrying...
  [Success Rate] overall: 0.0% (0/37) | moving avg (last 37): 0.0%
  [ep 0/1, attempt 38] step 1/900  terminated=False  truncated=False
[FlipPan scripted policy] Phase 0 -> 1 (aligned above handle). pan=(0.331, -0.112, 0.050) pan_yaw=-65.3deg handle=(0.255, 0.051, 0.130) gripper_yaw_err=-0.0deg egg_xy_d=0.050 egg_z_d=0.013 pan_stove_xy_d=0.000 pan_stove_z_d=-0.000 flipped=False in_pan=True still=True on_stove=True
[FlipPan scripted policy] Phase 1 -> 2 (at handle, closing gripper). pan=(0.331, -0.112, 0.050) pan_yaw=-65.3deg handle=(0.255, 0.051, 0.130) gripper_yaw_err=+0.0deg egg_xy_d=0.050 egg_z_d=0.013 pan_stove_xy_d=0.000 pan_stove_z_d=-0.000 flipped=False in_pan=True still=True on_stove=True
[FlipPan scripted policy] Phase 3 -> 4 (pan lifted and re-aligned). pan=(0.321, -0.007, 0.096) pan_yaw=-1.4deg handle=(0.173, -0.000, 0.226) gripper_yaw_err=-0.1deg egg_xy_d=0.053 egg_z_d=0.001 pan_stove_xy_d=0.105 pan_stove_z_d=0.047 flipped=False in_pan=False still=False on_stove=False
  [ep 0/1, attempt 38] step 101/900  terminated=False  truncated=False
[FlipPan scripted policy] Pan placed back on the stove. pan=(0.330, -0.112, 0.065) pan_yaw=+0.3deg handle=(0.147, -0.113, 0.138) gripper_yaw_err=+0.3deg egg_xy_d=0.192 egg_z_d=-0.033 pan_stove_xy_d=0.001 pan_stove_z_d=0.015 flipped=False in_pan=False still=True on_stove=True
  [ep 0/1, attempt 38] step 201/900  terminated=False  truncated=False
[FlipPan scripted policy] Attempt failed. Retrying (1/3). pan=(0.331, -0.112, 0.050) pan_yaw=-1.0deg handle=(0.151, -0.108, 0.130) gripper_yaw_err=-1.7deg egg_xy_d=0.209 egg_z_d=-0.023 pan_stove_xy_d=0.001 pan_stove_z_d=-0.000 flipped=False in_pan=False still=True on_stove=True
[FlipPan scripted policy] Phase 0 -> 1 (aligned above handle). pan=(0.331, -0.112, 0.050) pan_yaw=-1.0deg handle=(0.151, -0.108, 0.130) gripper_yaw_err=-0.0deg egg_xy_d=0.210 egg_z_d=-0.023 pan_stove_xy_d=0.001 pan_stove_z_d=-0.000 flipped=False in_pan=False still=True on_stove=True
  [ep 0/1, attempt 38] step 301/900  terminated=False  truncated=False
[FlipPan scripted policy] Phase 1 -> 2 (at handle, closing gripper). pan=(0.331, -0.112, 0.050) pan_yaw=-1.0deg handle=(0.151, -0.108, 0.130) gripper_yaw_err=+0.0deg egg_xy_d=0.211 egg_z_d=-0.023 pan_stove_xy_d=0.001 pan_stove_z_d=-0.000 flipped=False in_pan=False still=True on_stove=True
[FlipPan scripted policy] Phase 3 -> 4 (pan lifted and re-aligned). pan=(0.324, -0.005, 0.105) pan_yaw=+0.6deg handle=(0.169, -0.006, 0.226) gripper_yaw_err=+0.6deg egg_xy_d=0.288 egg_z_d=-0.079 pan_stove_xy_d=0.108 pan_stove_z_d=0.056 flipped=False in_pan=False still=True on_stove=False
  [ep 0/1, attempt 38] step 401/900  terminated=False  truncated=False
[FlipPan scripted policy] Pan placed back on the stove. pan=(0.332, -0.111, 0.065) pan_yaw=-1.8deg handle=(0.145, -0.101, 0.125) gripper_yaw_err=+0.6deg egg_xy_d=0.216 egg_z_d=-0.040 pan_stove_xy_d=0.002 pan_stove_z_d=0.015 flipped=False in_pan=False still=True on_stove=True
  [ep 0/1, attempt 38] step 501/900  terminated=False  truncated=False
[FlipPan scripted policy] Attempt failed. Retrying (2/3). pan=(0.252, -0.066, 0.049) pan_yaw=-101.8deg handle=(0.289, 0.111, 0.129) gripper_yaw_err=+76.7deg egg_xy_d=0.313 egg_z_d=-0.025 pan_stove_xy_d=0.091 pan_stove_z_d=-0.000 flipped=False in_pan=False still=True on_stove=False
[FlipPan scripted policy] Phase 0 -> 1 (aligned above handle). pan=(0.252, -0.066, 0.049) pan_yaw=-101.8deg handle=(0.289, 0.111, 0.129) gripper_yaw_err=+0.1deg egg_xy_d=0.315 egg_z_d=-0.026 pan_stove_xy_d=0.091 pan_stove_z_d=-0.000 flipped=False in_pan=False still=True on_stove=False
[FlipPan scripted policy] Phase 1 -> 2 (at handle, closing gripper). pan=(0.252, -0.066, 0.049) pan_yaw=-101.8deg handle=(0.289, 0.111, 0.129) gripper_yaw_err=+0.0deg egg_xy_d=0.315 egg_z_d=-0.026 pan_stove_xy_d=0.091 pan_stove_z_d=-0.000 flipped=False in_pan=False still=True on_stove=False
  [ep 0/1, attempt 38] step 601/900  terminated=False  truncated=False
[FlipPan scripted policy] Phase 3 -> 4 (pan lifted and re-aligned). pan=(-0.008, -0.010, 0.085) pan_yaw=-178.0deg handle=(0.131, -0.003, 0.225) gripper_yaw_err=+0.8deg egg_xy_d=0.574 egg_z_d=-0.062 pan_stove_xy_d=0.353 pan_stove_z_d=0.036 flipped=False in_pan=False still=True on_stove=False
  [ep 0/1, attempt 38] step 701/900  terminated=False  truncated=False
[FlipPan scripted policy] Pan placed back on the stove. pan=(0.318, -0.103, 0.066) pan_yaw=-149.2deg handle=(0.459, -0.008, 0.166) gripper_yaw_err=+0.7deg egg_xy_d=0.247 egg_z_d=-0.043 pan_stove_xy_d=0.015 pan_stove_z_d=0.016 flipped=False in_pan=False still=True on_stove=True
  [ep 0/1, attempt 38] step 801/900  terminated=False  truncated=False
[FlipPan scripted policy] Attempt failed. Retrying (3/3). pan=(0.321, -0.107, 0.050) pan_yaw=-149.4deg handle=(0.476, -0.015, 0.130) gripper_yaw_err=+29.6deg egg_xy_d=0.245 egg_z_d=-0.028 pan_stove_xy_d=0.011 pan_stove_z_d=-0.000 flipped=False in_pan=False still=True on_stove=True
  [ep 0/1, attempt 38] step 900/900  terminated=False  truncated=True
  [WARNING] Episode 0 attempt 38 truncated without success. Discarding and retrying...
  [Success Rate] overall: 0.0% (0/38) | moving avg (last 38): 0.0%
  [ep 0/1, attempt 39] step 1/900  terminated=False  truncated=False
[FlipPan scripted policy] Phase 0 -> 1 (aligned above handle). pan=(0.299, -0.011, 0.050) pan_yaw=+62.5deg handle=(0.216, -0.171, 0.130) gripper_yaw_err=+0.0deg egg_xy_d=0.040 egg_z_d=0.013 pan_stove_xy_d=0.000 pan_stove_z_d=-0.000 flipped=False in_pan=True still=True on_stove=True
[FlipPan scripted policy] Phase 1 -> 2 (at handle, closing gripper). pan=(0.299, -0.011, 0.050) pan_yaw=+62.5deg handle=(0.216, -0.171, 0.130) gripper_yaw_err=+0.0deg egg_xy_d=0.040 egg_z_d=0.013 pan_stove_xy_d=0.000 pan_stove_z_d=-0.000 flipped=False in_pan=True still=True on_stove=True
[FlipPan scripted policy] Phase 3 -> 4 (pan lifted and re-aligned). pan=(0.319, 0.005, 0.096) pan_yaw=+1.8deg handle=(0.171, -0.000, 0.227) gripper_yaw_err=+0.1deg egg_xy_d=0.026 egg_z_d=0.021 pan_stove_xy_d=0.026 pan_stove_z_d=0.047 flipped=False in_pan=True still=False on_stove=False
  [ep 0/1, attempt 39] step 101/900  terminated=False  truncated=False
[FlipPan scripted policy] Pan placed back on the stove. pan=(0.299, -0.012, 0.065) pan_yaw=-2.7deg handle=(0.117, -0.002, 0.139) gripper_yaw_err=+0.4deg egg_xy_d=0.217 egg_z_d=-0.043 pan_stove_xy_d=0.001 pan_stove_z_d=0.015 flipped=True in_pan=False still=True on_stove=True
  [ep 0/1, attempt 39] step 201/900  terminated=False  truncated=False
[FlipPan scripted policy] Attempt failed. Retrying (1/3). pan=(0.301, -0.011, 0.050) pan_yaw=-2.8deg handle=(0.122, -0.002, 0.130) gripper_yaw_err=-2.7deg egg_xy_d=0.219 egg_z_d=-0.028 pan_stove_xy_d=0.003 pan_stove_z_d=-0.000 flipped=True in_pan=False still=True on_stove=True
[FlipPan scripted policy] Phase 0 -> 1 (aligned above handle). pan=(0.301, -0.011, 0.050) pan_yaw=-2.8deg handle=(0.122, -0.002, 0.130) gripper_yaw_err=+0.0deg egg_xy_d=0.219 egg_z_d=-0.028 pan_stove_xy_d=0.003 pan_stove_z_d=-0.000 flipped=True in_pan=False still=True on_stove=True
[FlipPan scripted policy] Phase 1 -> 2 (at handle, closing gripper). pan=(0.301, -0.011, 0.050) pan_yaw=-2.8deg handle=(0.122, -0.002, 0.130) gripper_yaw_err=+0.0deg egg_xy_d=0.219 egg_z_d=-0.028 pan_stove_xy_d=0.003 pan_stove_z_d=-0.000 flipped=True in_pan=False still=True on_stove=True
  [ep 0/1, attempt 39] step 301/900  terminated=False  truncated=False
[FlipPan scripted policy] Phase 3 -> 4 (pan lifted and re-aligned). pan=(0.323, 0.001, 0.107) pan_yaw=+0.6deg handle=(0.165, 0.001, 0.224) gripper_yaw_err=+0.6deg egg_xy_d=0.242 egg_z_d=-0.085 pan_stove_xy_d=0.027 pan_stove_z_d=0.057 flipped=True in_pan=False still=True on_stove=False
  [ep 0/1, attempt 39] step 401/900  terminated=False  truncated=False
[FlipPan scripted policy] Pan placed back on the stove. pan=(0.300, -0.010, 0.065) pan_yaw=+2.0deg handle=(0.112, -0.017, 0.121) gripper_yaw_err=+0.2deg egg_xy_d=0.219 egg_z_d=-0.043 pan_stove_xy_d=0.002 pan_stove_z_d=0.015 flipped=True in_pan=False still=True on_stove=True
  [ep 0/1, attempt 39] step 501/900  terminated=False  truncated=False
[FlipPan scripted policy] Attempt failed. Retrying (2/3). pan=(0.280, 0.032, 0.050) pan_yaw=+29.1deg handle=(0.123, -0.056, 0.130) gripper_yaw_err=+34.0deg egg_xy_d=0.241 egg_z_d=-0.028 pan_stove_xy_d=0.047 pan_stove_z_d=-0.000 flipped=True in_pan=False still=True on_stove=True
[FlipPan scripted policy] Phase 0 -> 1 (aligned above handle). pan=(0.280, 0.032, 0.050) pan_yaw=+29.1deg handle=(0.123, -0.056, 0.130) gripper_yaw_err=+0.0deg egg_xy_d=0.241 egg_z_d=-0.028 pan_stove_xy_d=0.047 pan_stove_z_d=-0.000 flipped=True in_pan=False still=True on_stove=True
[FlipPan scripted policy] Phase 1 -> 2 (at handle, closing gripper). pan=(0.280, 0.032, 0.050) pan_yaw=+29.1deg handle=(0.123, -0.056, 0.130) gripper_yaw_err=+0.0deg egg_xy_d=0.241 egg_z_d=-0.028 pan_stove_xy_d=0.047 pan_stove_z_d=-0.000 flipped=True in_pan=False still=True on_stove=True
  [ep 0/1, attempt 39] step 601/900  terminated=False  truncated=False
[FlipPan scripted policy] Phase 3 -> 4 (pan lifted and re-aligned). pan=(0.345, 0.000, 0.186) pan_yaw=+9.5deg handle=(0.152, 0.029, 0.217) gripper_yaw_err=+9.4deg egg_xy_d=0.256 egg_z_d=-0.164 pan_stove_xy_d=0.047 pan_stove_z_d=0.136 flipped=True in_pan=False still=True on_stove=False
  [ep 0/1, attempt 39] step 701/900  terminated=False  truncated=False
[FlipPan scripted policy] Pan placed back on the stove. pan=(0.326, -0.070, 0.087) pan_yaw=+8.4deg handle=(0.135, -0.116, 0.101) gripper_yaw_err=-8.6deg egg_xy_d=0.198 egg_z_d=-0.065 pan_stove_xy_d=0.065 pan_stove_z_d=0.037 flipped=True in_pan=False still=True on_stove=False
  [ep 0/1, attempt 39] step 801/900  terminated=False  truncated=False
[FlipPan scripted policy] Attempt failed. Retrying (3/3). pan=(0.321, -0.070, 0.050) pan_yaw=+19.1deg handle=(0.151, -0.129, 0.130) gripper_yaw_err=+18.9deg egg_xy_d=0.204 egg_z_d=-0.028 pan_stove_xy_d=0.063 pan_stove_z_d=-0.000 flipped=True in_pan=False still=True on_stove=False
[FlipPan scripted policy] Phase 0 -> 1 (aligned above handle). pan=(0.321, -0.070, 0.050) pan_yaw=+19.1deg handle=(0.151, -0.129, 0.130) gripper_yaw_err=+0.0deg egg_xy_d=0.204 egg_z_d=-0.028 pan_stove_xy_d=0.063 pan_stove_z_d=-0.000 flipped=True in_pan=False still=True on_stove=False
[FlipPan scripted policy] Phase 1 -> 2 (at handle, closing gripper). pan=(0.321, -0.070, 0.050) pan_yaw=+19.1deg handle=(0.151, -0.129, 0.130) gripper_yaw_err=+0.0deg egg_xy_d=0.204 egg_z_d=-0.028 pan_stove_xy_d=0.063 pan_stove_z_d=-0.000 flipped=True in_pan=False still=True on_stove=False
[FlipPan scripted policy] Phase 3 -> 4 (pan lifted and re-aligned). pan=(0.333, -0.003, 0.120) pan_yaw=-1.8deg handle=(0.168, -0.018, 0.226) gripper_yaw_err=-1.8deg egg_xy_d=0.256 egg_z_d=-0.098 pan_stove_xy_d=0.035 pan_stove_z_d=0.070 flipped=True in_pan=False still=True on_stove=False
  [ep 0/1, attempt 39] step 900/900  terminated=False  truncated=True
  [WARNING] Episode 0 attempt 39 truncated without success. Discarding and retrying...
  [Success Rate] overall: 0.0% (0/39) | moving avg (last 39): 0.0%
  [ep 0/1, attempt 40] step 1/900  terminated=False  truncated=False
[FlipPan scripted policy] Phase 0 -> 1 (aligned above handle). pan=(0.256, 0.142, 0.050) pan_yaw=-22.3deg handle=(0.089, 0.210, 0.130) gripper_yaw_err=-0.0deg egg_xy_d=0.026 egg_z_d=0.013 pan_stove_xy_d=0.000 pan_stove_z_d=-0.000 flipped=False in_pan=True still=True on_stove=True
[FlipPan scripted policy] Phase 1 -> 2 (at handle, closing gripper). pan=(0.256, 0.142, 0.050) pan_yaw=-22.3deg handle=(0.089, 0.210, 0.130) gripper_yaw_err=-0.0deg egg_xy_d=0.026 egg_z_d=0.013 pan_stove_xy_d=0.000 pan_stove_z_d=-0.000 flipped=False in_pan=True still=True on_stove=True
[FlipPan scripted policy] Phase 3 -> 4 (pan lifted and re-aligned). pan=(0.312, 0.007, 0.092) pan_yaw=-0.1deg handle=(0.167, 0.009, 0.225) gripper_yaw_err=-0.1deg egg_xy_d=0.028 egg_z_d=0.009 pan_stove_xy_d=0.147 pan_stove_z_d=0.042 flipped=False in_pan=True still=True on_stove=False
  [ep 0/1, attempt 40] step 101/900  terminated=False  truncated=False
[FlipPan scripted policy] Pan placed back on the stove. pan=(0.256, 0.141, 0.065) pan_yaw=+5.1deg handle=(0.075, 0.125, 0.141) gripper_yaw_err=+0.3deg egg_xy_d=0.339 egg_z_d=-0.979 pan_stove_xy_d=0.001 pan_stove_z_d=0.016 flipped=False in_pan=False still=True on_stove=True
  [ep 0/1, attempt 40] step 201/900  terminated=False  truncated=False
[FlipPan scripted policy] Attempt failed. Retrying (1/3). pan=(0.261, 0.137, 0.050) pan_yaw=+8.1deg handle=(0.083, 0.112, 0.130) gripper_yaw_err=+8.6deg egg_xy_d=0.333 egg_z_d=-0.963 pan_stove_xy_d=0.007 pan_stove_z_d=-0.000 flipped=False in_pan=False still=True on_stove=True
[FlipPan scripted policy] Phase 0 -> 1 (aligned above handle). pan=(0.261, 0.137, 0.050) pan_yaw=+8.1deg handle=(0.083, 0.112, 0.130) gripper_yaw_err=-0.0deg egg_xy_d=0.332 egg_z_d=-0.963 pan_stove_xy_d=0.007 pan_stove_z_d=-0.000 flipped=False in_pan=False still=True on_stove=True
[FlipPan scripted policy] Phase 1 -> 2 (at handle, closing gripper). pan=(0.261, 0.137, 0.050) pan_yaw=+8.1deg handle=(0.083, 0.112, 0.130) gripper_yaw_err=-0.0deg egg_xy_d=0.333 egg_z_d=-0.963 pan_stove_xy_d=0.007 pan_stove_z_d=-0.000 flipped=False in_pan=False still=True on_stove=True
  [ep 0/1, attempt 40] step 301/900  terminated=False  truncated=False
[FlipPan scripted policy] Phase 3 -> 4 (pan lifted and re-aligned). pan=(0.321, 0.008, 0.105) pan_yaw=+0.6deg handle=(0.166, 0.008, 0.226) gripper_yaw_err=+0.6deg egg_xy_d=0.220 egg_z_d=-1.019 pan_stove_xy_d=0.149 pan_stove_z_d=0.056 flipped=False in_pan=False still=True on_stove=False
  [ep 0/1, attempt 40] step 401/900  terminated=False  truncated=False
[FlipPan scripted policy] Pan placed back on the stove. pan=(0.251, 0.138, 0.063) pan_yaw=-7.6deg handle=(0.070, 0.152, 0.141) gripper_yaw_err=-0.1deg egg_xy_d=0.342 egg_z_d=-0.977 pan_stove_xy_d=0.006 pan_stove_z_d=0.014 flipped=False in_pan=False still=True on_stove=True
  [ep 0/1, attempt 40] step 501/900  terminated=False  truncated=False
[FlipPan scripted policy] Attempt failed. Retrying (2/3). pan=(0.253, 0.139, 0.050) pan_yaw=-8.4deg handle=(0.075, 0.165, 0.130) gripper_yaw_err=-9.0deg egg_xy_d=0.341 egg_z_d=-0.963 pan_stove_xy_d=0.004 pan_stove_z_d=-0.000 flipped=False in_pan=False still=True on_stove=True
[FlipPan scripted policy] Phase 0 -> 1 (aligned above handle). pan=(0.253, 0.139, 0.050) pan_yaw=-8.4deg handle=(0.075, 0.165, 0.130) gripper_yaw_err=+0.0deg egg_xy_d=0.340 egg_z_d=-0.963 pan_stove_xy_d=0.004 pan_stove_z_d=-0.000 flipped=False in_pan=False still=True on_stove=True
[FlipPan scripted policy] Phase 1 -> 2 (at handle, closing gripper). pan=(0.253, 0.139, 0.050) pan_yaw=-8.4deg handle=(0.075, 0.165, 0.130) gripper_yaw_err=+0.0deg egg_xy_d=0.341 egg_z_d=-0.963 pan_stove_xy_d=0.004 pan_stove_z_d=-0.000 flipped=False in_pan=False still=True on_stove=True
[FlipPan scripted policy] Phase 3 -> 4 (pan lifted and re-aligned). pan=(0.318, 0.015, 0.100) pan_yaw=+1.1deg handle=(0.167, 0.010, 0.226) gripper_yaw_err=+1.2deg egg_xy_d=0.225 egg_z_d=-1.013 pan_stove_xy_d=0.141 pan_stove_z_d=0.050 flipped=False in_pan=False still=True on_stove=False
  [ep 0/1, attempt 40] step 601/900  terminated=False  truncated=False
  [ep 0/1, attempt 40] step 701/900  terminated=False  truncated=False
[FlipPan scripted policy] Pan placed back on the stove. pan=(0.256, 0.135, 0.093) pan_yaw=-4.5deg handle=(0.060, 0.153, 0.098) gripper_yaw_err=+2.3deg egg_xy_d=0.336 egg_z_d=-1.007 pan_stove_xy_d=0.007 pan_stove_z_d=0.044 flipped=False in_pan=False still=True on_stove=False
  [ep 0/1, attempt 40] step 801/900  terminated=False  truncated=False
[FlipPan scripted policy] Attempt failed. Retrying (3/3). pan=(0.259, 0.129, 0.050) pan_yaw=-5.9deg handle=(0.080, 0.148, 0.130) gripper_yaw_err=-5.0deg egg_xy_d=0.330 egg_z_d=-0.963 pan_stove_xy_d=0.013 pan_stove_z_d=-0.000 flipped=False in_pan=False still=True on_stove=True
[FlipPan scripted policy] Phase 0 -> 1 (aligned above handle). pan=(0.259, 0.129, 0.050) pan_yaw=-5.9deg handle=(0.080, 0.148, 0.130) gripper_yaw_err=-0.0deg egg_xy_d=0.330 egg_z_d=-0.963 pan_stove_xy_d=0.013 pan_stove_z_d=-0.000 flipped=False in_pan=False still=True on_stove=True
[FlipPan scripted policy] Phase 1 -> 2 (at handle, closing gripper). pan=(0.259, 0.129, 0.050) pan_yaw=-5.9deg handle=(0.080, 0.148, 0.130) gripper_yaw_err=-0.0deg egg_xy_d=0.330 egg_z_d=-0.963 pan_stove_xy_d=0.013 pan_stove_z_d=-0.000 flipped=False in_pan=False still=True on_stove=True
[FlipPan scripted policy] Phase 3 -> 4 (pan lifted and re-aligned). pan=(0.319, 0.010, 0.103) pan_yaw=+0.7deg handle=(0.166, 0.009, 0.226) gripper_yaw_err=+0.7deg egg_xy_d=0.222 egg_z_d=-1.016 pan_stove_xy_d=0.146 pan_stove_z_d=0.053 flipped=False in_pan=False still=True on_stove=False
  [ep 0/1, attempt 40] step 900/900  terminated=False  truncated=True
  [WARNING] Episode 0 attempt 40 truncated without success. Discarding and retrying...
  [Success Rate] overall: 0.0% (0/40) | moving avg (last 40): 0.0%
  [ep 0/1, attempt 41] step 1/900  terminated=False  truncated=False
[FlipPan scripted policy] Phase 0 -> 1 (aligned above handle). pan=(0.205, 0.271, 0.050) pan_yaw=-8.4deg handle=(0.027, 0.297, 0.130) gripper_yaw_err=-0.0deg egg_xy_d=0.016 egg_z_d=0.013 pan_stove_xy_d=0.000 pan_stove_z_d=-0.000 flipped=False in_pan=True still=True on_stove=True
[FlipPan scripted policy] Phase 1 -> 2 (at handle, closing gripper). pan=(0.205, 0.271, 0.050) pan_yaw=-8.4deg handle=(0.027, 0.297, 0.130) gripper_yaw_err=-0.0deg egg_xy_d=0.016 egg_z_d=0.013 pan_stove_xy_d=0.000 pan_stove_z_d=-0.000 flipped=False in_pan=True still=True on_stove=True
[FlipPan scripted policy] Phase 3 -> 4 (pan lifted and re-aligned). pan=(0.315, 0.007, 0.094) pan_yaw=-0.1deg handle=(0.168, 0.009, 0.225) gripper_yaw_err=-0.1deg egg_xy_d=0.020 egg_z_d=0.013 pan_stove_xy_d=0.286 pan_stove_z_d=0.044 flipped=False in_pan=True still=True on_stove=False
  [ep 0/1, attempt 41] step 101/900  terminated=False  truncated=False
[FlipPan scripted policy] Pan placed back on the stove. pan=(0.205, 0.270, 0.065) pan_yaw=+5.4deg handle=(0.023, 0.252, 0.137) gripper_yaw_err=+0.3deg egg_xy_d=0.154 egg_z_d=-0.031 pan_stove_xy_d=0.001 pan_stove_z_d=0.015 flipped=True in_pan=False still=True on_stove=True
  [ep 0/1, attempt 41] step 201/900  terminated=False  truncated=False
[FlipPan scripted policy] Attempt failed. Retrying (1/3). pan=(0.207, 0.270, 0.053) pan_yaw=+5.6deg handle=(0.026, 0.255, 0.130) gripper_yaw_err=+5.7deg egg_xy_d=0.163 egg_z_d=-0.001 pan_stove_xy_d=0.002 pan_stove_z_d=0.003 flipped=True in_pan=False still=True on_stove=True
  [ep 0/1, attempt 41] step 301/900  terminated=False  truncated=False
[FlipPan scripted policy] Phase 0 -> 1 (aligned above handle). pan=(0.206, 0.270, 0.053) pan_yaw=+5.5deg handle=(0.026, 0.255, 0.130) gripper_yaw_err=-0.0deg egg_xy_d=0.163 egg_z_d=-0.001 pan_stove_xy_d=0.002 pan_stove_z_d=0.003 flipped=True in_pan=False still=True on_stove=True
[FlipPan scripted policy] Phase 1 -> 2 (at handle, closing gripper). pan=(0.206, 0.271, 0.053) pan_yaw=+5.5deg handle=(0.026, 0.255, 0.130) gripper_yaw_err=-0.0deg egg_xy_d=0.163 egg_z_d=-0.001 pan_stove_xy_d=0.001 pan_stove_z_d=0.003 flipped=True in_pan=False still=True on_stove=True
[FlipPan scripted policy] Phase 3 -> 4 (pan lifted and re-aligned). pan=(0.323, 0.011, 0.105) pan_yaw=+0.3deg handle=(0.168, 0.010, 0.227) gripper_yaw_err=+0.3deg egg_xy_d=0.109 egg_z_d=-0.077 pan_stove_xy_d=0.285 pan_stove_z_d=0.055 flipped=True in_pan=False still=True on_stove=False
  [ep 0/1, attempt 41] step 401/900  terminated=False  truncated=False
[FlipPan scripted policy] Pan placed back on the stove. pan=(0.199, 0.265, 0.060) pan_yaw=-11.9deg handle=(0.021, 0.295, 0.138) gripper_yaw_err=-0.0deg egg_xy_d=0.178 egg_z_d=-0.036 pan_stove_xy_d=0.008 pan_stove_z_d=0.010 flipped=True in_pan=False still=True on_stove=True
  [ep 0/1, attempt 41] step 501/900  terminated=False  truncated=False
[FlipPan scripted policy] Attempt failed. Retrying (2/3). pan=(0.200, 0.267, 0.050) pan_yaw=-12.1deg handle=(0.024, 0.304, 0.130) gripper_yaw_err=-11.0deg egg_xy_d=0.181 egg_z_d=-0.026 pan_stove_xy_d=0.006 pan_stove_z_d=-0.000 flipped=True in_pan=False still=True on_stove=True
[FlipPan scripted policy] Phase 0 -> 1 (aligned above handle). pan=(0.200, 0.267, 0.050) pan_yaw=-12.1deg handle=(0.024, 0.304, 0.130) gripper_yaw_err=+0.0deg egg_xy_d=0.182 egg_z_d=-0.026 pan_stove_xy_d=0.006 pan_stove_z_d=-0.000 flipped=True in_pan=False still=True on_stove=True
[FlipPan scripted policy] Phase 1 -> 2 (at handle, closing gripper). pan=(0.200, 0.267, 0.050) pan_yaw=-12.1deg handle=(0.024, 0.304, 0.130) gripper_yaw_err=+0.0deg egg_xy_d=0.182 egg_z_d=-0.026 pan_stove_xy_d=0.006 pan_stove_z_d=-0.000 flipped=True in_pan=False still=True on_stove=True
  [ep 0/1, attempt 41] step 601/900  terminated=False  truncated=False
[FlipPan scripted policy] Phase 3 -> 4 (pan lifted and re-aligned). pan=(0.318, 0.011, 0.099) pan_yaw=+0.1deg handle=(0.168, 0.010, 0.226) gripper_yaw_err=+0.2deg egg_xy_d=0.099 egg_z_d=-0.076 pan_stove_xy_d=0.284 pan_stove_z_d=0.049 flipped=True in_pan=False still=True on_stove=False
  [ep 0/1, attempt 41] step 701/900  terminated=False  truncated=False
[FlipPan scripted policy] Pan placed back on the stove. pan=(0.206, 0.250, 0.095) pan_yaw=-19.2deg handle=(0.018, 0.308, 0.095) gripper_yaw_err=-8.7deg egg_xy_d=0.170 egg_z_d=-0.073 pan_stove_xy_d=0.021 pan_stove_z_d=0.045 flipped=True in_pan=False still=True on_stove=False
  [ep 0/1, attempt 41] step 801/900  terminated=False  truncated=False
[FlipPan scripted policy] Attempt failed. Retrying (3/3). pan=(0.220, 0.312, 0.050) pan_yaw=-12.9deg handle=(0.044, 0.353, 0.130) gripper_yaw_err=-11.7deg egg_xy_d=0.228 egg_z_d=-0.028 pan_stove_xy_d=0.044 pan_stove_z_d=-0.000 flipped=True in_pan=False still=True on_stove=True
[FlipPan scripted policy] Phase 0 -> 1 (aligned above handle). pan=(0.220, 0.312, 0.050) pan_yaw=-12.9deg handle=(0.044, 0.353, 0.130) gripper_yaw_err=-0.0deg egg_xy_d=0.228 egg_z_d=-0.028 pan_stove_xy_d=0.044 pan_stove_z_d=-0.000 flipped=True in_pan=False still=True on_stove=True
[FlipPan scripted policy] Phase 1 -> 2 (at handle, closing gripper). pan=(0.220, 0.312, 0.050) pan_yaw=-12.9deg handle=(0.044, 0.353, 0.130) gripper_yaw_err=-0.0deg egg_xy_d=0.228 egg_z_d=-0.028 pan_stove_xy_d=0.044 pan_stove_z_d=-0.000 flipped=True in_pan=False still=True on_stove=True
  [ep 0/1, attempt 41] step 900/900  terminated=False  truncated=True
  [WARNING] Episode 0 attempt 41 truncated without success. Discarding and retrying...
  [Success Rate] overall: 0.0% (0/41) | moving avg (last 41): 0.0%
  [ep 0/1, attempt 42] step 1/900  terminated=False  truncated=False
[FlipPan scripted policy] Phase 0 -> 1 (aligned above handle). pan=(0.284, 0.279, 0.050) pan_yaw=+36.3deg handle=(0.139, 0.173, 0.130) gripper_yaw_err=-0.0deg egg_xy_d=0.017 egg_z_d=0.013 pan_stove_xy_d=0.000 pan_stove_z_d=-0.000 flipped=False in_pan=True still=True on_stove=True
[FlipPan scripted policy] Phase 1 -> 2 (at handle, closing gripper). pan=(0.284, 0.279, 0.050) pan_yaw=+36.3deg handle=(0.139, 0.173, 0.130) gripper_yaw_err=-0.0deg egg_xy_d=0.017 egg_z_d=0.013 pan_stove_xy_d=0.000 pan_stove_z_d=-0.000 flipped=False in_pan=True still=True on_stove=True
[FlipPan scripted policy] Phase 3 -> 4 (pan lifted and re-aligned). pan=(0.314, 0.006, 0.088) pan_yaw=-0.2deg handle=(0.170, 0.008, 0.223) gripper_yaw_err=-0.2deg egg_xy_d=0.016 egg_z_d=0.010 pan_stove_xy_d=0.275 pan_stove_z_d=0.039 flipped=False in_pan=True still=True on_stove=False
  [ep 0/1, attempt 42] step 101/900  terminated=False  truncated=False
[FlipPan scripted policy] Pan placed back on the stove. pan=(0.284, 0.278, 0.065) pan_yaw=+1.8deg handle=(0.104, 0.275, 0.145) gripper_yaw_err=+0.4deg egg_xy_d=0.153 egg_z_d=0.052 pan_stove_xy_d=0.002 pan_stove_z_d=0.016 flipped=True in_pan=False still=True on_stove=True
  [ep 0/1, attempt 42] step 201/900  terminated=False  truncated=False
[FlipPan scripted policy] Attempt failed. Retrying (1/3). pan=(0.285, 0.279, 0.050) pan_yaw=+1.8deg handle=(0.105, 0.273, 0.130) gripper_yaw_err=+1.4deg egg_xy_d=0.150 egg_z_d=0.054 pan_stove_xy_d=0.001 pan_stove_z_d=-0.000 flipped=True in_pan=False still=True on_stove=True
[FlipPan scripted policy] Phase 0 -> 1 (aligned above handle). pan=(0.287, 0.280, 0.059) pan_yaw=+3.2deg handle=(0.101, 0.272, 0.123) gripper_yaw_err=+0.9deg egg_xy_d=0.153 egg_z_d=0.046 pan_stove_xy_d=0.003 pan_stove_z_d=0.009 flipped=True in_pan=False still=False on_stove=True
  [ep 0/1, attempt 42] step 301/900  terminated=False  truncated=False
[FlipPan scripted policy] Phase 1 -> 2 (at handle, closing gripper). pan=(0.278, 0.320, 0.097) pan_yaw=+26.5deg handle=(0.093, 0.252, 0.100) gripper_yaw_err=+0.6deg egg_xy_d=0.161 egg_z_d=-0.026 pan_stove_xy_d=0.041 pan_stove_z_d=0.048 flipped=False in_pan=False still=True on_stove=False
[FlipPan scripted policy] Phase 3 -> 4 (pan lifted and re-aligned). pan=(0.357, 0.006, 0.191) pan_yaw=+10.1deg handle=(0.165, 0.041, 0.216) gripper_yaw_err=+10.1deg egg_xy_d=0.490 egg_z_d=-0.185 pan_stove_xy_d=0.283 pan_stove_z_d=0.141 flipped=False in_pan=False still=True on_stove=False
  [ep 0/1, attempt 42] step 401/900  terminated=False  truncated=False
  [ep 0/1, attempt 42] step 501/900  terminated=False  truncated=False
[FlipPan scripted policy] Pan placed back on the stove. pan=(0.338, 0.320, 0.212) pan_yaw=+28.6deg handle=(0.201, 0.287, 0.074) gripper_yaw_err=+14.1deg egg_xy_d=0.321 egg_z_d=-0.206 pan_stove_xy_d=0.067 pan_stove_z_d=0.163 flipped=False in_pan=False still=True on_stove=False
  [ep 0/1, attempt 42] step 601/900  terminated=False  truncated=False
[FlipPan scripted policy] Attempt failed. Retrying (2/3). pan=(0.346, 0.282, 0.091) pan_yaw=+7.5deg handle=(0.162, 0.258, 0.024) gripper_yaw_err=+7.3deg egg_xy_d=0.337 egg_z_d=-0.085 pan_stove_xy_d=0.062 pan_stove_z_d=0.041 flipped=False in_pan=False still=True on_stove=False
[FlipPan scripted policy] Phase 0 -> 1 (aligned above handle). pan=(0.346, 0.282, 0.091) pan_yaw=+7.6deg handle=(0.163, 0.258, 0.024) gripper_yaw_err=+0.0deg egg_xy_d=0.337 egg_z_d=-0.085 pan_stove_xy_d=0.062 pan_stove_z_d=0.041 flipped=False in_pan=False still=True on_stove=False
  [ep 0/1, attempt 42] step 701/900  terminated=False  truncated=False
  [ep 0/1, attempt 42] step 801/900  terminated=False  truncated=False
  [ep 0/1, attempt 42] step 900/900  terminated=False  truncated=True
  [WARNING] Episode 0 attempt 42 truncated without success. Discarding and retrying...
  [Success Rate] overall: 0.0% (0/42) | moving avg (last 42): 0.0%
  [ep 0/1, attempt 43] step 1/900  terminated=False  truncated=False
[FlipPan scripted policy] Phase 0 -> 1 (aligned above handle). pan=(0.155, -0.261, 0.050) pan_yaw=+8.4deg handle=(-0.023, -0.287, 0.130) gripper_yaw_err=+0.0deg egg_xy_d=0.046 egg_z_d=0.013 pan_stove_xy_d=0.000 pan_stove_z_d=-0.000 flipped=False in_pan=True still=True on_stove=True
[FlipPan scripted policy] Phase 1 -> 2 (at handle, closing gripper). pan=(0.155, -0.261, 0.050) pan_yaw=+8.4deg handle=(-0.023, -0.287, 0.130) gripper_yaw_err=+0.0deg egg_xy_d=0.046 egg_z_d=0.013 pan_stove_xy_d=0.000 pan_stove_z_d=-0.000 flipped=False in_pan=True still=True on_stove=True
[FlipPan scripted policy] Phase 3 -> 4 (pan lifted and re-aligned). pan=(0.316, -0.009, 0.097) pan_yaw=-0.2deg handle=(0.167, -0.007, 0.226) gripper_yaw_err=-0.2deg egg_xy_d=0.050 egg_z_d=-0.000 pan_stove_xy_d=0.299 pan_stove_z_d=0.048 flipped=False in_pan=False still=True on_stove=False
  [ep 0/1, attempt 43] step 101/900  terminated=False  truncated=False
  [ep 0/1, attempt 43] step 201/900  terminated=False  truncated=False
[FlipPan scripted policy] Pan placed back on the stove. pan=(0.161, -0.264, 0.088) pan_yaw=-5.6deg handle=(-0.035, -0.247, 0.091) gripper_yaw_err=+0.2deg egg_xy_d=0.023 egg_z_d=-0.032 pan_stove_xy_d=0.007 pan_stove_z_d=0.038 flipped=False in_pan=False still=True on_stove=False
  [ep 0/1, attempt 43] step 301/900  terminated=False  truncated=False
[FlipPan scripted policy] Attempt failed. Retrying (1/3). pan=(0.125, -0.291, 0.062) pan_yaw=-54.7deg handle=(0.008, -0.150, 0.135) gripper_yaw_err=-54.5deg egg_xy_d=0.085 egg_z_d=-0.007 pan_stove_xy_d=0.043 pan_stove_z_d=0.012 flipped=False in_pan=False still=True on_stove=True
[FlipPan scripted policy] Phase 0 -> 1 (aligned above handle). pan=(0.124, -0.291, 0.061) pan_yaw=-54.4deg handle=(0.007, -0.151, 0.134) gripper_yaw_err=+0.0deg egg_xy_d=0.090 egg_z_d=-0.006 pan_stove_xy_d=0.044 pan_stove_z_d=0.012 flipped=False in_pan=False still=True on_stove=True
[FlipPan scripted policy] Phase 1 -> 2 (at handle, closing gripper). pan=(0.124, -0.291, 0.061) pan_yaw=-54.3deg handle=(0.006, -0.151, 0.134) gripper_yaw_err=+0.0deg egg_xy_d=0.092 egg_z_d=-0.006 pan_stove_xy_d=0.044 pan_stove_z_d=0.012 flipped=False in_pan=False still=True on_stove=True
  [ep 0/1, attempt 43] step 401/900  terminated=False  truncated=False
[FlipPan scripted policy] Phase 3 -> 4 (pan lifted and re-aligned). pan=(0.342, -0.007, 0.189) pan_yaw=-10.5deg handle=(0.150, -0.036, 0.220) gripper_yaw_err=-9.0deg egg_xy_d=0.187 egg_z_d=-0.143 pan_stove_xy_d=0.315 pan_stove_z_d=0.140 flipped=False in_pan=False still=True on_stove=False
  [ep 0/1, attempt 43] step 501/900  terminated=False  truncated=False
[FlipPan scripted policy] Pan placed back on the stove. pan=(0.193, -0.277, 0.117) pan_yaw=-17.9deg handle=(0.036, -0.220, 0.013) gripper_yaw_err=-17.5deg egg_xy_d=0.174 egg_z_d=-0.087 pan_stove_xy_d=0.041 pan_stove_z_d=0.068 flipped=False in_pan=False still=True on_stove=False
  [ep 0/1, attempt 43] step 601/900  terminated=False  truncated=False
[FlipPan scripted policy] Attempt failed. Retrying (2/3). pan=(0.387, -0.452, 0.068) pan_yaw=-33.1deg handle=(0.227, -0.348, 0.022) gripper_yaw_err=-33.8deg egg_xy_d=0.329 egg_z_d=-0.041 pan_stove_xy_d=0.301 pan_stove_z_d=0.019 flipped=False in_pan=False still=True on_stove=False
[FlipPan scripted policy] Phase 0 -> 1 (aligned above handle). pan=(0.387, -0.452, 0.068) pan_yaw=-33.1deg handle=(0.227, -0.348, 0.022) gripper_yaw_err=-0.0deg egg_xy_d=0.330 egg_z_d=-0.041 pan_stove_xy_d=0.301 pan_stove_z_d=0.019 flipped=False in_pan=False still=True on_stove=False
  [ep 0/1, attempt 43] step 701/900  terminated=False  truncated=False
  [ep 0/1, attempt 43] step 801/900  terminated=False  truncated=False
  [ep 0/1, attempt 43] step 900/900  terminated=False  truncated=True
  [WARNING] Episode 0 attempt 43 truncated without success. Discarding and retrying...
  [Success Rate] overall: 0.0% (0/43) | moving avg (last 43): 0.0%
  [ep 0/1, attempt 44] step 1/900  terminated=False  truncated=False
[FlipPan scripted policy] Phase 0 -> 1 (aligned above handle). pan=(0.152, -0.313, 0.050) pan_yaw=-25.5deg handle=(-0.011, -0.236, 0.130) gripper_yaw_err=+0.0deg egg_xy_d=0.033 egg_z_d=0.013 pan_stove_xy_d=0.000 pan_stove_z_d=-0.000 flipped=False in_pan=True still=True on_stove=True
[FlipPan scripted policy] Phase 1 -> 2 (at handle, closing gripper). pan=(0.152, -0.313, 0.050) pan_yaw=-25.5deg handle=(-0.011, -0.236, 0.130) gripper_yaw_err=+0.0deg egg_xy_d=0.033 egg_z_d=0.013 pan_stove_xy_d=0.000 pan_stove_z_d=-0.000 flipped=False in_pan=True still=True on_stove=True
[FlipPan scripted policy] Phase 3 -> 4 (pan lifted and re-aligned). pan=(0.316, -0.006, 0.094) pan_yaw=+0.3deg handle=(0.168, -0.006, 0.224) gripper_yaw_err=+0.3deg egg_xy_d=0.051 egg_z_d=0.005 pan_stove_xy_d=0.348 pan_stove_z_d=0.044 flipped=False in_pan=False still=True on_stove=False
  [ep 0/1, attempt 44] step 101/900  terminated=False  truncated=False
[FlipPan scripted policy] Pan placed back on the stove. pan=(0.152, -0.312, 0.065) pan_yaw=-1.0deg handle=(-0.032, -0.308, 0.134) gripper_yaw_err=+0.3deg egg_xy_d=0.595 egg_z_d=-0.043 pan_stove_xy_d=0.001 pan_stove_z_d=0.015 flipped=True in_pan=False still=True on_stove=True
  [ep 0/1, attempt 44] step 201/900  terminated=False  truncated=False
[FlipPan scripted policy] Attempt failed. Retrying (1/3). pan=(0.154, -0.312, 0.050) pan_yaw=-0.9deg handle=(-0.026, -0.309, 0.130) gripper_yaw_err=-1.7deg egg_xy_d=0.595 egg_z_d=-0.028 pan_stove_xy_d=0.002 pan_stove_z_d=-0.000 flipped=True in_pan=False still=True on_stove=True
  [ep 0/1, attempt 44] step 301/900  terminated=False  truncated=False
[FlipPan scripted policy] Phase 0 -> 1 (aligned above handle). pan=(0.154, -0.312, 0.050) pan_yaw=-0.9deg handle=(-0.026, -0.309, 0.130) gripper_yaw_err=-0.0deg egg_xy_d=0.595 egg_z_d=-0.028 pan_stove_xy_d=0.002 pan_stove_z_d=-0.000 flipped=True in_pan=False still=True on_stove=True
[FlipPan scripted policy] Phase 1 -> 2 (at handle, closing gripper). pan=(0.154, -0.312, 0.050) pan_yaw=-0.9deg handle=(-0.026, -0.309, 0.130) gripper_yaw_err=-0.0deg egg_xy_d=0.595 egg_z_d=-0.028 pan_stove_xy_d=0.002 pan_stove_z_d=-0.000 flipped=True in_pan=False still=True on_stove=True
[FlipPan scripted policy] Phase 3 -> 4 (pan lifted and re-aligned). pan=(0.321, -0.010, 0.104) pan_yaw=-0.1deg handle=(0.167, -0.007, 0.228) gripper_yaw_err=-0.1deg egg_xy_d=0.252 egg_z_d=-0.083 pan_stove_xy_d=0.347 pan_stove_z_d=0.055 flipped=True in_pan=False still=True on_stove=False
  [ep 0/1, attempt 44] step 401/900  terminated=False  truncated=False
  [ep 0/1, attempt 44] step 501/900  terminated=False  truncated=False
[FlipPan scripted policy] Pan placed back on the stove. pan=(0.150, -0.315, 0.090) pan_yaw=+15.7deg handle=(-0.040, -0.368, 0.093) gripper_yaw_err=+2.5deg egg_xy_d=0.599 egg_z_d=-0.068 pan_stove_xy_d=0.002 pan_stove_z_d=0.040 flipped=True in_pan=False still=True on_stove=False
  [ep 0/1, attempt 44] step 601/900  terminated=False  truncated=False
[FlipPan scripted policy] Attempt failed. Retrying (2/3). pan=(0.158, -0.322, 0.050) pan_yaw=+17.2deg handle=(-0.014, -0.375, 0.130) gripper_yaw_err=+16.2deg egg_xy_d=0.602 egg_z_d=-0.028 pan_stove_xy_d=0.010 pan_stove_z_d=-0.000 flipped=True in_pan=False still=True on_stove=True
[FlipPan scripted policy] Phase 0 -> 1 (aligned above handle). pan=(0.158, -0.322, 0.050) pan_yaw=+17.2deg handle=(-0.014, -0.375, 0.130) gripper_yaw_err=-0.0deg egg_xy_d=0.602 egg_z_d=-0.028 pan_stove_xy_d=0.010 pan_stove_z_d=-0.000 flipped=True in_pan=False still=True on_stove=True
[FlipPan scripted policy] Phase 1 -> 2 (at handle, closing gripper). pan=(0.158, -0.322, 0.050) pan_yaw=+17.2deg handle=(-0.014, -0.375, 0.130) gripper_yaw_err=-0.0deg egg_xy_d=0.602 egg_z_d=-0.028 pan_stove_xy_d=0.010 pan_stove_z_d=-0.000 flipped=True in_pan=False still=True on_stove=True
[FlipPan scripted policy] Phase 3 -> 4 (pan lifted and re-aligned). pan=(0.323, -0.011, 0.104) pan_yaw=-0.1deg handle=(0.169, -0.008, 0.227) gripper_yaw_err=-0.1deg egg_xy_d=0.252 egg_z_d=-0.083 pan_stove_xy_d=0.347 pan_stove_z_d=0.054 flipped=True in_pan=False still=True on_stove=False
  [ep 0/1, attempt 44] step 701/900  terminated=False  truncated=False
  [ep 0/1, attempt 44] step 801/900  terminated=False  truncated=False
[FlipPan scripted policy] Pan placed back on the stove. pan=(0.152, -0.312, 0.065) pan_yaw=+13.8deg handle=(-0.029, -0.345, 0.136) gripper_yaw_err=+0.9deg egg_xy_d=0.595 egg_z_d=-0.044 pan_stove_xy_d=0.002 pan_stove_z_d=0.016 flipped=True in_pan=False still=True on_stove=True
  [ep 0/1, attempt 44] step 900/900  terminated=False  truncated=True
  [WARNING] Episode 0 attempt 44 truncated without success. Discarding and retrying...
  [Success Rate] overall: 0.0% (0/44) | moving avg (last 44): 0.0%
  [ep 0/1, attempt 45] step 1/900  terminated=False  truncated=False
[FlipPan scripted policy] Phase 0 -> 1 (aligned above handle). pan=(0.347, -0.176, 0.050) pan_yaw=-0.7deg handle=(0.167, -0.174, 0.130) gripper_yaw_err=+0.0deg egg_xy_d=0.029 egg_z_d=0.013 pan_stove_xy_d=0.000 pan_stove_z_d=-0.000 flipped=False in_pan=True still=True on_stove=True
[FlipPan scripted policy] Phase 1 -> 2 (at handle, closing gripper). pan=(0.347, -0.176, 0.050) pan_yaw=-0.7deg handle=(0.167, -0.174, 0.130) gripper_yaw_err=+0.0deg egg_xy_d=0.029 egg_z_d=0.013 pan_stove_xy_d=0.000 pan_stove_z_d=-0.000 flipped=False in_pan=True still=True on_stove=True
[FlipPan scripted policy] Phase 3 -> 4 (pan lifted and re-aligned). pan=(0.317, -0.006, 0.088) pan_yaw=+0.1deg handle=(0.173, -0.006, 0.222) gripper_yaw_err=+0.1deg egg_xy_d=0.032 egg_z_d=0.006 pan_stove_xy_d=0.172 pan_stove_z_d=0.039 flipped=False in_pan=False still=True on_stove=False
  [ep 0/1, attempt 45] step 101/900  terminated=False  truncated=False
[FlipPan scripted policy] Pan placed back on the stove. pan=(0.346, -0.175, 0.065) pan_yaw=-1.6deg handle=(0.165, -0.168, 0.143) gripper_yaw_err=+0.4deg egg_xy_d=1.436 egg_z_d=-0.963 pan_stove_xy_d=0.002 pan_stove_z_d=0.015 flipped=True in_pan=False still=False on_stove=True
  [ep 0/1, attempt 45] step 201/900  terminated=False  truncated=False
[FlipPan scripted policy] Attempt failed. Retrying (1/3). pan=(0.346, -0.177, 0.050) pan_yaw=-3.0deg handle=(0.166, -0.167, 0.130) gripper_yaw_err=-2.9deg egg_xy_d=1.430 egg_z_d=-0.948 pan_stove_xy_d=0.001 pan_stove_z_d=-0.000 flipped=True in_pan=False still=True on_stove=True
[FlipPan scripted policy] Phase 0 -> 1 (aligned above handle). pan=(0.346, -0.177, 0.050) pan_yaw=-3.0deg handle=(0.166, -0.167, 0.130) gripper_yaw_err=-0.0deg egg_xy_d=1.430 egg_z_d=-0.948 pan_stove_xy_d=0.001 pan_stove_z_d=-0.000 flipped=True in_pan=False still=True on_stove=True
[FlipPan scripted policy] Phase 1 -> 2 (at handle, closing gripper). pan=(0.346, -0.177, 0.050) pan_yaw=-3.0deg handle=(0.166, -0.167, 0.130) gripper_yaw_err=-0.0deg egg_xy_d=1.430 egg_z_d=-0.948 pan_stove_xy_d=0.001 pan_stove_z_d=-0.000 flipped=True in_pan=False still=True on_stove=True
  [ep 0/1, attempt 45] step 301/900  terminated=False  truncated=False
[FlipPan scripted policy] Phase 3 -> 4 (pan lifted and re-aligned). pan=(0.327, -0.007, 0.107) pan_yaw=+0.5deg handle=(0.171, -0.007, 0.227) gripper_yaw_err=+0.5deg egg_xy_d=1.579 egg_z_d=-1.005 pan_stove_xy_d=0.170 pan_stove_z_d=0.057 flipped=True in_pan=False still=True on_stove=False
  [ep 0/1, attempt 45] step 401/900  terminated=False  truncated=False
[FlipPan scripted policy] Pan placed back on the stove. pan=(0.354, -0.187, 0.099) pan_yaw=-21.0deg handle=(0.169, -0.118, 0.094) gripper_yaw_err=-5.4deg egg_xy_d=1.417 egg_z_d=-0.997 pan_stove_xy_d=0.013 pan_stove_z_d=0.049 flipped=True in_pan=False still=True on_stove=False
  [ep 0/1, attempt 45] step 501/900  terminated=False  truncated=False
[FlipPan scripted policy] Attempt failed. Retrying (2/3). pan=(0.481, -0.219, 0.041) pan_yaw=-17.2deg handle=(0.338, -0.170, 0.167) gripper_yaw_err=-17.5deg egg_xy_d=1.317 egg_z_d=-0.939 pan_stove_xy_d=0.141 pan_stove_z_d=-0.009 flipped=True in_pan=False still=True on_stove=False
[FlipPan scripted policy] Phase 0 -> 1 (aligned above handle). pan=(0.475, -0.234, 0.042) pan_yaw=-47.2deg handle=(0.377, -0.108, 0.156) gripper_yaw_err=-0.0deg egg_xy_d=1.308 egg_z_d=-0.940 pan_stove_xy_d=0.141 pan_stove_z_d=-0.007 flipped=True in_pan=False still=True on_stove=False
[FlipPan scripted policy] Phase 1 -> 2 (at handle, closing gripper). pan=(0.476, -0.234, 0.042) pan_yaw=-47.2deg handle=(0.377, -0.108, 0.156) gripper_yaw_err=-0.0deg egg_xy_d=1.308 egg_z_d=-0.940 pan_stove_xy_d=0.141 pan_stove_z_d=-0.007 flipped=True in_pan=False still=True on_stove=False
  [ep 0/1, attempt 45] step 601/900  terminated=False  truncated=False
[FlipPan scripted policy] Phase 3 -> 4 (pan lifted and re-aligned). pan=(0.334, 0.009, 0.121) pan_yaw=+1.3deg handle=(0.173, 0.000, 0.234) gripper_yaw_err=+1.5deg egg_xy_d=1.588 egg_z_d=-1.019 pan_stove_xy_d=0.186 pan_stove_z_d=0.071 flipped=True in_pan=False still=True on_stove=False
  [ep 0/1, attempt 45] step 701/900  terminated=False  truncated=False
[FlipPan scripted policy] Pan placed back on the stove. pan=(0.344, -0.171, 0.060) pan_yaw=+44.7deg handle=(0.211, -0.291, 0.141) gripper_yaw_err=-2.1deg egg_xy_d=1.435 egg_z_d=-0.958 pan_stove_xy_d=0.006 pan_stove_z_d=0.011 flipped=True in_pan=False still=True on_stove=False
  [ep 0/1, attempt 45] step 801/900  terminated=False  truncated=False
[FlipPan scripted policy] Attempt failed. Retrying (3/3). pan=(0.341, -0.178, 0.050) pan_yaw=+37.7deg handle=(0.199, -0.288, 0.130) gripper_yaw_err=+36.1deg egg_xy_d=1.431 egg_z_d=-0.948 pan_stove_xy_d=0.006 pan_stove_z_d=-0.000 flipped=True in_pan=False still=True on_stove=True
[FlipPan scripted policy] Phase 0 -> 1 (aligned above handle). pan=(0.341, -0.178, 0.050) pan_yaw=+37.7deg handle=(0.199, -0.288, 0.130) gripper_yaw_err=+0.0deg egg_xy_d=1.431 egg_z_d=-0.948 pan_stove_xy_d=0.006 pan_stove_z_d=-0.000 flipped=True in_pan=False still=True on_stove=True
[FlipPan scripted policy] Phase 1 -> 2 (at handle, closing gripper). pan=(0.341, -0.178, 0.050) pan_yaw=+37.7deg handle=(0.199, -0.288, 0.130) gripper_yaw_err=-0.0deg egg_xy_d=1.431 egg_z_d=-0.948 pan_stove_xy_d=0.006 pan_stove_z_d=-0.000 flipped=True in_pan=False still=True on_stove=True
  [ep 0/1, attempt 45] step 900/900  terminated=False  truncated=True
  [WARNING] Episode 0 attempt 45 truncated without success. Discarding and retrying...
  [Success Rate] overall: 0.0% (0/45) | moving avg (last 45): 0.0%
  [ep 0/1, attempt 46] step 1/900  terminated=False  truncated=False
[FlipPan scripted policy] Phase 0 -> 1 (aligned above handle). pan=(0.282, 0.035, 0.050) pan_yaw=-60.8deg handle=(0.194, 0.192, 0.130) gripper_yaw_err=-0.0deg egg_xy_d=0.007 egg_z_d=0.013 pan_stove_xy_d=0.000 pan_stove_z_d=-0.000 flipped=False in_pan=True still=True on_stove=True
[FlipPan scripted policy] Phase 1 -> 2 (at handle, closing gripper). pan=(0.282, 0.035, 0.050) pan_yaw=-60.8deg handle=(0.194, 0.192, 0.130) gripper_yaw_err=-0.0deg egg_xy_d=0.007 egg_z_d=0.013 pan_stove_xy_d=0.000 pan_stove_z_d=-0.000 flipped=False in_pan=True still=True on_stove=True
[FlipPan scripted policy] Phase 3 -> 4 (pan lifted and re-aligned). pan=(0.319, -0.007, 0.095) pan_yaw=-2.3deg handle=(0.172, 0.002, 0.226) gripper_yaw_err=-0.3deg egg_xy_d=0.020 egg_z_d=0.008 pan_stove_xy_d=0.056 pan_stove_z_d=0.045 flipped=False in_pan=False still=False on_stove=False
  [ep 0/1, attempt 46] step 101/900  terminated=False  truncated=False
[FlipPan scripted policy] Pan placed back on the stove. pan=(0.282, 0.037, 0.064) pan_yaw=+4.8deg handle=(0.100, 0.021, 0.138) gripper_yaw_err=+0.2deg egg_xy_d=0.220 egg_z_d=-0.058 pan_stove_xy_d=0.002 pan_stove_z_d=0.014 flipped=False in_pan=False still=True on_stove=True
  [ep 0/1, attempt 46] step 201/900  terminated=False  truncated=False
[FlipPan scripted policy] Attempt failed. Retrying (1/3). pan=(0.285, 0.036, 0.050) pan_yaw=+4.7deg handle=(0.106, 0.021, 0.130) gripper_yaw_err=+4.3deg egg_xy_d=0.219 egg_z_d=-0.043 pan_stove_xy_d=0.003 pan_stove_z_d=-0.000 flipped=False in_pan=False still=True on_stove=True
[FlipPan scripted policy] Phase 0 -> 1 (aligned above handle). pan=(0.285, 0.036, 0.050) pan_yaw=+4.7deg handle=(0.106, 0.021, 0.130) gripper_yaw_err=+0.0deg egg_xy_d=0.218 egg_z_d=-0.043 pan_stove_xy_d=0.003 pan_stove_z_d=-0.000 flipped=False in_pan=False still=True on_stove=True
  [ep 0/1, attempt 46] step 301/900  terminated=False  truncated=False
[FlipPan scripted policy] Phase 1 -> 2 (at handle, closing gripper). pan=(0.285, 0.036, 0.050) pan_yaw=+4.7deg handle=(0.106, 0.021, 0.130) gripper_yaw_err=+0.0deg egg_xy_d=0.219 egg_z_d=-0.043 pan_stove_xy_d=0.003 pan_stove_z_d=-0.000 flipped=False in_pan=False still=True on_stove=True
[FlipPan scripted policy] Phase 3 -> 4 (pan lifted and re-aligned). pan=(0.322, 0.002, 0.107) pan_yaw=+0.5deg handle=(0.165, 0.002, 0.225) gripper_yaw_err=+0.5deg egg_xy_d=0.221 egg_z_d=-0.100 pan_stove_xy_d=0.052 pan_stove_z_d=0.057 flipped=False in_pan=False still=True on_stove=False
  [ep 0/1, attempt 46] step 401/900  terminated=False  truncated=False
[FlipPan scripted policy] Pan placed back on the stove. pan=(0.279, 0.039, 0.063) pan_yaw=+8.7deg handle=(0.096, 0.014, 0.133) gripper_yaw_err=+0.5deg egg_xy_d=0.221 egg_z_d=-0.057 pan_stove_xy_d=0.005 pan_stove_z_d=0.014 flipped=False in_pan=False still=True on_stove=True
  [ep 0/1, attempt 46] step 501/900  terminated=False  truncated=False
[FlipPan scripted policy] Attempt failed. Retrying (2/3). pan=(0.281, 0.038, 0.050) pan_yaw=+5.1deg handle=(0.101, 0.022, 0.130) gripper_yaw_err=+6.5deg egg_xy_d=0.220 egg_z_d=-0.043 pan_stove_xy_d=0.003 pan_stove_z_d=-0.000 flipped=False in_pan=False still=True on_stove=True
[FlipPan scripted policy] Phase 0 -> 1 (aligned above handle). pan=(0.281, 0.038, 0.050) pan_yaw=+5.1deg handle=(0.101, 0.022, 0.130) gripper_yaw_err=+0.0deg egg_xy_d=0.221 egg_z_d=-0.043 pan_stove_xy_d=0.003 pan_stove_z_d=-0.000 flipped=False in_pan=False still=True on_stove=True
[FlipPan scripted policy] Phase 1 -> 2 (at handle, closing gripper). pan=(0.281, 0.038, 0.050) pan_yaw=+5.1deg handle=(0.101, 0.022, 0.130) gripper_yaw_err=+0.0deg egg_xy_d=0.220 egg_z_d=-0.043 pan_stove_xy_d=0.003 pan_stove_z_d=-0.000 flipped=False in_pan=False still=True on_stove=True
[FlipPan scripted policy] Phase 3 -> 4 (pan lifted and re-aligned). pan=(0.322, 0.005, 0.106) pan_yaw=+0.8deg handle=(0.165, 0.004, 0.225) gripper_yaw_err=+0.8deg egg_xy_d=0.218 egg_z_d=-0.100 pan_stove_xy_d=0.050 pan_stove_z_d=0.057 flipped=False in_pan=False still=True on_stove=False
  [ep 0/1, attempt 46] step 601/900  terminated=False  truncated=False
  [ep 0/1, attempt 46] step 701/900  terminated=False  truncated=False
[FlipPan scripted policy] Pan placed back on the stove. pan=(0.280, 0.045, 0.088) pan_yaw=+29.0deg handle=(0.106, -0.047, 0.093) gripper_yaw_err=+7.8deg egg_xy_d=0.216 egg_z_d=-0.082 pan_stove_xy_d=0.011 pan_stove_z_d=0.038 flipped=False in_pan=False still=True on_stove=False
  [ep 0/1, attempt 46] step 801/900  terminated=False  truncated=False
[FlipPan scripted policy] Attempt failed. Retrying (3/3). pan=(0.347, -0.061, 0.048) pan_yaw=+66.3deg handle=(0.289, -0.242, 0.102) gripper_yaw_err=+66.3deg egg_xy_d=0.266 egg_z_d=-0.041 pan_stove_xy_d=0.116 pan_stove_z_d=-0.002 flipped=False in_pan=False still=True on_stove=False
[FlipPan scripted policy] Phase 0 -> 1 (aligned above handle). pan=(0.348, -0.063, 0.047) pan_yaw=+66.5deg handle=(0.291, -0.243, 0.101) gripper_yaw_err=+0.1deg egg_xy_d=0.267 egg_z_d=-0.041 pan_stove_xy_d=0.118 pan_stove_z_d=-0.002 flipped=False in_pan=False still=True on_stove=False
[FlipPan scripted policy] Phase 1 -> 2 (at handle, closing gripper). pan=(0.348, -0.063, 0.047) pan_yaw=+66.7deg handle=(0.292, -0.244, 0.100) gripper_yaw_err=+0.0deg egg_xy_d=0.267 egg_z_d=-0.041 pan_stove_xy_d=0.118 pan_stove_z_d=-0.003 flipped=False in_pan=False still=True on_stove=False
  [ep 0/1, attempt 46] step 900/900  terminated=False  truncated=True
  [WARNING] Episode 0 attempt 46 truncated without success. Discarding and retrying...
  [Success Rate] overall: 0.0% (0/46) | moving avg (last 46): 0.0%
  [ep 0/1, attempt 47] step 1/900  terminated=False  truncated=False
[FlipPan scripted policy] Phase 0 -> 1 (aligned above handle). pan=(0.236, -0.291, 0.050) pan_yaw=+8.5deg handle=(0.058, -0.318, 0.130) gripper_yaw_err=+0.0deg egg_xy_d=0.029 egg_z_d=0.013 pan_stove_xy_d=0.000 pan_stove_z_d=-0.000 flipped=False in_pan=True still=True on_stove=True
[FlipPan scripted policy] Phase 1 -> 2 (at handle, closing gripper). pan=(0.236, -0.291, 0.050) pan_yaw=+8.5deg handle=(0.058, -0.318, 0.130) gripper_yaw_err=+0.0deg egg_xy_d=0.029 egg_z_d=0.013 pan_stove_xy_d=0.000 pan_stove_z_d=-0.000 flipped=False in_pan=True still=True on_stove=True
[FlipPan scripted policy] Phase 3 -> 4 (pan lifted and re-aligned). pan=(0.314, -0.007, 0.090) pan_yaw=+0.3deg handle=(0.169, -0.007, 0.224) gripper_yaw_err=+0.2deg egg_xy_d=0.023 egg_z_d=0.011 pan_stove_xy_d=0.294 pan_stove_z_d=0.041 flipped=False in_pan=True still=True on_stove=False
  [ep 0/1, attempt 47] step 101/900  terminated=False  truncated=False
  [ep 0/1, attempt 47] step 201/900  terminated=False  truncated=False
[FlipPan scripted policy] Pan placed back on the stove. pan=(0.241, -0.300, 0.087) pan_yaw=-5.5deg handle=(0.044, -0.285, 0.091) gripper_yaw_err=-0.1deg egg_xy_d=0.056 egg_z_d=-0.031 pan_stove_xy_d=0.009 pan_stove_z_d=0.037 flipped=False in_pan=False still=True on_stove=False
  [ep 0/1, attempt 47] step 301/900  terminated=False  truncated=False
[FlipPan scripted policy] Attempt failed. Retrying (1/3). pan=(0.290, -0.396, 0.047) pan_yaw=+8.3deg handle=(0.118, -0.450, 0.127) gripper_yaw_err=+7.8deg egg_xy_d=0.160 egg_z_d=0.008 pan_stove_xy_d=0.118 pan_stove_z_d=-0.002 flipped=False in_pan=False still=True on_stove=False
[FlipPan scripted policy] Phase 0 -> 1 (aligned above handle). pan=(0.290, -0.399, 0.046) pan_yaw=+9.4deg handle=(0.119, -0.456, 0.125) gripper_yaw_err=+0.1deg egg_xy_d=0.162 egg_z_d=0.009 pan_stove_xy_d=0.121 pan_stove_z_d=-0.003 flipped=False in_pan=False still=True on_stove=False
[FlipPan scripted policy] Phase 1 -> 2 (at handle, closing gripper). pan=(0.290, -0.400, 0.046) pan_yaw=+9.9deg handle=(0.119, -0.458, 0.125) gripper_yaw_err=+0.1deg egg_xy_d=0.163 egg_z_d=0.010 pan_stove_xy_d=0.122 pan_stove_z_d=-0.004 flipped=False in_pan=False still=True on_stove=False
[FlipPan scripted policy] Phase 3 -> 4 (pan lifted and re-aligned). pan=(0.352, -0.007, 0.203) pan_yaw=-8.9deg handle=(0.159, -0.041, 0.222) gripper_yaw_err=-8.9deg egg_xy_d=0.260 egg_z_d=-0.147 pan_stove_xy_d=0.307 pan_stove_z_d=0.153 flipped=False in_pan=False still=True on_stove=False
  [ep 0/1, attempt 47] step 401/900  terminated=False  truncated=False
  [ep 0/1, attempt 47] step 501/900  terminated=False  truncated=False
[FlipPan scripted policy] Pan placed back on the stove. pan=(0.265, -0.290, 0.132) pan_yaw=+14.4deg handle=(0.111, -0.346, 0.023) gripper_yaw_err=+10.5deg egg_xy_d=0.179 egg_z_d=-0.104 pan_stove_xy_d=0.028 pan_stove_z_d=0.083 flipped=False in_pan=False still=True on_stove=False
  [ep 0/1, attempt 47] step 601/900  terminated=False  truncated=False
[FlipPan scripted policy] Attempt failed. Retrying (2/3). pan=(0.270, -0.309, 0.090) pan_yaw=+52.5deg handle=(0.156, -0.450, 0.013) gripper_yaw_err=+50.9deg egg_xy_d=0.214 egg_z_d=-0.069 pan_stove_xy_d=0.038 pan_stove_z_d=0.041 flipped=False in_pan=False still=True on_stove=False
[FlipPan scripted policy] Phase 0 -> 1 (aligned above handle). pan=(0.270, -0.309, 0.090) pan_yaw=+52.6deg handle=(0.156, -0.450, 0.013) gripper_yaw_err=-0.0deg egg_xy_d=0.214 egg_z_d=-0.069 pan_stove_xy_d=0.038 pan_stove_z_d=0.041 flipped=False in_pan=False still=True on_stove=False
  [ep 0/1, attempt 47] step 701/900  terminated=False  truncated=False
  [ep 0/1, attempt 47] step 801/900  terminated=False  truncated=False
  [ep 0/1, attempt 47] step 900/900  terminated=False  truncated=True
  [WARNING] Episode 0 attempt 47 truncated without success. Discarding and retrying...
  [Success Rate] overall: 0.0% (0/47) | moving avg (last 47): 0.0%
  [ep 0/1, attempt 48] step 1/900  terminated=False  truncated=False
[FlipPan scripted policy] Phase 0 -> 1 (aligned above handle). pan=(0.362, -0.136, 0.050) pan_yaw=-14.5deg handle=(0.187, -0.091, 0.130) gripper_yaw_err=+0.0deg egg_xy_d=0.038 egg_z_d=0.013 pan_stove_xy_d=0.000 pan_stove_z_d=-0.000 flipped=False in_pan=True still=True on_stove=True
[FlipPan scripted policy] Phase 1 -> 2 (at handle, closing gripper). pan=(0.362, -0.136, 0.050) pan_yaw=-14.5deg handle=(0.187, -0.091, 0.130) gripper_yaw_err=+0.0deg egg_xy_d=0.038 egg_z_d=0.013 pan_stove_xy_d=0.000 pan_stove_z_d=-0.000 flipped=False in_pan=True still=True on_stove=True
[FlipPan scripted policy] Phase 3 -> 4 (pan lifted and re-aligned). pan=(0.319, -0.007, 0.088) pan_yaw=-0.2deg handle=(0.174, -0.005, 0.221) gripper_yaw_err=-0.2deg egg_xy_d=0.029 egg_z_d=0.014 pan_stove_xy_d=0.136 pan_stove_z_d=0.039 flipped=False in_pan=True still=True on_stove=False
  [ep 0/1, attempt 48] step 101/900  terminated=False  truncated=False
[FlipPan scripted policy] Pan placed back on the stove. pan=(0.361, -0.135, 0.065) pan_yaw=-0.5deg handle=(0.180, -0.134, 0.143) gripper_yaw_err=+0.3deg egg_xy_d=0.775 egg_z_d=-0.043 pan_stove_xy_d=0.001 pan_stove_z_d=0.015 flipped=True in_pan=False still=False on_stove=True
  [ep 0/1, attempt 48] step 201/900  terminated=False  truncated=False
[FlipPan scripted policy] Attempt failed. Retrying (1/3). pan=(0.362, -0.135, 0.050) pan_yaw=-0.7deg handle=(0.182, -0.133, 0.130) gripper_yaw_err=-0.9deg egg_xy_d=0.776 egg_z_d=-0.028 pan_stove_xy_d=0.001 pan_stove_z_d=-0.000 flipped=True in_pan=False still=True on_stove=True
[FlipPan scripted policy] Phase 0 -> 1 (aligned above handle). pan=(0.362, -0.135, 0.050) pan_yaw=-0.7deg handle=(0.182, -0.133, 0.130) gripper_yaw_err=-0.0deg egg_xy_d=0.776 egg_z_d=-0.028 pan_stove_xy_d=0.001 pan_stove_z_d=-0.000 flipped=True in_pan=False still=True on_stove=True
[FlipPan scripted policy] Phase 1 -> 2 (at handle, closing gripper). pan=(0.362, -0.135, 0.050) pan_yaw=-0.7deg handle=(0.182, -0.133, 0.130) gripper_yaw_err=-0.0deg egg_xy_d=0.776 egg_z_d=-0.028 pan_stove_xy_d=0.001 pan_stove_z_d=-0.000 flipped=True in_pan=False still=True on_stove=True
  [ep 0/1, attempt 48] step 301/900  terminated=False  truncated=False
[FlipPan scripted policy] Phase 3 -> 4 (pan lifted and re-aligned). pan=(0.326, -0.006, 0.107) pan_yaw=+0.6deg handle=(0.170, -0.007, 0.227) gripper_yaw_err=+0.6deg egg_xy_d=0.644 egg_z_d=-0.085 pan_stove_xy_d=0.135 pan_stove_z_d=0.057 flipped=True in_pan=False still=True on_stove=False
  [ep 0/1, attempt 48] step 401/900  terminated=False  truncated=False
[FlipPan scripted policy] Pan placed back on the stove. pan=(0.363, -0.135, 0.065) pan_yaw=-4.1deg handle=(0.175, -0.120, 0.123) gripper_yaw_err=+0.4deg egg_xy_d=0.776 egg_z_d=-0.043 pan_stove_xy_d=0.002 pan_stove_z_d=0.015 flipped=True in_pan=False still=True on_stove=True
  [ep 0/1, attempt 48] step 501/900  terminated=False  truncated=False
[FlipPan scripted policy] Attempt failed. Retrying (2/3). pan=(0.362, -0.132, 0.050) pan_yaw=-3.2deg handle=(0.183, -0.122, 0.130) gripper_yaw_err=-2.9deg egg_xy_d=0.773 egg_z_d=-0.028 pan_stove_xy_d=0.004 pan_stove_z_d=-0.000 flipped=True in_pan=False still=True on_stove=True
[FlipPan scripted policy] Phase 0 -> 1 (aligned above handle). pan=(0.362, -0.132, 0.050) pan_yaw=-3.2deg handle=(0.183, -0.122, 0.130) gripper_yaw_err=-0.0deg egg_xy_d=0.773 egg_z_d=-0.028 pan_stove_xy_d=0.004 pan_stove_z_d=-0.000 flipped=True in_pan=False still=True on_stove=True
[FlipPan scripted policy] Phase 1 -> 2 (at handle, closing gripper). pan=(0.362, -0.132, 0.050) pan_yaw=-3.2deg handle=(0.183, -0.122, 0.130) gripper_yaw_err=-0.0deg egg_xy_d=0.773 egg_z_d=-0.028 pan_stove_xy_d=0.004 pan_stove_z_d=-0.000 flipped=True in_pan=False still=True on_stove=True
[FlipPan scripted policy] Phase 3 -> 4 (pan lifted and re-aligned). pan=(0.329, -0.013, 0.108) pan_yaw=+0.2deg handle=(0.171, -0.009, 0.227) gripper_yaw_err=+0.1deg egg_xy_d=0.651 egg_z_d=-0.087 pan_stove_xy_d=0.128 pan_stove_z_d=0.059 flipped=True in_pan=False still=True on_stove=False
  [ep 0/1, attempt 48] step 601/900  terminated=False  truncated=False
  [ep 0/1, attempt 48] step 701/900  terminated=False  truncated=False
[FlipPan scripted policy] Pan placed back on the stove. pan=(0.367, -0.143, 0.085) pan_yaw=-10.6deg handle=(0.172, -0.111, 0.092) gripper_yaw_err=-8.2deg egg_xy_d=0.785 egg_z_d=-0.063 pan_stove_xy_d=0.009 pan_stove_z_d=0.035 flipped=True in_pan=False still=True on_stove=False
  [ep 0/1, attempt 48] step 801/900  terminated=False  truncated=False
[FlipPan scripted policy] Attempt failed. Retrying (3/3). pan=(0.359, -0.130, 0.050) pan_yaw=-0.9deg handle=(0.180, -0.127, 0.130) gripper_yaw_err=-1.2deg egg_xy_d=0.770 egg_z_d=-0.028 pan_stove_xy_d=0.006 pan_stove_z_d=-0.000 flipped=True in_pan=False still=True on_stove=True
[FlipPan scripted policy] Phase 0 -> 1 (aligned above handle). pan=(0.359, -0.130, 0.050) pan_yaw=-0.9deg handle=(0.180, -0.127, 0.130) gripper_yaw_err=-0.0deg egg_xy_d=0.770 egg_z_d=-0.028 pan_stove_xy_d=0.006 pan_stove_z_d=-0.000 flipped=True in_pan=False still=True on_stove=True
[FlipPan scripted policy] Phase 1 -> 2 (at handle, closing gripper). pan=(0.359, -0.130, 0.050) pan_yaw=-0.9deg handle=(0.180, -0.127, 0.130) gripper_yaw_err=+0.0deg egg_xy_d=0.770 egg_z_d=-0.028 pan_stove_xy_d=0.006 pan_stove_z_d=-0.000 flipped=True in_pan=False still=True on_stove=True
[FlipPan scripted policy] Phase 3 -> 4 (pan lifted and re-aligned). pan=(0.325, -0.004, 0.102) pan_yaw=+0.8deg handle=(0.171, -0.005, 0.226) gripper_yaw_err=+0.8deg egg_xy_d=0.641 egg_z_d=-0.081 pan_stove_xy_d=0.138 pan_stove_z_d=0.053 flipped=True in_pan=False still=True on_stove=False
  [ep 0/1, attempt 48] step 900/900  terminated=False  truncated=True
  [WARNING] Episode 0 attempt 48 truncated without success. Discarding and retrying...
  [Success Rate] overall: 0.0% (0/48) | moving avg (last 48): 0.0%
  [ep 0/1, attempt 49] step 1/900  terminated=False  truncated=False
[FlipPan scripted policy] Phase 0 -> 1 (aligned above handle). pan=(0.256, 0.115, 0.050) pan_yaw=-56.2deg handle=(0.156, 0.264, 0.130) gripper_yaw_err=-0.0deg egg_xy_d=0.026 egg_z_d=0.013 pan_stove_xy_d=0.000 pan_stove_z_d=-0.000 flipped=False in_pan=True still=True on_stove=True
[FlipPan scripted policy] Phase 1 -> 2 (at handle, closing gripper). pan=(0.256, 0.115, 0.050) pan_yaw=-56.2deg handle=(0.156, 0.264, 0.130) gripper_yaw_err=-0.0deg egg_xy_d=0.026 egg_z_d=0.013 pan_stove_xy_d=0.000 pan_stove_z_d=-0.000 flipped=False in_pan=True still=True on_stove=True
[FlipPan scripted policy] Phase 3 -> 4 (pan lifted and re-aligned). pan=(0.316, -0.002, 0.094) pan_yaw=-2.0deg handle=(0.170, 0.006, 0.226) gripper_yaw_err=-0.2deg egg_xy_d=0.032 egg_z_d=0.009 pan_stove_xy_d=0.131 pan_stove_z_d=0.044 flipped=False in_pan=True still=False on_stove=False
  [ep 0/1, attempt 49] step 101/900  terminated=False  truncated=False
  [ep 0/1, attempt 49] step 201/900  terminated=False  truncated=False
[FlipPan scripted policy] Pan placed back on the stove. pan=(0.306, 0.141, 0.113) pan_yaw=+6.7deg handle=(0.111, 0.113, 0.114) gripper_yaw_err=+0.6deg egg_xy_d=0.048 egg_z_d=-0.056 pan_stove_xy_d=0.056 pan_stove_z_d=0.064 flipped=False in_pan=False still=False on_stove=False
  [ep 0/1, attempt 49] step 301/900  terminated=False  truncated=False
[FlipPan scripted policy] Attempt failed. Retrying (1/3). pan=(0.320, 0.138, 0.059) pan_yaw=-10.8deg handle=(0.164, 0.179, 0.171) gripper_yaw_err=-11.2deg egg_xy_d=0.076 egg_z_d=-0.004 pan_stove_xy_d=0.068 pan_stove_z_d=0.010 flipped=False in_pan=False still=True on_stove=False
[FlipPan scripted policy] Phase 0 -> 1 (aligned above handle). pan=(0.322, 0.139, 0.059) pan_yaw=-11.3deg handle=(0.162, 0.184, 0.164) gripper_yaw_err=-0.1deg egg_xy_d=0.083 egg_z_d=-0.004 pan_stove_xy_d=0.070 pan_stove_z_d=0.009 flipped=False in_pan=False still=True on_stove=False
[FlipPan scripted policy] Phase 1 -> 2 (at handle, closing gripper). pan=(0.322, 0.139, 0.059) pan_yaw=-11.3deg handle=(0.161, 0.185, 0.164) gripper_yaw_err=-0.0deg egg_xy_d=0.084 egg_z_d=-0.004 pan_stove_xy_d=0.070 pan_stove_z_d=0.009 flipped=False in_pan=False still=True on_stove=False
[FlipPan scripted policy] Phase 3 -> 4 (pan lifted and re-aligned). pan=(0.317, 0.011, 0.113) pan_yaw=+0.6deg handle=(0.160, 0.010, 0.233) gripper_yaw_err=+0.6deg egg_xy_d=0.131 egg_z_d=-0.057 pan_stove_xy_d=0.120 pan_stove_z_d=0.063 flipped=False in_pan=False still=True on_stove=False
  [ep 0/1, attempt 49] step 401/900  terminated=False  truncated=False
  [ep 0/1, attempt 49] step 501/900  terminated=False  truncated=False
[FlipPan scripted policy] Pan placed back on the stove. pan=(0.096, 0.298, 0.071) pan_yaw=+41.7deg handle=(-0.032, 0.177, 0.157) gripper_yaw_err=+0.4deg egg_xy_d=0.239 egg_z_d=-0.015 pan_stove_xy_d=0.243 pan_stove_z_d=0.021 flipped=False in_pan=False still=True on_stove=False
  [ep 0/1, attempt 49] step 601/900  terminated=False  truncated=False
[FlipPan scripted policy] Attempt failed. Retrying (2/3). pan=(0.103, 0.313, -0.000) pan_yaw=+44.9deg handle=(-0.024, 0.186, 0.080) gripper_yaw_err=+43.6deg egg_xy_d=0.247 egg_z_d=0.056 pan_stove_xy_d=0.250 pan_stove_z_d=-0.050 flipped=False in_pan=False still=True on_stove=False
[FlipPan scripted policy] Phase 0 -> 1 (aligned above handle). pan=(0.103, 0.313, -0.000) pan_yaw=+44.9deg handle=(-0.024, 0.186, 0.080) gripper_yaw_err=+0.0deg egg_xy_d=0.247 egg_z_d=0.056 pan_stove_xy_d=0.250 pan_stove_z_d=-0.050 flipped=False in_pan=False still=True on_stove=False
  [ep 0/1, attempt 49] step 701/900  terminated=False  truncated=False
[FlipPan scripted policy] Phase 1 -> 2 (at handle, closing gripper). pan=(0.103, 0.313, -0.000) pan_yaw=+44.9deg handle=(-0.024, 0.186, 0.080) gripper_yaw_err=+0.0deg egg_xy_d=0.247 egg_z_d=0.056 pan_stove_xy_d=0.250 pan_stove_z_d=-0.050 flipped=False in_pan=False still=True on_stove=False
[FlipPan scripted policy] Phase 3 -> 4 (pan lifted and re-aligned). pan=(0.354, 0.008, 0.188) pan_yaw=-12.8deg handle=(0.160, -0.030, 0.192) gripper_yaw_err=-12.9deg egg_xy_d=0.078 egg_z_d=-0.166 pan_stove_xy_d=0.145 pan_stove_z_d=0.138 flipped=False in_pan=False still=True on_stove=False
  [ep 0/1, attempt 49] step 801/900  terminated=False  truncated=False
[FlipPan scripted policy] Pan placed back on the stove. pan=(0.295, 0.164, 0.103) pan_yaw=+41.4deg handle=(0.149, 0.032, 0.102) gripper_yaw_err=+30.5deg egg_xy_d=0.249 egg_z_d=-0.082 pan_stove_xy_d=0.063 pan_stove_z_d=0.053 flipped=False in_pan=False still=True on_stove=False
  [ep 0/1, attempt 49] step 900/900  terminated=False  truncated=True
  [WARNING] Episode 0 attempt 49 truncated without success. Discarding and retrying...
  [Success Rate] overall: 0.0% (0/49) | moving avg (last 49): 0.0%
  [ep 0/1, attempt 50] step 1/900  terminated=False  truncated=False
[FlipPan scripted policy] Phase 0 -> 1 (aligned above handle). pan=(0.157, -0.269, 0.050) pan_yaw=+19.4deg handle=(-0.012, -0.329, 0.130) gripper_yaw_err=+0.0deg egg_xy_d=0.040 egg_z_d=0.013 pan_stove_xy_d=0.000 pan_stove_z_d=-0.000 flipped=False in_pan=True still=True on_stove=True
[FlipPan scripted policy] Phase 1 -> 2 (at handle, closing gripper). pan=(0.157, -0.269, 0.050) pan_yaw=+19.4deg handle=(-0.012, -0.329, 0.130) gripper_yaw_err=+0.0deg egg_xy_d=0.040 egg_z_d=0.013 pan_stove_xy_d=0.000 pan_stove_z_d=-0.000 flipped=False in_pan=True still=True on_stove=True
[FlipPan scripted policy] Phase 3 -> 4 (pan lifted and re-aligned). pan=(0.316, -0.007, 0.096) pan_yaw=+0.2deg handle=(0.167, -0.007, 0.226) gripper_yaw_err=+0.2deg egg_xy_d=0.038 egg_z_d=0.018 pan_stove_xy_d=0.306 pan_stove_z_d=0.047 flipped=False in_pan=True still=True on_stove=False
  [ep 0/1, attempt 50] step 101/900  terminated=False  truncated=False
[FlipPan scripted policy] Pan placed back on the stove. pan=(0.158, -0.268, 0.065) pan_yaw=-6.1deg handle=(-0.024, -0.249, 0.137) gripper_yaw_err=+0.2deg egg_xy_d=0.388 egg_z_d=-0.044 pan_stove_xy_d=0.001 pan_stove_z_d=0.016 flipped=True in_pan=False still=True on_stove=True
  [ep 0/1, attempt 50] step 201/900  terminated=False  truncated=False
[FlipPan scripted policy] Attempt failed. Retrying (1/3). pan=(0.159, -0.268, 0.050) pan_yaw=-5.8deg handle=(-0.020, -0.250, 0.130) gripper_yaw_err=-9.7deg egg_xy_d=0.388 egg_z_d=-0.028 pan_stove_xy_d=0.002 pan_stove_z_d=-0.000 flipped=True in_pan=False still=True on_stove=True
  [ep 0/1, attempt 50] step 301/900  terminated=False  truncated=False
[FlipPan scripted policy] Phase 0 -> 1 (aligned above handle). pan=(0.159, -0.268, 0.050) pan_yaw=-5.8deg handle=(-0.020, -0.250, 0.130) gripper_yaw_err=-0.0deg egg_xy_d=0.388 egg_z_d=-0.028 pan_stove_xy_d=0.002 pan_stove_z_d=-0.000 flipped=True in_pan=False still=True on_stove=True
[FlipPan scripted policy] Phase 1 -> 2 (at handle, closing gripper). pan=(0.159, -0.268, 0.050) pan_yaw=-5.8deg handle=(-0.020, -0.250, 0.130) gripper_yaw_err=+0.0deg egg_xy_d=0.388 egg_z_d=-0.028 pan_stove_xy_d=0.002 pan_stove_z_d=-0.000 flipped=True in_pan=False still=True on_stove=True
[FlipPan scripted policy] Phase 3 -> 4 (pan lifted and re-aligned). pan=(0.310, -0.022, 0.085) pan_yaw=-1.1deg handle=(0.168, -0.011, 0.222) gripper_yaw_err=-1.1deg egg_xy_d=0.210 egg_z_d=-0.064 pan_stove_xy_d=0.290 pan_stove_z_d=0.036 flipped=True in_pan=False still=True on_stove=False
  [ep 0/1, attempt 50] step 401/900  terminated=False  truncated=False
[FlipPan scripted policy] Pan placed back on the stove. pan=(0.165, -0.269, 0.090) pan_yaw=-2.8deg handle=(-0.032, -0.258, 0.091) gripper_yaw_err=-0.4deg egg_xy_d=0.389 egg_z_d=-0.069 pan_stove_xy_d=0.008 pan_stove_z_d=0.041 flipped=True in_pan=False still=True on_stove=False
  [ep 0/1, attempt 50] step 501/900  terminated=False  truncated=False
  [ep 0/1, attempt 50] step 601/900  terminated=False  truncated=False
[FlipPan scripted policy] Attempt failed. Retrying (2/3). pan=(0.217, -0.189, 0.049) pan_yaw=-6.8deg handle=(0.039, -0.168, 0.130) gripper_yaw_err=-7.6deg egg_xy_d=0.315 egg_z_d=-0.028 pan_stove_xy_d=0.100 pan_stove_z_d=-0.000 flipped=True in_pan=False still=True on_stove=False
[FlipPan scripted policy] Phase 0 -> 1 (aligned above handle). pan=(0.217, -0.189, 0.049) pan_yaw=-6.8deg handle=(0.039, -0.168, 0.130) gripper_yaw_err=+0.0deg egg_xy_d=0.315 egg_z_d=-0.028 pan_stove_xy_d=0.100 pan_stove_z_d=-0.000 flipped=True in_pan=False still=True on_stove=False
[FlipPan scripted policy] Phase 1 -> 2 (at handle, closing gripper). pan=(0.217, -0.189, 0.049) pan_yaw=-6.8deg handle=(0.039, -0.168, 0.130) gripper_yaw_err=+0.0deg egg_xy_d=0.315 egg_z_d=-0.028 pan_stove_xy_d=0.100 pan_stove_z_d=-0.000 flipped=True in_pan=False still=True on_stove=False
[FlipPan scripted policy] Phase 3 -> 4 (pan lifted and re-aligned). pan=(0.320, -0.006, 0.101) pan_yaw=+0.0deg handle=(0.167, -0.005, 0.226) gripper_yaw_err=+0.0deg egg_xy_d=0.207 egg_z_d=-0.080 pan_stove_xy_d=0.309 pan_stove_z_d=0.052 flipped=True in_pan=False still=True on_stove=False
  [ep 0/1, attempt 50] step 701/900  terminated=False  truncated=False
[FlipPan scripted policy] Pan placed back on the stove. pan=(0.158, -0.267, 0.064) pan_yaw=+12.8deg handle=(-0.023, -0.300, 0.136) gripper_yaw_err=+0.7deg egg_xy_d=0.387 egg_z_d=-0.043 pan_stove_xy_d=0.002 pan_stove_z_d=0.015 flipped=True in_pan=False still=True on_stove=True
  [ep 0/1, attempt 50] step 801/900  terminated=False  truncated=False
[FlipPan scripted policy] Attempt failed. Retrying (3/3). pan=(0.166, -0.245, 0.050) pan_yaw=-2.5deg handle=(-0.013, -0.237, 0.130) gripper_yaw_err=-3.5deg egg_xy_d=0.365 egg_z_d=-0.028 pan_stove_xy_d=0.025 pan_stove_z_d=-0.000 flipped=True in_pan=False still=True on_stove=True
  [ep 0/1, attempt 50] step 900/900  terminated=False  truncated=True
  [WARNING] Episode 0 attempt 50 truncated without success. Discarding and retrying...
  [Success Rate] overall: 0.0% (0/50) | moving avg (last 50): 0.0%
Traceback (most recent call last):
  File "/mnt4/gck/maniladder/scripts/generate_demos.py", line 472, in <module>
    main()
  File "/mnt4/gck/maniladder/scripts/generate_demos.py", line 437, in main
    raise RuntimeError(
RuntimeError: FlipPan-v1 did not succeed within --max_attempts=50

[38;5;9m[Genesis] [10:09:58] [ERROR] RuntimeError: FlipPan-v1 did not succeed within --max_attempts=50[0m
[38;5;159m[Genesis] [10:09:58] [INFO] 💤 Exiting Genesis and caching compiled kernels...[0m
[W 09/29/26 10:09:59.176 4113430] [offline_cache.h:run@186] Lock /home/gck/.cache/gstaichi/ticache/kernel_compilation_manager/ticache.lock failed. You can run 'ti cache clean -p /home/gck/.cache/gstaichi/ticache/kernel_compilation_manager' and try again.
[W 09/29/26 10:09:59.377 4113430] [kernel_compilation_manager.cpp:dump@104] Lock /home/gck/.cache/gstaichi/ticache/kernel_compilation_manager/ticache.lock failed. Please run 'ti cache clean -p /home/gck/.cache/gstaichi/ticache/kernel_compilation_manager' and try again.
[W 09/29/26 10:09:59.637 4113430] [ptx_cache.cpp:dump@92] Lock /home/gck/.cache/gstaichi/ticache/ptx_cache/ptxcache.lock failed. Please run 'ti cache clean -p /home/gck/.cache/gstaichi/ticache/ptx_cache' and try again.
