[38;5;159m[Genesis] [08:37:03] [INFO] [38;5;121m╭───────────────────────────────────────────────╮[0m[38;5;159m[0m
[38;5;159m[Genesis] [08:37:03] [INFO] [38;5;121m│┈┉┈┉┈┉┈┉┈┉┈┉┈┉┈┉┈┉┈[0m[38;5;159m [38;5;121m[1m[3mGenesis[0m[38;5;159m [38;5;121m┈┉┈┉┈┉┈┉┈┉┈┉┈┉┈┉┈┉┈│[0m[38;5;159m[0m
[38;5;159m[Genesis] [08:37:03] [INFO] [38;5;121m╰───────────────────────────────────────────────╯[0m[38;5;159m[0m
[W 09/29/26 08:37:04.456 3902699] [ptx_cache.cpp:PtxCache@73] Lock /home/gck/.cache/gstaichi/ticache/ptx_cache/ptxcache.lock failed. Please run 'ti cache clean -p /home/gck/.cache/gstaichi/ticache/ptx_cache' and try again.
[38;5;159m[Genesis] [08:37:04] [INFO] Running on [38;5;121m[4m[NVIDIA A100-SXM4-80GB][0m[38;5;159m with backend [38;5;121m[4mgs.cuda[0m[38;5;159m. Device memory: [38;5;121m[4m79.25[0m[38;5;159m GB.[0m
[38;5;159m[Genesis] [08:37:04] [INFO] 🚀 Genesis initialized. 🔖 version: [38;5;121m[4m0.3.6[0m[38;5;159m, 🎨 theme: [38;5;121m[4mdark[0m[38;5;159m, 🌱 seed: [38;5;121m[4mNone[0m[38;5;159m, 🐛 debug: [38;5;121m[4mFalse[0m[38;5;159m, 📏 precision: [38;5;121m[4m32[0m[38;5;159m, 🏎️ performance: [38;5;121m[4mFalse[0m[38;5;159m, 💬 verbose: [38;5;121m[4mINFO[0m[38;5;159m[0m
[38;5;159m[Genesis] [08:37:06] [INFO] Scene [38;5;121m[3m<07f104e>[0m[38;5;159m created.[0m
[38;5;159m[Genesis] [08:37:06] [INFO] Adding [38;5;121m<gs.RigidEntity>[0m[38;5;159m. idx: [38;5;121m0[0m[38;5;159m, uid: [38;5;121m[3m<d47126f>[0m[38;5;159m, morph: [38;5;121m<gs.morphs.URDF(file='/mnt4/gck/maniladder/maniladder/assets/urdf/panda_leaphand/panda_leaphand.urdf')>[0m[38;5;159m, material: [38;5;121m<gs.materials.Rigid>[0m[38;5;159m.[0m
[38;5;159m[Genesis] [08:37:10] [INFO] Applying offset to base link's pose with user provided value in morph.[0m
[38;5;159m[Genesis] [08:37:11] [INFO] Adding [38;5;121m<gs.RigidEntity>[0m[38;5;159m. idx: [38;5;121m1[0m[38;5;159m, uid: [38;5;121m[3m<c734293>[0m[38;5;159m, morph: [38;5;121m<gs.morphs.Mesh(file='/mnt4/gck/maniladder/maniladder/assets/models/table.glb')>[0m[38;5;159m, material: [38;5;121m<gs.materials.Rigid>[0m[38;5;159m.[0m
[38;5;226m[Genesis] [08:37:11] [WARNING] GLTF is using y-up while Genesis uses z-up. Please set parse_glb_with_zup=True in morph options if you find the mesh is 90-degree rotated. We will set parse_glb_with_zup=True and rotate glb mesh by default later and gradually enforce this option.[0m
/data/gck/miniconda3/envs/maniladder/lib/python3.10/site-packages/pygltflib/__init__.py:830: UserWarning: pygltflib currently does not remove image data from the buffer when converting to data uri.Please open an issue at https://gitlab.com/dodgyville/pygltflib/issues
  warnings.warn("pygltflib currently does not remove image data "
[38;5;159m[Genesis] [08:37:11] [INFO] Adding [38;5;121m<gs.RigidEntity>[0m[38;5;159m. idx: [38;5;121m2[0m[38;5;159m, uid: [38;5;121m[3m<f989ebb>[0m[38;5;159m, morph: [38;5;121m<gs.morphs.Box>[0m[38;5;159m, material: [38;5;121m<gs.materials.Rigid>[0m[38;5;159m.[0m
[38;5;159m[Genesis] [08:37:11] [INFO] Adding [38;5;121m<gs.RigidEntity>[0m[38;5;159m. idx: [38;5;121m3[0m[38;5;159m, uid: [38;5;121m[3m<d4aac99>[0m[38;5;159m, morph: [38;5;121m<gs.morphs.Plane>[0m[38;5;159m, material: [38;5;121m<gs.materials.Rigid>[0m[38;5;159m.[0m
[38;5;159m[Genesis] [08:37:11] [INFO] Adding [38;5;121m<gs.RigidEntity>[0m[38;5;159m. idx: [38;5;121m4[0m[38;5;159m, uid: [38;5;121m[3m<848c94e>[0m[38;5;159m, morph: [38;5;121m<gs.morphs.Box>[0m[38;5;159m, material: [38;5;121m<gs.materials.Rigid>[0m[38;5;159m.[0m
[38;5;159m[Genesis] [08:37:11] [INFO] Adding [38;5;121m<gs.RigidEntity>[0m[38;5;159m. idx: [38;5;121m5[0m[38;5;159m, uid: [38;5;121m[3m<496a79e>[0m[38;5;159m, morph: [38;5;121m<gs.morphs.Box>[0m[38;5;159m, material: [38;5;121m<gs.materials.Rigid>[0m[38;5;159m.[0m
[38;5;159m[Genesis] [08:37:11] [INFO] Adding [38;5;121m<gs.RigidEntity>[0m[38;5;159m. idx: [38;5;121m6[0m[38;5;159m, uid: [38;5;121m[3m<0009e8a>[0m[38;5;159m, morph: [38;5;121m<gs.morphs.Box>[0m[38;5;159m, material: [38;5;121m<gs.materials.Rigid>[0m[38;5;159m.[0m
[38;5;159m[Genesis] [08:37:11] [INFO] Adding [38;5;121m<gs.RigidEntity>[0m[38;5;159m. idx: [38;5;121m7[0m[38;5;159m, uid: [38;5;121m[3m<9cfc190>[0m[38;5;159m, morph: [38;5;121m<gs.morphs.Box>[0m[38;5;159m, material: [38;5;121m<gs.materials.Rigid>[0m[38;5;159m.[0m
[38;5;159m[Genesis] [08:37:11] [INFO] Preprocessing geom idx [38;5;121m[4m83[0m[38;5;159m.[0m
[38;5;159m[Genesis] [08:37:12] [INFO] Adding [38;5;121m<gs.RigidEntity>[0m[38;5;159m. idx: [38;5;121m8[0m[38;5;159m, uid: [38;5;121m[3m<0b7207a>[0m[38;5;159m, morph: [38;5;121m<gs.morphs.Box>[0m[38;5;159m, material: [38;5;121m<gs.materials.Rigid>[0m[38;5;159m.[0m
[38;5;159m[Genesis] [08:37:12] [INFO] Preprocessing geom idx [38;5;121m[4m84[0m[38;5;159m.[0m
[38;5;159m[Genesis] [08:37:12] [INFO] Adding [38;5;121m<gs.RigidEntity>[0m[38;5;159m. idx: [38;5;121m9[0m[38;5;159m, uid: [38;5;121m[3m<aaaf09f>[0m[38;5;159m, morph: [38;5;121m<gs.morphs.Box>[0m[38;5;159m, material: [38;5;121m<gs.materials.Rigid>[0m[38;5;159m.[0m
[38;5;159m[Genesis] [08:37:12] [INFO] Adding [38;5;121m<gs.RigidEntity>[0m[38;5;159m. idx: [38;5;121m10[0m[38;5;159m, uid: [38;5;121m[3m<38224be>[0m[38;5;159m, morph: [38;5;121m<gs.morphs.Box>[0m[38;5;159m, material: [38;5;121m<gs.materials.Rigid>[0m[38;5;159m.[0m
[38;5;159m[Genesis] [08:37:12] [INFO] Preprocessing geom idx [38;5;121m[4m86[0m[38;5;159m.[0m
[38;5;159m[Genesis] [08:37:12] [INFO] Adding [38;5;121m<gs.RigidEntity>[0m[38;5;159m. idx: [38;5;121m11[0m[38;5;159m, uid: [38;5;121m[3m<804a802>[0m[38;5;159m, morph: [38;5;121m<gs.morphs.Box>[0m[38;5;159m, material: [38;5;121m<gs.materials.Rigid>[0m[38;5;159m.[0m
[38;5;159m[Genesis] [08:37:12] [INFO] Adding [38;5;121m<gs.RigidEntity>[0m[38;5;159m. idx: [38;5;121m12[0m[38;5;159m, uid: [38;5;121m[3m<6c91404>[0m[38;5;159m, morph: [38;5;121m<gs.morphs.Mesh(file='/mnt4/gck/maniladder/maniladder/assets/meshes/deformable/toy_box/cyl.obj')>[0m[38;5;159m, material: [38;5;121m<gs.materials.Rigid>[0m[38;5;159m.[0m
[38;5;159m[Genesis] [08:37:12] [INFO] Preprocessing geom idx [38;5;121m[4m88[0m[38;5;159m.[0m
[38;5;159m[Genesis] [08:37:12] [INFO] Adding [38;5;121m<gs.MPMEntity>[0m[38;5;159m. idx: [38;5;121m13[0m[38;5;159m, uid: [38;5;121m[3m<a194016>[0m[38;5;159m, morph: [38;5;121m<gs.morphs.Mesh(file='/mnt4/gck/maniladder/maniladder/assets/meshes/deformable/toy_box/cylinder.obj')>[0m[38;5;159m, material: [38;5;121m<gs.materials.MPM.Elastic>[0m[38;5;159m.[0m
[38;5;159m[Genesis] [08:37:12] [INFO] Sampling particles with [38;5;121mpbs-32[0m[38;5;159m sampler and generating `.ptc` file:[0m
[38;5;159m[Genesis] [08:37:21] [INFO] Sampled [38;5;121m[4m504[0m[38;5;159m particles.[0m
[38;5;159m[Genesis] [08:37:21] [INFO] Adding [38;5;121m<gs.RigidEntity>[0m[38;5;159m. idx: [38;5;121m14[0m[38;5;159m, uid: [38;5;121m[3m<60e708f>[0m[38;5;159m, morph: [38;5;121m<gs.morphs.Mesh(file='/mnt4/gck/maniladder/maniladder/assets/meshes/deformable/toy_box/heart.obj')>[0m[38;5;159m, material: [38;5;121m<gs.materials.Rigid>[0m[38;5;159m.[0m
[38;5;159m[Genesis] [08:37:21] [INFO] Preprocessing geom idx [38;5;121m[4m89[0m[38;5;159m.[0m
[38;5;159m[Genesis] [08:37:22] [INFO] Adding [38;5;121m<gs.RigidEntity>[0m[38;5;159m. idx: [38;5;121m15[0m[38;5;159m, uid: [38;5;121m[3m<c503a83>[0m[38;5;159m, morph: [38;5;121m<gs.morphs.Mesh(file='/mnt4/gck/maniladder/maniladder/assets/meshes/deformable/toy_box/moon.obj')>[0m[38;5;159m, material: [38;5;121m<gs.materials.Rigid>[0m[38;5;159m.[0m
[38;5;159m[Genesis] [08:37:22] [INFO] Convex hull is not accurate enough for collision detection (1.087). Falling back to more expensive convex decomposition (see FileMorph options).[0m
[38;5;159m[Genesis] [08:37:22] [INFO] Running convex decomposition.[0m
[2026-09-29 08:37:22.531] [CoACD] [info] threshold               0.1
[2026-09-29 08:37:22.531] [CoACD] [info] max # convex hull       -1
[2026-09-29 08:37:22.531] [CoACD] [info] preprocess mode         auto
[2026-09-29 08:37:22.531] [CoACD] [info] preprocess resolution   30
[2026-09-29 08:37:22.531] [CoACD] [info] pca                     false
[2026-09-29 08:37:22.531] [CoACD] [info] mcts max depth          3
[2026-09-29 08:37:22.531] [CoACD] [info] mcts nodes              20
[2026-09-29 08:37:22.531] [CoACD] [info] mcts iterations         100
[2026-09-29 08:37:22.531] [CoACD] [info] merge                   true
[2026-09-29 08:37:22.531] [CoACD] [info] decimate                false
[2026-09-29 08:37:22.531] [CoACD] [info] max_ch_vertex           256
[2026-09-29 08:37:22.531] [CoACD] [info] extrude                 false
[2026-09-29 08:37:22.531] [CoACD] [info] extrude margin          0.1
[2026-09-29 08:37:22.531] [CoACD] [info] approximate mode        ch
[2026-09-29 08:37:22.531] [CoACD] [info] seed                    0
[2026-09-29 08:37:22.531] [CoACD] [info]  - Manifold Check
[2026-09-29 08:37:22.532] [CoACD] [info] [1/3] Edge check finish
[2026-09-29 08:37:22.562] [CoACD] [info] [2/3] Self-intersection check finish
[2026-09-29 08:37:22.562] [CoACD] [info] [3/3] Triangle orientation check finish. Reversed: false
[2026-09-29 08:37:22.562] [CoACD] [info] Manifold Check Time: 0.031292s
[2026-09-29 08:37:22.562] [CoACD] [info] Mesh Manifoldness: true
[2026-09-29 08:37:22.562] [CoACD] [info] # Points: 1028
[2026-09-29 08:37:22.562] [CoACD] [info] # Triangles: 2052
[2026-09-29 08:37:22.562] [CoACD] [info]  - Decomposition (MCTS)
[2026-09-29 08:37:22.562] [CoACD] [info] iter 0 ---- waiting pool: 1
[2026-09-29 08:37:22.569] [CoACD] [info] Processing [0.0%]
[2026-09-29 08:37:24.242] [CoACD] [info] Processing [100.0%]
[2026-09-29 08:37:24.243] [CoACD] [info] iter 1 ---- waiting pool: 2
[2026-09-29 08:37:24.244] [CoACD] [info] Processing [0.0%]
[2026-09-29 08:37:24.244] [CoACD] [info] Processing [50.0%]
[2026-09-29 08:37:25.448] [CoACD] [info] Processing [100.0%]
[2026-09-29 08:37:25.448] [CoACD] [info] iter 2 ---- waiting pool: 4
[2026-09-29 08:37:25.448] [CoACD] [info] Processing [0.0%]
[2026-09-29 08:37:25.448] [CoACD] [info] Processing [25.0%]
[2026-09-29 08:37:25.448] [CoACD] [info] Processing [75.0%]
[2026-09-29 08:37:25.448] [CoACD] [info] Processing [50.0%]
[2026-09-29 08:37:25.470] [CoACD] [info] Processing [100.0%]
[2026-09-29 08:37:25.470] [CoACD] [info]  - Merge Convex Hulls
[2026-09-29 08:37:25.585] [CoACD] [info] Compute Time: 3.0223145596683025s
[2026-09-29 08:37:25.585] [CoACD] [info] # Convex Hulls: 4
[38;5;159m[Genesis] [08:37:25] [INFO] Preprocessing geom idx [38;5;121m[4m90[0m[38;5;159m.[0m
[38;5;159m[Genesis] [08:37:25] [INFO] Preprocessing geom idx [38;5;121m[4m91[0m[38;5;159m.[0m
[38;5;159m[Genesis] [08:37:26] [INFO] Preprocessing geom idx [38;5;121m[4m92[0m[38;5;159m.[0m
[38;5;159m[Genesis] [08:37:26] [INFO] Preprocessing geom idx [38;5;121m[4m93[0m[38;5;159m.[0m
[38;5;159m[Genesis] [08:37:26] [INFO] Adding [38;5;121m<gs.RigidEntity>[0m[38;5;159m. idx: [38;5;121m16[0m[38;5;159m, uid: [38;5;121m[3m<2caf4fc>[0m[38;5;159m, morph: [38;5;121m<gs.morphs.Mesh(file='/mnt4/gck/maniladder/maniladder/assets/meshes/deformable/toy_box/cone.obj')>[0m[38;5;159m, material: [38;5;121m<gs.materials.Rigid>[0m[38;5;159m.[0m
[38;5;159m[Genesis] [08:37:26] [INFO] Preprocessing geom idx [38;5;121m[4m94[0m[38;5;159m.[0m
[38;5;159m[Genesis] [08:37:26] [INFO] Building scene [38;5;121m[3m<07f104e>[0m[38;5;159m...[0m
[W 09/29/26 08:37:26.797 3902699] [kernel_compilation_manager.cpp:KernelCompilationManager@69] Lock /home/gck/.cache/gstaichi/ticache/kernel_compilation_manager/ticache.lock failed. Please run 'ti cache clean -p /home/gck/.cache/gstaichi/ticache/kernel_compilation_manager' and try again.
[38;5;226m[Genesis] [08:37:30] [WARNING] Reference robot position exceeds joint limits.[0m
[38;5;226m[Genesis] [08:37:31] [WARNING] max_collision_pairs 300 is smaller than the theoretical maximal possible pairs 3900, it uses less memory but might lead to missing some collision pairs if there are too many collision pairs[0m
[38;5;226m[Genesis] [08:37:39] [WARNING] Kernel compilation takes longer when running MPM solver in CPIC mode. Please be patient.[0m
[38;5;226m[Genesis] [08:37:39] [WARNING] Current `substep_dt` (0.002) is greater than suggested_dt (0.0003125, calculated based on `grid_density`). Simulation might be unstable.[0m
[38;5;159m[Genesis] [08:37:40] [INFO] Compiling simulation kernels...[0m
[38;5;159m[Genesis] [08:39:05] [INFO] Building visualizer...[0m
/data/gck/miniconda3/envs/maniladder/lib/python3.10/site-packages/torch/utils/_device.py:109: UserWarning: The given NumPy array is not writable, and PyTorch does not support non-writable tensors. This means writing to this tensor will result in undefined behavior. You may want to copy the array to protect its data or make it writable before converting it to a tensor. This type of warning will be suppressed for the rest of this program. (Triggered internally at /pytorch/torch/csrc/utils/tensor_numpy.cpp:213.)
  return func(*args, **kwargs)
Action space: Box(-1.0, 1.0, (22,), float32)
Generating 1 orbit video-only demos → /mnt/gck_website/maniladder.github.io/generated_demos/PickSoft-v1
[38;5;159m[Genesis] [08:39:09] [INFO] Scene [38;5;121m[3m<5624778>[0m[38;5;159m created.[0m
[38;5;159m[Genesis] [08:39:09] [INFO] Adding [38;5;121m<gs.RigidEntity>[0m[38;5;159m. idx: [38;5;121m0[0m[38;5;159m, uid: [38;5;121m[3m<0b84697>[0m[38;5;159m, morph: [38;5;121m<gs.morphs.URDF(file='/mnt4/gck/maniladder/maniladder/assets/urdf/panda_leaphand/panda_leaphand.urdf')>[0m[38;5;159m, material: [38;5;121m<gs.materials.Rigid>[0m[38;5;159m.[0m
[38;5;159m[Genesis] [08:39:12] [INFO] Applying offset to base link's pose with user provided value in morph.[0m
[38;5;159m[Genesis] [08:39:13] [INFO] Adding [38;5;121m<gs.RigidEntity>[0m[38;5;159m. idx: [38;5;121m1[0m[38;5;159m, uid: [38;5;121m[3m<145cb19>[0m[38;5;159m, morph: [38;5;121m<gs.morphs.Mesh(file='/mnt4/gck/maniladder/maniladder/assets/models/table.glb')>[0m[38;5;159m, material: [38;5;121m<gs.materials.Rigid>[0m[38;5;159m.[0m
[38;5;226m[Genesis] [08:39:13] [WARNING] GLTF is using y-up while Genesis uses z-up. Please set parse_glb_with_zup=True in morph options if you find the mesh is 90-degree rotated. We will set parse_glb_with_zup=True and rotate glb mesh by default later and gradually enforce this option.[0m
/data/gck/miniconda3/envs/maniladder/lib/python3.10/site-packages/pygltflib/__init__.py:830: UserWarning: pygltflib currently does not remove image data from the buffer when converting to data uri.Please open an issue at https://gitlab.com/dodgyville/pygltflib/issues
  warnings.warn("pygltflib currently does not remove image data "
[38;5;159m[Genesis] [08:39:13] [INFO] Adding [38;5;121m<gs.RigidEntity>[0m[38;5;159m. idx: [38;5;121m2[0m[38;5;159m, uid: [38;5;121m[3m<2c8b716>[0m[38;5;159m, morph: [38;5;121m<gs.morphs.Box>[0m[38;5;159m, material: [38;5;121m<gs.materials.Rigid>[0m[38;5;159m.[0m
[38;5;159m[Genesis] [08:39:13] [INFO] Adding [38;5;121m<gs.RigidEntity>[0m[38;5;159m. idx: [38;5;121m3[0m[38;5;159m, uid: [38;5;121m[3m<e45a38b>[0m[38;5;159m, morph: [38;5;121m<gs.morphs.Plane>[0m[38;5;159m, material: [38;5;121m<gs.materials.Rigid>[0m[38;5;159m.[0m
[38;5;159m[Genesis] [08:39:14] [INFO] Adding [38;5;121m<gs.RigidEntity>[0m[38;5;159m. idx: [38;5;121m4[0m[38;5;159m, uid: [38;5;121m[3m<64189b7>[0m[38;5;159m, morph: [38;5;121m<gs.morphs.Box>[0m[38;5;159m, material: [38;5;121m<gs.materials.Rigid>[0m[38;5;159m.[0m
[38;5;159m[Genesis] [08:39:14] [INFO] Adding [38;5;121m<gs.RigidEntity>[0m[38;5;159m. idx: [38;5;121m5[0m[38;5;159m, uid: [38;5;121m[3m<26a7d73>[0m[38;5;159m, morph: [38;5;121m<gs.morphs.Box>[0m[38;5;159m, material: [38;5;121m<gs.materials.Rigid>[0m[38;5;159m.[0m
[38;5;159m[Genesis] [08:39:14] [INFO] Adding [38;5;121m<gs.RigidEntity>[0m[38;5;159m. idx: [38;5;121m6[0m[38;5;159m, uid: [38;5;121m[3m<f6c63a7>[0m[38;5;159m, morph: [38;5;121m<gs.morphs.Box>[0m[38;5;159m, material: [38;5;121m<gs.materials.Rigid>[0m[38;5;159m.[0m
[38;5;159m[Genesis] [08:39:14] [INFO] Adding [38;5;121m<gs.RigidEntity>[0m[38;5;159m. idx: [38;5;121m7[0m[38;5;159m, uid: [38;5;121m[3m<18af667>[0m[38;5;159m, morph: [38;5;121m<gs.morphs.Box>[0m[38;5;159m, material: [38;5;121m<gs.materials.Rigid>[0m[38;5;159m.[0m
[38;5;159m[Genesis] [08:39:14] [INFO] Adding [38;5;121m<gs.RigidEntity>[0m[38;5;159m. idx: [38;5;121m8[0m[38;5;159m, uid: [38;5;121m[3m<7473f95>[0m[38;5;159m, morph: [38;5;121m<gs.morphs.Box>[0m[38;5;159m, material: [38;5;121m<gs.materials.Rigid>[0m[38;5;159m.[0m
[38;5;159m[Genesis] [08:39:14] [INFO] Adding [38;5;121m<gs.RigidEntity>[0m[38;5;159m. idx: [38;5;121m9[0m[38;5;159m, uid: [38;5;121m[3m<33c1727>[0m[38;5;159m, morph: [38;5;121m<gs.morphs.Box>[0m[38;5;159m, material: [38;5;121m<gs.materials.Rigid>[0m[38;5;159m.[0m
[38;5;159m[Genesis] [08:39:14] [INFO] Adding [38;5;121m<gs.RigidEntity>[0m[38;5;159m. idx: [38;5;121m10[0m[38;5;159m, uid: [38;5;121m[3m<4597a96>[0m[38;5;159m, morph: [38;5;121m<gs.morphs.Box>[0m[38;5;159m, material: [38;5;121m<gs.materials.Rigid>[0m[38;5;159m.[0m
[38;5;159m[Genesis] [08:39:14] [INFO] Adding [38;5;121m<gs.RigidEntity>[0m[38;5;159m. idx: [38;5;121m11[0m[38;5;159m, uid: [38;5;121m[3m<48fdadd>[0m[38;5;159m, morph: [38;5;121m<gs.morphs.Box>[0m[38;5;159m, material: [38;5;121m<gs.materials.Rigid>[0m[38;5;159m.[0m
[38;5;159m[Genesis] [08:39:14] [INFO] Adding [38;5;121m<gs.RigidEntity>[0m[38;5;159m. idx: [38;5;121m12[0m[38;5;159m, uid: [38;5;121m[3m<0db2088>[0m[38;5;159m, morph: [38;5;121m<gs.morphs.Mesh(file='/mnt4/gck/maniladder/maniladder/assets/meshes/deformable/toy_box/star.obj')>[0m[38;5;159m, material: [38;5;121m<gs.materials.Rigid>[0m[38;5;159m.[0m
[38;5;159m[Genesis] [08:39:14] [INFO] Convex hull is not accurate enough for collision detection (0.798). Falling back to more expensive convex decomposition (see FileMorph options).[0m
[38;5;159m[Genesis] [08:39:14] [INFO] Running convex decomposition.[0m
[2026-09-29 08:39:14.079] [CoACD] [info] threshold               0.1
[2026-09-29 08:39:14.080] [CoACD] [info] max # convex hull       -1
[2026-09-29 08:39:14.080] [CoACD] [info] preprocess mode         auto
[2026-09-29 08:39:14.080] [CoACD] [info] preprocess resolution   30
[2026-09-29 08:39:14.080] [CoACD] [info] pca                     false
[2026-09-29 08:39:14.080] [CoACD] [info] mcts max depth          3
[2026-09-29 08:39:14.080] [CoACD] [info] mcts nodes              20
[2026-09-29 08:39:14.080] [CoACD] [info] mcts iterations         100
[2026-09-29 08:39:14.080] [CoACD] [info] merge                   true
[2026-09-29 08:39:14.080] [CoACD] [info] decimate                false
[2026-09-29 08:39:14.080] [CoACD] [info] max_ch_vertex           256
[2026-09-29 08:39:14.080] [CoACD] [info] extrude                 false
[2026-09-29 08:39:14.080] [CoACD] [info] extrude margin          0.1
[2026-09-29 08:39:14.080] [CoACD] [info] approximate mode        ch
[2026-09-29 08:39:14.080] [CoACD] [info] seed                    0
[2026-09-29 08:39:14.080] [CoACD] [info]  - Manifold Check
[2026-09-29 08:39:14.080] [CoACD] [info] [1/3] Edge check finish
[2026-09-29 08:39:14.080] [CoACD] [info] [2/3] Self-intersection check finish
[2026-09-29 08:39:14.080] [CoACD] [info] [3/3] Triangle orientation check finish. Reversed: false
[2026-09-29 08:39:14.080] [CoACD] [info] Manifold Check Time: 9.3e-05s
[2026-09-29 08:39:14.080] [CoACD] [info] Mesh Manifoldness: true
[2026-09-29 08:39:14.080] [CoACD] [info] # Points: 20
[2026-09-29 08:39:14.080] [CoACD] [info] # Triangles: 36
[2026-09-29 08:39:14.080] [CoACD] [info]  - Decomposition (MCTS)
[2026-09-29 08:39:14.080] [CoACD] [info] iter 0 ---- waiting pool: 1
[2026-09-29 08:39:14.080] [CoACD] [info] Processing [0.0%]
[2026-09-29 08:39:14.179] [CoACD] [info] Processing [100.0%]
[2026-09-29 08:39:14.180] [CoACD] [info] iter 1 ---- waiting pool: 2
[2026-09-29 08:39:14.180] [CoACD] [info] Processing [0.0%]
[2026-09-29 08:39:14.180] [CoACD] [info] Processing [50.0%]
[2026-09-29 08:39:14.275] [CoACD] [info] Processing [100.0%]
[2026-09-29 08:39:14.275] [CoACD] [info] iter 2 ---- waiting pool: 4
[2026-09-29 08:39:14.275] [CoACD] [info] Processing [0.0%]
[2026-09-29 08:39:14.275] [CoACD] [info] Processing [25.0%]
[2026-09-29 08:39:14.275] [CoACD] [info] Processing [50.0%]
[2026-09-29 08:39:14.275] [CoACD] [info] Processing [75.0%]
[2026-09-29 08:39:14.301] [CoACD] [info] Processing [100.0%]
[2026-09-29 08:39:14.301] [CoACD] [info]  - Merge Convex Hulls
[2026-09-29 08:39:14.459] [CoACD] [info] Compute Time: 0.37967821303755045s
[2026-09-29 08:39:14.459] [CoACD] [info] # Convex Hulls: 4
[38;5;159m[Genesis] [08:39:14] [INFO] Preprocessing geom idx [38;5;121m[4m88[0m[38;5;159m.[0m
[38;5;159m[Genesis] [08:39:14] [INFO] Preprocessing geom idx [38;5;121m[4m89[0m[38;5;159m.[0m
[38;5;159m[Genesis] [08:39:14] [INFO] Preprocessing geom idx [38;5;121m[4m90[0m[38;5;159m.[0m
[38;5;159m[Genesis] [08:39:14] [INFO] Preprocessing geom idx [38;5;121m[4m91[0m[38;5;159m.[0m
[38;5;159m[Genesis] [08:39:14] [INFO] Adding [38;5;121m<gs.MPMEntity>[0m[38;5;159m. idx: [38;5;121m13[0m[38;5;159m, uid: [38;5;121m[3m<31344e4>[0m[38;5;159m, morph: [38;5;121m<gs.morphs.Mesh(file='/mnt4/gck/maniladder/maniladder/assets/meshes/deformable/toy_box/cyl.obj')>[0m[38;5;159m, material: [38;5;121m<gs.materials.MPM.Elastic>[0m[38;5;159m.[0m
[38;5;159m[Genesis] [08:39:14] [INFO] Sampling particles with [38;5;121mpbs-32[0m[38;5;159m sampler and generating `.ptc` file:[0m
[38;5;159m[Genesis] [08:39:23] [INFO] Sampled [38;5;121m[4m2,059[0m[38;5;159m particles.[0m
[38;5;159m[Genesis] [08:39:23] [INFO] Adding [38;5;121m<gs.RigidEntity>[0m[38;5;159m. idx: [38;5;121m14[0m[38;5;159m, uid: [38;5;121m[3m<b71c3cf>[0m[38;5;159m, morph: [38;5;121m<gs.morphs.Mesh(file='/mnt4/gck/maniladder/maniladder/assets/meshes/deformable/toy_box/sphere.obj')>[0m[38;5;159m, material: [38;5;121m<gs.materials.Rigid>[0m[38;5;159m.[0m
[38;5;159m[Genesis] [08:39:23] [INFO] Preprocessing geom idx [38;5;121m[4m92[0m[38;5;159m.[0m
[38;5;159m[Genesis] [08:39:23] [INFO] Adding [38;5;121m<gs.RigidEntity>[0m[38;5;159m. idx: [38;5;121m15[0m[38;5;159m, uid: [38;5;121m[3m<bb4391f>[0m[38;5;159m, morph: [38;5;121m<gs.morphs.Mesh(file='/mnt4/gck/maniladder/maniladder/assets/meshes/deformable/toy_box/cone.obj')>[0m[38;5;159m, material: [38;5;121m<gs.materials.Rigid>[0m[38;5;159m.[0m
[38;5;159m[Genesis] [08:39:23] [INFO] Preprocessing geom idx [38;5;121m[4m93[0m[38;5;159m.[0m
[38;5;159m[Genesis] [08:39:23] [INFO] Adding [38;5;121m<gs.RigidEntity>[0m[38;5;159m. idx: [38;5;121m16[0m[38;5;159m, uid: [38;5;121m[3m<43d94c0>[0m[38;5;159m, morph: [38;5;121m<gs.morphs.Mesh(file='/mnt4/gck/maniladder/maniladder/assets/meshes/deformable/toy_box/heart.obj')>[0m[38;5;159m, material: [38;5;121m<gs.materials.Rigid>[0m[38;5;159m.[0m
[38;5;159m[Genesis] [08:39:23] [INFO] Preprocessing geom idx [38;5;121m[4m94[0m[38;5;159m.[0m
[38;5;159m[Genesis] [08:39:24] [INFO] Building scene [38;5;121m[3m<5624778>[0m[38;5;159m...[0m
[38;5;226m[Genesis] [08:39:27] [WARNING] Reference robot position exceeds joint limits.[0m
[38;5;226m[Genesis] [08:39:29] [WARNING] max_collision_pairs 300 is smaller than the theoretical maximal possible pairs 3900, it uses less memory but might lead to missing some collision pairs if there are too many collision pairs[0m
[38;5;226m[Genesis] [08:39:37] [WARNING] Kernel compilation takes longer when running MPM solver in CPIC mode. Please be patient.[0m
[38;5;226m[Genesis] [08:39:37] [WARNING] Current `substep_dt` (0.002) is greater than suggested_dt (0.0003125, calculated based on `grid_density`). Simulation might be unstable.[0m
[38;5;159m[Genesis] [08:39:38] [INFO] Compiling simulation kernels...[0m
[38;5;159m[Genesis] [08:41:06] [INFO] Building visualizer...[0m
  [ep 0/1, attempt 1] step 1/300  terminated=False  truncated=False
  [ep 0/1, attempt 1] step 101/300  terminated=False  truncated=False
  [ep 0/1, attempt 1] step 201/300  terminated=False  truncated=False
  [ep 0/1, attempt 1] step 300/300  terminated=False  truncated=True
  [WARNING] Episode 0 attempt 1 truncated without success. Discarding and retrying...
  [Success Rate] overall: 0.0% (0/1) | moving avg (last 1): 0.0%
[38;5;159m[Genesis] [08:46:21] [INFO] Scene [38;5;121m[3m<41b98f6>[0m[38;5;159m created.[0m
[38;5;159m[Genesis] [08:46:21] [INFO] Adding [38;5;121m<gs.RigidEntity>[0m[38;5;159m. idx: [38;5;121m0[0m[38;5;159m, uid: [38;5;121m[3m<987ea0f>[0m[38;5;159m, morph: [38;5;121m<gs.morphs.URDF(file='/mnt4/gck/maniladder/maniladder/assets/urdf/panda_leaphand/panda_leaphand.urdf')>[0m[38;5;159m, material: [38;5;121m<gs.materials.Rigid>[0m[38;5;159m.[0m
[38;5;159m[Genesis] [08:46:24] [INFO] Applying offset to base link's pose with user provided value in morph.[0m
[38;5;159m[Genesis] [08:46:25] [INFO] Adding [38;5;121m<gs.RigidEntity>[0m[38;5;159m. idx: [38;5;121m1[0m[38;5;159m, uid: [38;5;121m[3m<4cc68a4>[0m[38;5;159m, morph: [38;5;121m<gs.morphs.Mesh(file='/mnt4/gck/maniladder/maniladder/assets/models/table.glb')>[0m[38;5;159m, material: [38;5;121m<gs.materials.Rigid>[0m[38;5;159m.[0m
[38;5;226m[Genesis] [08:46:25] [WARNING] GLTF is using y-up while Genesis uses z-up. Please set parse_glb_with_zup=True in morph options if you find the mesh is 90-degree rotated. We will set parse_glb_with_zup=True and rotate glb mesh by default later and gradually enforce this option.[0m
/data/gck/miniconda3/envs/maniladder/lib/python3.10/site-packages/pygltflib/__init__.py:830: UserWarning: pygltflib currently does not remove image data from the buffer when converting to data uri.Please open an issue at https://gitlab.com/dodgyville/pygltflib/issues
  warnings.warn("pygltflib currently does not remove image data "
[38;5;159m[Genesis] [08:46:26] [INFO] Adding [38;5;121m<gs.RigidEntity>[0m[38;5;159m. idx: [38;5;121m2[0m[38;5;159m, uid: [38;5;121m[3m<3b7a2eb>[0m[38;5;159m, morph: [38;5;121m<gs.morphs.Box>[0m[38;5;159m, material: [38;5;121m<gs.materials.Rigid>[0m[38;5;159m.[0m
[38;5;159m[Genesis] [08:46:26] [INFO] Adding [38;5;121m<gs.RigidEntity>[0m[38;5;159m. idx: [38;5;121m3[0m[38;5;159m, uid: [38;5;121m[3m<3a0dbc6>[0m[38;5;159m, morph: [38;5;121m<gs.morphs.Plane>[0m[38;5;159m, material: [38;5;121m<gs.materials.Rigid>[0m[38;5;159m.[0m
[38;5;159m[Genesis] [08:46:26] [INFO] Adding [38;5;121m<gs.RigidEntity>[0m[38;5;159m. idx: [38;5;121m4[0m[38;5;159m, uid: [38;5;121m[3m<e601c1a>[0m[38;5;159m, morph: [38;5;121m<gs.morphs.Box>[0m[38;5;159m, material: [38;5;121m<gs.materials.Rigid>[0m[38;5;159m.[0m
[38;5;159m[Genesis] [08:46:26] [INFO] Adding [38;5;121m<gs.RigidEntity>[0m[38;5;159m. idx: [38;5;121m5[0m[38;5;159m, uid: [38;5;121m[3m<d564e97>[0m[38;5;159m, morph: [38;5;121m<gs.morphs.Box>[0m[38;5;159m, material: [38;5;121m<gs.materials.Rigid>[0m[38;5;159m.[0m
[38;5;159m[Genesis] [08:46:26] [INFO] Adding [38;5;121m<gs.RigidEntity>[0m[38;5;159m. idx: [38;5;121m6[0m[38;5;159m, uid: [38;5;121m[3m<9834f08>[0m[38;5;159m, morph: [38;5;121m<gs.morphs.Box>[0m[38;5;159m, material: [38;5;121m<gs.materials.Rigid>[0m[38;5;159m.[0m
[38;5;159m[Genesis] [08:46:26] [INFO] Adding [38;5;121m<gs.RigidEntity>[0m[38;5;159m. idx: [38;5;121m7[0m[38;5;159m, uid: [38;5;121m[3m<b63ae81>[0m[38;5;159m, morph: [38;5;121m<gs.morphs.Box>[0m[38;5;159m, material: [38;5;121m<gs.materials.Rigid>[0m[38;5;159m.[0m
[38;5;159m[Genesis] [08:46:26] [INFO] Adding [38;5;121m<gs.RigidEntity>[0m[38;5;159m. idx: [38;5;121m8[0m[38;5;159m, uid: [38;5;121m[3m<2f86c3d>[0m[38;5;159m, morph: [38;5;121m<gs.morphs.Box>[0m[38;5;159m, material: [38;5;121m<gs.materials.Rigid>[0m[38;5;159m.[0m
[38;5;159m[Genesis] [08:46:26] [INFO] Adding [38;5;121m<gs.RigidEntity>[0m[38;5;159m. idx: [38;5;121m9[0m[38;5;159m, uid: [38;5;121m[3m<ec6de46>[0m[38;5;159m, morph: [38;5;121m<gs.morphs.Box>[0m[38;5;159m, material: [38;5;121m<gs.materials.Rigid>[0m[38;5;159m.[0m
[38;5;159m[Genesis] [08:46:26] [INFO] Adding [38;5;121m<gs.RigidEntity>[0m[38;5;159m. idx: [38;5;121m10[0m[38;5;159m, uid: [38;5;121m[3m<92db780>[0m[38;5;159m, morph: [38;5;121m<gs.morphs.Box>[0m[38;5;159m, material: [38;5;121m<gs.materials.Rigid>[0m[38;5;159m.[0m
[38;5;159m[Genesis] [08:46:26] [INFO] Adding [38;5;121m<gs.RigidEntity>[0m[38;5;159m. idx: [38;5;121m11[0m[38;5;159m, uid: [38;5;121m[3m<0f57e95>[0m[38;5;159m, morph: [38;5;121m<gs.morphs.Box>[0m[38;5;159m, material: [38;5;121m<gs.materials.Rigid>[0m[38;5;159m.[0m
[38;5;159m[Genesis] [08:46:26] [INFO] Adding [38;5;121m<gs.RigidEntity>[0m[38;5;159m. idx: [38;5;121m12[0m[38;5;159m, uid: [38;5;121m[3m<5db8660>[0m[38;5;159m, morph: [38;5;121m<gs.morphs.Mesh(file='/mnt4/gck/maniladder/maniladder/assets/meshes/deformable/toy_box/star.obj')>[0m[38;5;159m, material: [38;5;121m<gs.materials.Rigid>[0m[38;5;159m.[0m
[38;5;159m[Genesis] [08:46:26] [INFO] Convex hull is not accurate enough for collision detection (0.798). Falling back to more expensive convex decomposition (see FileMorph options).[0m
[38;5;159m[Genesis] [08:46:26] [INFO] Preprocessing geom idx [38;5;121m[4m88[0m[38;5;159m.[0m
[38;5;159m[Genesis] [08:46:26] [INFO] Preprocessing geom idx [38;5;121m[4m89[0m[38;5;159m.[0m
[38;5;159m[Genesis] [08:46:26] [INFO] Preprocessing geom idx [38;5;121m[4m90[0m[38;5;159m.[0m
[38;5;159m[Genesis] [08:46:26] [INFO] Preprocessing geom idx [38;5;121m[4m91[0m[38;5;159m.[0m
[38;5;159m[Genesis] [08:46:26] [INFO] Adding [38;5;121m<gs.RigidEntity>[0m[38;5;159m. idx: [38;5;121m13[0m[38;5;159m, uid: [38;5;121m[3m<5ce798c>[0m[38;5;159m, morph: [38;5;121m<gs.morphs.Mesh(file='/mnt4/gck/maniladder/maniladder/assets/meshes/deformable/toy_box/moon.obj')>[0m[38;5;159m, material: [38;5;121m<gs.materials.Rigid>[0m[38;5;159m.[0m
[38;5;159m[Genesis] [08:46:26] [INFO] Convex hull is not accurate enough for collision detection (1.087). Falling back to more expensive convex decomposition (see FileMorph options).[0m
[38;5;159m[Genesis] [08:46:26] [INFO] Preprocessing geom idx [38;5;121m[4m92[0m[38;5;159m.[0m
[38;5;159m[Genesis] [08:46:26] [INFO] Preprocessing geom idx [38;5;121m[4m93[0m[38;5;159m.[0m
[38;5;159m[Genesis] [08:46:26] [INFO] Preprocessing geom idx [38;5;121m[4m94[0m[38;5;159m.[0m
[38;5;159m[Genesis] [08:46:27] [INFO] Preprocessing geom idx [38;5;121m[4m95[0m[38;5;159m.[0m
[38;5;159m[Genesis] [08:46:27] [INFO] Adding [38;5;121m<gs.RigidEntity>[0m[38;5;159m. idx: [38;5;121m14[0m[38;5;159m, uid: [38;5;121m[3m<ac542c7>[0m[38;5;159m, morph: [38;5;121m<gs.morphs.Mesh(file='/mnt4/gck/maniladder/maniladder/assets/meshes/deformable/toy_box/cone.obj')>[0m[38;5;159m, material: [38;5;121m<gs.materials.Rigid>[0m[38;5;159m.[0m
[38;5;159m[Genesis] [08:46:27] [INFO] Preprocessing geom idx [38;5;121m[4m96[0m[38;5;159m.[0m
[38;5;159m[Genesis] [08:46:27] [INFO] Adding [38;5;121m<gs.MPMEntity>[0m[38;5;159m. idx: [38;5;121m15[0m[38;5;159m, uid: [38;5;121m[3m<c87d09a>[0m[38;5;159m, morph: [38;5;121m<gs.morphs.Mesh(file='/mnt4/gck/maniladder/maniladder/assets/meshes/deformable/toy_box/cylinder.obj')>[0m[38;5;159m, material: [38;5;121m<gs.materials.MPM.Elastic>[0m[38;5;159m.[0m
[38;5;159m[Genesis] [08:46:27] [INFO] Sampling particles with [38;5;121mpbs-32[0m[38;5;159m sampler and generating `.ptc` file:[0m
[38;5;159m[Genesis] [08:46:35] [INFO] Sampled [38;5;121m[4m652[0m[38;5;159m particles.[0m
[38;5;159m[Genesis] [08:46:35] [INFO] Adding [38;5;121m<gs.RigidEntity>[0m[38;5;159m. idx: [38;5;121m16[0m[38;5;159m, uid: [38;5;121m[3m<a73ffc1>[0m[38;5;159m, morph: [38;5;121m<gs.morphs.Mesh(file='/mnt4/gck/maniladder/maniladder/assets/meshes/deformable/toy_box/cyl.obj')>[0m[38;5;159m, material: [38;5;121m<gs.materials.Rigid>[0m[38;5;159m.[0m
[38;5;159m[Genesis] [08:46:35] [INFO] Preprocessing geom idx [38;5;121m[4m97[0m[38;5;159m.[0m
[38;5;159m[Genesis] [08:46:35] [INFO] Building scene [38;5;121m[3m<41b98f6>[0m[38;5;159m...[0m
[38;5;226m[Genesis] [08:46:39] [WARNING] Reference robot position exceeds joint limits.[0m
[38;5;226m[Genesis] [08:46:41] [WARNING] max_collision_pairs 300 is smaller than the theoretical maximal possible pairs 4182, it uses less memory but might lead to missing some collision pairs if there are too many collision pairs[0m
[38;5;226m[Genesis] [08:46:49] [WARNING] Kernel compilation takes longer when running MPM solver in CPIC mode. Please be patient.[0m
[38;5;226m[Genesis] [08:46:49] [WARNING] Current `substep_dt` (0.002) is greater than suggested_dt (0.0003125, calculated based on `grid_density`). Simulation might be unstable.[0m
[38;5;159m[Genesis] [08:46:50] [INFO] Compiling simulation kernels...[0m
[38;5;159m[Genesis] [08:48:18] [INFO] Building visualizer...[0m
  [ep 0/1, attempt 2] step 1/300  terminated=False  truncated=False
  [ep 0/1, attempt 2] step 101/300  terminated=False  truncated=False
  [ep 0/1, attempt 2] step 201/300  terminated=False  truncated=False
  [ep 0/1, attempt 2] step 300/300  terminated=False  truncated=True
  [WARNING] Episode 0 attempt 2 truncated without success. Discarding and retrying...
  [Success Rate] overall: 0.0% (0/2) | moving avg (last 2): 0.0%
[38;5;159m[Genesis] [08:50:15] [INFO] Scene [38;5;121m[3m<3426135>[0m[38;5;159m created.[0m
[38;5;159m[Genesis] [08:50:15] [INFO] Adding [38;5;121m<gs.RigidEntity>[0m[38;5;159m. idx: [38;5;121m0[0m[38;5;159m, uid: [38;5;121m[3m<9cb82d3>[0m[38;5;159m, morph: [38;5;121m<gs.morphs.URDF(file='/mnt4/gck/maniladder/maniladder/assets/urdf/panda_leaphand/panda_leaphand.urdf')>[0m[38;5;159m, material: [38;5;121m<gs.materials.Rigid>[0m[38;5;159m.[0m
[38;5;159m[Genesis] [08:50:18] [INFO] Applying offset to base link's pose with user provided value in morph.[0m
[38;5;159m[Genesis] [08:50:19] [INFO] Adding [38;5;121m<gs.RigidEntity>[0m[38;5;159m. idx: [38;5;121m1[0m[38;5;159m, uid: [38;5;121m[3m<355af38>[0m[38;5;159m, morph: [38;5;121m<gs.morphs.Mesh(file='/mnt4/gck/maniladder/maniladder/assets/models/table.glb')>[0m[38;5;159m, material: [38;5;121m<gs.materials.Rigid>[0m[38;5;159m.[0m
[38;5;226m[Genesis] [08:50:19] [WARNING] GLTF is using y-up while Genesis uses z-up. Please set parse_glb_with_zup=True in morph options if you find the mesh is 90-degree rotated. We will set parse_glb_with_zup=True and rotate glb mesh by default later and gradually enforce this option.[0m
/data/gck/miniconda3/envs/maniladder/lib/python3.10/site-packages/pygltflib/__init__.py:830: UserWarning: pygltflib currently does not remove image data from the buffer when converting to data uri.Please open an issue at https://gitlab.com/dodgyville/pygltflib/issues
  warnings.warn("pygltflib currently does not remove image data "
[38;5;159m[Genesis] [08:50:19] [INFO] Adding [38;5;121m<gs.RigidEntity>[0m[38;5;159m. idx: [38;5;121m2[0m[38;5;159m, uid: [38;5;121m[3m<702dcdd>[0m[38;5;159m, morph: [38;5;121m<gs.morphs.Box>[0m[38;5;159m, material: [38;5;121m<gs.materials.Rigid>[0m[38;5;159m.[0m
[38;5;159m[Genesis] [08:50:20] [INFO] Adding [38;5;121m<gs.RigidEntity>[0m[38;5;159m. idx: [38;5;121m3[0m[38;5;159m, uid: [38;5;121m[3m<c5ec1c9>[0m[38;5;159m, morph: [38;5;121m<gs.morphs.Plane>[0m[38;5;159m, material: [38;5;121m<gs.materials.Rigid>[0m[38;5;159m.[0m
[38;5;159m[Genesis] [08:50:20] [INFO] Adding [38;5;121m<gs.RigidEntity>[0m[38;5;159m. idx: [38;5;121m4[0m[38;5;159m, uid: [38;5;121m[3m<83c7a37>[0m[38;5;159m, morph: [38;5;121m<gs.morphs.Box>[0m[38;5;159m, material: [38;5;121m<gs.materials.Rigid>[0m[38;5;159m.[0m
[38;5;159m[Genesis] [08:50:20] [INFO] Adding [38;5;121m<gs.RigidEntity>[0m[38;5;159m. idx: [38;5;121m5[0m[38;5;159m, uid: [38;5;121m[3m<c1e91a8>[0m[38;5;159m, morph: [38;5;121m<gs.morphs.Box>[0m[38;5;159m, material: [38;5;121m<gs.materials.Rigid>[0m[38;5;159m.[0m
[38;5;159m[Genesis] [08:50:20] [INFO] Adding [38;5;121m<gs.RigidEntity>[0m[38;5;159m. idx: [38;5;121m6[0m[38;5;159m, uid: [38;5;121m[3m<da8105d>[0m[38;5;159m, morph: [38;5;121m<gs.morphs.Box>[0m[38;5;159m, material: [38;5;121m<gs.materials.Rigid>[0m[38;5;159m.[0m
[38;5;159m[Genesis] [08:50:20] [INFO] Adding [38;5;121m<gs.RigidEntity>[0m[38;5;159m. idx: [38;5;121m7[0m[38;5;159m, uid: [38;5;121m[3m<0c0a22f>[0m[38;5;159m, morph: [38;5;121m<gs.morphs.Box>[0m[38;5;159m, material: [38;5;121m<gs.materials.Rigid>[0m[38;5;159m.[0m
[38;5;159m[Genesis] [08:50:20] [INFO] Adding [38;5;121m<gs.RigidEntity>[0m[38;5;159m. idx: [38;5;121m8[0m[38;5;159m, uid: [38;5;121m[3m<ca23d07>[0m[38;5;159m, morph: [38;5;121m<gs.morphs.Box>[0m[38;5;159m, material: [38;5;121m<gs.materials.Rigid>[0m[38;5;159m.[0m
[38;5;159m[Genesis] [08:50:20] [INFO] Adding [38;5;121m<gs.RigidEntity>[0m[38;5;159m. idx: [38;5;121m9[0m[38;5;159m, uid: [38;5;121m[3m<d79f8db>[0m[38;5;159m, morph: [38;5;121m<gs.morphs.Box>[0m[38;5;159m, material: [38;5;121m<gs.materials.Rigid>[0m[38;5;159m.[0m
[38;5;159m[Genesis] [08:50:20] [INFO] Adding [38;5;121m<gs.RigidEntity>[0m[38;5;159m. idx: [38;5;121m10[0m[38;5;159m, uid: [38;5;121m[3m<8b7fcae>[0m[38;5;159m, morph: [38;5;121m<gs.morphs.Box>[0m[38;5;159m, material: [38;5;121m<gs.materials.Rigid>[0m[38;5;159m.[0m
[38;5;159m[Genesis] [08:50:20] [INFO] Adding [38;5;121m<gs.RigidEntity>[0m[38;5;159m. idx: [38;5;121m11[0m[38;5;159m, uid: [38;5;121m[3m<5e3c617>[0m[38;5;159m, morph: [38;5;121m<gs.morphs.Box>[0m[38;5;159m, material: [38;5;121m<gs.materials.Rigid>[0m[38;5;159m.[0m
[38;5;159m[Genesis] [08:50:20] [INFO] Adding [38;5;121m<gs.MPMEntity>[0m[38;5;159m. idx: [38;5;121m12[0m[38;5;159m, uid: [38;5;121m[3m<794c6dd>[0m[38;5;159m, morph: [38;5;121m<gs.morphs.Mesh(file='/mnt4/gck/maniladder/maniladder/assets/meshes/deformable/toy_box/cyl.obj')>[0m[38;5;159m, material: [38;5;121m<gs.materials.MPM.Elastic>[0m[38;5;159m.[0m
[38;5;159m[Genesis] [08:50:20] [INFO] Sampling particles with [38;5;121mpbs-32[0m[38;5;159m sampler and generating `.ptc` file:[0m
[38;5;159m[Genesis] [08:50:28] [INFO] Sampled [38;5;121m[4m1,740[0m[38;5;159m particles.[0m
[38;5;159m[Genesis] [08:50:28] [INFO] Adding [38;5;121m<gs.RigidEntity>[0m[38;5;159m. idx: [38;5;121m13[0m[38;5;159m, uid: [38;5;121m[3m<c89d551>[0m[38;5;159m, morph: [38;5;121m<gs.morphs.Mesh(file='/mnt4/gck/maniladder/maniladder/assets/meshes/deformable/toy_box/sphere.obj')>[0m[38;5;159m, material: [38;5;121m<gs.materials.Rigid>[0m[38;5;159m.[0m
[38;5;159m[Genesis] [08:50:28] [INFO] Preprocessing geom idx [38;5;121m[4m88[0m[38;5;159m.[0m
[38;5;159m[Genesis] [08:50:28] [INFO] Adding [38;5;121m<gs.RigidEntity>[0m[38;5;159m. idx: [38;5;121m14[0m[38;5;159m, uid: [38;5;121m[3m<ff1ef93>[0m[38;5;159m, morph: [38;5;121m<gs.morphs.Mesh(file='/mnt4/gck/maniladder/maniladder/assets/meshes/deformable/toy_box/star.obj')>[0m[38;5;159m, material: [38;5;121m<gs.materials.Rigid>[0m[38;5;159m.[0m
[38;5;159m[Genesis] [08:50:28] [INFO] Convex hull is not accurate enough for collision detection (0.798). Falling back to more expensive convex decomposition (see FileMorph options).[0m
[38;5;159m[Genesis] [08:50:28] [INFO] Preprocessing geom idx [38;5;121m[4m89[0m[38;5;159m.[0m
[38;5;159m[Genesis] [08:50:28] [INFO] Preprocessing geom idx [38;5;121m[4m90[0m[38;5;159m.[0m
[38;5;159m[Genesis] [08:50:28] [INFO] Preprocessing geom idx [38;5;121m[4m91[0m[38;5;159m.[0m
[38;5;159m[Genesis] [08:50:28] [INFO] Preprocessing geom idx [38;5;121m[4m92[0m[38;5;159m.[0m
[38;5;159m[Genesis] [08:50:29] [INFO] Adding [38;5;121m<gs.RigidEntity>[0m[38;5;159m. idx: [38;5;121m15[0m[38;5;159m, uid: [38;5;121m[3m<bad4638>[0m[38;5;159m, morph: [38;5;121m<gs.morphs.Mesh(file='/mnt4/gck/maniladder/maniladder/assets/meshes/deformable/toy_box/cone.obj')>[0m[38;5;159m, material: [38;5;121m<gs.materials.Rigid>[0m[38;5;159m.[0m
[38;5;159m[Genesis] [08:50:29] [INFO] Preprocessing geom idx [38;5;121m[4m93[0m[38;5;159m.[0m
[38;5;159m[Genesis] [08:50:29] [INFO] Adding [38;5;121m<gs.RigidEntity>[0m[38;5;159m. idx: [38;5;121m16[0m[38;5;159m, uid: [38;5;121m[3m<a2399fc>[0m[38;5;159m, morph: [38;5;121m<gs.morphs.Mesh(file='/mnt4/gck/maniladder/maniladder/assets/meshes/deformable/toy_box/moon.obj')>[0m[38;5;159m, material: [38;5;121m<gs.materials.Rigid>[0m[38;5;159m.[0m
[38;5;159m[Genesis] [08:50:29] [INFO] Convex hull is not accurate enough for collision detection (1.087). Falling back to more expensive convex decomposition (see FileMorph options).[0m
[38;5;159m[Genesis] [08:50:29] [INFO] Preprocessing geom idx [38;5;121m[4m94[0m[38;5;159m.[0m
[38;5;159m[Genesis] [08:50:29] [INFO] Preprocessing geom idx [38;5;121m[4m95[0m[38;5;159m.[0m
[38;5;159m[Genesis] [08:50:29] [INFO] Preprocessing geom idx [38;5;121m[4m96[0m[38;5;159m.[0m
[38;5;159m[Genesis] [08:50:29] [INFO] Preprocessing geom idx [38;5;121m[4m97[0m[38;5;159m.[0m
[38;5;159m[Genesis] [08:50:29] [INFO] Building scene [38;5;121m[3m<3426135>[0m[38;5;159m...[0m
[38;5;226m[Genesis] [08:50:32] [WARNING] Reference robot position exceeds joint limits.[0m
[38;5;226m[Genesis] [08:50:34] [WARNING] max_collision_pairs 300 is smaller than the theoretical maximal possible pairs 4182, it uses less memory but might lead to missing some collision pairs if there are too many collision pairs[0m
[38;5;226m[Genesis] [08:50:42] [WARNING] Kernel compilation takes longer when running MPM solver in CPIC mode. Please be patient.[0m
[38;5;226m[Genesis] [08:50:43] [WARNING] Current `substep_dt` (0.002) is greater than suggested_dt (0.0003125, calculated based on `grid_density`). Simulation might be unstable.[0m
[38;5;159m[Genesis] [08:50:44] [INFO] Compiling simulation kernels...[0m
[38;5;159m[Genesis] [08:52:11] [INFO] Building visualizer...[0m
  [ep 0/1, attempt 3] step 1/300  terminated=False  truncated=False
  [ep 0/1, attempt 3] step 101/300  terminated=False  truncated=False
  [ep 0/1, attempt 3] step 201/300  terminated=False  truncated=False
  [ep 0/1, attempt 3] step 300/300  terminated=False  truncated=True
  [WARNING] Episode 0 attempt 3 truncated without success. Discarding and retrying...
  [Success Rate] overall: 0.0% (0/3) | moving avg (last 3): 0.0%
[38;5;159m[Genesis] [08:57:37] [INFO] Scene [38;5;121m[3m<e32ab8f>[0m[38;5;159m created.[0m
[38;5;159m[Genesis] [08:57:37] [INFO] Adding [38;5;121m<gs.RigidEntity>[0m[38;5;159m. idx: [38;5;121m0[0m[38;5;159m, uid: [38;5;121m[3m<03b4da2>[0m[38;5;159m, morph: [38;5;121m<gs.morphs.URDF(file='/mnt4/gck/maniladder/maniladder/assets/urdf/panda_leaphand/panda_leaphand.urdf')>[0m[38;5;159m, material: [38;5;121m<gs.materials.Rigid>[0m[38;5;159m.[0m
[38;5;159m[Genesis] [08:57:40] [INFO] Applying offset to base link's pose with user provided value in morph.[0m
[38;5;159m[Genesis] [08:57:41] [INFO] Adding [38;5;121m<gs.RigidEntity>[0m[38;5;159m. idx: [38;5;121m1[0m[38;5;159m, uid: [38;5;121m[3m<e437798>[0m[38;5;159m, morph: [38;5;121m<gs.morphs.Mesh(file='/mnt4/gck/maniladder/maniladder/assets/models/table.glb')>[0m[38;5;159m, material: [38;5;121m<gs.materials.Rigid>[0m[38;5;159m.[0m
[38;5;226m[Genesis] [08:57:41] [WARNING] GLTF is using y-up while Genesis uses z-up. Please set parse_glb_with_zup=True in morph options if you find the mesh is 90-degree rotated. We will set parse_glb_with_zup=True and rotate glb mesh by default later and gradually enforce this option.[0m
/data/gck/miniconda3/envs/maniladder/lib/python3.10/site-packages/pygltflib/__init__.py:830: UserWarning: pygltflib currently does not remove image data from the buffer when converting to data uri.Please open an issue at https://gitlab.com/dodgyville/pygltflib/issues
  warnings.warn("pygltflib currently does not remove image data "
[38;5;159m[Genesis] [08:57:41] [INFO] Adding [38;5;121m<gs.RigidEntity>[0m[38;5;159m. idx: [38;5;121m2[0m[38;5;159m, uid: [38;5;121m[3m<10d4dae>[0m[38;5;159m, morph: [38;5;121m<gs.morphs.Box>[0m[38;5;159m, material: [38;5;121m<gs.materials.Rigid>[0m[38;5;159m.[0m
[38;5;159m[Genesis] [08:57:41] [INFO] Adding [38;5;121m<gs.RigidEntity>[0m[38;5;159m. idx: [38;5;121m3[0m[38;5;159m, uid: [38;5;121m[3m<f91427d>[0m[38;5;159m, morph: [38;5;121m<gs.morphs.Plane>[0m[38;5;159m, material: [38;5;121m<gs.materials.Rigid>[0m[38;5;159m.[0m
[38;5;159m[Genesis] [08:57:41] [INFO] Adding [38;5;121m<gs.RigidEntity>[0m[38;5;159m. idx: [38;5;121m4[0m[38;5;159m, uid: [38;5;121m[3m<ee22b57>[0m[38;5;159m, morph: [38;5;121m<gs.morphs.Box>[0m[38;5;159m, material: [38;5;121m<gs.materials.Rigid>[0m[38;5;159m.[0m
[38;5;159m[Genesis] [08:57:42] [INFO] Adding [38;5;121m<gs.RigidEntity>[0m[38;5;159m. idx: [38;5;121m5[0m[38;5;159m, uid: [38;5;121m[3m<7a7059f>[0m[38;5;159m, morph: [38;5;121m<gs.morphs.Box>[0m[38;5;159m, material: [38;5;121m<gs.materials.Rigid>[0m[38;5;159m.[0m
[38;5;159m[Genesis] [08:57:42] [INFO] Adding [38;5;121m<gs.RigidEntity>[0m[38;5;159m. idx: [38;5;121m6[0m[38;5;159m, uid: [38;5;121m[3m<021da1e>[0m[38;5;159m, morph: [38;5;121m<gs.morphs.Box>[0m[38;5;159m, material: [38;5;121m<gs.materials.Rigid>[0m[38;5;159m.[0m
[38;5;159m[Genesis] [08:57:42] [INFO] Adding [38;5;121m<gs.RigidEntity>[0m[38;5;159m. idx: [38;5;121m7[0m[38;5;159m, uid: [38;5;121m[3m<d107a39>[0m[38;5;159m, morph: [38;5;121m<gs.morphs.Box>[0m[38;5;159m, material: [38;5;121m<gs.materials.Rigid>[0m[38;5;159m.[0m
[38;5;159m[Genesis] [08:57:42] [INFO] Adding [38;5;121m<gs.RigidEntity>[0m[38;5;159m. idx: [38;5;121m8[0m[38;5;159m, uid: [38;5;121m[3m<d53af71>[0m[38;5;159m, morph: [38;5;121m<gs.morphs.Box>[0m[38;5;159m, material: [38;5;121m<gs.materials.Rigid>[0m[38;5;159m.[0m
[38;5;159m[Genesis] [08:57:42] [INFO] Adding [38;5;121m<gs.RigidEntity>[0m[38;5;159m. idx: [38;5;121m9[0m[38;5;159m, uid: [38;5;121m[3m<7c64cfe>[0m[38;5;159m, morph: [38;5;121m<gs.morphs.Box>[0m[38;5;159m, material: [38;5;121m<gs.materials.Rigid>[0m[38;5;159m.[0m
[38;5;159m[Genesis] [08:57:42] [INFO] Adding [38;5;121m<gs.RigidEntity>[0m[38;5;159m. idx: [38;5;121m10[0m[38;5;159m, uid: [38;5;121m[3m<77171c3>[0m[38;5;159m, morph: [38;5;121m<gs.morphs.Box>[0m[38;5;159m, material: [38;5;121m<gs.materials.Rigid>[0m[38;5;159m.[0m
[38;5;159m[Genesis] [08:57:42] [INFO] Adding [38;5;121m<gs.RigidEntity>[0m[38;5;159m. idx: [38;5;121m11[0m[38;5;159m, uid: [38;5;121m[3m<5f5ad77>[0m[38;5;159m, morph: [38;5;121m<gs.morphs.Box>[0m[38;5;159m, material: [38;5;121m<gs.materials.Rigid>[0m[38;5;159m.[0m
[38;5;159m[Genesis] [08:57:42] [INFO] Adding [38;5;121m<gs.RigidEntity>[0m[38;5;159m. idx: [38;5;121m12[0m[38;5;159m, uid: [38;5;121m[3m<dc6b69e>[0m[38;5;159m, morph: [38;5;121m<gs.morphs.Mesh(file='/mnt4/gck/maniladder/maniladder/assets/meshes/deformable/toy_box/star.obj')>[0m[38;5;159m, material: [38;5;121m<gs.materials.Rigid>[0m[38;5;159m.[0m
[38;5;159m[Genesis] [08:57:42] [INFO] Convex hull is not accurate enough for collision detection (0.798). Falling back to more expensive convex decomposition (see FileMorph options).[0m
[38;5;159m[Genesis] [08:57:42] [INFO] Preprocessing geom idx [38;5;121m[4m88[0m[38;5;159m.[0m
[38;5;159m[Genesis] [08:57:42] [INFO] Preprocessing geom idx [38;5;121m[4m89[0m[38;5;159m.[0m
[38;5;159m[Genesis] [08:57:42] [INFO] Preprocessing geom idx [38;5;121m[4m90[0m[38;5;159m.[0m
[38;5;159m[Genesis] [08:57:42] [INFO] Preprocessing geom idx [38;5;121m[4m91[0m[38;5;159m.[0m
[38;5;159m[Genesis] [08:57:42] [INFO] Adding [38;5;121m<gs.RigidEntity>[0m[38;5;159m. idx: [38;5;121m13[0m[38;5;159m, uid: [38;5;121m[3m<3a9b17d>[0m[38;5;159m, morph: [38;5;121m<gs.morphs.Mesh(file='/mnt4/gck/maniladder/maniladder/assets/meshes/deformable/toy_box/sphere.obj')>[0m[38;5;159m, material: [38;5;121m<gs.materials.Rigid>[0m[38;5;159m.[0m
[38;5;159m[Genesis] [08:57:42] [INFO] Preprocessing geom idx [38;5;121m[4m92[0m[38;5;159m.[0m
[38;5;159m[Genesis] [08:57:42] [INFO] Adding [38;5;121m<gs.RigidEntity>[0m[38;5;159m. idx: [38;5;121m14[0m[38;5;159m, uid: [38;5;121m[3m<52b8e2e>[0m[38;5;159m, morph: [38;5;121m<gs.morphs.Mesh(file='/mnt4/gck/maniladder/maniladder/assets/meshes/deformable/toy_box/cone.obj')>[0m[38;5;159m, material: [38;5;121m<gs.materials.Rigid>[0m[38;5;159m.[0m
[38;5;159m[Genesis] [08:57:42] [INFO] Preprocessing geom idx [38;5;121m[4m93[0m[38;5;159m.[0m
[38;5;159m[Genesis] [08:57:42] [INFO] Adding [38;5;121m<gs.RigidEntity>[0m[38;5;159m. idx: [38;5;121m15[0m[38;5;159m, uid: [38;5;121m[3m<299f35b>[0m[38;5;159m, morph: [38;5;121m<gs.morphs.Mesh(file='/mnt4/gck/maniladder/maniladder/assets/meshes/deformable/toy_box/cylinder.obj')>[0m[38;5;159m, material: [38;5;121m<gs.materials.Rigid>[0m[38;5;159m.[0m
[38;5;159m[Genesis] [08:57:42] [INFO] Preprocessing geom idx [38;5;121m[4m94[0m[38;5;159m.[0m
[38;5;159m[Genesis] [08:57:42] [INFO] Adding [38;5;121m<gs.MPMEntity>[0m[38;5;159m. idx: [38;5;121m16[0m[38;5;159m, uid: [38;5;121m[3m<9d73f03>[0m[38;5;159m, morph: [38;5;121m<gs.morphs.Mesh(file='/mnt4/gck/maniladder/maniladder/assets/meshes/deformable/toy_box/cyl.obj')>[0m[38;5;159m, material: [38;5;121m<gs.materials.MPM.Elastic>[0m[38;5;159m.[0m
[38;5;159m[Genesis] [08:57:42] [INFO] Sampling particles with [38;5;121mpbs-32[0m[38;5;159m sampler and generating `.ptc` file:[0m
[38;5;159m[Genesis] [08:57:51] [INFO] Sampled [38;5;121m[4m1,068[0m[38;5;159m particles.[0m
[38;5;159m[Genesis] [08:57:51] [INFO] Building scene [38;5;121m[3m<e32ab8f>[0m[38;5;159m...[0m
[38;5;226m[Genesis] [08:57:55] [WARNING] Reference robot position exceeds joint limits.[0m
[38;5;226m[Genesis] [08:57:57] [WARNING] max_collision_pairs 300 is smaller than the theoretical maximal possible pairs 3900, it uses less memory but might lead to missing some collision pairs if there are too many collision pairs[0m
[38;5;226m[Genesis] [08:58:05] [WARNING] Kernel compilation takes longer when running MPM solver in CPIC mode. Please be patient.[0m
[38;5;226m[Genesis] [08:58:05] [WARNING] Current `substep_dt` (0.002) is greater than suggested_dt (0.0003125, calculated based on `grid_density`). Simulation might be unstable.[0m
[38;5;159m[Genesis] [08:58:06] [INFO] Compiling simulation kernels...[0m
[38;5;159m[Genesis] [08:59:32] [INFO] Building visualizer...[0m
  [ep 0/1, attempt 4] step 1/300  terminated=False  truncated=False
  [ep 0/1, attempt 4] step 101/300  terminated=False  truncated=False
  [ep 0/1, attempt 4] step 201/300  terminated=False  truncated=False
  [ep 0/1, attempt 4] step 300/300  terminated=False  truncated=True
  [WARNING] Episode 0 attempt 4 truncated without success. Discarding and retrying...
  [Success Rate] overall: 0.0% (0/4) | moving avg (last 4): 0.0%
[38;5;159m[Genesis] [09:01:27] [INFO] Scene [38;5;121m[3m<364564f>[0m[38;5;159m created.[0m
[38;5;159m[Genesis] [09:01:27] [INFO] Adding [38;5;121m<gs.RigidEntity>[0m[38;5;159m. idx: [38;5;121m0[0m[38;5;159m, uid: [38;5;121m[3m<a1b8a7f>[0m[38;5;159m, morph: [38;5;121m<gs.morphs.URDF(file='/mnt4/gck/maniladder/maniladder/assets/urdf/panda_leaphand/panda_leaphand.urdf')>[0m[38;5;159m, material: [38;5;121m<gs.materials.Rigid>[0m[38;5;159m.[0m
[38;5;159m[Genesis] [09:01:30] [INFO] Applying offset to base link's pose with user provided value in morph.[0m
[38;5;159m[Genesis] [09:01:32] [INFO] Adding [38;5;121m<gs.RigidEntity>[0m[38;5;159m. idx: [38;5;121m1[0m[38;5;159m, uid: [38;5;121m[3m<66e40cb>[0m[38;5;159m, morph: [38;5;121m<gs.morphs.Mesh(file='/mnt4/gck/maniladder/maniladder/assets/models/table.glb')>[0m[38;5;159m, material: [38;5;121m<gs.materials.Rigid>[0m[38;5;159m.[0m
[38;5;226m[Genesis] [09:01:32] [WARNING] GLTF is using y-up while Genesis uses z-up. Please set parse_glb_with_zup=True in morph options if you find the mesh is 90-degree rotated. We will set parse_glb_with_zup=True and rotate glb mesh by default later and gradually enforce this option.[0m
/data/gck/miniconda3/envs/maniladder/lib/python3.10/site-packages/pygltflib/__init__.py:830: UserWarning: pygltflib currently does not remove image data from the buffer when converting to data uri.Please open an issue at https://gitlab.com/dodgyville/pygltflib/issues
  warnings.warn("pygltflib currently does not remove image data "
[38;5;159m[Genesis] [09:01:32] [INFO] Adding [38;5;121m<gs.RigidEntity>[0m[38;5;159m. idx: [38;5;121m2[0m[38;5;159m, uid: [38;5;121m[3m<2311855>[0m[38;5;159m, morph: [38;5;121m<gs.morphs.Box>[0m[38;5;159m, material: [38;5;121m<gs.materials.Rigid>[0m[38;5;159m.[0m
[38;5;159m[Genesis] [09:01:32] [INFO] Adding [38;5;121m<gs.RigidEntity>[0m[38;5;159m. idx: [38;5;121m3[0m[38;5;159m, uid: [38;5;121m[3m<d2b0089>[0m[38;5;159m, morph: [38;5;121m<gs.morphs.Plane>[0m[38;5;159m, material: [38;5;121m<gs.materials.Rigid>[0m[38;5;159m.[0m
[38;5;159m[Genesis] [09:01:32] [INFO] Adding [38;5;121m<gs.RigidEntity>[0m[38;5;159m. idx: [38;5;121m4[0m[38;5;159m, uid: [38;5;121m[3m<419355b>[0m[38;5;159m, morph: [38;5;121m<gs.morphs.Box>[0m[38;5;159m, material: [38;5;121m<gs.materials.Rigid>[0m[38;5;159m.[0m
[38;5;159m[Genesis] [09:01:32] [INFO] Adding [38;5;121m<gs.RigidEntity>[0m[38;5;159m. idx: [38;5;121m5[0m[38;5;159m, uid: [38;5;121m[3m<601a457>[0m[38;5;159m, morph: [38;5;121m<gs.morphs.Box>[0m[38;5;159m, material: [38;5;121m<gs.materials.Rigid>[0m[38;5;159m.[0m
[38;5;159m[Genesis] [09:01:32] [INFO] Adding [38;5;121m<gs.RigidEntity>[0m[38;5;159m. idx: [38;5;121m6[0m[38;5;159m, uid: [38;5;121m[3m<4752809>[0m[38;5;159m, morph: [38;5;121m<gs.morphs.Box>[0m[38;5;159m, material: [38;5;121m<gs.materials.Rigid>[0m[38;5;159m.[0m
[38;5;159m[Genesis] [09:01:32] [INFO] Adding [38;5;121m<gs.RigidEntity>[0m[38;5;159m. idx: [38;5;121m7[0m[38;5;159m, uid: [38;5;121m[3m<6914f8b>[0m[38;5;159m, morph: [38;5;121m<gs.morphs.Box>[0m[38;5;159m, material: [38;5;121m<gs.materials.Rigid>[0m[38;5;159m.[0m
[38;5;159m[Genesis] [09:01:32] [INFO] Adding [38;5;121m<gs.RigidEntity>[0m[38;5;159m. idx: [38;5;121m8[0m[38;5;159m, uid: [38;5;121m[3m<42e1a5b>[0m[38;5;159m, morph: [38;5;121m<gs.morphs.Box>[0m[38;5;159m, material: [38;5;121m<gs.materials.Rigid>[0m[38;5;159m.[0m
[38;5;159m[Genesis] [09:01:32] [INFO] Adding [38;5;121m<gs.RigidEntity>[0m[38;5;159m. idx: [38;5;121m9[0m[38;5;159m, uid: [38;5;121m[3m<319f0b0>[0m[38;5;159m, morph: [38;5;121m<gs.morphs.Box>[0m[38;5;159m, material: [38;5;121m<gs.materials.Rigid>[0m[38;5;159m.[0m
[38;5;159m[Genesis] [09:01:32] [INFO] Adding [38;5;121m<gs.RigidEntity>[0m[38;5;159m. idx: [38;5;121m10[0m[38;5;159m, uid: [38;5;121m[3m<4f07949>[0m[38;5;159m, morph: [38;5;121m<gs.morphs.Box>[0m[38;5;159m, material: [38;5;121m<gs.materials.Rigid>[0m[38;5;159m.[0m
[38;5;159m[Genesis] [09:01:32] [INFO] Adding [38;5;121m<gs.RigidEntity>[0m[38;5;159m. idx: [38;5;121m11[0m[38;5;159m, uid: [38;5;121m[3m<211b889>[0m[38;5;159m, morph: [38;5;121m<gs.morphs.Box>[0m[38;5;159m, material: [38;5;121m<gs.materials.Rigid>[0m[38;5;159m.[0m
[38;5;159m[Genesis] [09:01:32] [INFO] Adding [38;5;121m<gs.RigidEntity>[0m[38;5;159m. idx: [38;5;121m12[0m[38;5;159m, uid: [38;5;121m[3m<f7ee45c>[0m[38;5;159m, morph: [38;5;121m<gs.morphs.Mesh(file='/mnt4/gck/maniladder/maniladder/assets/meshes/deformable/toy_box/sphere.obj')>[0m[38;5;159m, material: [38;5;121m<gs.materials.Rigid>[0m[38;5;159m.[0m
[38;5;159m[Genesis] [09:01:32] [INFO] Preprocessing geom idx [38;5;121m[4m88[0m[38;5;159m.[0m
[38;5;159m[Genesis] [09:01:32] [INFO] Adding [38;5;121m<gs.RigidEntity>[0m[38;5;159m. idx: [38;5;121m13[0m[38;5;159m, uid: [38;5;121m[3m<0209169>[0m[38;5;159m, morph: [38;5;121m<gs.morphs.Mesh(file='/mnt4/gck/maniladder/maniladder/assets/meshes/deformable/toy_box/heart.obj')>[0m[38;5;159m, material: [38;5;121m<gs.materials.Rigid>[0m[38;5;159m.[0m
[38;5;159m[Genesis] [09:01:32] [INFO] Preprocessing geom idx [38;5;121m[4m89[0m[38;5;159m.[0m
[38;5;159m[Genesis] [09:01:33] [INFO] Adding [38;5;121m<gs.MPMEntity>[0m[38;5;159m. idx: [38;5;121m14[0m[38;5;159m, uid: [38;5;121m[3m<9635167>[0m[38;5;159m, morph: [38;5;121m<gs.morphs.Mesh(file='/mnt4/gck/maniladder/maniladder/assets/meshes/deformable/toy_box/cylinder.obj')>[0m[38;5;159m, material: [38;5;121m<gs.materials.MPM.Elastic>[0m[38;5;159m.[0m
[38;5;159m[Genesis] [09:01:33] [INFO] Sampling particles with [38;5;121mpbs-32[0m[38;5;159m sampler and generating `.ptc` file:[0m
[38;5;159m[Genesis] [09:01:41] [INFO] Sampled [38;5;121m[4m767[0m[38;5;159m particles.[0m
[38;5;159m[Genesis] [09:01:41] [INFO] Adding [38;5;121m<gs.RigidEntity>[0m[38;5;159m. idx: [38;5;121m15[0m[38;5;159m, uid: [38;5;121m[3m<78cd941>[0m[38;5;159m, morph: [38;5;121m<gs.morphs.Mesh(file='/mnt4/gck/maniladder/maniladder/assets/meshes/deformable/toy_box/cone.obj')>[0m[38;5;159m, material: [38;5;121m<gs.materials.Rigid>[0m[38;5;159m.[0m
[38;5;159m[Genesis] [09:01:41] [INFO] Preprocessing geom idx [38;5;121m[4m90[0m[38;5;159m.[0m
[38;5;159m[Genesis] [09:01:42] [INFO] Adding [38;5;121m<gs.RigidEntity>[0m[38;5;159m. idx: [38;5;121m16[0m[38;5;159m, uid: [38;5;121m[3m<021811a>[0m[38;5;159m, morph: [38;5;121m<gs.morphs.Mesh(file='/mnt4/gck/maniladder/maniladder/assets/meshes/deformable/toy_box/cyl.obj')>[0m[38;5;159m, material: [38;5;121m<gs.materials.Rigid>[0m[38;5;159m.[0m
[38;5;159m[Genesis] [09:01:42] [INFO] Preprocessing geom idx [38;5;121m[4m91[0m[38;5;159m.[0m
[38;5;159m[Genesis] [09:01:42] [INFO] Building scene [38;5;121m[3m<364564f>[0m[38;5;159m...[0m
[38;5;226m[Genesis] [09:01:45] [WARNING] Reference robot position exceeds joint limits.[0m
[38;5;226m[Genesis] [09:01:47] [WARNING] max_collision_pairs 300 is smaller than the theoretical maximal possible pairs 3627, it uses less memory but might lead to missing some collision pairs if there are too many collision pairs[0m
[38;5;226m[Genesis] [09:01:55] [WARNING] Kernel compilation takes longer when running MPM solver in CPIC mode. Please be patient.[0m
[38;5;226m[Genesis] [09:01:55] [WARNING] Current `substep_dt` (0.002) is greater than suggested_dt (0.0003125, calculated based on `grid_density`). Simulation might be unstable.[0m
[38;5;159m[Genesis] [09:01:56] [INFO] Compiling simulation kernels...[0m
[38;5;159m[Genesis] [09:03:21] [INFO] Building visualizer...[0m
  [ep 0/1, attempt 5] step 1/300  terminated=False  truncated=False
  [ep 0/1, attempt 5] step 101/300  terminated=False  truncated=False
  [ep 0/1, attempt 5] step 201/300  terminated=False  truncated=False
  [ep 0/1, attempt 5] step 300/300  terminated=False  truncated=True
  [WARNING] Episode 0 attempt 5 truncated without success. Discarding and retrying...
  [Success Rate] overall: 0.0% (0/5) | moving avg (last 5): 0.0%
[38;5;159m[Genesis] [09:06:54] [INFO] Scene [38;5;121m[3m<be8d7f6>[0m[38;5;159m created.[0m
[38;5;159m[Genesis] [09:06:54] [INFO] Adding [38;5;121m<gs.RigidEntity>[0m[38;5;159m. idx: [38;5;121m0[0m[38;5;159m, uid: [38;5;121m[3m<6b188eb>[0m[38;5;159m, morph: [38;5;121m<gs.morphs.URDF(file='/mnt4/gck/maniladder/maniladder/assets/urdf/panda_leaphand/panda_leaphand.urdf')>[0m[38;5;159m, material: [38;5;121m<gs.materials.Rigid>[0m[38;5;159m.[0m
[38;5;159m[Genesis] [09:06:57] [INFO] Applying offset to base link's pose with user provided value in morph.[0m
[38;5;159m[Genesis] [09:06:59] [INFO] Adding [38;5;121m<gs.RigidEntity>[0m[38;5;159m. idx: [38;5;121m1[0m[38;5;159m, uid: [38;5;121m[3m<0b617c2>[0m[38;5;159m, morph: [38;5;121m<gs.morphs.Mesh(file='/mnt4/gck/maniladder/maniladder/assets/models/table.glb')>[0m[38;5;159m, material: [38;5;121m<gs.materials.Rigid>[0m[38;5;159m.[0m
[38;5;226m[Genesis] [09:06:59] [WARNING] GLTF is using y-up while Genesis uses z-up. Please set parse_glb_with_zup=True in morph options if you find the mesh is 90-degree rotated. We will set parse_glb_with_zup=True and rotate glb mesh by default later and gradually enforce this option.[0m
/data/gck/miniconda3/envs/maniladder/lib/python3.10/site-packages/pygltflib/__init__.py:830: UserWarning: pygltflib currently does not remove image data from the buffer when converting to data uri.Please open an issue at https://gitlab.com/dodgyville/pygltflib/issues
  warnings.warn("pygltflib currently does not remove image data "
[38;5;159m[Genesis] [09:06:59] [INFO] Adding [38;5;121m<gs.RigidEntity>[0m[38;5;159m. idx: [38;5;121m2[0m[38;5;159m, uid: [38;5;121m[3m<8ab98dc>[0m[38;5;159m, morph: [38;5;121m<gs.morphs.Box>[0m[38;5;159m, material: [38;5;121m<gs.materials.Rigid>[0m[38;5;159m.[0m
[38;5;159m[Genesis] [09:06:59] [INFO] Adding [38;5;121m<gs.RigidEntity>[0m[38;5;159m. idx: [38;5;121m3[0m[38;5;159m, uid: [38;5;121m[3m<f4cd172>[0m[38;5;159m, morph: [38;5;121m<gs.morphs.Plane>[0m[38;5;159m, material: [38;5;121m<gs.materials.Rigid>[0m[38;5;159m.[0m
[38;5;159m[Genesis] [09:06:59] [INFO] Adding [38;5;121m<gs.RigidEntity>[0m[38;5;159m. idx: [38;5;121m4[0m[38;5;159m, uid: [38;5;121m[3m<4871046>[0m[38;5;159m, morph: [38;5;121m<gs.morphs.Box>[0m[38;5;159m, material: [38;5;121m<gs.materials.Rigid>[0m[38;5;159m.[0m
[38;5;159m[Genesis] [09:06:59] [INFO] Adding [38;5;121m<gs.RigidEntity>[0m[38;5;159m. idx: [38;5;121m5[0m[38;5;159m, uid: [38;5;121m[3m<99daf11>[0m[38;5;159m, morph: [38;5;121m<gs.morphs.Box>[0m[38;5;159m, material: [38;5;121m<gs.materials.Rigid>[0m[38;5;159m.[0m
[38;5;159m[Genesis] [09:06:59] [INFO] Adding [38;5;121m<gs.RigidEntity>[0m[38;5;159m. idx: [38;5;121m6[0m[38;5;159m, uid: [38;5;121m[3m<5c3a592>[0m[38;5;159m, morph: [38;5;121m<gs.morphs.Box>[0m[38;5;159m, material: [38;5;121m<gs.materials.Rigid>[0m[38;5;159m.[0m
[38;5;159m[Genesis] [09:06:59] [INFO] Adding [38;5;121m<gs.RigidEntity>[0m[38;5;159m. idx: [38;5;121m7[0m[38;5;159m, uid: [38;5;121m[3m<ca0e5ca>[0m[38;5;159m, morph: [38;5;121m<gs.morphs.Box>[0m[38;5;159m, material: [38;5;121m<gs.materials.Rigid>[0m[38;5;159m.[0m
[38;5;159m[Genesis] [09:06:59] [INFO] Adding [38;5;121m<gs.RigidEntity>[0m[38;5;159m. idx: [38;5;121m8[0m[38;5;159m, uid: [38;5;121m[3m<008407c>[0m[38;5;159m, morph: [38;5;121m<gs.morphs.Box>[0m[38;5;159m, material: [38;5;121m<gs.materials.Rigid>[0m[38;5;159m.[0m
[38;5;159m[Genesis] [09:06:59] [INFO] Adding [38;5;121m<gs.RigidEntity>[0m[38;5;159m. idx: [38;5;121m9[0m[38;5;159m, uid: [38;5;121m[3m<f7d2606>[0m[38;5;159m, morph: [38;5;121m<gs.morphs.Box>[0m[38;5;159m, material: [38;5;121m<gs.materials.Rigid>[0m[38;5;159m.[0m
[38;5;159m[Genesis] [09:06:59] [INFO] Adding [38;5;121m<gs.RigidEntity>[0m[38;5;159m. idx: [38;5;121m10[0m[38;5;159m, uid: [38;5;121m[3m<be76778>[0m[38;5;159m, morph: [38;5;121m<gs.morphs.Box>[0m[38;5;159m, material: [38;5;121m<gs.materials.Rigid>[0m[38;5;159m.[0m
[38;5;159m[Genesis] [09:06:59] [INFO] Adding [38;5;121m<gs.RigidEntity>[0m[38;5;159m. idx: [38;5;121m11[0m[38;5;159m, uid: [38;5;121m[3m<7aa4822>[0m[38;5;159m, morph: [38;5;121m<gs.morphs.Box>[0m[38;5;159m, material: [38;5;121m<gs.materials.Rigid>[0m[38;5;159m.[0m
[38;5;159m[Genesis] [09:06:59] [INFO] Adding [38;5;121m<gs.RigidEntity>[0m[38;5;159m. idx: [38;5;121m12[0m[38;5;159m, uid: [38;5;121m[3m<aa73e56>[0m[38;5;159m, morph: [38;5;121m<gs.morphs.Mesh(file='/mnt4/gck/maniladder/maniladder/assets/meshes/deformable/toy_box/sphere.obj')>[0m[38;5;159m, material: [38;5;121m<gs.materials.Rigid>[0m[38;5;159m.[0m
[38;5;159m[Genesis] [09:06:59] [INFO] Preprocessing geom idx [38;5;121m[4m88[0m[38;5;159m.[0m
[38;5;159m[Genesis] [09:06:59] [INFO] Adding [38;5;121m<gs.RigidEntity>[0m[38;5;159m. idx: [38;5;121m13[0m[38;5;159m, uid: [38;5;121m[3m<f90f0d1>[0m[38;5;159m, morph: [38;5;121m<gs.morphs.Mesh(file='/mnt4/gck/maniladder/maniladder/assets/meshes/deformable/toy_box/cylinder.obj')>[0m[38;5;159m, material: [38;5;121m<gs.materials.Rigid>[0m[38;5;159m.[0m
[38;5;159m[Genesis] [09:06:59] [INFO] Preprocessing geom idx [38;5;121m[4m89[0m[38;5;159m.[0m
[38;5;159m[Genesis] [09:06:59] [INFO] Adding [38;5;121m<gs.MPMEntity>[0m[38;5;159m. idx: [38;5;121m14[0m[38;5;159m, uid: [38;5;121m[3m<f1f6856>[0m[38;5;159m, morph: [38;5;121m<gs.morphs.Mesh(file='/mnt4/gck/maniladder/maniladder/assets/meshes/deformable/toy_box/cyl.obj')>[0m[38;5;159m, material: [38;5;121m<gs.materials.MPM.Elastic>[0m[38;5;159m.[0m
[38;5;159m[Genesis] [09:06:59] [INFO] Sampling particles with [38;5;121mpbs-32[0m[38;5;159m sampler and generating `.ptc` file:[0m
[38;5;159m[Genesis] [09:07:08] [INFO] Sampled [38;5;121m[4m1,712[0m[38;5;159m particles.[0m
[38;5;159m[Genesis] [09:07:08] [INFO] Adding [38;5;121m<gs.RigidEntity>[0m[38;5;159m. idx: [38;5;121m15[0m[38;5;159m, uid: [38;5;121m[3m<105cd8a>[0m[38;5;159m, morph: [38;5;121m<gs.morphs.Mesh(file='/mnt4/gck/maniladder/maniladder/assets/meshes/deformable/toy_box/moon.obj')>[0m[38;5;159m, material: [38;5;121m<gs.materials.Rigid>[0m[38;5;159m.[0m
[38;5;159m[Genesis] [09:07:08] [INFO] Convex hull is not accurate enough for collision detection (1.087). Falling back to more expensive convex decomposition (see FileMorph options).[0m
[38;5;159m[Genesis] [09:07:08] [INFO] Preprocessing geom idx [38;5;121m[4m90[0m[38;5;159m.[0m
[38;5;159m[Genesis] [09:07:08] [INFO] Preprocessing geom idx [38;5;121m[4m91[0m[38;5;159m.[0m
[38;5;159m[Genesis] [09:07:08] [INFO] Preprocessing geom idx [38;5;121m[4m92[0m[38;5;159m.[0m
[38;5;159m[Genesis] [09:07:08] [INFO] Preprocessing geom idx [38;5;121m[4m93[0m[38;5;159m.[0m
[38;5;159m[Genesis] [09:07:09] [INFO] Adding [38;5;121m<gs.RigidEntity>[0m[38;5;159m. idx: [38;5;121m16[0m[38;5;159m, uid: [38;5;121m[3m<fa1062e>[0m[38;5;159m, morph: [38;5;121m<gs.morphs.Mesh(file='/mnt4/gck/maniladder/maniladder/assets/meshes/deformable/toy_box/cone.obj')>[0m[38;5;159m, material: [38;5;121m<gs.materials.Rigid>[0m[38;5;159m.[0m
[38;5;159m[Genesis] [09:07:09] [INFO] Preprocessing geom idx [38;5;121m[4m94[0m[38;5;159m.[0m
[38;5;159m[Genesis] [09:07:09] [INFO] Building scene [38;5;121m[3m<be8d7f6>[0m[38;5;159m...[0m
[38;5;226m[Genesis] [09:07:12] [WARNING] Reference robot position exceeds joint limits.[0m
[38;5;226m[Genesis] [09:07:14] [WARNING] max_collision_pairs 300 is smaller than the theoretical maximal possible pairs 3900, it uses less memory but might lead to missing some collision pairs if there are too many collision pairs[0m
[38;5;226m[Genesis] [09:07:22] [WARNING] Kernel compilation takes longer when running MPM solver in CPIC mode. Please be patient.[0m
[38;5;226m[Genesis] [09:07:23] [WARNING] Current `substep_dt` (0.002) is greater than suggested_dt (0.0003125, calculated based on `grid_density`). Simulation might be unstable.[0m
[38;5;159m[Genesis] [09:07:24] [INFO] Compiling simulation kernels...[0m
[38;5;159m[Genesis] [09:08:49] [INFO] Building visualizer...[0m
  [ep 0/1, attempt 6] step 1/300  terminated=False  truncated=False
  [ep 0/1, attempt 6] step 101/300  terminated=False  truncated=False
  [ep 0/1, attempt 6] step 201/300  terminated=False  truncated=False
  [ep 0/1, attempt 6] step 300/300  terminated=False  truncated=True
  [WARNING] Episode 0 attempt 6 truncated without success. Discarding and retrying...
  [Success Rate] overall: 0.0% (0/6) | moving avg (last 6): 0.0%
[38;5;159m[Genesis] [09:12:17] [INFO] Scene [38;5;121m[3m<a7a0b44>[0m[38;5;159m created.[0m
[38;5;159m[Genesis] [09:12:17] [INFO] Adding [38;5;121m<gs.RigidEntity>[0m[38;5;159m. idx: [38;5;121m0[0m[38;5;159m, uid: [38;5;121m[3m<c10b84a>[0m[38;5;159m, morph: [38;5;121m<gs.morphs.URDF(file='/mnt4/gck/maniladder/maniladder/assets/urdf/panda_leaphand/panda_leaphand.urdf')>[0m[38;5;159m, material: [38;5;121m<gs.materials.Rigid>[0m[38;5;159m.[0m
[38;5;159m[Genesis] [09:12:20] [INFO] Applying offset to base link's pose with user provided value in morph.[0m
[38;5;159m[Genesis] [09:12:22] [INFO] Adding [38;5;121m<gs.RigidEntity>[0m[38;5;159m. idx: [38;5;121m1[0m[38;5;159m, uid: [38;5;121m[3m<30535d1>[0m[38;5;159m, morph: [38;5;121m<gs.morphs.Mesh(file='/mnt4/gck/maniladder/maniladder/assets/models/table.glb')>[0m[38;5;159m, material: [38;5;121m<gs.materials.Rigid>[0m[38;5;159m.[0m
[38;5;226m[Genesis] [09:12:22] [WARNING] GLTF is using y-up while Genesis uses z-up. Please set parse_glb_with_zup=True in morph options if you find the mesh is 90-degree rotated. We will set parse_glb_with_zup=True and rotate glb mesh by default later and gradually enforce this option.[0m
/data/gck/miniconda3/envs/maniladder/lib/python3.10/site-packages/pygltflib/__init__.py:830: UserWarning: pygltflib currently does not remove image data from the buffer when converting to data uri.Please open an issue at https://gitlab.com/dodgyville/pygltflib/issues
  warnings.warn("pygltflib currently does not remove image data "
[38;5;159m[Genesis] [09:12:22] [INFO] Adding [38;5;121m<gs.RigidEntity>[0m[38;5;159m. idx: [38;5;121m2[0m[38;5;159m, uid: [38;5;121m[3m<248d849>[0m[38;5;159m, morph: [38;5;121m<gs.morphs.Box>[0m[38;5;159m, material: [38;5;121m<gs.materials.Rigid>[0m[38;5;159m.[0m
[38;5;159m[Genesis] [09:12:22] [INFO] Adding [38;5;121m<gs.RigidEntity>[0m[38;5;159m. idx: [38;5;121m3[0m[38;5;159m, uid: [38;5;121m[3m<deade33>[0m[38;5;159m, morph: [38;5;121m<gs.morphs.Plane>[0m[38;5;159m, material: [38;5;121m<gs.materials.Rigid>[0m[38;5;159m.[0m
[38;5;159m[Genesis] [09:12:22] [INFO] Adding [38;5;121m<gs.RigidEntity>[0m[38;5;159m. idx: [38;5;121m4[0m[38;5;159m, uid: [38;5;121m[3m<08d1fa0>[0m[38;5;159m, morph: [38;5;121m<gs.morphs.Box>[0m[38;5;159m, material: [38;5;121m<gs.materials.Rigid>[0m[38;5;159m.[0m
[38;5;159m[Genesis] [09:12:22] [INFO] Adding [38;5;121m<gs.RigidEntity>[0m[38;5;159m. idx: [38;5;121m5[0m[38;5;159m, uid: [38;5;121m[3m<904d09c>[0m[38;5;159m, morph: [38;5;121m<gs.morphs.Box>[0m[38;5;159m, material: [38;5;121m<gs.materials.Rigid>[0m[38;5;159m.[0m
[38;5;159m[Genesis] [09:12:22] [INFO] Adding [38;5;121m<gs.RigidEntity>[0m[38;5;159m. idx: [38;5;121m6[0m[38;5;159m, uid: [38;5;121m[3m<208e0f7>[0m[38;5;159m, morph: [38;5;121m<gs.morphs.Box>[0m[38;5;159m, material: [38;5;121m<gs.materials.Rigid>[0m[38;5;159m.[0m
[38;5;159m[Genesis] [09:12:22] [INFO] Adding [38;5;121m<gs.RigidEntity>[0m[38;5;159m. idx: [38;5;121m7[0m[38;5;159m, uid: [38;5;121m[3m<e312b62>[0m[38;5;159m, morph: [38;5;121m<gs.morphs.Box>[0m[38;5;159m, material: [38;5;121m<gs.materials.Rigid>[0m[38;5;159m.[0m
[38;5;159m[Genesis] [09:12:22] [INFO] Adding [38;5;121m<gs.RigidEntity>[0m[38;5;159m. idx: [38;5;121m8[0m[38;5;159m, uid: [38;5;121m[3m<260a5e9>[0m[38;5;159m, morph: [38;5;121m<gs.morphs.Box>[0m[38;5;159m, material: [38;5;121m<gs.materials.Rigid>[0m[38;5;159m.[0m
[38;5;159m[Genesis] [09:12:22] [INFO] Adding [38;5;121m<gs.RigidEntity>[0m[38;5;159m. idx: [38;5;121m9[0m[38;5;159m, uid: [38;5;121m[3m<abd690e>[0m[38;5;159m, morph: [38;5;121m<gs.morphs.Box>[0m[38;5;159m, material: [38;5;121m<gs.materials.Rigid>[0m[38;5;159m.[0m
[38;5;159m[Genesis] [09:12:22] [INFO] Adding [38;5;121m<gs.RigidEntity>[0m[38;5;159m. idx: [38;5;121m10[0m[38;5;159m, uid: [38;5;121m[3m<8376cec>[0m[38;5;159m, morph: [38;5;121m<gs.morphs.Box>[0m[38;5;159m, material: [38;5;121m<gs.materials.Rigid>[0m[38;5;159m.[0m
[38;5;159m[Genesis] [09:12:22] [INFO] Adding [38;5;121m<gs.RigidEntity>[0m[38;5;159m. idx: [38;5;121m11[0m[38;5;159m, uid: [38;5;121m[3m<b7799ef>[0m[38;5;159m, morph: [38;5;121m<gs.morphs.Box>[0m[38;5;159m, material: [38;5;121m<gs.materials.Rigid>[0m[38;5;159m.[0m
[38;5;159m[Genesis] [09:12:22] [INFO] Adding [38;5;121m<gs.RigidEntity>[0m[38;5;159m. idx: [38;5;121m12[0m[38;5;159m, uid: [38;5;121m[3m<172a3d7>[0m[38;5;159m, morph: [38;5;121m<gs.morphs.Mesh(file='/mnt4/gck/maniladder/maniladder/assets/meshes/deformable/toy_box/star.obj')>[0m[38;5;159m, material: [38;5;121m<gs.materials.Rigid>[0m[38;5;159m.[0m
[38;5;159m[Genesis] [09:12:22] [INFO] Convex hull is not accurate enough for collision detection (0.798). Falling back to more expensive convex decomposition (see FileMorph options).[0m
[38;5;159m[Genesis] [09:12:22] [INFO] Preprocessing geom idx [38;5;121m[4m88[0m[38;5;159m.[0m
[38;5;159m[Genesis] [09:12:22] [INFO] Preprocessing geom idx [38;5;121m[4m89[0m[38;5;159m.[0m
[38;5;159m[Genesis] [09:12:22] [INFO] Preprocessing geom idx [38;5;121m[4m90[0m[38;5;159m.[0m
[38;5;159m[Genesis] [09:12:22] [INFO] Preprocessing geom idx [38;5;121m[4m91[0m[38;5;159m.[0m
[38;5;159m[Genesis] [09:12:22] [INFO] Adding [38;5;121m<gs.RigidEntity>[0m[38;5;159m. idx: [38;5;121m13[0m[38;5;159m, uid: [38;5;121m[3m<2cdbd60>[0m[38;5;159m, morph: [38;5;121m<gs.morphs.Mesh(file='/mnt4/gck/maniladder/maniladder/assets/meshes/deformable/toy_box/cylinder.obj')>[0m[38;5;159m, material: [38;5;121m<gs.materials.Rigid>[0m[38;5;159m.[0m
[38;5;159m[Genesis] [09:12:22] [INFO] Preprocessing geom idx [38;5;121m[4m92[0m[38;5;159m.[0m
[38;5;159m[Genesis] [09:12:23] [INFO] Adding [38;5;121m<gs.MPMEntity>[0m[38;5;159m. idx: [38;5;121m14[0m[38;5;159m, uid: [38;5;121m[3m<548519f>[0m[38;5;159m, morph: [38;5;121m<gs.morphs.Mesh(file='/mnt4/gck/maniladder/maniladder/assets/meshes/deformable/toy_box/cyl.obj')>[0m[38;5;159m, material: [38;5;121m<gs.materials.MPM.Elastic>[0m[38;5;159m.[0m
[38;5;159m[Genesis] [09:12:23] [INFO] Sampling particles with [38;5;121mpbs-32[0m[38;5;159m sampler and generating `.ptc` file:[0m
[38;5;159m[Genesis] [09:12:31] [INFO] Sampled [38;5;121m[4m1,940[0m[38;5;159m particles.[0m
[38;5;159m[Genesis] [09:12:31] [INFO] Adding [38;5;121m<gs.RigidEntity>[0m[38;5;159m. idx: [38;5;121m15[0m[38;5;159m, uid: [38;5;121m[3m<22a9a6e>[0m[38;5;159m, morph: [38;5;121m<gs.morphs.Mesh(file='/mnt4/gck/maniladder/maniladder/assets/meshes/deformable/toy_box/moon.obj')>[0m[38;5;159m, material: [38;5;121m<gs.materials.Rigid>[0m[38;5;159m.[0m
[38;5;159m[Genesis] [09:12:31] [INFO] Convex hull is not accurate enough for collision detection (1.087). Falling back to more expensive convex decomposition (see FileMorph options).[0m
[38;5;159m[Genesis] [09:12:31] [INFO] Preprocessing geom idx [38;5;121m[4m93[0m[38;5;159m.[0m
[38;5;159m[Genesis] [09:12:31] [INFO] Preprocessing geom idx [38;5;121m[4m94[0m[38;5;159m.[0m
[38;5;159m[Genesis] [09:12:32] [INFO] Preprocessing geom idx [38;5;121m[4m95[0m[38;5;159m.[0m
[38;5;159m[Genesis] [09:12:32] [INFO] Preprocessing geom idx [38;5;121m[4m96[0m[38;5;159m.[0m
[38;5;159m[Genesis] [09:12:32] [INFO] Adding [38;5;121m<gs.RigidEntity>[0m[38;5;159m. idx: [38;5;121m16[0m[38;5;159m, uid: [38;5;121m[3m<6873c03>[0m[38;5;159m, morph: [38;5;121m<gs.morphs.Mesh(file='/mnt4/gck/maniladder/maniladder/assets/meshes/deformable/toy_box/cone.obj')>[0m[38;5;159m, material: [38;5;121m<gs.materials.Rigid>[0m[38;5;159m.[0m
[38;5;159m[Genesis] [09:12:32] [INFO] Preprocessing geom idx [38;5;121m[4m97[0m[38;5;159m.[0m
[38;5;159m[Genesis] [09:12:32] [INFO] Building scene [38;5;121m[3m<a7a0b44>[0m[38;5;159m...[0m
[38;5;226m[Genesis] [09:12:35] [WARNING] Reference robot position exceeds joint limits.[0m
[38;5;226m[Genesis] [09:12:37] [WARNING] max_collision_pairs 300 is smaller than the theoretical maximal possible pairs 4182, it uses less memory but might lead to missing some collision pairs if there are too many collision pairs[0m
[38;5;226m[Genesis] [09:12:45] [WARNING] Kernel compilation takes longer when running MPM solver in CPIC mode. Please be patient.[0m
[38;5;226m[Genesis] [09:12:46] [WARNING] Current `substep_dt` (0.002) is greater than suggested_dt (0.0003125, calculated based on `grid_density`). Simulation might be unstable.[0m
[38;5;159m[Genesis] [09:12:47] [INFO] Compiling simulation kernels...[0m
[38;5;159m[Genesis] [09:14:14] [INFO] Building visualizer...[0m
  [ep 0/1, attempt 7] step 1/300  terminated=False  truncated=False
  [ep 0/1, attempt 7] step 101/300  terminated=False  truncated=False
  [ep 0/1, attempt 7] step 201/300  terminated=False  truncated=False
  [ep 0/1, attempt 7] step 300/300  terminated=False  truncated=True
  [WARNING] Episode 0 attempt 7 truncated without success. Discarding and retrying...
  [Success Rate] overall: 0.0% (0/7) | moving avg (last 7): 0.0%
[38;5;159m[Genesis] [09:16:28] [INFO] Scene [38;5;121m[3m<e26ac12>[0m[38;5;159m created.[0m
[38;5;159m[Genesis] [09:16:28] [INFO] Adding [38;5;121m<gs.RigidEntity>[0m[38;5;159m. idx: [38;5;121m0[0m[38;5;159m, uid: [38;5;121m[3m<c1891f8>[0m[38;5;159m, morph: [38;5;121m<gs.morphs.URDF(file='/mnt4/gck/maniladder/maniladder/assets/urdf/panda_leaphand/panda_leaphand.urdf')>[0m[38;5;159m, material: [38;5;121m<gs.materials.Rigid>[0m[38;5;159m.[0m
[38;5;159m[Genesis] [09:16:31] [INFO] Applying offset to base link's pose with user provided value in morph.[0m
[38;5;159m[Genesis] [09:16:33] [INFO] Adding [38;5;121m<gs.RigidEntity>[0m[38;5;159m. idx: [38;5;121m1[0m[38;5;159m, uid: [38;5;121m[3m<f76f1a1>[0m[38;5;159m, morph: [38;5;121m<gs.morphs.Mesh(file='/mnt4/gck/maniladder/maniladder/assets/models/table.glb')>[0m[38;5;159m, material: [38;5;121m<gs.materials.Rigid>[0m[38;5;159m.[0m
[38;5;226m[Genesis] [09:16:33] [WARNING] GLTF is using y-up while Genesis uses z-up. Please set parse_glb_with_zup=True in morph options if you find the mesh is 90-degree rotated. We will set parse_glb_with_zup=True and rotate glb mesh by default later and gradually enforce this option.[0m
/data/gck/miniconda3/envs/maniladder/lib/python3.10/site-packages/pygltflib/__init__.py:830: UserWarning: pygltflib currently does not remove image data from the buffer when converting to data uri.Please open an issue at https://gitlab.com/dodgyville/pygltflib/issues
  warnings.warn("pygltflib currently does not remove image data "
[38;5;159m[Genesis] [09:16:33] [INFO] Adding [38;5;121m<gs.RigidEntity>[0m[38;5;159m. idx: [38;5;121m2[0m[38;5;159m, uid: [38;5;121m[3m<391a1ea>[0m[38;5;159m, morph: [38;5;121m<gs.morphs.Box>[0m[38;5;159m, material: [38;5;121m<gs.materials.Rigid>[0m[38;5;159m.[0m
[38;5;159m[Genesis] [09:16:33] [INFO] Adding [38;5;121m<gs.RigidEntity>[0m[38;5;159m. idx: [38;5;121m3[0m[38;5;159m, uid: [38;5;121m[3m<af4b6f3>[0m[38;5;159m, morph: [38;5;121m<gs.morphs.Plane>[0m[38;5;159m, material: [38;5;121m<gs.materials.Rigid>[0m[38;5;159m.[0m
[38;5;159m[Genesis] [09:16:33] [INFO] Adding [38;5;121m<gs.RigidEntity>[0m[38;5;159m. idx: [38;5;121m4[0m[38;5;159m, uid: [38;5;121m[3m<8a030e0>[0m[38;5;159m, morph: [38;5;121m<gs.morphs.Box>[0m[38;5;159m, material: [38;5;121m<gs.materials.Rigid>[0m[38;5;159m.[0m
[38;5;159m[Genesis] [09:16:33] [INFO] Adding [38;5;121m<gs.RigidEntity>[0m[38;5;159m. idx: [38;5;121m5[0m[38;5;159m, uid: [38;5;121m[3m<9f7a8e1>[0m[38;5;159m, morph: [38;5;121m<gs.morphs.Box>[0m[38;5;159m, material: [38;5;121m<gs.materials.Rigid>[0m[38;5;159m.[0m
[38;5;159m[Genesis] [09:16:33] [INFO] Adding [38;5;121m<gs.RigidEntity>[0m[38;5;159m. idx: [38;5;121m6[0m[38;5;159m, uid: [38;5;121m[3m<fe2f8db>[0m[38;5;159m, morph: [38;5;121m<gs.morphs.Box>[0m[38;5;159m, material: [38;5;121m<gs.materials.Rigid>[0m[38;5;159m.[0m
[38;5;159m[Genesis] [09:16:33] [INFO] Adding [38;5;121m<gs.RigidEntity>[0m[38;5;159m. idx: [38;5;121m7[0m[38;5;159m, uid: [38;5;121m[3m<8d767ff>[0m[38;5;159m, morph: [38;5;121m<gs.morphs.Box>[0m[38;5;159m, material: [38;5;121m<gs.materials.Rigid>[0m[38;5;159m.[0m
[38;5;159m[Genesis] [09:16:33] [INFO] Adding [38;5;121m<gs.RigidEntity>[0m[38;5;159m. idx: [38;5;121m8[0m[38;5;159m, uid: [38;5;121m[3m<a5d5535>[0m[38;5;159m, morph: [38;5;121m<gs.morphs.Box>[0m[38;5;159m, material: [38;5;121m<gs.materials.Rigid>[0m[38;5;159m.[0m
[38;5;159m[Genesis] [09:16:33] [INFO] Adding [38;5;121m<gs.RigidEntity>[0m[38;5;159m. idx: [38;5;121m9[0m[38;5;159m, uid: [38;5;121m[3m<5584239>[0m[38;5;159m, morph: [38;5;121m<gs.morphs.Box>[0m[38;5;159m, material: [38;5;121m<gs.materials.Rigid>[0m[38;5;159m.[0m
[38;5;159m[Genesis] [09:16:33] [INFO] Adding [38;5;121m<gs.RigidEntity>[0m[38;5;159m. idx: [38;5;121m10[0m[38;5;159m, uid: [38;5;121m[3m<205df5c>[0m[38;5;159m, morph: [38;5;121m<gs.morphs.Box>[0m[38;5;159m, material: [38;5;121m<gs.materials.Rigid>[0m[38;5;159m.[0m
[38;5;159m[Genesis] [09:16:33] [INFO] Adding [38;5;121m<gs.RigidEntity>[0m[38;5;159m. idx: [38;5;121m11[0m[38;5;159m, uid: [38;5;121m[3m<b671d3d>[0m[38;5;159m, morph: [38;5;121m<gs.morphs.Box>[0m[38;5;159m, material: [38;5;121m<gs.materials.Rigid>[0m[38;5;159m.[0m
[38;5;159m[Genesis] [09:16:33] [INFO] Adding [38;5;121m<gs.RigidEntity>[0m[38;5;159m. idx: [38;5;121m12[0m[38;5;159m, uid: [38;5;121m[3m<4bcece9>[0m[38;5;159m, morph: [38;5;121m<gs.morphs.Mesh(file='/mnt4/gck/maniladder/maniladder/assets/meshes/deformable/toy_box/cyl.obj')>[0m[38;5;159m, material: [38;5;121m<gs.materials.Rigid>[0m[38;5;159m.[0m
[38;5;159m[Genesis] [09:16:33] [INFO] Preprocessing geom idx [38;5;121m[4m88[0m[38;5;159m.[0m
[38;5;159m[Genesis] [09:16:33] [INFO] Adding [38;5;121m<gs.RigidEntity>[0m[38;5;159m. idx: [38;5;121m13[0m[38;5;159m, uid: [38;5;121m[3m<968e380>[0m[38;5;159m, morph: [38;5;121m<gs.morphs.Mesh(file='/mnt4/gck/maniladder/maniladder/assets/meshes/deformable/toy_box/cone.obj')>[0m[38;5;159m, material: [38;5;121m<gs.materials.Rigid>[0m[38;5;159m.[0m
[38;5;159m[Genesis] [09:16:33] [INFO] Preprocessing geom idx [38;5;121m[4m89[0m[38;5;159m.[0m
[38;5;159m[Genesis] [09:16:33] [INFO] Adding [38;5;121m<gs.RigidEntity>[0m[38;5;159m. idx: [38;5;121m14[0m[38;5;159m, uid: [38;5;121m[3m<3355af3>[0m[38;5;159m, morph: [38;5;121m<gs.morphs.Mesh(file='/mnt4/gck/maniladder/maniladder/assets/meshes/deformable/toy_box/star.obj')>[0m[38;5;159m, material: [38;5;121m<gs.materials.Rigid>[0m[38;5;159m.[0m
[38;5;159m[Genesis] [09:16:33] [INFO] Convex hull is not accurate enough for collision detection (0.798). Falling back to more expensive convex decomposition (see FileMorph options).[0m
[38;5;159m[Genesis] [09:16:33] [INFO] Preprocessing geom idx [38;5;121m[4m90[0m[38;5;159m.[0m
[38;5;159m[Genesis] [09:16:33] [INFO] Preprocessing geom idx [38;5;121m[4m91[0m[38;5;159m.[0m
[38;5;159m[Genesis] [09:16:33] [INFO] Preprocessing geom idx [38;5;121m[4m92[0m[38;5;159m.[0m
[38;5;159m[Genesis] [09:16:33] [INFO] Preprocessing geom idx [38;5;121m[4m93[0m[38;5;159m.[0m
[38;5;159m[Genesis] [09:16:33] [INFO] Adding [38;5;121m<gs.MPMEntity>[0m[38;5;159m. idx: [38;5;121m15[0m[38;5;159m, uid: [38;5;121m[3m<b3b1339>[0m[38;5;159m, morph: [38;5;121m<gs.morphs.Mesh(file='/mnt4/gck/maniladder/maniladder/assets/meshes/deformable/toy_box/cylinder.obj')>[0m[38;5;159m, material: [38;5;121m<gs.materials.MPM.Elastic>[0m[38;5;159m.[0m
[38;5;159m[Genesis] [09:16:33] [INFO] Sampling particles with [38;5;121mpbs-32[0m[38;5;159m sampler and generating `.ptc` file:[0m
[38;5;159m[Genesis] [09:16:42] [INFO] Sampled [38;5;121m[4m852[0m[38;5;159m particles.[0m
[38;5;159m[Genesis] [09:16:42] [INFO] Adding [38;5;121m<gs.RigidEntity>[0m[38;5;159m. idx: [38;5;121m16[0m[38;5;159m, uid: [38;5;121m[3m<0492749>[0m[38;5;159m, morph: [38;5;121m<gs.morphs.Mesh(file='/mnt4/gck/maniladder/maniladder/assets/meshes/deformable/toy_box/moon.obj')>[0m[38;5;159m, material: [38;5;121m<gs.materials.Rigid>[0m[38;5;159m.[0m
[38;5;159m[Genesis] [09:16:42] [INFO] Convex hull is not accurate enough for collision detection (1.087). Falling back to more expensive convex decomposition (see FileMorph options).[0m
[38;5;159m[Genesis] [09:16:42] [INFO] Preprocessing geom idx [38;5;121m[4m94[0m[38;5;159m.[0m
[38;5;159m[Genesis] [09:16:42] [INFO] Preprocessing geom idx [38;5;121m[4m95[0m[38;5;159m.[0m
[38;5;159m[Genesis] [09:16:42] [INFO] Preprocessing geom idx [38;5;121m[4m96[0m[38;5;159m.[0m
[38;5;159m[Genesis] [09:16:42] [INFO] Preprocessing geom idx [38;5;121m[4m97[0m[38;5;159m.[0m
[38;5;159m[Genesis] [09:16:43] [INFO] Building scene [38;5;121m[3m<e26ac12>[0m[38;5;159m...[0m
[38;5;226m[Genesis] [09:16:46] [WARNING] Reference robot position exceeds joint limits.[0m
[38;5;226m[Genesis] [09:16:48] [WARNING] max_collision_pairs 300 is smaller than the theoretical maximal possible pairs 4182, it uses less memory but might lead to missing some collision pairs if there are too many collision pairs[0m
[38;5;226m[Genesis] [09:16:56] [WARNING] Kernel compilation takes longer when running MPM solver in CPIC mode. Please be patient.[0m
[38;5;226m[Genesis] [09:16:57] [WARNING] Current `substep_dt` (0.002) is greater than suggested_dt (0.0003125, calculated based on `grid_density`). Simulation might be unstable.[0m
[38;5;159m[Genesis] [09:16:58] [INFO] Compiling simulation kernels...[0m
[38;5;159m[Genesis] [09:18:25] [INFO] Building visualizer...[0m
  [ep 0/1, attempt 8] step 1/300  terminated=False  truncated=False
  [ep 0/1, attempt 8] step 101/300  terminated=False  truncated=False
  [ep 0/1, attempt 8] step 201/300  terminated=False  truncated=False
  [ep 0/1, attempt 8] step 300/300  terminated=False  truncated=True
  [WARNING] Episode 0 attempt 8 truncated without success. Discarding and retrying...
  [Success Rate] overall: 0.0% (0/8) | moving avg (last 8): 0.0%
[38;5;159m[Genesis] [09:20:39] [INFO] Scene [38;5;121m[3m<22ca8f7>[0m[38;5;159m created.[0m
[38;5;159m[Genesis] [09:20:39] [INFO] Adding [38;5;121m<gs.RigidEntity>[0m[38;5;159m. idx: [38;5;121m0[0m[38;5;159m, uid: [38;5;121m[3m<397107a>[0m[38;5;159m, morph: [38;5;121m<gs.morphs.URDF(file='/mnt4/gck/maniladder/maniladder/assets/urdf/panda_leaphand/panda_leaphand.urdf')>[0m[38;5;159m, material: [38;5;121m<gs.materials.Rigid>[0m[38;5;159m.[0m
[38;5;159m[Genesis] [09:20:42] [INFO] Applying offset to base link's pose with user provided value in morph.[0m
[38;5;159m[Genesis] [09:20:44] [INFO] Adding [38;5;121m<gs.RigidEntity>[0m[38;5;159m. idx: [38;5;121m1[0m[38;5;159m, uid: [38;5;121m[3m<f02e010>[0m[38;5;159m, morph: [38;5;121m<gs.morphs.Mesh(file='/mnt4/gck/maniladder/maniladder/assets/models/table.glb')>[0m[38;5;159m, material: [38;5;121m<gs.materials.Rigid>[0m[38;5;159m.[0m
[38;5;226m[Genesis] [09:20:44] [WARNING] GLTF is using y-up while Genesis uses z-up. Please set parse_glb_with_zup=True in morph options if you find the mesh is 90-degree rotated. We will set parse_glb_with_zup=True and rotate glb mesh by default later and gradually enforce this option.[0m
/data/gck/miniconda3/envs/maniladder/lib/python3.10/site-packages/pygltflib/__init__.py:830: UserWarning: pygltflib currently does not remove image data from the buffer when converting to data uri.Please open an issue at https://gitlab.com/dodgyville/pygltflib/issues
  warnings.warn("pygltflib currently does not remove image data "
[38;5;159m[Genesis] [09:20:44] [INFO] Adding [38;5;121m<gs.RigidEntity>[0m[38;5;159m. idx: [38;5;121m2[0m[38;5;159m, uid: [38;5;121m[3m<ae6df2f>[0m[38;5;159m, morph: [38;5;121m<gs.morphs.Box>[0m[38;5;159m, material: [38;5;121m<gs.materials.Rigid>[0m[38;5;159m.[0m
[38;5;159m[Genesis] [09:20:44] [INFO] Adding [38;5;121m<gs.RigidEntity>[0m[38;5;159m. idx: [38;5;121m3[0m[38;5;159m, uid: [38;5;121m[3m<4042800>[0m[38;5;159m, morph: [38;5;121m<gs.morphs.Plane>[0m[38;5;159m, material: [38;5;121m<gs.materials.Rigid>[0m[38;5;159m.[0m
[38;5;159m[Genesis] [09:20:44] [INFO] Adding [38;5;121m<gs.RigidEntity>[0m[38;5;159m. idx: [38;5;121m4[0m[38;5;159m, uid: [38;5;121m[3m<6cedc26>[0m[38;5;159m, morph: [38;5;121m<gs.morphs.Box>[0m[38;5;159m, material: [38;5;121m<gs.materials.Rigid>[0m[38;5;159m.[0m
[38;5;159m[Genesis] [09:20:44] [INFO] Adding [38;5;121m<gs.RigidEntity>[0m[38;5;159m. idx: [38;5;121m5[0m[38;5;159m, uid: [38;5;121m[3m<3ac8512>[0m[38;5;159m, morph: [38;5;121m<gs.morphs.Box>[0m[38;5;159m, material: [38;5;121m<gs.materials.Rigid>[0m[38;5;159m.[0m
[38;5;159m[Genesis] [09:20:44] [INFO] Adding [38;5;121m<gs.RigidEntity>[0m[38;5;159m. idx: [38;5;121m6[0m[38;5;159m, uid: [38;5;121m[3m<403a85b>[0m[38;5;159m, morph: [38;5;121m<gs.morphs.Box>[0m[38;5;159m, material: [38;5;121m<gs.materials.Rigid>[0m[38;5;159m.[0m
[38;5;159m[Genesis] [09:20:44] [INFO] Adding [38;5;121m<gs.RigidEntity>[0m[38;5;159m. idx: [38;5;121m7[0m[38;5;159m, uid: [38;5;121m[3m<1f49881>[0m[38;5;159m, morph: [38;5;121m<gs.morphs.Box>[0m[38;5;159m, material: [38;5;121m<gs.materials.Rigid>[0m[38;5;159m.[0m
[38;5;159m[Genesis] [09:20:44] [INFO] Adding [38;5;121m<gs.RigidEntity>[0m[38;5;159m. idx: [38;5;121m8[0m[38;5;159m, uid: [38;5;121m[3m<fe90f6f>[0m[38;5;159m, morph: [38;5;121m<gs.morphs.Box>[0m[38;5;159m, material: [38;5;121m<gs.materials.Rigid>[0m[38;5;159m.[0m
[38;5;159m[Genesis] [09:20:44] [INFO] Adding [38;5;121m<gs.RigidEntity>[0m[38;5;159m. idx: [38;5;121m9[0m[38;5;159m, uid: [38;5;121m[3m<ad75a56>[0m[38;5;159m, morph: [38;5;121m<gs.morphs.Box>[0m[38;5;159m, material: [38;5;121m<gs.materials.Rigid>[0m[38;5;159m.[0m
[38;5;159m[Genesis] [09:20:44] [INFO] Adding [38;5;121m<gs.RigidEntity>[0m[38;5;159m. idx: [38;5;121m10[0m[38;5;159m, uid: [38;5;121m[3m<6a8891a>[0m[38;5;159m, morph: [38;5;121m<gs.morphs.Box>[0m[38;5;159m, material: [38;5;121m<gs.materials.Rigid>[0m[38;5;159m.[0m
[38;5;159m[Genesis] [09:20:44] [INFO] Adding [38;5;121m<gs.RigidEntity>[0m[38;5;159m. idx: [38;5;121m11[0m[38;5;159m, uid: [38;5;121m[3m<d943e8a>[0m[38;5;159m, morph: [38;5;121m<gs.morphs.Box>[0m[38;5;159m, material: [38;5;121m<gs.materials.Rigid>[0m[38;5;159m.[0m
[38;5;159m[Genesis] [09:20:44] [INFO] Adding [38;5;121m<gs.RigidEntity>[0m[38;5;159m. idx: [38;5;121m12[0m[38;5;159m, uid: [38;5;121m[3m<908ea08>[0m[38;5;159m, morph: [38;5;121m<gs.morphs.Mesh(file='/mnt4/gck/maniladder/maniladder/assets/meshes/deformable/toy_box/cyl.obj')>[0m[38;5;159m, material: [38;5;121m<gs.materials.Rigid>[0m[38;5;159m.[0m
[38;5;159m[Genesis] [09:20:44] [INFO] Preprocessing geom idx [38;5;121m[4m88[0m[38;5;159m.[0m
[38;5;159m[Genesis] [09:20:44] [INFO] Adding [38;5;121m<gs.RigidEntity>[0m[38;5;159m. idx: [38;5;121m13[0m[38;5;159m, uid: [38;5;121m[3m<1cbf325>[0m[38;5;159m, morph: [38;5;121m<gs.morphs.Mesh(file='/mnt4/gck/maniladder/maniladder/assets/meshes/deformable/toy_box/star.obj')>[0m[38;5;159m, material: [38;5;121m<gs.materials.Rigid>[0m[38;5;159m.[0m
[38;5;159m[Genesis] [09:20:44] [INFO] Convex hull is not accurate enough for collision detection (0.798). Falling back to more expensive convex decomposition (see FileMorph options).[0m
[38;5;159m[Genesis] [09:20:44] [INFO] Preprocessing geom idx [38;5;121m[4m89[0m[38;5;159m.[0m
[38;5;159m[Genesis] [09:20:44] [INFO] Preprocessing geom idx [38;5;121m[4m90[0m[38;5;159m.[0m
[38;5;159m[Genesis] [09:20:44] [INFO] Preprocessing geom idx [38;5;121m[4m91[0m[38;5;159m.[0m
[38;5;159m[Genesis] [09:20:45] [INFO] Preprocessing geom idx [38;5;121m[4m92[0m[38;5;159m.[0m
[38;5;159m[Genesis] [09:20:45] [INFO] Adding [38;5;121m<gs.MPMEntity>[0m[38;5;159m. idx: [38;5;121m14[0m[38;5;159m, uid: [38;5;121m[3m<b059681>[0m[38;5;159m, morph: [38;5;121m<gs.morphs.Mesh(file='/mnt4/gck/maniladder/maniladder/assets/meshes/deformable/toy_box/cylinder.obj')>[0m[38;5;159m, material: [38;5;121m<gs.materials.MPM.Elastic>[0m[38;5;159m.[0m
[38;5;159m[Genesis] [09:20:45] [INFO] Sampling particles with [38;5;121mpbs-32[0m[38;5;159m sampler and generating `.ptc` file:[0m
[38;5;159m[Genesis] [09:20:53] [INFO] Sampled [38;5;121m[4m723[0m[38;5;159m particles.[0m
[38;5;159m[Genesis] [09:20:53] [INFO] Adding [38;5;121m<gs.RigidEntity>[0m[38;5;159m. idx: [38;5;121m15[0m[38;5;159m, uid: [38;5;121m[3m<3132d0c>[0m[38;5;159m, morph: [38;5;121m<gs.morphs.Mesh(file='/mnt4/gck/maniladder/maniladder/assets/meshes/deformable/toy_box/heart.obj')>[0m[38;5;159m, material: [38;5;121m<gs.materials.Rigid>[0m[38;5;159m.[0m
[38;5;159m[Genesis] [09:20:53] [INFO] Preprocessing geom idx [38;5;121m[4m93[0m[38;5;159m.[0m
[38;5;159m[Genesis] [09:20:54] [INFO] Adding [38;5;121m<gs.RigidEntity>[0m[38;5;159m. idx: [38;5;121m16[0m[38;5;159m, uid: [38;5;121m[3m<48a69bf>[0m[38;5;159m, morph: [38;5;121m<gs.morphs.Mesh(file='/mnt4/gck/maniladder/maniladder/assets/meshes/deformable/toy_box/cone.obj')>[0m[38;5;159m, material: [38;5;121m<gs.materials.Rigid>[0m[38;5;159m.[0m
[38;5;159m[Genesis] [09:20:54] [INFO] Preprocessing geom idx [38;5;121m[4m94[0m[38;5;159m.[0m
[38;5;159m[Genesis] [09:20:54] [INFO] Building scene [38;5;121m[3m<22ca8f7>[0m[38;5;159m...[0m
[38;5;226m[Genesis] [09:20:57] [WARNING] Reference robot position exceeds joint limits.[0m
[38;5;226m[Genesis] [09:20:59] [WARNING] max_collision_pairs 300 is smaller than the theoretical maximal possible pairs 3900, it uses less memory but might lead to missing some collision pairs if there are too many collision pairs[0m
[38;5;226m[Genesis] [09:21:06] [WARNING] Kernel compilation takes longer when running MPM solver in CPIC mode. Please be patient.[0m
[38;5;226m[Genesis] [09:21:07] [WARNING] Current `substep_dt` (0.002) is greater than suggested_dt (0.0003125, calculated based on `grid_density`). Simulation might be unstable.[0m
[38;5;159m[Genesis] [09:21:08] [INFO] Compiling simulation kernels...[0m
[38;5;159m[Genesis] [09:22:33] [INFO] Building visualizer...[0m
  [ep 0/1, attempt 9] step 1/300  terminated=False  truncated=False
  [ep 0/1, attempt 9] step 101/300  terminated=False  truncated=False
  [ep 0/1, attempt 9] step 201/300  terminated=False  truncated=False
  [ep 0/1, attempt 9] step 300/300  terminated=False  truncated=True
  [WARNING] Episode 0 attempt 9 truncated without success. Discarding and retrying...
  [Success Rate] overall: 0.0% (0/9) | moving avg (last 9): 0.0%
[38;5;159m[Genesis] [09:24:50] [INFO] Scene [38;5;121m[3m<36fb266>[0m[38;5;159m created.[0m
[38;5;159m[Genesis] [09:24:50] [INFO] Adding [38;5;121m<gs.RigidEntity>[0m[38;5;159m. idx: [38;5;121m0[0m[38;5;159m, uid: [38;5;121m[3m<abf792f>[0m[38;5;159m, morph: [38;5;121m<gs.morphs.URDF(file='/mnt4/gck/maniladder/maniladder/assets/urdf/panda_leaphand/panda_leaphand.urdf')>[0m[38;5;159m, material: [38;5;121m<gs.materials.Rigid>[0m[38;5;159m.[0m
[38;5;159m[Genesis] [09:24:54] [INFO] Applying offset to base link's pose with user provided value in morph.[0m
[38;5;159m[Genesis] [09:24:55] [INFO] Adding [38;5;121m<gs.RigidEntity>[0m[38;5;159m. idx: [38;5;121m1[0m[38;5;159m, uid: [38;5;121m[3m<079adef>[0m[38;5;159m, morph: [38;5;121m<gs.morphs.Mesh(file='/mnt4/gck/maniladder/maniladder/assets/models/table.glb')>[0m[38;5;159m, material: [38;5;121m<gs.materials.Rigid>[0m[38;5;159m.[0m
[38;5;226m[Genesis] [09:24:55] [WARNING] GLTF is using y-up while Genesis uses z-up. Please set parse_glb_with_zup=True in morph options if you find the mesh is 90-degree rotated. We will set parse_glb_with_zup=True and rotate glb mesh by default later and gradually enforce this option.[0m
/data/gck/miniconda3/envs/maniladder/lib/python3.10/site-packages/pygltflib/__init__.py:830: UserWarning: pygltflib currently does not remove image data from the buffer when converting to data uri.Please open an issue at https://gitlab.com/dodgyville/pygltflib/issues
  warnings.warn("pygltflib currently does not remove image data "
[38;5;159m[Genesis] [09:24:55] [INFO] Adding [38;5;121m<gs.RigidEntity>[0m[38;5;159m. idx: [38;5;121m2[0m[38;5;159m, uid: [38;5;121m[3m<d037d29>[0m[38;5;159m, morph: [38;5;121m<gs.morphs.Box>[0m[38;5;159m, material: [38;5;121m<gs.materials.Rigid>[0m[38;5;159m.[0m
[38;5;159m[Genesis] [09:24:55] [INFO] Adding [38;5;121m<gs.RigidEntity>[0m[38;5;159m. idx: [38;5;121m3[0m[38;5;159m, uid: [38;5;121m[3m<c4184d7>[0m[38;5;159m, morph: [38;5;121m<gs.morphs.Plane>[0m[38;5;159m, material: [38;5;121m<gs.materials.Rigid>[0m[38;5;159m.[0m
[38;5;159m[Genesis] [09:24:55] [INFO] Adding [38;5;121m<gs.RigidEntity>[0m[38;5;159m. idx: [38;5;121m4[0m[38;5;159m, uid: [38;5;121m[3m<7c775d9>[0m[38;5;159m, morph: [38;5;121m<gs.morphs.Box>[0m[38;5;159m, material: [38;5;121m<gs.materials.Rigid>[0m[38;5;159m.[0m
[38;5;159m[Genesis] [09:24:55] [INFO] Adding [38;5;121m<gs.RigidEntity>[0m[38;5;159m. idx: [38;5;121m5[0m[38;5;159m, uid: [38;5;121m[3m<2061ff3>[0m[38;5;159m, morph: [38;5;121m<gs.morphs.Box>[0m[38;5;159m, material: [38;5;121m<gs.materials.Rigid>[0m[38;5;159m.[0m
[38;5;159m[Genesis] [09:24:55] [INFO] Adding [38;5;121m<gs.RigidEntity>[0m[38;5;159m. idx: [38;5;121m6[0m[38;5;159m, uid: [38;5;121m[3m<02d3e6d>[0m[38;5;159m, morph: [38;5;121m<gs.morphs.Box>[0m[38;5;159m, material: [38;5;121m<gs.materials.Rigid>[0m[38;5;159m.[0m
[38;5;159m[Genesis] [09:24:55] [INFO] Adding [38;5;121m<gs.RigidEntity>[0m[38;5;159m. idx: [38;5;121m7[0m[38;5;159m, uid: [38;5;121m[3m<02723f9>[0m[38;5;159m, morph: [38;5;121m<gs.morphs.Box>[0m[38;5;159m, material: [38;5;121m<gs.materials.Rigid>[0m[38;5;159m.[0m
[38;5;159m[Genesis] [09:24:55] [INFO] Adding [38;5;121m<gs.RigidEntity>[0m[38;5;159m. idx: [38;5;121m8[0m[38;5;159m, uid: [38;5;121m[3m<3e9f035>[0m[38;5;159m, morph: [38;5;121m<gs.morphs.Box>[0m[38;5;159m, material: [38;5;121m<gs.materials.Rigid>[0m[38;5;159m.[0m
[38;5;159m[Genesis] [09:24:55] [INFO] Adding [38;5;121m<gs.RigidEntity>[0m[38;5;159m. idx: [38;5;121m9[0m[38;5;159m, uid: [38;5;121m[3m<e4a4e75>[0m[38;5;159m, morph: [38;5;121m<gs.morphs.Box>[0m[38;5;159m, material: [38;5;121m<gs.materials.Rigid>[0m[38;5;159m.[0m
[38;5;159m[Genesis] [09:24:55] [INFO] Adding [38;5;121m<gs.RigidEntity>[0m[38;5;159m. idx: [38;5;121m10[0m[38;5;159m, uid: [38;5;121m[3m<d503d50>[0m[38;5;159m, morph: [38;5;121m<gs.morphs.Box>[0m[38;5;159m, material: [38;5;121m<gs.materials.Rigid>[0m[38;5;159m.[0m
[38;5;159m[Genesis] [09:24:55] [INFO] Adding [38;5;121m<gs.RigidEntity>[0m[38;5;159m. idx: [38;5;121m11[0m[38;5;159m, uid: [38;5;121m[3m<cfcab4b>[0m[38;5;159m, morph: [38;5;121m<gs.morphs.Box>[0m[38;5;159m, material: [38;5;121m<gs.materials.Rigid>[0m[38;5;159m.[0m
[38;5;159m[Genesis] [09:24:55] [INFO] Adding [38;5;121m<gs.RigidEntity>[0m[38;5;159m. idx: [38;5;121m12[0m[38;5;159m, uid: [38;5;121m[3m<ae9dd82>[0m[38;5;159m, morph: [38;5;121m<gs.morphs.Mesh(file='/mnt4/gck/maniladder/maniladder/assets/meshes/deformable/toy_box/cone.obj')>[0m[38;5;159m, material: [38;5;121m<gs.materials.Rigid>[0m[38;5;159m.[0m
[38;5;159m[Genesis] [09:24:55] [INFO] Preprocessing geom idx [38;5;121m[4m88[0m[38;5;159m.[0m
[38;5;159m[Genesis] [09:24:55] [INFO] Adding [38;5;121m<gs.RigidEntity>[0m[38;5;159m. idx: [38;5;121m13[0m[38;5;159m, uid: [38;5;121m[3m<3dda834>[0m[38;5;159m, morph: [38;5;121m<gs.morphs.Mesh(file='/mnt4/gck/maniladder/maniladder/assets/meshes/deformable/toy_box/star.obj')>[0m[38;5;159m, material: [38;5;121m<gs.materials.Rigid>[0m[38;5;159m.[0m
[38;5;159m[Genesis] [09:24:55] [INFO] Convex hull is not accurate enough for collision detection (0.798). Falling back to more expensive convex decomposition (see FileMorph options).[0m
[38;5;159m[Genesis] [09:24:55] [INFO] Preprocessing geom idx [38;5;121m[4m89[0m[38;5;159m.[0m
[38;5;159m[Genesis] [09:24:55] [INFO] Preprocessing geom idx [38;5;121m[4m90[0m[38;5;159m.[0m
[38;5;159m[Genesis] [09:24:56] [INFO] Preprocessing geom idx [38;5;121m[4m91[0m[38;5;159m.[0m
[38;5;159m[Genesis] [09:24:56] [INFO] Preprocessing geom idx [38;5;121m[4m92[0m[38;5;159m.[0m
[38;5;159m[Genesis] [09:24:56] [INFO] Adding [38;5;121m<gs.RigidEntity>[0m[38;5;159m. idx: [38;5;121m14[0m[38;5;159m, uid: [38;5;121m[3m<6be9197>[0m[38;5;159m, morph: [38;5;121m<gs.morphs.Mesh(file='/mnt4/gck/maniladder/maniladder/assets/meshes/deformable/toy_box/heart.obj')>[0m[38;5;159m, material: [38;5;121m<gs.materials.Rigid>[0m[38;5;159m.[0m
[38;5;159m[Genesis] [09:24:56] [INFO] Preprocessing geom idx [38;5;121m[4m93[0m[38;5;159m.[0m
[38;5;159m[Genesis] [09:24:56] [INFO] Adding [38;5;121m<gs.MPMEntity>[0m[38;5;159m. idx: [38;5;121m15[0m[38;5;159m, uid: [38;5;121m[3m<8f36a9a>[0m[38;5;159m, morph: [38;5;121m<gs.morphs.Mesh(file='/mnt4/gck/maniladder/maniladder/assets/meshes/deformable/toy_box/cyl.obj')>[0m[38;5;159m, material: [38;5;121m<gs.materials.MPM.Elastic>[0m[38;5;159m.[0m
[38;5;159m[Genesis] [09:24:56] [INFO] Sampling particles with [38;5;121mpbs-32[0m[38;5;159m sampler and generating `.ptc` file:[0m
[38;5;159m[Genesis] [09:25:05] [INFO] Sampled [38;5;121m[4m1,091[0m[38;5;159m particles.[0m
[38;5;159m[Genesis] [09:25:05] [INFO] Adding [38;5;121m<gs.RigidEntity>[0m[38;5;159m. idx: [38;5;121m16[0m[38;5;159m, uid: [38;5;121m[3m<b37ef45>[0m[38;5;159m, morph: [38;5;121m<gs.morphs.Mesh(file='/mnt4/gck/maniladder/maniladder/assets/meshes/deformable/toy_box/sphere.obj')>[0m[38;5;159m, material: [38;5;121m<gs.materials.Rigid>[0m[38;5;159m.[0m
[38;5;159m[Genesis] [09:25:05] [INFO] Preprocessing geom idx [38;5;121m[4m94[0m[38;5;159m.[0m
[38;5;159m[Genesis] [09:25:05] [INFO] Building scene [38;5;121m[3m<36fb266>[0m[38;5;159m...[0m
[38;5;226m[Genesis] [09:25:08] [WARNING] Reference robot position exceeds joint limits.[0m
[38;5;226m[Genesis] [09:25:10] [WARNING] max_collision_pairs 300 is smaller than the theoretical maximal possible pairs 3900, it uses less memory but might lead to missing some collision pairs if there are too many collision pairs[0m
[38;5;226m[Genesis] [09:25:19] [WARNING] Kernel compilation takes longer when running MPM solver in CPIC mode. Please be patient.[0m
[38;5;226m[Genesis] [09:25:19] [WARNING] Current `substep_dt` (0.002) is greater than suggested_dt (0.0003125, calculated based on `grid_density`). Simulation might be unstable.[0m
[38;5;159m[Genesis] [09:25:20] [INFO] Compiling simulation kernels...[0m
[38;5;159m[Genesis] [09:26:44] [INFO] Building visualizer...[0m
  [ep 0/1, attempt 10] step 1/300  terminated=False  truncated=False
  [ep 0/1, attempt 10] step 101/300  terminated=False  truncated=False
  [ep 0/1, attempt 10] step 201/300  terminated=False  truncated=False
  [ep 0/1, attempt 10] step 300/300  terminated=False  truncated=True
  [WARNING] Episode 0 attempt 10 truncated without success. Discarding and retrying...
  [Success Rate] overall: 0.0% (0/10) | moving avg (last 10): 0.0%
[38;5;159m[Genesis] [09:30:20] [INFO] Scene [38;5;121m[3m<848e947>[0m[38;5;159m created.[0m
[38;5;159m[Genesis] [09:30:20] [INFO] Adding [38;5;121m<gs.RigidEntity>[0m[38;5;159m. idx: [38;5;121m0[0m[38;5;159m, uid: [38;5;121m[3m<42b8253>[0m[38;5;159m, morph: [38;5;121m<gs.morphs.URDF(file='/mnt4/gck/maniladder/maniladder/assets/urdf/panda_leaphand/panda_leaphand.urdf')>[0m[38;5;159m, material: [38;5;121m<gs.materials.Rigid>[0m[38;5;159m.[0m
[38;5;159m[Genesis] [09:30:23] [INFO] Applying offset to base link's pose with user provided value in morph.[0m
[38;5;159m[Genesis] [09:30:25] [INFO] Adding [38;5;121m<gs.RigidEntity>[0m[38;5;159m. idx: [38;5;121m1[0m[38;5;159m, uid: [38;5;121m[3m<13ad781>[0m[38;5;159m, morph: [38;5;121m<gs.morphs.Mesh(file='/mnt4/gck/maniladder/maniladder/assets/models/table.glb')>[0m[38;5;159m, material: [38;5;121m<gs.materials.Rigid>[0m[38;5;159m.[0m
[38;5;226m[Genesis] [09:30:25] [WARNING] GLTF is using y-up while Genesis uses z-up. Please set parse_glb_with_zup=True in morph options if you find the mesh is 90-degree rotated. We will set parse_glb_with_zup=True and rotate glb mesh by default later and gradually enforce this option.[0m
/data/gck/miniconda3/envs/maniladder/lib/python3.10/site-packages/pygltflib/__init__.py:830: UserWarning: pygltflib currently does not remove image data from the buffer when converting to data uri.Please open an issue at https://gitlab.com/dodgyville/pygltflib/issues
  warnings.warn("pygltflib currently does not remove image data "
[38;5;159m[Genesis] [09:30:25] [INFO] Adding [38;5;121m<gs.RigidEntity>[0m[38;5;159m. idx: [38;5;121m2[0m[38;5;159m, uid: [38;5;121m[3m<0b68937>[0m[38;5;159m, morph: [38;5;121m<gs.morphs.Box>[0m[38;5;159m, material: [38;5;121m<gs.materials.Rigid>[0m[38;5;159m.[0m
[38;5;159m[Genesis] [09:30:25] [INFO] Adding [38;5;121m<gs.RigidEntity>[0m[38;5;159m. idx: [38;5;121m3[0m[38;5;159m, uid: [38;5;121m[3m<f0fab0f>[0m[38;5;159m, morph: [38;5;121m<gs.morphs.Plane>[0m[38;5;159m, material: [38;5;121m<gs.materials.Rigid>[0m[38;5;159m.[0m
[38;5;159m[Genesis] [09:30:25] [INFO] Adding [38;5;121m<gs.RigidEntity>[0m[38;5;159m. idx: [38;5;121m4[0m[38;5;159m, uid: [38;5;121m[3m<b05d129>[0m[38;5;159m, morph: [38;5;121m<gs.morphs.Box>[0m[38;5;159m, material: [38;5;121m<gs.materials.Rigid>[0m[38;5;159m.[0m
[38;5;159m[Genesis] [09:30:25] [INFO] Adding [38;5;121m<gs.RigidEntity>[0m[38;5;159m. idx: [38;5;121m5[0m[38;5;159m, uid: [38;5;121m[3m<9454249>[0m[38;5;159m, morph: [38;5;121m<gs.morphs.Box>[0m[38;5;159m, material: [38;5;121m<gs.materials.Rigid>[0m[38;5;159m.[0m
[38;5;159m[Genesis] [09:30:25] [INFO] Adding [38;5;121m<gs.RigidEntity>[0m[38;5;159m. idx: [38;5;121m6[0m[38;5;159m, uid: [38;5;121m[3m<aa1d9ff>[0m[38;5;159m, morph: [38;5;121m<gs.morphs.Box>[0m[38;5;159m, material: [38;5;121m<gs.materials.Rigid>[0m[38;5;159m.[0m
[38;5;159m[Genesis] [09:30:25] [INFO] Adding [38;5;121m<gs.RigidEntity>[0m[38;5;159m. idx: [38;5;121m7[0m[38;5;159m, uid: [38;5;121m[3m<ef39611>[0m[38;5;159m, morph: [38;5;121m<gs.morphs.Box>[0m[38;5;159m, material: [38;5;121m<gs.materials.Rigid>[0m[38;5;159m.[0m
[38;5;159m[Genesis] [09:30:25] [INFO] Adding [38;5;121m<gs.RigidEntity>[0m[38;5;159m. idx: [38;5;121m8[0m[38;5;159m, uid: [38;5;121m[3m<626207c>[0m[38;5;159m, morph: [38;5;121m<gs.morphs.Box>[0m[38;5;159m, material: [38;5;121m<gs.materials.Rigid>[0m[38;5;159m.[0m
[38;5;159m[Genesis] [09:30:25] [INFO] Adding [38;5;121m<gs.RigidEntity>[0m[38;5;159m. idx: [38;5;121m9[0m[38;5;159m, uid: [38;5;121m[3m<73204c2>[0m[38;5;159m, morph: [38;5;121m<gs.morphs.Box>[0m[38;5;159m, material: [38;5;121m<gs.materials.Rigid>[0m[38;5;159m.[0m
[38;5;159m[Genesis] [09:30:25] [INFO] Adding [38;5;121m<gs.RigidEntity>[0m[38;5;159m. idx: [38;5;121m10[0m[38;5;159m, uid: [38;5;121m[3m<df65a9b>[0m[38;5;159m, morph: [38;5;121m<gs.morphs.Box>[0m[38;5;159m, material: [38;5;121m<gs.materials.Rigid>[0m[38;5;159m.[0m
[38;5;159m[Genesis] [09:30:25] [INFO] Adding [38;5;121m<gs.RigidEntity>[0m[38;5;159m. idx: [38;5;121m11[0m[38;5;159m, uid: [38;5;121m[3m<fedafbb>[0m[38;5;159m, morph: [38;5;121m<gs.morphs.Box>[0m[38;5;159m, material: [38;5;121m<gs.materials.Rigid>[0m[38;5;159m.[0m
[38;5;159m[Genesis] [09:30:25] [INFO] Adding [38;5;121m<gs.RigidEntity>[0m[38;5;159m. idx: [38;5;121m12[0m[38;5;159m, uid: [38;5;121m[3m<7f86395>[0m[38;5;159m, morph: [38;5;121m<gs.morphs.Mesh(file='/mnt4/gck/maniladder/maniladder/assets/meshes/deformable/toy_box/moon.obj')>[0m[38;5;159m, material: [38;5;121m<gs.materials.Rigid>[0m[38;5;159m.[0m
[38;5;159m[Genesis] [09:30:25] [INFO] Convex hull is not accurate enough for collision detection (1.087). Falling back to more expensive convex decomposition (see FileMorph options).[0m
[38;5;159m[Genesis] [09:30:25] [INFO] Preprocessing geom idx [38;5;121m[4m88[0m[38;5;159m.[0m
[38;5;159m[Genesis] [09:30:25] [INFO] Preprocessing geom idx [38;5;121m[4m89[0m[38;5;159m.[0m
[38;5;159m[Genesis] [09:30:26] [INFO] Preprocessing geom idx [38;5;121m[4m90[0m[38;5;159m.[0m
[38;5;159m[Genesis] [09:30:26] [INFO] Preprocessing geom idx [38;5;121m[4m91[0m[38;5;159m.[0m
[38;5;159m[Genesis] [09:30:26] [INFO] Adding [38;5;121m<gs.MPMEntity>[0m[38;5;159m. idx: [38;5;121m13[0m[38;5;159m, uid: [38;5;121m[3m<753672a>[0m[38;5;159m, morph: [38;5;121m<gs.morphs.Mesh(file='/mnt4/gck/maniladder/maniladder/assets/meshes/deformable/toy_box/cyl.obj')>[0m[38;5;159m, material: [38;5;121m<gs.materials.MPM.Elastic>[0m[38;5;159m.[0m
[38;5;159m[Genesis] [09:30:26] [INFO] Sampling particles with [38;5;121mpbs-32[0m[38;5;159m sampler and generating `.ptc` file:[0m
[38;5;159m[Genesis] [09:30:34] [INFO] Sampled [38;5;121m[4m1,114[0m[38;5;159m particles.[0m
[38;5;159m[Genesis] [09:30:34] [INFO] Adding [38;5;121m<gs.RigidEntity>[0m[38;5;159m. idx: [38;5;121m14[0m[38;5;159m, uid: [38;5;121m[3m<3cf3357>[0m[38;5;159m, morph: [38;5;121m<gs.morphs.Mesh(file='/mnt4/gck/maniladder/maniladder/assets/meshes/deformable/toy_box/sphere.obj')>[0m[38;5;159m, material: [38;5;121m<gs.materials.Rigid>[0m[38;5;159m.[0m
[38;5;159m[Genesis] [09:30:34] [INFO] Preprocessing geom idx [38;5;121m[4m92[0m[38;5;159m.[0m
[38;5;159m[Genesis] [09:30:35] [INFO] Adding [38;5;121m<gs.RigidEntity>[0m[38;5;159m. idx: [38;5;121m15[0m[38;5;159m, uid: [38;5;121m[3m<908c836>[0m[38;5;159m, morph: [38;5;121m<gs.morphs.Mesh(file='/mnt4/gck/maniladder/maniladder/assets/meshes/deformable/toy_box/star.obj')>[0m[38;5;159m, material: [38;5;121m<gs.materials.Rigid>[0m[38;5;159m.[0m
[38;5;159m[Genesis] [09:30:35] [INFO] Convex hull is not accurate enough for collision detection (0.798). Falling back to more expensive convex decomposition (see FileMorph options).[0m
[38;5;159m[Genesis] [09:30:35] [INFO] Preprocessing geom idx [38;5;121m[4m93[0m[38;5;159m.[0m
[38;5;159m[Genesis] [09:30:35] [INFO] Preprocessing geom idx [38;5;121m[4m94[0m[38;5;159m.[0m
[38;5;159m[Genesis] [09:30:35] [INFO] Preprocessing geom idx [38;5;121m[4m95[0m[38;5;159m.[0m
[38;5;159m[Genesis] [09:30:35] [INFO] Preprocessing geom idx [38;5;121m[4m96[0m[38;5;159m.[0m
[38;5;159m[Genesis] [09:30:35] [INFO] Adding [38;5;121m<gs.RigidEntity>[0m[38;5;159m. idx: [38;5;121m16[0m[38;5;159m, uid: [38;5;121m[3m<89a0f0d>[0m[38;5;159m, morph: [38;5;121m<gs.morphs.Mesh(file='/mnt4/gck/maniladder/maniladder/assets/meshes/deformable/toy_box/heart.obj')>[0m[38;5;159m, material: [38;5;121m<gs.materials.Rigid>[0m[38;5;159m.[0m
[38;5;159m[Genesis] [09:30:35] [INFO] Preprocessing geom idx [38;5;121m[4m97[0m[38;5;159m.[0m
[38;5;159m[Genesis] [09:30:35] [INFO] Building scene [38;5;121m[3m<848e947>[0m[38;5;159m...[0m
[38;5;226m[Genesis] [09:30:39] [WARNING] Reference robot position exceeds joint limits.[0m
[38;5;226m[Genesis] [09:30:41] [WARNING] max_collision_pairs 300 is smaller than the theoretical maximal possible pairs 4182, it uses less memory but might lead to missing some collision pairs if there are too many collision pairs[0m
[38;5;226m[Genesis] [09:30:49] [WARNING] Kernel compilation takes longer when running MPM solver in CPIC mode. Please be patient.[0m
[38;5;226m[Genesis] [09:30:49] [WARNING] Current `substep_dt` (0.002) is greater than suggested_dt (0.0003125, calculated based on `grid_density`). Simulation might be unstable.[0m
[38;5;159m[Genesis] [09:30:50] [INFO] Compiling simulation kernels...[0m
[38;5;159m[Genesis] [09:32:16] [INFO] Building visualizer...[0m
  [ep 0/1, attempt 11] step 1/300  terminated=False  truncated=False
  [ep 0/1, attempt 11] step 101/300  terminated=False  truncated=False
  [ep 0/1, attempt 11] step 201/300  terminated=False  truncated=False
  [ep 0/1, attempt 11] step 300/300  terminated=False  truncated=True
  [WARNING] Episode 0 attempt 11 truncated without success. Discarding and retrying...
  [Success Rate] overall: 0.0% (0/11) | moving avg (last 11): 0.0%
[38;5;159m[Genesis] [09:34:33] [INFO] Scene [38;5;121m[3m<98fc353>[0m[38;5;159m created.[0m
[38;5;159m[Genesis] [09:34:33] [INFO] Adding [38;5;121m<gs.RigidEntity>[0m[38;5;159m. idx: [38;5;121m0[0m[38;5;159m, uid: [38;5;121m[3m<153af1a>[0m[38;5;159m, morph: [38;5;121m<gs.morphs.URDF(file='/mnt4/gck/maniladder/maniladder/assets/urdf/panda_leaphand/panda_leaphand.urdf')>[0m[38;5;159m, material: [38;5;121m<gs.materials.Rigid>[0m[38;5;159m.[0m
[38;5;159m[Genesis] [09:34:36] [INFO] Applying offset to base link's pose with user provided value in morph.[0m
[38;5;159m[Genesis] [09:34:37] [INFO] Adding [38;5;121m<gs.RigidEntity>[0m[38;5;159m. idx: [38;5;121m1[0m[38;5;159m, uid: [38;5;121m[3m<0eed238>[0m[38;5;159m, morph: [38;5;121m<gs.morphs.Mesh(file='/mnt4/gck/maniladder/maniladder/assets/models/table.glb')>[0m[38;5;159m, material: [38;5;121m<gs.materials.Rigid>[0m[38;5;159m.[0m
[38;5;226m[Genesis] [09:34:37] [WARNING] GLTF is using y-up while Genesis uses z-up. Please set parse_glb_with_zup=True in morph options if you find the mesh is 90-degree rotated. We will set parse_glb_with_zup=True and rotate glb mesh by default later and gradually enforce this option.[0m
/data/gck/miniconda3/envs/maniladder/lib/python3.10/site-packages/pygltflib/__init__.py:830: UserWarning: pygltflib currently does not remove image data from the buffer when converting to data uri.Please open an issue at https://gitlab.com/dodgyville/pygltflib/issues
  warnings.warn("pygltflib currently does not remove image data "
[38;5;159m[Genesis] [09:34:37] [INFO] Adding [38;5;121m<gs.RigidEntity>[0m[38;5;159m. idx: [38;5;121m2[0m[38;5;159m, uid: [38;5;121m[3m<84145f7>[0m[38;5;159m, morph: [38;5;121m<gs.morphs.Box>[0m[38;5;159m, material: [38;5;121m<gs.materials.Rigid>[0m[38;5;159m.[0m
[38;5;159m[Genesis] [09:34:37] [INFO] Adding [38;5;121m<gs.RigidEntity>[0m[38;5;159m. idx: [38;5;121m3[0m[38;5;159m, uid: [38;5;121m[3m<d62cf09>[0m[38;5;159m, morph: [38;5;121m<gs.morphs.Plane>[0m[38;5;159m, material: [38;5;121m<gs.materials.Rigid>[0m[38;5;159m.[0m
[38;5;159m[Genesis] [09:34:37] [INFO] Adding [38;5;121m<gs.RigidEntity>[0m[38;5;159m. idx: [38;5;121m4[0m[38;5;159m, uid: [38;5;121m[3m<bec5e42>[0m[38;5;159m, morph: [38;5;121m<gs.morphs.Box>[0m[38;5;159m, material: [38;5;121m<gs.materials.Rigid>[0m[38;5;159m.[0m
[38;5;159m[Genesis] [09:34:37] [INFO] Adding [38;5;121m<gs.RigidEntity>[0m[38;5;159m. idx: [38;5;121m5[0m[38;5;159m, uid: [38;5;121m[3m<823e223>[0m[38;5;159m, morph: [38;5;121m<gs.morphs.Box>[0m[38;5;159m, material: [38;5;121m<gs.materials.Rigid>[0m[38;5;159m.[0m
[38;5;159m[Genesis] [09:34:37] [INFO] Adding [38;5;121m<gs.RigidEntity>[0m[38;5;159m. idx: [38;5;121m6[0m[38;5;159m, uid: [38;5;121m[3m<729ef38>[0m[38;5;159m, morph: [38;5;121m<gs.morphs.Box>[0m[38;5;159m, material: [38;5;121m<gs.materials.Rigid>[0m[38;5;159m.[0m
[38;5;159m[Genesis] [09:34:37] [INFO] Adding [38;5;121m<gs.RigidEntity>[0m[38;5;159m. idx: [38;5;121m7[0m[38;5;159m, uid: [38;5;121m[3m<acd07d9>[0m[38;5;159m, morph: [38;5;121m<gs.morphs.Box>[0m[38;5;159m, material: [38;5;121m<gs.materials.Rigid>[0m[38;5;159m.[0m
[38;5;159m[Genesis] [09:34:37] [INFO] Adding [38;5;121m<gs.RigidEntity>[0m[38;5;159m. idx: [38;5;121m8[0m[38;5;159m, uid: [38;5;121m[3m<0f95564>[0m[38;5;159m, morph: [38;5;121m<gs.morphs.Box>[0m[38;5;159m, material: [38;5;121m<gs.materials.Rigid>[0m[38;5;159m.[0m
[38;5;159m[Genesis] [09:34:37] [INFO] Adding [38;5;121m<gs.RigidEntity>[0m[38;5;159m. idx: [38;5;121m9[0m[38;5;159m, uid: [38;5;121m[3m<143d733>[0m[38;5;159m, morph: [38;5;121m<gs.morphs.Box>[0m[38;5;159m, material: [38;5;121m<gs.materials.Rigid>[0m[38;5;159m.[0m
[38;5;159m[Genesis] [09:34:37] [INFO] Adding [38;5;121m<gs.RigidEntity>[0m[38;5;159m. idx: [38;5;121m10[0m[38;5;159m, uid: [38;5;121m[3m<6ca5ca0>[0m[38;5;159m, morph: [38;5;121m<gs.morphs.Box>[0m[38;5;159m, material: [38;5;121m<gs.materials.Rigid>[0m[38;5;159m.[0m
[38;5;159m[Genesis] [09:34:37] [INFO] Adding [38;5;121m<gs.RigidEntity>[0m[38;5;159m. idx: [38;5;121m11[0m[38;5;159m, uid: [38;5;121m[3m<770511b>[0m[38;5;159m, morph: [38;5;121m<gs.morphs.Box>[0m[38;5;159m, material: [38;5;121m<gs.materials.Rigid>[0m[38;5;159m.[0m
[38;5;159m[Genesis] [09:34:37] [INFO] Adding [38;5;121m<gs.RigidEntity>[0m[38;5;159m. idx: [38;5;121m12[0m[38;5;159m, uid: [38;5;121m[3m<66b10f3>[0m[38;5;159m, morph: [38;5;121m<gs.morphs.Mesh(file='/mnt4/gck/maniladder/maniladder/assets/meshes/deformable/toy_box/cone.obj')>[0m[38;5;159m, material: [38;5;121m<gs.materials.Rigid>[0m[38;5;159m.[0m
[38;5;159m[Genesis] [09:34:37] [INFO] Preprocessing geom idx [38;5;121m[4m88[0m[38;5;159m.[0m
[38;5;159m[Genesis] [09:34:38] [INFO] Adding [38;5;121m<gs.RigidEntity>[0m[38;5;159m. idx: [38;5;121m13[0m[38;5;159m, uid: [38;5;121m[3m<245c31c>[0m[38;5;159m, morph: [38;5;121m<gs.morphs.Mesh(file='/mnt4/gck/maniladder/maniladder/assets/meshes/deformable/toy_box/star.obj')>[0m[38;5;159m, material: [38;5;121m<gs.materials.Rigid>[0m[38;5;159m.[0m
[38;5;159m[Genesis] [09:34:38] [INFO] Convex hull is not accurate enough for collision detection (0.798). Falling back to more expensive convex decomposition (see FileMorph options).[0m
[38;5;159m[Genesis] [09:34:38] [INFO] Preprocessing geom idx [38;5;121m[4m89[0m[38;5;159m.[0m
[38;5;159m[Genesis] [09:34:38] [INFO] Preprocessing geom idx [38;5;121m[4m90[0m[38;5;159m.[0m
[38;5;159m[Genesis] [09:34:38] [INFO] Preprocessing geom idx [38;5;121m[4m91[0m[38;5;159m.[0m
[38;5;159m[Genesis] [09:34:38] [INFO] Preprocessing geom idx [38;5;121m[4m92[0m[38;5;159m.[0m
[38;5;159m[Genesis] [09:34:38] [INFO] Adding [38;5;121m<gs.RigidEntity>[0m[38;5;159m. idx: [38;5;121m14[0m[38;5;159m, uid: [38;5;121m[3m<c9e9565>[0m[38;5;159m, morph: [38;5;121m<gs.morphs.Mesh(file='/mnt4/gck/maniladder/maniladder/assets/meshes/deformable/toy_box/heart.obj')>[0m[38;5;159m, material: [38;5;121m<gs.materials.Rigid>[0m[38;5;159m.[0m
[38;5;159m[Genesis] [09:34:38] [INFO] Preprocessing geom idx [38;5;121m[4m93[0m[38;5;159m.[0m
[38;5;159m[Genesis] [09:34:38] [INFO] Adding [38;5;121m<gs.RigidEntity>[0m[38;5;159m. idx: [38;5;121m15[0m[38;5;159m, uid: [38;5;121m[3m<7ce289a>[0m[38;5;159m, morph: [38;5;121m<gs.morphs.Mesh(file='/mnt4/gck/maniladder/maniladder/assets/meshes/deformable/toy_box/cylinder.obj')>[0m[38;5;159m, material: [38;5;121m<gs.materials.Rigid>[0m[38;5;159m.[0m
[38;5;159m[Genesis] [09:34:38] [INFO] Preprocessing geom idx [38;5;121m[4m94[0m[38;5;159m.[0m
[38;5;159m[Genesis] [09:34:39] [INFO] Adding [38;5;121m<gs.MPMEntity>[0m[38;5;159m. idx: [38;5;121m16[0m[38;5;159m, uid: [38;5;121m[3m<5ab9fe1>[0m[38;5;159m, morph: [38;5;121m<gs.morphs.Mesh(file='/mnt4/gck/maniladder/maniladder/assets/meshes/deformable/toy_box/cyl.obj')>[0m[38;5;159m, material: [38;5;121m<gs.materials.MPM.Elastic>[0m[38;5;159m.[0m
[38;5;159m[Genesis] [09:34:39] [INFO] Sampling particles with [38;5;121mpbs-32[0m[38;5;159m sampler and generating `.ptc` file:[0m
[38;5;159m[Genesis] [09:34:47] [INFO] Sampled [38;5;121m[4m1,104[0m[38;5;159m particles.[0m
[38;5;159m[Genesis] [09:34:47] [INFO] Building scene [38;5;121m[3m<98fc353>[0m[38;5;159m...[0m
[38;5;226m[Genesis] [09:34:50] [WARNING] Reference robot position exceeds joint limits.[0m
[38;5;226m[Genesis] [09:34:52] [WARNING] max_collision_pairs 300 is smaller than the theoretical maximal possible pairs 3900, it uses less memory but might lead to missing some collision pairs if there are too many collision pairs[0m
[38;5;226m[Genesis] [09:35:00] [WARNING] Kernel compilation takes longer when running MPM solver in CPIC mode. Please be patient.[0m
[38;5;226m[Genesis] [09:35:01] [WARNING] Current `substep_dt` (0.002) is greater than suggested_dt (0.0003125, calculated based on `grid_density`). Simulation might be unstable.[0m
[38;5;159m[Genesis] [09:35:02] [INFO] Compiling simulation kernels...[0m
[38;5;159m[Genesis] [09:36:31] [INFO] Building visualizer...[0m
  [ep 0/1, attempt 12] step 1/300  terminated=False  truncated=False
  [ep 0/1, attempt 12] step 101/300  terminated=False  truncated=False
  [ep 0/1, attempt 12] step 201/300  terminated=False  truncated=False
  [ep 0/1, attempt 12] step 300/300  terminated=False  truncated=True
  [WARNING] Episode 0 attempt 12 truncated without success. Discarding and retrying...
  [Success Rate] overall: 0.0% (0/12) | moving avg (last 12): 0.0%
[38;5;159m[Genesis] [09:38:51] [INFO] Scene [38;5;121m[3m<567e62d>[0m[38;5;159m created.[0m
[38;5;159m[Genesis] [09:38:51] [INFO] Adding [38;5;121m<gs.RigidEntity>[0m[38;5;159m. idx: [38;5;121m0[0m[38;5;159m, uid: [38;5;121m[3m<79fe796>[0m[38;5;159m, morph: [38;5;121m<gs.morphs.URDF(file='/mnt4/gck/maniladder/maniladder/assets/urdf/panda_leaphand/panda_leaphand.urdf')>[0m[38;5;159m, material: [38;5;121m<gs.materials.Rigid>[0m[38;5;159m.[0m
[38;5;159m[Genesis] [09:38:54] [INFO] Applying offset to base link's pose with user provided value in morph.[0m
[38;5;159m[Genesis] [09:38:55] [INFO] Adding [38;5;121m<gs.RigidEntity>[0m[38;5;159m. idx: [38;5;121m1[0m[38;5;159m, uid: [38;5;121m[3m<03f1334>[0m[38;5;159m, morph: [38;5;121m<gs.morphs.Mesh(file='/mnt4/gck/maniladder/maniladder/assets/models/table.glb')>[0m[38;5;159m, material: [38;5;121m<gs.materials.Rigid>[0m[38;5;159m.[0m
[38;5;226m[Genesis] [09:38:55] [WARNING] GLTF is using y-up while Genesis uses z-up. Please set parse_glb_with_zup=True in morph options if you find the mesh is 90-degree rotated. We will set parse_glb_with_zup=True and rotate glb mesh by default later and gradually enforce this option.[0m
/data/gck/miniconda3/envs/maniladder/lib/python3.10/site-packages/pygltflib/__init__.py:830: UserWarning: pygltflib currently does not remove image data from the buffer when converting to data uri.Please open an issue at https://gitlab.com/dodgyville/pygltflib/issues
  warnings.warn("pygltflib currently does not remove image data "
[38;5;159m[Genesis] [09:38:55] [INFO] Adding [38;5;121m<gs.RigidEntity>[0m[38;5;159m. idx: [38;5;121m2[0m[38;5;159m, uid: [38;5;121m[3m<d5b06d3>[0m[38;5;159m, morph: [38;5;121m<gs.morphs.Box>[0m[38;5;159m, material: [38;5;121m<gs.materials.Rigid>[0m[38;5;159m.[0m
[38;5;159m[Genesis] [09:38:55] [INFO] Adding [38;5;121m<gs.RigidEntity>[0m[38;5;159m. idx: [38;5;121m3[0m[38;5;159m, uid: [38;5;121m[3m<2826c45>[0m[38;5;159m, morph: [38;5;121m<gs.morphs.Plane>[0m[38;5;159m, material: [38;5;121m<gs.materials.Rigid>[0m[38;5;159m.[0m
[38;5;159m[Genesis] [09:38:55] [INFO] Adding [38;5;121m<gs.RigidEntity>[0m[38;5;159m. idx: [38;5;121m4[0m[38;5;159m, uid: [38;5;121m[3m<55d911e>[0m[38;5;159m, morph: [38;5;121m<gs.morphs.Box>[0m[38;5;159m, material: [38;5;121m<gs.materials.Rigid>[0m[38;5;159m.[0m
[38;5;159m[Genesis] [09:38:55] [INFO] Adding [38;5;121m<gs.RigidEntity>[0m[38;5;159m. idx: [38;5;121m5[0m[38;5;159m, uid: [38;5;121m[3m<881a5e3>[0m[38;5;159m, morph: [38;5;121m<gs.morphs.Box>[0m[38;5;159m, material: [38;5;121m<gs.materials.Rigid>[0m[38;5;159m.[0m
[38;5;159m[Genesis] [09:38:55] [INFO] Adding [38;5;121m<gs.RigidEntity>[0m[38;5;159m. idx: [38;5;121m6[0m[38;5;159m, uid: [38;5;121m[3m<1315409>[0m[38;5;159m, morph: [38;5;121m<gs.morphs.Box>[0m[38;5;159m, material: [38;5;121m<gs.materials.Rigid>[0m[38;5;159m.[0m
[38;5;159m[Genesis] [09:38:55] [INFO] Adding [38;5;121m<gs.RigidEntity>[0m[38;5;159m. idx: [38;5;121m7[0m[38;5;159m, uid: [38;5;121m[3m<afe2598>[0m[38;5;159m, morph: [38;5;121m<gs.morphs.Box>[0m[38;5;159m, material: [38;5;121m<gs.materials.Rigid>[0m[38;5;159m.[0m
[38;5;159m[Genesis] [09:38:56] [INFO] Adding [38;5;121m<gs.RigidEntity>[0m[38;5;159m. idx: [38;5;121m8[0m[38;5;159m, uid: [38;5;121m[3m<5195a4a>[0m[38;5;159m, morph: [38;5;121m<gs.morphs.Box>[0m[38;5;159m, material: [38;5;121m<gs.materials.Rigid>[0m[38;5;159m.[0m
[38;5;159m[Genesis] [09:38:56] [INFO] Adding [38;5;121m<gs.RigidEntity>[0m[38;5;159m. idx: [38;5;121m9[0m[38;5;159m, uid: [38;5;121m[3m<dba2235>[0m[38;5;159m, morph: [38;5;121m<gs.morphs.Box>[0m[38;5;159m, material: [38;5;121m<gs.materials.Rigid>[0m[38;5;159m.[0m
[38;5;159m[Genesis] [09:38:56] [INFO] Adding [38;5;121m<gs.RigidEntity>[0m[38;5;159m. idx: [38;5;121m10[0m[38;5;159m, uid: [38;5;121m[3m<539d278>[0m[38;5;159m, morph: [38;5;121m<gs.morphs.Box>[0m[38;5;159m, material: [38;5;121m<gs.materials.Rigid>[0m[38;5;159m.[0m
[38;5;159m[Genesis] [09:38:56] [INFO] Adding [38;5;121m<gs.RigidEntity>[0m[38;5;159m. idx: [38;5;121m11[0m[38;5;159m, uid: [38;5;121m[3m<62ce98f>[0m[38;5;159m, morph: [38;5;121m<gs.morphs.Box>[0m[38;5;159m, material: [38;5;121m<gs.materials.Rigid>[0m[38;5;159m.[0m
[38;5;159m[Genesis] [09:38:56] [INFO] Adding [38;5;121m<gs.RigidEntity>[0m[38;5;159m. idx: [38;5;121m12[0m[38;5;159m, uid: [38;5;121m[3m<daaa01a>[0m[38;5;159m, morph: [38;5;121m<gs.morphs.Mesh(file='/mnt4/gck/maniladder/maniladder/assets/meshes/deformable/toy_box/cyl.obj')>[0m[38;5;159m, material: [38;5;121m<gs.materials.Rigid>[0m[38;5;159m.[0m
[38;5;159m[Genesis] [09:38:56] [INFO] Preprocessing geom idx [38;5;121m[4m88[0m[38;5;159m.[0m
[38;5;159m[Genesis] [09:38:56] [INFO] Adding [38;5;121m<gs.RigidEntity>[0m[38;5;159m. idx: [38;5;121m13[0m[38;5;159m, uid: [38;5;121m[3m<0f74759>[0m[38;5;159m, morph: [38;5;121m<gs.morphs.Mesh(file='/mnt4/gck/maniladder/maniladder/assets/meshes/deformable/toy_box/cone.obj')>[0m[38;5;159m, material: [38;5;121m<gs.materials.Rigid>[0m[38;5;159m.[0m
[38;5;159m[Genesis] [09:38:56] [INFO] Preprocessing geom idx [38;5;121m[4m89[0m[38;5;159m.[0m
[38;5;159m[Genesis] [09:38:56] [INFO] Adding [38;5;121m<gs.RigidEntity>[0m[38;5;159m. idx: [38;5;121m14[0m[38;5;159m, uid: [38;5;121m[3m<318138b>[0m[38;5;159m, morph: [38;5;121m<gs.morphs.Mesh(file='/mnt4/gck/maniladder/maniladder/assets/meshes/deformable/toy_box/star.obj')>[0m[38;5;159m, material: [38;5;121m<gs.materials.Rigid>[0m[38;5;159m.[0m
[38;5;159m[Genesis] [09:38:56] [INFO] Convex hull is not accurate enough for collision detection (0.798). Falling back to more expensive convex decomposition (see FileMorph options).[0m
[38;5;159m[Genesis] [09:38:56] [INFO] Preprocessing geom idx [38;5;121m[4m90[0m[38;5;159m.[0m
[38;5;159m[Genesis] [09:38:56] [INFO] Preprocessing geom idx [38;5;121m[4m91[0m[38;5;159m.[0m
[38;5;159m[Genesis] [09:38:56] [INFO] Preprocessing geom idx [38;5;121m[4m92[0m[38;5;159m.[0m
[38;5;159m[Genesis] [09:38:56] [INFO] Preprocessing geom idx [38;5;121m[4m93[0m[38;5;159m.[0m
[38;5;159m[Genesis] [09:38:56] [INFO] Adding [38;5;121m<gs.MPMEntity>[0m[38;5;159m. idx: [38;5;121m15[0m[38;5;159m, uid: [38;5;121m[3m<5ee59e2>[0m[38;5;159m, morph: [38;5;121m<gs.morphs.Mesh(file='/mnt4/gck/maniladder/maniladder/assets/meshes/deformable/toy_box/cylinder.obj')>[0m[38;5;159m, material: [38;5;121m<gs.materials.MPM.Elastic>[0m[38;5;159m.[0m
[38;5;159m[Genesis] [09:38:56] [INFO] Sampling particles with [38;5;121mpbs-32[0m[38;5;159m sampler and generating `.ptc` file:[0m
[38;5;159m[Genesis] [09:39:04] [INFO] Sampled [38;5;121m[4m850[0m[38;5;159m particles.[0m
[38;5;159m[Genesis] [09:39:04] [INFO] Adding [38;5;121m<gs.RigidEntity>[0m[38;5;159m. idx: [38;5;121m16[0m[38;5;159m, uid: [38;5;121m[3m<1afff3c>[0m[38;5;159m, morph: [38;5;121m<gs.morphs.Mesh(file='/mnt4/gck/maniladder/maniladder/assets/meshes/deformable/toy_box/moon.obj')>[0m[38;5;159m, material: [38;5;121m<gs.materials.Rigid>[0m[38;5;159m.[0m
[38;5;159m[Genesis] [09:39:04] [INFO] Convex hull is not accurate enough for collision detection (1.087). Falling back to more expensive convex decomposition (see FileMorph options).[0m
[38;5;159m[Genesis] [09:39:04] [INFO] Preprocessing geom idx [38;5;121m[4m94[0m[38;5;159m.[0m
[38;5;159m[Genesis] [09:39:05] [INFO] Preprocessing geom idx [38;5;121m[4m95[0m[38;5;159m.[0m
[38;5;159m[Genesis] [09:39:05] [INFO] Preprocessing geom idx [38;5;121m[4m96[0m[38;5;159m.[0m
[38;5;159m[Genesis] [09:39:05] [INFO] Preprocessing geom idx [38;5;121m[4m97[0m[38;5;159m.[0m
[38;5;159m[Genesis] [09:39:05] [INFO] Building scene [38;5;121m[3m<567e62d>[0m[38;5;159m...[0m
[38;5;226m[Genesis] [09:39:08] [WARNING] Reference robot position exceeds joint limits.[0m
[38;5;226m[Genesis] [09:39:10] [WARNING] max_collision_pairs 300 is smaller than the theoretical maximal possible pairs 4182, it uses less memory but might lead to missing some collision pairs if there are too many collision pairs[0m
[38;5;226m[Genesis] [09:39:18] [WARNING] Kernel compilation takes longer when running MPM solver in CPIC mode. Please be patient.[0m
[38;5;226m[Genesis] [09:39:19] [WARNING] Current `substep_dt` (0.002) is greater than suggested_dt (0.0003125, calculated based on `grid_density`). Simulation might be unstable.[0m
[38;5;159m[Genesis] [09:39:20] [INFO] Compiling simulation kernels...[0m
[38;5;159m[Genesis] [09:40:46] [INFO] Building visualizer...[0m
  [ep 0/1, attempt 13] step 1/300  terminated=False  truncated=False
  [ep 0/1, attempt 13] step 101/300  terminated=False  truncated=False
  [ep 0/1, attempt 13] step 201/300  terminated=False  truncated=False
  [ep 0/1, attempt 13] step 300/300  terminated=False  truncated=True
  [WARNING] Episode 0 attempt 13 truncated without success. Discarding and retrying...
  [Success Rate] overall: 0.0% (0/13) | moving avg (last 13): 0.0%
[38;5;159m[Genesis] [09:43:01] [INFO] Scene [38;5;121m[3m<cc71290>[0m[38;5;159m created.[0m
[38;5;159m[Genesis] [09:43:01] [INFO] Adding [38;5;121m<gs.RigidEntity>[0m[38;5;159m. idx: [38;5;121m0[0m[38;5;159m, uid: [38;5;121m[3m<39d1416>[0m[38;5;159m, morph: [38;5;121m<gs.morphs.URDF(file='/mnt4/gck/maniladder/maniladder/assets/urdf/panda_leaphand/panda_leaphand.urdf')>[0m[38;5;159m, material: [38;5;121m<gs.materials.Rigid>[0m[38;5;159m.[0m
[38;5;159m[Genesis] [09:43:04] [INFO] Applying offset to base link's pose with user provided value in morph.[0m
[38;5;159m[Genesis] [09:43:05] [INFO] Adding [38;5;121m<gs.RigidEntity>[0m[38;5;159m. idx: [38;5;121m1[0m[38;5;159m, uid: [38;5;121m[3m<6940e1c>[0m[38;5;159m, morph: [38;5;121m<gs.morphs.Mesh(file='/mnt4/gck/maniladder/maniladder/assets/models/table.glb')>[0m[38;5;159m, material: [38;5;121m<gs.materials.Rigid>[0m[38;5;159m.[0m
[38;5;226m[Genesis] [09:43:05] [WARNING] GLTF is using y-up while Genesis uses z-up. Please set parse_glb_with_zup=True in morph options if you find the mesh is 90-degree rotated. We will set parse_glb_with_zup=True and rotate glb mesh by default later and gradually enforce this option.[0m
/data/gck/miniconda3/envs/maniladder/lib/python3.10/site-packages/pygltflib/__init__.py:830: UserWarning: pygltflib currently does not remove image data from the buffer when converting to data uri.Please open an issue at https://gitlab.com/dodgyville/pygltflib/issues
  warnings.warn("pygltflib currently does not remove image data "
[38;5;159m[Genesis] [09:43:06] [INFO] Adding [38;5;121m<gs.RigidEntity>[0m[38;5;159m. idx: [38;5;121m2[0m[38;5;159m, uid: [38;5;121m[3m<6757df6>[0m[38;5;159m, morph: [38;5;121m<gs.morphs.Box>[0m[38;5;159m, material: [38;5;121m<gs.materials.Rigid>[0m[38;5;159m.[0m
[38;5;159m[Genesis] [09:43:06] [INFO] Adding [38;5;121m<gs.RigidEntity>[0m[38;5;159m. idx: [38;5;121m3[0m[38;5;159m, uid: [38;5;121m[3m<1a8a376>[0m[38;5;159m, morph: [38;5;121m<gs.morphs.Plane>[0m[38;5;159m, material: [38;5;121m<gs.materials.Rigid>[0m[38;5;159m.[0m
[38;5;159m[Genesis] [09:43:06] [INFO] Adding [38;5;121m<gs.RigidEntity>[0m[38;5;159m. idx: [38;5;121m4[0m[38;5;159m, uid: [38;5;121m[3m<b0fc90e>[0m[38;5;159m, morph: [38;5;121m<gs.morphs.Box>[0m[38;5;159m, material: [38;5;121m<gs.materials.Rigid>[0m[38;5;159m.[0m
[38;5;159m[Genesis] [09:43:06] [INFO] Adding [38;5;121m<gs.RigidEntity>[0m[38;5;159m. idx: [38;5;121m5[0m[38;5;159m, uid: [38;5;121m[3m<67e017b>[0m[38;5;159m, morph: [38;5;121m<gs.morphs.Box>[0m[38;5;159m, material: [38;5;121m<gs.materials.Rigid>[0m[38;5;159m.[0m
[38;5;159m[Genesis] [09:43:06] [INFO] Adding [38;5;121m<gs.RigidEntity>[0m[38;5;159m. idx: [38;5;121m6[0m[38;5;159m, uid: [38;5;121m[3m<ab6c6c5>[0m[38;5;159m, morph: [38;5;121m<gs.morphs.Box>[0m[38;5;159m, material: [38;5;121m<gs.materials.Rigid>[0m[38;5;159m.[0m
[38;5;159m[Genesis] [09:43:06] [INFO] Adding [38;5;121m<gs.RigidEntity>[0m[38;5;159m. idx: [38;5;121m7[0m[38;5;159m, uid: [38;5;121m[3m<8637211>[0m[38;5;159m, morph: [38;5;121m<gs.morphs.Box>[0m[38;5;159m, material: [38;5;121m<gs.materials.Rigid>[0m[38;5;159m.[0m
[38;5;159m[Genesis] [09:43:06] [INFO] Adding [38;5;121m<gs.RigidEntity>[0m[38;5;159m. idx: [38;5;121m8[0m[38;5;159m, uid: [38;5;121m[3m<6e88f4a>[0m[38;5;159m, morph: [38;5;121m<gs.morphs.Box>[0m[38;5;159m, material: [38;5;121m<gs.materials.Rigid>[0m[38;5;159m.[0m
[38;5;159m[Genesis] [09:43:06] [INFO] Adding [38;5;121m<gs.RigidEntity>[0m[38;5;159m. idx: [38;5;121m9[0m[38;5;159m, uid: [38;5;121m[3m<079a694>[0m[38;5;159m, morph: [38;5;121m<gs.morphs.Box>[0m[38;5;159m, material: [38;5;121m<gs.materials.Rigid>[0m[38;5;159m.[0m
[38;5;159m[Genesis] [09:43:06] [INFO] Adding [38;5;121m<gs.RigidEntity>[0m[38;5;159m. idx: [38;5;121m10[0m[38;5;159m, uid: [38;5;121m[3m<e9104c9>[0m[38;5;159m, morph: [38;5;121m<gs.morphs.Box>[0m[38;5;159m, material: [38;5;121m<gs.materials.Rigid>[0m[38;5;159m.[0m
[38;5;159m[Genesis] [09:43:06] [INFO] Adding [38;5;121m<gs.RigidEntity>[0m[38;5;159m. idx: [38;5;121m11[0m[38;5;159m, uid: [38;5;121m[3m<2576bf6>[0m[38;5;159m, morph: [38;5;121m<gs.morphs.Box>[0m[38;5;159m, material: [38;5;121m<gs.materials.Rigid>[0m[38;5;159m.[0m
[38;5;159m[Genesis] [09:43:06] [INFO] Adding [38;5;121m<gs.RigidEntity>[0m[38;5;159m. idx: [38;5;121m12[0m[38;5;159m, uid: [38;5;121m[3m<60d053e>[0m[38;5;159m, morph: [38;5;121m<gs.morphs.Mesh(file='/mnt4/gck/maniladder/maniladder/assets/meshes/deformable/toy_box/moon.obj')>[0m[38;5;159m, material: [38;5;121m<gs.materials.Rigid>[0m[38;5;159m.[0m
[38;5;159m[Genesis] [09:43:06] [INFO] Convex hull is not accurate enough for collision detection (1.087). Falling back to more expensive convex decomposition (see FileMorph options).[0m
[38;5;159m[Genesis] [09:43:06] [INFO] Preprocessing geom idx [38;5;121m[4m88[0m[38;5;159m.[0m
[38;5;159m[Genesis] [09:43:06] [INFO] Preprocessing geom idx [38;5;121m[4m89[0m[38;5;159m.[0m
[38;5;159m[Genesis] [09:43:06] [INFO] Preprocessing geom idx [38;5;121m[4m90[0m[38;5;159m.[0m
[38;5;159m[Genesis] [09:43:06] [INFO] Preprocessing geom idx [38;5;121m[4m91[0m[38;5;159m.[0m
[38;5;159m[Genesis] [09:43:06] [INFO] Adding [38;5;121m<gs.RigidEntity>[0m[38;5;159m. idx: [38;5;121m13[0m[38;5;159m, uid: [38;5;121m[3m<7bc093f>[0m[38;5;159m, morph: [38;5;121m<gs.morphs.Mesh(file='/mnt4/gck/maniladder/maniladder/assets/meshes/deformable/toy_box/heart.obj')>[0m[38;5;159m, material: [38;5;121m<gs.materials.Rigid>[0m[38;5;159m.[0m
[38;5;159m[Genesis] [09:43:06] [INFO] Preprocessing geom idx [38;5;121m[4m92[0m[38;5;159m.[0m
[38;5;159m[Genesis] [09:43:07] [INFO] Adding [38;5;121m<gs.RigidEntity>[0m[38;5;159m. idx: [38;5;121m14[0m[38;5;159m, uid: [38;5;121m[3m<d62decc>[0m[38;5;159m, morph: [38;5;121m<gs.morphs.Mesh(file='/mnt4/gck/maniladder/maniladder/assets/meshes/deformable/toy_box/sphere.obj')>[0m[38;5;159m, material: [38;5;121m<gs.materials.Rigid>[0m[38;5;159m.[0m
[38;5;159m[Genesis] [09:43:07] [INFO] Preprocessing geom idx [38;5;121m[4m93[0m[38;5;159m.[0m
[38;5;159m[Genesis] [09:43:07] [INFO] Adding [38;5;121m<gs.RigidEntity>[0m[38;5;159m. idx: [38;5;121m15[0m[38;5;159m, uid: [38;5;121m[3m<587337f>[0m[38;5;159m, morph: [38;5;121m<gs.morphs.Mesh(file='/mnt4/gck/maniladder/maniladder/assets/meshes/deformable/toy_box/cyl.obj')>[0m[38;5;159m, material: [38;5;121m<gs.materials.Rigid>[0m[38;5;159m.[0m
[38;5;159m[Genesis] [09:43:07] [INFO] Preprocessing geom idx [38;5;121m[4m94[0m[38;5;159m.[0m
[38;5;159m[Genesis] [09:43:07] [INFO] Adding [38;5;121m<gs.MPMEntity>[0m[38;5;159m. idx: [38;5;121m16[0m[38;5;159m, uid: [38;5;121m[3m<c94062c>[0m[38;5;159m, morph: [38;5;121m<gs.morphs.Mesh(file='/mnt4/gck/maniladder/maniladder/assets/meshes/deformable/toy_box/cylinder.obj')>[0m[38;5;159m, material: [38;5;121m<gs.materials.MPM.Elastic>[0m[38;5;159m.[0m
[38;5;159m[Genesis] [09:43:07] [INFO] Sampling particles with [38;5;121mpbs-32[0m[38;5;159m sampler and generating `.ptc` file:[0m
[38;5;159m[Genesis] [09:43:16] [INFO] Sampled [38;5;121m[4m449[0m[38;5;159m particles.[0m
[38;5;159m[Genesis] [09:43:16] [INFO] Building scene [38;5;121m[3m<cc71290>[0m[38;5;159m...[0m
[38;5;226m[Genesis] [09:43:19] [WARNING] Reference robot position exceeds joint limits.[0m
[38;5;226m[Genesis] [09:43:21] [WARNING] max_collision_pairs 300 is smaller than the theoretical maximal possible pairs 3900, it uses less memory but might lead to missing some collision pairs if there are too many collision pairs[0m
[38;5;226m[Genesis] [09:43:29] [WARNING] Kernel compilation takes longer when running MPM solver in CPIC mode. Please be patient.[0m
[38;5;226m[Genesis] [09:43:29] [WARNING] Current `substep_dt` (0.002) is greater than suggested_dt (0.0003125, calculated based on `grid_density`). Simulation might be unstable.[0m
[38;5;159m[Genesis] [09:43:30] [INFO] Compiling simulation kernels...[0m
[38;5;159m[Genesis] [09:44:58] [INFO] Building visualizer...[0m
  [ep 0/1, attempt 14] step 1/300  terminated=False  truncated=False
  [ep 0/1, attempt 14] step 101/300  terminated=False  truncated=False
  [ep 0/1, attempt 14] step 201/300  terminated=False  truncated=False
  [ep 0/1, attempt 14] step 300/300  terminated=False  truncated=True
  [WARNING] Episode 0 attempt 14 truncated without success. Discarding and retrying...
  [Success Rate] overall: 0.0% (0/14) | moving avg (last 14): 0.0%
[38;5;159m[Genesis] [09:48:17] [INFO] Scene [38;5;121m[3m<6d1aa3b>[0m[38;5;159m created.[0m
[38;5;159m[Genesis] [09:48:17] [INFO] Adding [38;5;121m<gs.RigidEntity>[0m[38;5;159m. idx: [38;5;121m0[0m[38;5;159m, uid: [38;5;121m[3m<c9ccd57>[0m[38;5;159m, morph: [38;5;121m<gs.morphs.URDF(file='/mnt4/gck/maniladder/maniladder/assets/urdf/panda_leaphand/panda_leaphand.urdf')>[0m[38;5;159m, material: [38;5;121m<gs.materials.Rigid>[0m[38;5;159m.[0m
[38;5;159m[Genesis] [09:48:20] [INFO] Applying offset to base link's pose with user provided value in morph.[0m
[38;5;159m[Genesis] [09:48:21] [INFO] Adding [38;5;121m<gs.RigidEntity>[0m[38;5;159m. idx: [38;5;121m1[0m[38;5;159m, uid: [38;5;121m[3m<3578cb6>[0m[38;5;159m, morph: [38;5;121m<gs.morphs.Mesh(file='/mnt4/gck/maniladder/maniladder/assets/models/table.glb')>[0m[38;5;159m, material: [38;5;121m<gs.materials.Rigid>[0m[38;5;159m.[0m
[38;5;226m[Genesis] [09:48:21] [WARNING] GLTF is using y-up while Genesis uses z-up. Please set parse_glb_with_zup=True in morph options if you find the mesh is 90-degree rotated. We will set parse_glb_with_zup=True and rotate glb mesh by default later and gradually enforce this option.[0m
/data/gck/miniconda3/envs/maniladder/lib/python3.10/site-packages/pygltflib/__init__.py:830: UserWarning: pygltflib currently does not remove image data from the buffer when converting to data uri.Please open an issue at https://gitlab.com/dodgyville/pygltflib/issues
  warnings.warn("pygltflib currently does not remove image data "
[38;5;159m[Genesis] [09:48:22] [INFO] Adding [38;5;121m<gs.RigidEntity>[0m[38;5;159m. idx: [38;5;121m2[0m[38;5;159m, uid: [38;5;121m[3m<cef04a8>[0m[38;5;159m, morph: [38;5;121m<gs.morphs.Box>[0m[38;5;159m, material: [38;5;121m<gs.materials.Rigid>[0m[38;5;159m.[0m
[38;5;159m[Genesis] [09:48:22] [INFO] Adding [38;5;121m<gs.RigidEntity>[0m[38;5;159m. idx: [38;5;121m3[0m[38;5;159m, uid: [38;5;121m[3m<a0fec59>[0m[38;5;159m, morph: [38;5;121m<gs.morphs.Plane>[0m[38;5;159m, material: [38;5;121m<gs.materials.Rigid>[0m[38;5;159m.[0m
[38;5;159m[Genesis] [09:48:22] [INFO] Adding [38;5;121m<gs.RigidEntity>[0m[38;5;159m. idx: [38;5;121m4[0m[38;5;159m, uid: [38;5;121m[3m<78e99fc>[0m[38;5;159m, morph: [38;5;121m<gs.morphs.Box>[0m[38;5;159m, material: [38;5;121m<gs.materials.Rigid>[0m[38;5;159m.[0m
[38;5;159m[Genesis] [09:48:22] [INFO] Adding [38;5;121m<gs.RigidEntity>[0m[38;5;159m. idx: [38;5;121m5[0m[38;5;159m, uid: [38;5;121m[3m<47a0597>[0m[38;5;159m, morph: [38;5;121m<gs.morphs.Box>[0m[38;5;159m, material: [38;5;121m<gs.materials.Rigid>[0m[38;5;159m.[0m
[38;5;159m[Genesis] [09:48:22] [INFO] Adding [38;5;121m<gs.RigidEntity>[0m[38;5;159m. idx: [38;5;121m6[0m[38;5;159m, uid: [38;5;121m[3m<5414902>[0m[38;5;159m, morph: [38;5;121m<gs.morphs.Box>[0m[38;5;159m, material: [38;5;121m<gs.materials.Rigid>[0m[38;5;159m.[0m
[38;5;159m[Genesis] [09:48:22] [INFO] Adding [38;5;121m<gs.RigidEntity>[0m[38;5;159m. idx: [38;5;121m7[0m[38;5;159m, uid: [38;5;121m[3m<1d1c0e7>[0m[38;5;159m, morph: [38;5;121m<gs.morphs.Box>[0m[38;5;159m, material: [38;5;121m<gs.materials.Rigid>[0m[38;5;159m.[0m
[38;5;159m[Genesis] [09:48:22] [INFO] Adding [38;5;121m<gs.RigidEntity>[0m[38;5;159m. idx: [38;5;121m8[0m[38;5;159m, uid: [38;5;121m[3m<eda5a25>[0m[38;5;159m, morph: [38;5;121m<gs.morphs.Box>[0m[38;5;159m, material: [38;5;121m<gs.materials.Rigid>[0m[38;5;159m.[0m
[38;5;159m[Genesis] [09:48:22] [INFO] Adding [38;5;121m<gs.RigidEntity>[0m[38;5;159m. idx: [38;5;121m9[0m[38;5;159m, uid: [38;5;121m[3m<9a87aae>[0m[38;5;159m, morph: [38;5;121m<gs.morphs.Box>[0m[38;5;159m, material: [38;5;121m<gs.materials.Rigid>[0m[38;5;159m.[0m
[38;5;159m[Genesis] [09:48:22] [INFO] Adding [38;5;121m<gs.RigidEntity>[0m[38;5;159m. idx: [38;5;121m10[0m[38;5;159m, uid: [38;5;121m[3m<a8618a5>[0m[38;5;159m, morph: [38;5;121m<gs.morphs.Box>[0m[38;5;159m, material: [38;5;121m<gs.materials.Rigid>[0m[38;5;159m.[0m
[38;5;159m[Genesis] [09:48:22] [INFO] Adding [38;5;121m<gs.RigidEntity>[0m[38;5;159m. idx: [38;5;121m11[0m[38;5;159m, uid: [38;5;121m[3m<1c44a66>[0m[38;5;159m, morph: [38;5;121m<gs.morphs.Box>[0m[38;5;159m, material: [38;5;121m<gs.materials.Rigid>[0m[38;5;159m.[0m
[38;5;159m[Genesis] [09:48:22] [INFO] Adding [38;5;121m<gs.RigidEntity>[0m[38;5;159m. idx: [38;5;121m12[0m[38;5;159m, uid: [38;5;121m[3m<3c4dc91>[0m[38;5;159m, morph: [38;5;121m<gs.morphs.Mesh(file='/mnt4/gck/maniladder/maniladder/assets/meshes/deformable/toy_box/heart.obj')>[0m[38;5;159m, material: [38;5;121m<gs.materials.Rigid>[0m[38;5;159m.[0m
[38;5;159m[Genesis] [09:48:22] [INFO] Preprocessing geom idx [38;5;121m[4m88[0m[38;5;159m.[0m
[38;5;159m[Genesis] [09:48:22] [INFO] Adding [38;5;121m<gs.RigidEntity>[0m[38;5;159m. idx: [38;5;121m13[0m[38;5;159m, uid: [38;5;121m[3m<270e048>[0m[38;5;159m, morph: [38;5;121m<gs.morphs.Mesh(file='/mnt4/gck/maniladder/maniladder/assets/meshes/deformable/toy_box/cyl.obj')>[0m[38;5;159m, material: [38;5;121m<gs.materials.Rigid>[0m[38;5;159m.[0m
[38;5;159m[Genesis] [09:48:22] [INFO] Preprocessing geom idx [38;5;121m[4m89[0m[38;5;159m.[0m
[38;5;159m[Genesis] [09:48:22] [INFO] Adding [38;5;121m<gs.RigidEntity>[0m[38;5;159m. idx: [38;5;121m14[0m[38;5;159m, uid: [38;5;121m[3m<31d8f51>[0m[38;5;159m, morph: [38;5;121m<gs.morphs.Mesh(file='/mnt4/gck/maniladder/maniladder/assets/meshes/deformable/toy_box/moon.obj')>[0m[38;5;159m, material: [38;5;121m<gs.materials.Rigid>[0m[38;5;159m.[0m
[38;5;159m[Genesis] [09:48:22] [INFO] Convex hull is not accurate enough for collision detection (1.087). Falling back to more expensive convex decomposition (see FileMorph options).[0m
[38;5;159m[Genesis] [09:48:22] [INFO] Preprocessing geom idx [38;5;121m[4m90[0m[38;5;159m.[0m
[38;5;159m[Genesis] [09:48:22] [INFO] Preprocessing geom idx [38;5;121m[4m91[0m[38;5;159m.[0m
[38;5;159m[Genesis] [09:48:23] [INFO] Preprocessing geom idx [38;5;121m[4m92[0m[38;5;159m.[0m
[38;5;159m[Genesis] [09:48:23] [INFO] Preprocessing geom idx [38;5;121m[4m93[0m[38;5;159m.[0m
[38;5;159m[Genesis] [09:48:23] [INFO] Adding [38;5;121m<gs.MPMEntity>[0m[38;5;159m. idx: [38;5;121m15[0m[38;5;159m, uid: [38;5;121m[3m<67fdd29>[0m[38;5;159m, morph: [38;5;121m<gs.morphs.Mesh(file='/mnt4/gck/maniladder/maniladder/assets/meshes/deformable/toy_box/cylinder.obj')>[0m[38;5;159m, material: [38;5;121m<gs.materials.MPM.Elastic>[0m[38;5;159m.[0m
[38;5;159m[Genesis] [09:48:23] [INFO] Sampling particles with [38;5;121mpbs-32[0m[38;5;159m sampler and generating `.ptc` file:[0m
[38;5;159m[Genesis] [09:48:32] [INFO] Sampled [38;5;121m[4m562[0m[38;5;159m particles.[0m
[38;5;159m[Genesis] [09:48:32] [INFO] Adding [38;5;121m<gs.RigidEntity>[0m[38;5;159m. idx: [38;5;121m16[0m[38;5;159m, uid: [38;5;121m[3m<685a9cc>[0m[38;5;159m, morph: [38;5;121m<gs.morphs.Mesh(file='/mnt4/gck/maniladder/maniladder/assets/meshes/deformable/toy_box/star.obj')>[0m[38;5;159m, material: [38;5;121m<gs.materials.Rigid>[0m[38;5;159m.[0m
[38;5;159m[Genesis] [09:48:32] [INFO] Convex hull is not accurate enough for collision detection (0.798). Falling back to more expensive convex decomposition (see FileMorph options).[0m
[38;5;159m[Genesis] [09:48:32] [INFO] Preprocessing geom idx [38;5;121m[4m94[0m[38;5;159m.[0m
[38;5;159m[Genesis] [09:48:32] [INFO] Preprocessing geom idx [38;5;121m[4m95[0m[38;5;159m.[0m
[38;5;159m[Genesis] [09:48:32] [INFO] Preprocessing geom idx [38;5;121m[4m96[0m[38;5;159m.[0m
[38;5;159m[Genesis] [09:48:32] [INFO] Preprocessing geom idx [38;5;121m[4m97[0m[38;5;159m.[0m
[38;5;159m[Genesis] [09:48:32] [INFO] Building scene [38;5;121m[3m<6d1aa3b>[0m[38;5;159m...[0m
[38;5;226m[Genesis] [09:48:35] [WARNING] Reference robot position exceeds joint limits.[0m
[38;5;226m[Genesis] [09:48:37] [WARNING] max_collision_pairs 300 is smaller than the theoretical maximal possible pairs 4182, it uses less memory but might lead to missing some collision pairs if there are too many collision pairs[0m
[38;5;226m[Genesis] [09:48:45] [WARNING] Kernel compilation takes longer when running MPM solver in CPIC mode. Please be patient.[0m
[38;5;226m[Genesis] [09:48:45] [WARNING] Current `substep_dt` (0.002) is greater than suggested_dt (0.0003125, calculated based on `grid_density`). Simulation might be unstable.[0m
[38;5;159m[Genesis] [09:48:46] [INFO] Compiling simulation kernels...[0m
[38;5;159m[Genesis] [09:50:11] [INFO] Building visualizer...[0m
  [ep 0/1, attempt 15] step 1/300  terminated=False  truncated=False
  [ep 0/1, attempt 15] step 101/300  terminated=False  truncated=False
  [ep 0/1, attempt 15] step 201/300  terminated=False  truncated=False
  [ep 0/1, attempt 15] step 300/300  terminated=False  truncated=True
  [WARNING] Episode 0 attempt 15 truncated without success. Discarding and retrying...
  [Success Rate] overall: 0.0% (0/15) | moving avg (last 15): 0.0%
[38;5;159m[Genesis] [09:53:07] [INFO] Scene [38;5;121m[3m<66b1b24>[0m[38;5;159m created.[0m
[38;5;159m[Genesis] [09:53:07] [INFO] Adding [38;5;121m<gs.RigidEntity>[0m[38;5;159m. idx: [38;5;121m0[0m[38;5;159m, uid: [38;5;121m[3m<86e43d0>[0m[38;5;159m, morph: [38;5;121m<gs.morphs.URDF(file='/mnt4/gck/maniladder/maniladder/assets/urdf/panda_leaphand/panda_leaphand.urdf')>[0m[38;5;159m, material: [38;5;121m<gs.materials.Rigid>[0m[38;5;159m.[0m
[38;5;159m[Genesis] [09:53:10] [INFO] Applying offset to base link's pose with user provided value in morph.[0m
[38;5;159m[Genesis] [09:53:12] [INFO] Adding [38;5;121m<gs.RigidEntity>[0m[38;5;159m. idx: [38;5;121m1[0m[38;5;159m, uid: [38;5;121m[3m<7568f72>[0m[38;5;159m, morph: [38;5;121m<gs.morphs.Mesh(file='/mnt4/gck/maniladder/maniladder/assets/models/table.glb')>[0m[38;5;159m, material: [38;5;121m<gs.materials.Rigid>[0m[38;5;159m.[0m
[38;5;226m[Genesis] [09:53:12] [WARNING] GLTF is using y-up while Genesis uses z-up. Please set parse_glb_with_zup=True in morph options if you find the mesh is 90-degree rotated. We will set parse_glb_with_zup=True and rotate glb mesh by default later and gradually enforce this option.[0m
/data/gck/miniconda3/envs/maniladder/lib/python3.10/site-packages/pygltflib/__init__.py:830: UserWarning: pygltflib currently does not remove image data from the buffer when converting to data uri.Please open an issue at https://gitlab.com/dodgyville/pygltflib/issues
  warnings.warn("pygltflib currently does not remove image data "
[38;5;159m[Genesis] [09:53:12] [INFO] Adding [38;5;121m<gs.RigidEntity>[0m[38;5;159m. idx: [38;5;121m2[0m[38;5;159m, uid: [38;5;121m[3m<8c52670>[0m[38;5;159m, morph: [38;5;121m<gs.morphs.Box>[0m[38;5;159m, material: [38;5;121m<gs.materials.Rigid>[0m[38;5;159m.[0m
[38;5;159m[Genesis] [09:53:12] [INFO] Adding [38;5;121m<gs.RigidEntity>[0m[38;5;159m. idx: [38;5;121m3[0m[38;5;159m, uid: [38;5;121m[3m<48f68b4>[0m[38;5;159m, morph: [38;5;121m<gs.morphs.Plane>[0m[38;5;159m, material: [38;5;121m<gs.materials.Rigid>[0m[38;5;159m.[0m
[38;5;159m[Genesis] [09:53:12] [INFO] Adding [38;5;121m<gs.RigidEntity>[0m[38;5;159m. idx: [38;5;121m4[0m[38;5;159m, uid: [38;5;121m[3m<48c5fe2>[0m[38;5;159m, morph: [38;5;121m<gs.morphs.Box>[0m[38;5;159m, material: [38;5;121m<gs.materials.Rigid>[0m[38;5;159m.[0m
[38;5;159m[Genesis] [09:53:12] [INFO] Adding [38;5;121m<gs.RigidEntity>[0m[38;5;159m. idx: [38;5;121m5[0m[38;5;159m, uid: [38;5;121m[3m<6f1dda9>[0m[38;5;159m, morph: [38;5;121m<gs.morphs.Box>[0m[38;5;159m, material: [38;5;121m<gs.materials.Rigid>[0m[38;5;159m.[0m
[38;5;159m[Genesis] [09:53:12] [INFO] Adding [38;5;121m<gs.RigidEntity>[0m[38;5;159m. idx: [38;5;121m6[0m[38;5;159m, uid: [38;5;121m[3m<c59cd39>[0m[38;5;159m, morph: [38;5;121m<gs.morphs.Box>[0m[38;5;159m, material: [38;5;121m<gs.materials.Rigid>[0m[38;5;159m.[0m
[38;5;159m[Genesis] [09:53:12] [INFO] Adding [38;5;121m<gs.RigidEntity>[0m[38;5;159m. idx: [38;5;121m7[0m[38;5;159m, uid: [38;5;121m[3m<bf683c2>[0m[38;5;159m, morph: [38;5;121m<gs.morphs.Box>[0m[38;5;159m, material: [38;5;121m<gs.materials.Rigid>[0m[38;5;159m.[0m
[38;5;159m[Genesis] [09:53:12] [INFO] Adding [38;5;121m<gs.RigidEntity>[0m[38;5;159m. idx: [38;5;121m8[0m[38;5;159m, uid: [38;5;121m[3m<cf727c3>[0m[38;5;159m, morph: [38;5;121m<gs.morphs.Box>[0m[38;5;159m, material: [38;5;121m<gs.materials.Rigid>[0m[38;5;159m.[0m
[38;5;159m[Genesis] [09:53:12] [INFO] Adding [38;5;121m<gs.RigidEntity>[0m[38;5;159m. idx: [38;5;121m9[0m[38;5;159m, uid: [38;5;121m[3m<46b0612>[0m[38;5;159m, morph: [38;5;121m<gs.morphs.Box>[0m[38;5;159m, material: [38;5;121m<gs.materials.Rigid>[0m[38;5;159m.[0m
[38;5;159m[Genesis] [09:53:12] [INFO] Adding [38;5;121m<gs.RigidEntity>[0m[38;5;159m. idx: [38;5;121m10[0m[38;5;159m, uid: [38;5;121m[3m<71d6e16>[0m[38;5;159m, morph: [38;5;121m<gs.morphs.Box>[0m[38;5;159m, material: [38;5;121m<gs.materials.Rigid>[0m[38;5;159m.[0m
[38;5;159m[Genesis] [09:53:12] [INFO] Adding [38;5;121m<gs.RigidEntity>[0m[38;5;159m. idx: [38;5;121m11[0m[38;5;159m, uid: [38;5;121m[3m<e203c18>[0m[38;5;159m, morph: [38;5;121m<gs.morphs.Box>[0m[38;5;159m, material: [38;5;121m<gs.materials.Rigid>[0m[38;5;159m.[0m
[38;5;159m[Genesis] [09:53:12] [INFO] Adding [38;5;121m<gs.RigidEntity>[0m[38;5;159m. idx: [38;5;121m12[0m[38;5;159m, uid: [38;5;121m[3m<d127e3e>[0m[38;5;159m, morph: [38;5;121m<gs.morphs.Mesh(file='/mnt4/gck/maniladder/maniladder/assets/meshes/deformable/toy_box/cone.obj')>[0m[38;5;159m, material: [38;5;121m<gs.materials.Rigid>[0m[38;5;159m.[0m
[38;5;159m[Genesis] [09:53:12] [INFO] Preprocessing geom idx [38;5;121m[4m88[0m[38;5;159m.[0m
[38;5;159m[Genesis] [09:53:12] [INFO] Adding [38;5;121m<gs.RigidEntity>[0m[38;5;159m. idx: [38;5;121m13[0m[38;5;159m, uid: [38;5;121m[3m<eb14ff5>[0m[38;5;159m, morph: [38;5;121m<gs.morphs.Mesh(file='/mnt4/gck/maniladder/maniladder/assets/meshes/deformable/toy_box/cylinder.obj')>[0m[38;5;159m, material: [38;5;121m<gs.materials.Rigid>[0m[38;5;159m.[0m
[38;5;159m[Genesis] [09:53:12] [INFO] Preprocessing geom idx [38;5;121m[4m89[0m[38;5;159m.[0m
[38;5;159m[Genesis] [09:53:12] [INFO] Adding [38;5;121m<gs.RigidEntity>[0m[38;5;159m. idx: [38;5;121m14[0m[38;5;159m, uid: [38;5;121m[3m<8985204>[0m[38;5;159m, morph: [38;5;121m<gs.morphs.Mesh(file='/mnt4/gck/maniladder/maniladder/assets/meshes/deformable/toy_box/sphere.obj')>[0m[38;5;159m, material: [38;5;121m<gs.materials.Rigid>[0m[38;5;159m.[0m
[38;5;159m[Genesis] [09:53:12] [INFO] Preprocessing geom idx [38;5;121m[4m90[0m[38;5;159m.[0m
[38;5;159m[Genesis] [09:53:12] [INFO] Adding [38;5;121m<gs.RigidEntity>[0m[38;5;159m. idx: [38;5;121m15[0m[38;5;159m, uid: [38;5;121m[3m<08482a5>[0m[38;5;159m, morph: [38;5;121m<gs.morphs.Mesh(file='/mnt4/gck/maniladder/maniladder/assets/meshes/deformable/toy_box/moon.obj')>[0m[38;5;159m, material: [38;5;121m<gs.materials.Rigid>[0m[38;5;159m.[0m
[38;5;159m[Genesis] [09:53:12] [INFO] Convex hull is not accurate enough for collision detection (1.087). Falling back to more expensive convex decomposition (see FileMorph options).[0m
[38;5;159m[Genesis] [09:53:12] [INFO] Preprocessing geom idx [38;5;121m[4m91[0m[38;5;159m.[0m
[38;5;159m[Genesis] [09:53:12] [INFO] Preprocessing geom idx [38;5;121m[4m92[0m[38;5;159m.[0m
[38;5;159m[Genesis] [09:53:13] [INFO] Preprocessing geom idx [38;5;121m[4m93[0m[38;5;159m.[0m
[38;5;159m[Genesis] [09:53:13] [INFO] Preprocessing geom idx [38;5;121m[4m94[0m[38;5;159m.[0m
[38;5;159m[Genesis] [09:53:13] [INFO] Adding [38;5;121m<gs.MPMEntity>[0m[38;5;159m. idx: [38;5;121m16[0m[38;5;159m, uid: [38;5;121m[3m<0614e97>[0m[38;5;159m, morph: [38;5;121m<gs.morphs.Mesh(file='/mnt4/gck/maniladder/maniladder/assets/meshes/deformable/toy_box/cyl.obj')>[0m[38;5;159m, material: [38;5;121m<gs.materials.MPM.Elastic>[0m[38;5;159m.[0m
[38;5;159m[Genesis] [09:53:13] [INFO] Sampling particles with [38;5;121mpbs-32[0m[38;5;159m sampler and generating `.ptc` file:[0m
[38;5;159m[Genesis] [09:53:21] [INFO] Sampled [38;5;121m[4m1,101[0m[38;5;159m particles.[0m
[38;5;159m[Genesis] [09:53:21] [INFO] Building scene [38;5;121m[3m<66b1b24>[0m[38;5;159m...[0m
[38;5;226m[Genesis] [09:53:25] [WARNING] Reference robot position exceeds joint limits.[0m
[38;5;226m[Genesis] [09:53:27] [WARNING] max_collision_pairs 300 is smaller than the theoretical maximal possible pairs 3900, it uses less memory but might lead to missing some collision pairs if there are too many collision pairs[0m
[38;5;226m[Genesis] [09:53:35] [WARNING] Kernel compilation takes longer when running MPM solver in CPIC mode. Please be patient.[0m
[38;5;226m[Genesis] [09:53:36] [WARNING] Current `substep_dt` (0.002) is greater than suggested_dt (0.0003125, calculated based on `grid_density`). Simulation might be unstable.[0m
[38;5;159m[Genesis] [09:53:37] [INFO] Compiling simulation kernels...[0m
[38;5;159m[Genesis] [09:55:05] [INFO] Building visualizer...[0m
  [ep 0/1, attempt 16] step 1/300  terminated=False  truncated=False
  [ep 0/1, attempt 16] step 101/300  terminated=False  truncated=False
  [ep 0/1, attempt 16] step 201/300  terminated=False  truncated=False
  [ep 0/1, attempt 16] step 300/300  terminated=False  truncated=True
  [WARNING] Episode 0 attempt 16 truncated without success. Discarding and retrying...
  [Success Rate] overall: 0.0% (0/16) | moving avg (last 16): 0.0%
[38;5;159m[Genesis] [09:58:30] [INFO] Scene [38;5;121m[3m<ea2af58>[0m[38;5;159m created.[0m
[38;5;159m[Genesis] [09:58:30] [INFO] Adding [38;5;121m<gs.RigidEntity>[0m[38;5;159m. idx: [38;5;121m0[0m[38;5;159m, uid: [38;5;121m[3m<b8150d6>[0m[38;5;159m, morph: [38;5;121m<gs.morphs.URDF(file='/mnt4/gck/maniladder/maniladder/assets/urdf/panda_leaphand/panda_leaphand.urdf')>[0m[38;5;159m, material: [38;5;121m<gs.materials.Rigid>[0m[38;5;159m.[0m
[38;5;159m[Genesis] [09:58:33] [INFO] Applying offset to base link's pose with user provided value in morph.[0m
[38;5;159m[Genesis] [09:58:34] [INFO] Adding [38;5;121m<gs.RigidEntity>[0m[38;5;159m. idx: [38;5;121m1[0m[38;5;159m, uid: [38;5;121m[3m<630157d>[0m[38;5;159m, morph: [38;5;121m<gs.morphs.Mesh(file='/mnt4/gck/maniladder/maniladder/assets/models/table.glb')>[0m[38;5;159m, material: [38;5;121m<gs.materials.Rigid>[0m[38;5;159m.[0m
[38;5;226m[Genesis] [09:58:34] [WARNING] GLTF is using y-up while Genesis uses z-up. Please set parse_glb_with_zup=True in morph options if you find the mesh is 90-degree rotated. We will set parse_glb_with_zup=True and rotate glb mesh by default later and gradually enforce this option.[0m
/data/gck/miniconda3/envs/maniladder/lib/python3.10/site-packages/pygltflib/__init__.py:830: UserWarning: pygltflib currently does not remove image data from the buffer when converting to data uri.Please open an issue at https://gitlab.com/dodgyville/pygltflib/issues
  warnings.warn("pygltflib currently does not remove image data "
[38;5;159m[Genesis] [09:58:35] [INFO] Adding [38;5;121m<gs.RigidEntity>[0m[38;5;159m. idx: [38;5;121m2[0m[38;5;159m, uid: [38;5;121m[3m<0e020ae>[0m[38;5;159m, morph: [38;5;121m<gs.morphs.Box>[0m[38;5;159m, material: [38;5;121m<gs.materials.Rigid>[0m[38;5;159m.[0m
[38;5;159m[Genesis] [09:58:35] [INFO] Adding [38;5;121m<gs.RigidEntity>[0m[38;5;159m. idx: [38;5;121m3[0m[38;5;159m, uid: [38;5;121m[3m<c19a8db>[0m[38;5;159m, morph: [38;5;121m<gs.morphs.Plane>[0m[38;5;159m, material: [38;5;121m<gs.materials.Rigid>[0m[38;5;159m.[0m
[38;5;159m[Genesis] [09:58:35] [INFO] Adding [38;5;121m<gs.RigidEntity>[0m[38;5;159m. idx: [38;5;121m4[0m[38;5;159m, uid: [38;5;121m[3m<6c2a9b9>[0m[38;5;159m, morph: [38;5;121m<gs.morphs.Box>[0m[38;5;159m, material: [38;5;121m<gs.materials.Rigid>[0m[38;5;159m.[0m
[38;5;159m[Genesis] [09:58:35] [INFO] Adding [38;5;121m<gs.RigidEntity>[0m[38;5;159m. idx: [38;5;121m5[0m[38;5;159m, uid: [38;5;121m[3m<e078b59>[0m[38;5;159m, morph: [38;5;121m<gs.morphs.Box>[0m[38;5;159m, material: [38;5;121m<gs.materials.Rigid>[0m[38;5;159m.[0m
[38;5;159m[Genesis] [09:58:35] [INFO] Adding [38;5;121m<gs.RigidEntity>[0m[38;5;159m. idx: [38;5;121m6[0m[38;5;159m, uid: [38;5;121m[3m<109d778>[0m[38;5;159m, morph: [38;5;121m<gs.morphs.Box>[0m[38;5;159m, material: [38;5;121m<gs.materials.Rigid>[0m[38;5;159m.[0m
[38;5;159m[Genesis] [09:58:35] [INFO] Adding [38;5;121m<gs.RigidEntity>[0m[38;5;159m. idx: [38;5;121m7[0m[38;5;159m, uid: [38;5;121m[3m<35322fe>[0m[38;5;159m, morph: [38;5;121m<gs.morphs.Box>[0m[38;5;159m, material: [38;5;121m<gs.materials.Rigid>[0m[38;5;159m.[0m
[38;5;159m[Genesis] [09:58:35] [INFO] Adding [38;5;121m<gs.RigidEntity>[0m[38;5;159m. idx: [38;5;121m8[0m[38;5;159m, uid: [38;5;121m[3m<c3f60c3>[0m[38;5;159m, morph: [38;5;121m<gs.morphs.Box>[0m[38;5;159m, material: [38;5;121m<gs.materials.Rigid>[0m[38;5;159m.[0m
[38;5;159m[Genesis] [09:58:35] [INFO] Adding [38;5;121m<gs.RigidEntity>[0m[38;5;159m. idx: [38;5;121m9[0m[38;5;159m, uid: [38;5;121m[3m<ee74474>[0m[38;5;159m, morph: [38;5;121m<gs.morphs.Box>[0m[38;5;159m, material: [38;5;121m<gs.materials.Rigid>[0m[38;5;159m.[0m
[38;5;159m[Genesis] [09:58:35] [INFO] Adding [38;5;121m<gs.RigidEntity>[0m[38;5;159m. idx: [38;5;121m10[0m[38;5;159m, uid: [38;5;121m[3m<3bb40ce>[0m[38;5;159m, morph: [38;5;121m<gs.morphs.Box>[0m[38;5;159m, material: [38;5;121m<gs.materials.Rigid>[0m[38;5;159m.[0m
[38;5;159m[Genesis] [09:58:35] [INFO] Adding [38;5;121m<gs.RigidEntity>[0m[38;5;159m. idx: [38;5;121m11[0m[38;5;159m, uid: [38;5;121m[3m<9aec2a9>[0m[38;5;159m, morph: [38;5;121m<gs.morphs.Box>[0m[38;5;159m, material: [38;5;121m<gs.materials.Rigid>[0m[38;5;159m.[0m
[38;5;159m[Genesis] [09:58:35] [INFO] Adding [38;5;121m<gs.RigidEntity>[0m[38;5;159m. idx: [38;5;121m12[0m[38;5;159m, uid: [38;5;121m[3m<dd6bb93>[0m[38;5;159m, morph: [38;5;121m<gs.morphs.Mesh(file='/mnt4/gck/maniladder/maniladder/assets/meshes/deformable/toy_box/sphere.obj')>[0m[38;5;159m, material: [38;5;121m<gs.materials.Rigid>[0m[38;5;159m.[0m
[38;5;159m[Genesis] [09:58:35] [INFO] Preprocessing geom idx [38;5;121m[4m88[0m[38;5;159m.[0m
[38;5;159m[Genesis] [09:58:35] [INFO] Adding [38;5;121m<gs.RigidEntity>[0m[38;5;159m. idx: [38;5;121m13[0m[38;5;159m, uid: [38;5;121m[3m<81b528c>[0m[38;5;159m, morph: [38;5;121m<gs.morphs.Mesh(file='/mnt4/gck/maniladder/maniladder/assets/meshes/deformable/toy_box/moon.obj')>[0m[38;5;159m, material: [38;5;121m<gs.materials.Rigid>[0m[38;5;159m.[0m
[38;5;159m[Genesis] [09:58:35] [INFO] Convex hull is not accurate enough for collision detection (1.087). Falling back to more expensive convex decomposition (see FileMorph options).[0m
[38;5;159m[Genesis] [09:58:35] [INFO] Preprocessing geom idx [38;5;121m[4m89[0m[38;5;159m.[0m
[38;5;159m[Genesis] [09:58:35] [INFO] Preprocessing geom idx [38;5;121m[4m90[0m[38;5;159m.[0m
[38;5;159m[Genesis] [09:58:35] [INFO] Preprocessing geom idx [38;5;121m[4m91[0m[38;5;159m.[0m
[38;5;159m[Genesis] [09:58:35] [INFO] Preprocessing geom idx [38;5;121m[4m92[0m[38;5;159m.[0m
[38;5;159m[Genesis] [09:58:36] [INFO] Adding [38;5;121m<gs.RigidEntity>[0m[38;5;159m. idx: [38;5;121m14[0m[38;5;159m, uid: [38;5;121m[3m<8e09ff7>[0m[38;5;159m, morph: [38;5;121m<gs.morphs.Mesh(file='/mnt4/gck/maniladder/maniladder/assets/meshes/deformable/toy_box/heart.obj')>[0m[38;5;159m, material: [38;5;121m<gs.materials.Rigid>[0m[38;5;159m.[0m
[38;5;159m[Genesis] [09:58:36] [INFO] Preprocessing geom idx [38;5;121m[4m93[0m[38;5;159m.[0m
[38;5;159m[Genesis] [09:58:36] [INFO] Adding [38;5;121m<gs.MPMEntity>[0m[38;5;159m. idx: [38;5;121m15[0m[38;5;159m, uid: [38;5;121m[3m<1d928a7>[0m[38;5;159m, morph: [38;5;121m<gs.morphs.Mesh(file='/mnt4/gck/maniladder/maniladder/assets/meshes/deformable/toy_box/cylinder.obj')>[0m[38;5;159m, material: [38;5;121m<gs.materials.MPM.Elastic>[0m[38;5;159m.[0m
[38;5;159m[Genesis] [09:58:36] [INFO] Sampling particles with [38;5;121mpbs-32[0m[38;5;159m sampler and generating `.ptc` file:[0m
[38;5;159m[Genesis] [09:58:45] [INFO] Sampled [38;5;121m[4m882[0m[38;5;159m particles.[0m
[38;5;159m[Genesis] [09:58:45] [INFO] Adding [38;5;121m<gs.RigidEntity>[0m[38;5;159m. idx: [38;5;121m16[0m[38;5;159m, uid: [38;5;121m[3m<d881e26>[0m[38;5;159m, morph: [38;5;121m<gs.morphs.Mesh(file='/mnt4/gck/maniladder/maniladder/assets/meshes/deformable/toy_box/cyl.obj')>[0m[38;5;159m, material: [38;5;121m<gs.materials.Rigid>[0m[38;5;159m.[0m
[38;5;159m[Genesis] [09:58:45] [INFO] Preprocessing geom idx [38;5;121m[4m94[0m[38;5;159m.[0m
[38;5;159m[Genesis] [09:58:45] [INFO] Building scene [38;5;121m[3m<ea2af58>[0m[38;5;159m...[0m
[38;5;226m[Genesis] [09:58:48] [WARNING] Reference robot position exceeds joint limits.[0m
[38;5;226m[Genesis] [09:58:50] [WARNING] max_collision_pairs 300 is smaller than the theoretical maximal possible pairs 3900, it uses less memory but might lead to missing some collision pairs if there are too many collision pairs[0m
[38;5;226m[Genesis] [09:58:58] [WARNING] Kernel compilation takes longer when running MPM solver in CPIC mode. Please be patient.[0m
[38;5;226m[Genesis] [09:58:59] [WARNING] Current `substep_dt` (0.002) is greater than suggested_dt (0.0003125, calculated based on `grid_density`). Simulation might be unstable.[0m
[38;5;159m[Genesis] [09:59:00] [INFO] Compiling simulation kernels...[0m
[38;5;159m[Genesis] [10:00:26] [INFO] Building visualizer...[0m
  [ep 0/1, attempt 17] step 1/300  terminated=False  truncated=False
  [ep 0/1, attempt 17] step 101/300  terminated=False  truncated=False
  [ep 0/1, attempt 17] step 201/300  terminated=False  truncated=False
  [ep 0/1, attempt 17] step 300/300  terminated=False  truncated=True
  [WARNING] Episode 0 attempt 17 truncated without success. Discarding and retrying...
  [Success Rate] overall: 0.0% (0/17) | moving avg (last 17): 0.0%
[38;5;159m[Genesis] [10:03:38] [INFO] Scene [38;5;121m[3m<d84e697>[0m[38;5;159m created.[0m
[38;5;159m[Genesis] [10:03:38] [INFO] Adding [38;5;121m<gs.RigidEntity>[0m[38;5;159m. idx: [38;5;121m0[0m[38;5;159m, uid: [38;5;121m[3m<6ee6d9c>[0m[38;5;159m, morph: [38;5;121m<gs.morphs.URDF(file='/mnt4/gck/maniladder/maniladder/assets/urdf/panda_leaphand/panda_leaphand.urdf')>[0m[38;5;159m, material: [38;5;121m<gs.materials.Rigid>[0m[38;5;159m.[0m
[38;5;159m[Genesis] [10:03:41] [INFO] Applying offset to base link's pose with user provided value in morph.[0m
[38;5;159m[Genesis] [10:03:43] [INFO] Adding [38;5;121m<gs.RigidEntity>[0m[38;5;159m. idx: [38;5;121m1[0m[38;5;159m, uid: [38;5;121m[3m<8879966>[0m[38;5;159m, morph: [38;5;121m<gs.morphs.Mesh(file='/mnt4/gck/maniladder/maniladder/assets/models/table.glb')>[0m[38;5;159m, material: [38;5;121m<gs.materials.Rigid>[0m[38;5;159m.[0m
[38;5;226m[Genesis] [10:03:43] [WARNING] GLTF is using y-up while Genesis uses z-up. Please set parse_glb_with_zup=True in morph options if you find the mesh is 90-degree rotated. We will set parse_glb_with_zup=True and rotate glb mesh by default later and gradually enforce this option.[0m
/data/gck/miniconda3/envs/maniladder/lib/python3.10/site-packages/pygltflib/__init__.py:830: UserWarning: pygltflib currently does not remove image data from the buffer when converting to data uri.Please open an issue at https://gitlab.com/dodgyville/pygltflib/issues
  warnings.warn("pygltflib currently does not remove image data "
[38;5;159m[Genesis] [10:03:43] [INFO] Adding [38;5;121m<gs.RigidEntity>[0m[38;5;159m. idx: [38;5;121m2[0m[38;5;159m, uid: [38;5;121m[3m<465385e>[0m[38;5;159m, morph: [38;5;121m<gs.morphs.Box>[0m[38;5;159m, material: [38;5;121m<gs.materials.Rigid>[0m[38;5;159m.[0m
[38;5;159m[Genesis] [10:03:43] [INFO] Adding [38;5;121m<gs.RigidEntity>[0m[38;5;159m. idx: [38;5;121m3[0m[38;5;159m, uid: [38;5;121m[3m<6638a84>[0m[38;5;159m, morph: [38;5;121m<gs.morphs.Plane>[0m[38;5;159m, material: [38;5;121m<gs.materials.Rigid>[0m[38;5;159m.[0m
[38;5;159m[Genesis] [10:03:43] [INFO] Adding [38;5;121m<gs.RigidEntity>[0m[38;5;159m. idx: [38;5;121m4[0m[38;5;159m, uid: [38;5;121m[3m<b4ae898>[0m[38;5;159m, morph: [38;5;121m<gs.morphs.Box>[0m[38;5;159m, material: [38;5;121m<gs.materials.Rigid>[0m[38;5;159m.[0m
[38;5;159m[Genesis] [10:03:43] [INFO] Adding [38;5;121m<gs.RigidEntity>[0m[38;5;159m. idx: [38;5;121m5[0m[38;5;159m, uid: [38;5;121m[3m<eff9a13>[0m[38;5;159m, morph: [38;5;121m<gs.morphs.Box>[0m[38;5;159m, material: [38;5;121m<gs.materials.Rigid>[0m[38;5;159m.[0m
[38;5;159m[Genesis] [10:03:43] [INFO] Adding [38;5;121m<gs.RigidEntity>[0m[38;5;159m. idx: [38;5;121m6[0m[38;5;159m, uid: [38;5;121m[3m<ca4315c>[0m[38;5;159m, morph: [38;5;121m<gs.morphs.Box>[0m[38;5;159m, material: [38;5;121m<gs.materials.Rigid>[0m[38;5;159m.[0m
[38;5;159m[Genesis] [10:03:43] [INFO] Adding [38;5;121m<gs.RigidEntity>[0m[38;5;159m. idx: [38;5;121m7[0m[38;5;159m, uid: [38;5;121m[3m<6b800fb>[0m[38;5;159m, morph: [38;5;121m<gs.morphs.Box>[0m[38;5;159m, material: [38;5;121m<gs.materials.Rigid>[0m[38;5;159m.[0m
[38;5;159m[Genesis] [10:03:43] [INFO] Adding [38;5;121m<gs.RigidEntity>[0m[38;5;159m. idx: [38;5;121m8[0m[38;5;159m, uid: [38;5;121m[3m<f6d607b>[0m[38;5;159m, morph: [38;5;121m<gs.morphs.Box>[0m[38;5;159m, material: [38;5;121m<gs.materials.Rigid>[0m[38;5;159m.[0m
[38;5;159m[Genesis] [10:03:43] [INFO] Adding [38;5;121m<gs.RigidEntity>[0m[38;5;159m. idx: [38;5;121m9[0m[38;5;159m, uid: [38;5;121m[3m<db171c6>[0m[38;5;159m, morph: [38;5;121m<gs.morphs.Box>[0m[38;5;159m, material: [38;5;121m<gs.materials.Rigid>[0m[38;5;159m.[0m
[38;5;159m[Genesis] [10:03:43] [INFO] Adding [38;5;121m<gs.RigidEntity>[0m[38;5;159m. idx: [38;5;121m10[0m[38;5;159m, uid: [38;5;121m[3m<094cc8f>[0m[38;5;159m, morph: [38;5;121m<gs.morphs.Box>[0m[38;5;159m, material: [38;5;121m<gs.materials.Rigid>[0m[38;5;159m.[0m
[38;5;159m[Genesis] [10:03:43] [INFO] Adding [38;5;121m<gs.RigidEntity>[0m[38;5;159m. idx: [38;5;121m11[0m[38;5;159m, uid: [38;5;121m[3m<f35c243>[0m[38;5;159m, morph: [38;5;121m<gs.morphs.Box>[0m[38;5;159m, material: [38;5;121m<gs.materials.Rigid>[0m[38;5;159m.[0m
[38;5;159m[Genesis] [10:03:43] [INFO] Adding [38;5;121m<gs.RigidEntity>[0m[38;5;159m. idx: [38;5;121m12[0m[38;5;159m, uid: [38;5;121m[3m<de9f1c2>[0m[38;5;159m, morph: [38;5;121m<gs.morphs.Mesh(file='/mnt4/gck/maniladder/maniladder/assets/meshes/deformable/toy_box/cyl.obj')>[0m[38;5;159m, material: [38;5;121m<gs.materials.Rigid>[0m[38;5;159m.[0m
[38;5;159m[Genesis] [10:03:43] [INFO] Preprocessing geom idx [38;5;121m[4m88[0m[38;5;159m.[0m
[38;5;159m[Genesis] [10:03:43] [INFO] Adding [38;5;121m<gs.RigidEntity>[0m[38;5;159m. idx: [38;5;121m13[0m[38;5;159m, uid: [38;5;121m[3m<6aaf414>[0m[38;5;159m, morph: [38;5;121m<gs.morphs.Mesh(file='/mnt4/gck/maniladder/maniladder/assets/meshes/deformable/toy_box/sphere.obj')>[0m[38;5;159m, material: [38;5;121m<gs.materials.Rigid>[0m[38;5;159m.[0m
[38;5;159m[Genesis] [10:03:43] [INFO] Preprocessing geom idx [38;5;121m[4m89[0m[38;5;159m.[0m
[38;5;159m[Genesis] [10:03:43] [INFO] Adding [38;5;121m<gs.RigidEntity>[0m[38;5;159m. idx: [38;5;121m14[0m[38;5;159m, uid: [38;5;121m[3m<505b00a>[0m[38;5;159m, morph: [38;5;121m<gs.morphs.Mesh(file='/mnt4/gck/maniladder/maniladder/assets/meshes/deformable/toy_box/moon.obj')>[0m[38;5;159m, material: [38;5;121m<gs.materials.Rigid>[0m[38;5;159m.[0m
[38;5;159m[Genesis] [10:03:43] [INFO] Convex hull is not accurate enough for collision detection (1.087). Falling back to more expensive convex decomposition (see FileMorph options).[0m
[38;5;159m[Genesis] [10:03:43] [INFO] Preprocessing geom idx [38;5;121m[4m90[0m[38;5;159m.[0m
[38;5;159m[Genesis] [10:03:43] [INFO] Preprocessing geom idx [38;5;121m[4m91[0m[38;5;159m.[0m
[38;5;159m[Genesis] [10:03:44] [INFO] Preprocessing geom idx [38;5;121m[4m92[0m[38;5;159m.[0m
[38;5;159m[Genesis] [10:03:44] [INFO] Preprocessing geom idx [38;5;121m[4m93[0m[38;5;159m.[0m
[38;5;159m[Genesis] [10:03:44] [INFO] Adding [38;5;121m<gs.MPMEntity>[0m[38;5;159m. idx: [38;5;121m15[0m[38;5;159m, uid: [38;5;121m[3m<e03c2b5>[0m[38;5;159m, morph: [38;5;121m<gs.morphs.Mesh(file='/mnt4/gck/maniladder/maniladder/assets/meshes/deformable/toy_box/cylinder.obj')>[0m[38;5;159m, material: [38;5;121m<gs.materials.MPM.Elastic>[0m[38;5;159m.[0m
[38;5;159m[Genesis] [10:03:44] [INFO] Sampling particles with [38;5;121mpbs-32[0m[38;5;159m sampler and generating `.ptc` file:[0m
[38;5;159m[Genesis] [10:03:52] [INFO] Sampled [38;5;121m[4m656[0m[38;5;159m particles.[0m
[38;5;159m[Genesis] [10:03:52] [INFO] Adding [38;5;121m<gs.RigidEntity>[0m[38;5;159m. idx: [38;5;121m16[0m[38;5;159m, uid: [38;5;121m[3m<39dbbae>[0m[38;5;159m, morph: [38;5;121m<gs.morphs.Mesh(file='/mnt4/gck/maniladder/maniladder/assets/meshes/deformable/toy_box/star.obj')>[0m[38;5;159m, material: [38;5;121m<gs.materials.Rigid>[0m[38;5;159m.[0m
[38;5;159m[Genesis] [10:03:52] [INFO] Convex hull is not accurate enough for collision detection (0.798). Falling back to more expensive convex decomposition (see FileMorph options).[0m
[38;5;159m[Genesis] [10:03:52] [INFO] Preprocessing geom idx [38;5;121m[4m94[0m[38;5;159m.[0m
[38;5;159m[Genesis] [10:03:52] [INFO] Preprocessing geom idx [38;5;121m[4m95[0m[38;5;159m.[0m
[38;5;159m[Genesis] [10:03:52] [INFO] Preprocessing geom idx [38;5;121m[4m96[0m[38;5;159m.[0m
[38;5;159m[Genesis] [10:03:53] [INFO] Preprocessing geom idx [38;5;121m[4m97[0m[38;5;159m.[0m
[38;5;159m[Genesis] [10:03:53] [INFO] Building scene [38;5;121m[3m<d84e697>[0m[38;5;159m...[0m
[38;5;226m[Genesis] [10:03:56] [WARNING] Reference robot position exceeds joint limits.[0m
[38;5;226m[Genesis] [10:03:58] [WARNING] max_collision_pairs 300 is smaller than the theoretical maximal possible pairs 4182, it uses less memory but might lead to missing some collision pairs if there are too many collision pairs[0m
[38;5;226m[Genesis] [10:04:06] [WARNING] Kernel compilation takes longer when running MPM solver in CPIC mode. Please be patient.[0m
[38;5;226m[Genesis] [10:04:06] [WARNING] Current `substep_dt` (0.002) is greater than suggested_dt (0.0003125, calculated based on `grid_density`). Simulation might be unstable.[0m
[38;5;159m[Genesis] [10:04:07] [INFO] Compiling simulation kernels...[0m
[38;5;159m[Genesis] [10:05:33] [INFO] Building visualizer...[0m
  [ep 0/1, attempt 18] step 1/300  terminated=False  truncated=False
  [ep 0/1, attempt 18] step 101/300  terminated=False  truncated=False
  [ep 0/1, attempt 18] step 201/300  terminated=False  truncated=False
  [ep 0/1, attempt 18] step 300/300  terminated=False  truncated=True
  [WARNING] Episode 0 attempt 18 truncated without success. Discarding and retrying...
  [Success Rate] overall: 0.0% (0/18) | moving avg (last 18): 0.0%
[38;5;159m[Genesis] [10:08:02] [INFO] Scene [38;5;121m[3m<c4b0dd5>[0m[38;5;159m created.[0m
[38;5;159m[Genesis] [10:08:02] [INFO] Adding [38;5;121m<gs.RigidEntity>[0m[38;5;159m. idx: [38;5;121m0[0m[38;5;159m, uid: [38;5;121m[3m<5e33a26>[0m[38;5;159m, morph: [38;5;121m<gs.morphs.URDF(file='/mnt4/gck/maniladder/maniladder/assets/urdf/panda_leaphand/panda_leaphand.urdf')>[0m[38;5;159m, material: [38;5;121m<gs.materials.Rigid>[0m[38;5;159m.[0m
[38;5;159m[Genesis] [10:08:05] [INFO] Applying offset to base link's pose with user provided value in morph.[0m
[38;5;159m[Genesis] [10:08:06] [INFO] Adding [38;5;121m<gs.RigidEntity>[0m[38;5;159m. idx: [38;5;121m1[0m[38;5;159m, uid: [38;5;121m[3m<919555a>[0m[38;5;159m, morph: [38;5;121m<gs.morphs.Mesh(file='/mnt4/gck/maniladder/maniladder/assets/models/table.glb')>[0m[38;5;159m, material: [38;5;121m<gs.materials.Rigid>[0m[38;5;159m.[0m
[38;5;226m[Genesis] [10:08:06] [WARNING] GLTF is using y-up while Genesis uses z-up. Please set parse_glb_with_zup=True in morph options if you find the mesh is 90-degree rotated. We will set parse_glb_with_zup=True and rotate glb mesh by default later and gradually enforce this option.[0m
/data/gck/miniconda3/envs/maniladder/lib/python3.10/site-packages/pygltflib/__init__.py:830: UserWarning: pygltflib currently does not remove image data from the buffer when converting to data uri.Please open an issue at https://gitlab.com/dodgyville/pygltflib/issues
  warnings.warn("pygltflib currently does not remove image data "
[38;5;159m[Genesis] [10:08:07] [INFO] Adding [38;5;121m<gs.RigidEntity>[0m[38;5;159m. idx: [38;5;121m2[0m[38;5;159m, uid: [38;5;121m[3m<1092017>[0m[38;5;159m, morph: [38;5;121m<gs.morphs.Box>[0m[38;5;159m, material: [38;5;121m<gs.materials.Rigid>[0m[38;5;159m.[0m
[38;5;159m[Genesis] [10:08:07] [INFO] Adding [38;5;121m<gs.RigidEntity>[0m[38;5;159m. idx: [38;5;121m3[0m[38;5;159m, uid: [38;5;121m[3m<572eed9>[0m[38;5;159m, morph: [38;5;121m<gs.morphs.Plane>[0m[38;5;159m, material: [38;5;121m<gs.materials.Rigid>[0m[38;5;159m.[0m
[38;5;159m[Genesis] [10:08:07] [INFO] Adding [38;5;121m<gs.RigidEntity>[0m[38;5;159m. idx: [38;5;121m4[0m[38;5;159m, uid: [38;5;121m[3m<631b707>[0m[38;5;159m, morph: [38;5;121m<gs.morphs.Box>[0m[38;5;159m, material: [38;5;121m<gs.materials.Rigid>[0m[38;5;159m.[0m
[38;5;159m[Genesis] [10:08:07] [INFO] Adding [38;5;121m<gs.RigidEntity>[0m[38;5;159m. idx: [38;5;121m5[0m[38;5;159m, uid: [38;5;121m[3m<0b24793>[0m[38;5;159m, morph: [38;5;121m<gs.morphs.Box>[0m[38;5;159m, material: [38;5;121m<gs.materials.Rigid>[0m[38;5;159m.[0m
[38;5;159m[Genesis] [10:08:07] [INFO] Adding [38;5;121m<gs.RigidEntity>[0m[38;5;159m. idx: [38;5;121m6[0m[38;5;159m, uid: [38;5;121m[3m<fa75c5b>[0m[38;5;159m, morph: [38;5;121m<gs.morphs.Box>[0m[38;5;159m, material: [38;5;121m<gs.materials.Rigid>[0m[38;5;159m.[0m
[38;5;159m[Genesis] [10:08:07] [INFO] Adding [38;5;121m<gs.RigidEntity>[0m[38;5;159m. idx: [38;5;121m7[0m[38;5;159m, uid: [38;5;121m[3m<443a4de>[0m[38;5;159m, morph: [38;5;121m<gs.morphs.Box>[0m[38;5;159m, material: [38;5;121m<gs.materials.Rigid>[0m[38;5;159m.[0m
[38;5;159m[Genesis] [10:08:07] [INFO] Adding [38;5;121m<gs.RigidEntity>[0m[38;5;159m. idx: [38;5;121m8[0m[38;5;159m, uid: [38;5;121m[3m<2dcebcd>[0m[38;5;159m, morph: [38;5;121m<gs.morphs.Box>[0m[38;5;159m, material: [38;5;121m<gs.materials.Rigid>[0m[38;5;159m.[0m
[38;5;159m[Genesis] [10:08:07] [INFO] Adding [38;5;121m<gs.RigidEntity>[0m[38;5;159m. idx: [38;5;121m9[0m[38;5;159m, uid: [38;5;121m[3m<dbd1951>[0m[38;5;159m, morph: [38;5;121m<gs.morphs.Box>[0m[38;5;159m, material: [38;5;121m<gs.materials.Rigid>[0m[38;5;159m.[0m
[38;5;159m[Genesis] [10:08:07] [INFO] Adding [38;5;121m<gs.RigidEntity>[0m[38;5;159m. idx: [38;5;121m10[0m[38;5;159m, uid: [38;5;121m[3m<06f5079>[0m[38;5;159m, morph: [38;5;121m<gs.morphs.Box>[0m[38;5;159m, material: [38;5;121m<gs.materials.Rigid>[0m[38;5;159m.[0m
[38;5;159m[Genesis] [10:08:07] [INFO] Adding [38;5;121m<gs.RigidEntity>[0m[38;5;159m. idx: [38;5;121m11[0m[38;5;159m, uid: [38;5;121m[3m<5f336a8>[0m[38;5;159m, morph: [38;5;121m<gs.morphs.Box>[0m[38;5;159m, material: [38;5;121m<gs.materials.Rigid>[0m[38;5;159m.[0m
[38;5;159m[Genesis] [10:08:07] [INFO] Adding [38;5;121m<gs.RigidEntity>[0m[38;5;159m. idx: [38;5;121m12[0m[38;5;159m, uid: [38;5;121m[3m<ff84109>[0m[38;5;159m, morph: [38;5;121m<gs.morphs.Mesh(file='/mnt4/gck/maniladder/maniladder/assets/meshes/deformable/toy_box/heart.obj')>[0m[38;5;159m, material: [38;5;121m<gs.materials.Rigid>[0m[38;5;159m.[0m
[38;5;159m[Genesis] [10:08:07] [INFO] Preprocessing geom idx [38;5;121m[4m88[0m[38;5;159m.[0m
[38;5;159m[Genesis] [10:08:07] [INFO] Adding [38;5;121m<gs.RigidEntity>[0m[38;5;159m. idx: [38;5;121m13[0m[38;5;159m, uid: [38;5;121m[3m<d47180f>[0m[38;5;159m, morph: [38;5;121m<gs.morphs.Mesh(file='/mnt4/gck/maniladder/maniladder/assets/meshes/deformable/toy_box/moon.obj')>[0m[38;5;159m, material: [38;5;121m<gs.materials.Rigid>[0m[38;5;159m.[0m
[38;5;159m[Genesis] [10:08:07] [INFO] Convex hull is not accurate enough for collision detection (1.087). Falling back to more expensive convex decomposition (see FileMorph options).[0m
[38;5;159m[Genesis] [10:08:07] [INFO] Preprocessing geom idx [38;5;121m[4m89[0m[38;5;159m.[0m
[38;5;159m[Genesis] [10:08:08] [INFO] Preprocessing geom idx [38;5;121m[4m90[0m[38;5;159m.[0m
[38;5;159m[Genesis] [10:08:08] [INFO] Preprocessing geom idx [38;5;121m[4m91[0m[38;5;159m.[0m
[38;5;159m[Genesis] [10:08:08] [INFO] Preprocessing geom idx [38;5;121m[4m92[0m[38;5;159m.[0m
[38;5;159m[Genesis] [10:08:08] [INFO] Adding [38;5;121m<gs.RigidEntity>[0m[38;5;159m. idx: [38;5;121m14[0m[38;5;159m, uid: [38;5;121m[3m<a14691e>[0m[38;5;159m, morph: [38;5;121m<gs.morphs.Mesh(file='/mnt4/gck/maniladder/maniladder/assets/meshes/deformable/toy_box/cone.obj')>[0m[38;5;159m, material: [38;5;121m<gs.materials.Rigid>[0m[38;5;159m.[0m
[38;5;159m[Genesis] [10:08:08] [INFO] Preprocessing geom idx [38;5;121m[4m93[0m[38;5;159m.[0m
[38;5;159m[Genesis] [10:08:08] [INFO] Adding [38;5;121m<gs.RigidEntity>[0m[38;5;159m. idx: [38;5;121m15[0m[38;5;159m, uid: [38;5;121m[3m<6d35b1c>[0m[38;5;159m, morph: [38;5;121m<gs.morphs.Mesh(file='/mnt4/gck/maniladder/maniladder/assets/meshes/deformable/toy_box/cylinder.obj')>[0m[38;5;159m, material: [38;5;121m<gs.materials.Rigid>[0m[38;5;159m.[0m
[38;5;159m[Genesis] [10:08:08] [INFO] Preprocessing geom idx [38;5;121m[4m94[0m[38;5;159m.[0m
[38;5;159m[Genesis] [10:08:08] [INFO] Adding [38;5;121m<gs.MPMEntity>[0m[38;5;159m. idx: [38;5;121m16[0m[38;5;159m, uid: [38;5;121m[3m<7534c5f>[0m[38;5;159m, morph: [38;5;121m<gs.morphs.Mesh(file='/mnt4/gck/maniladder/maniladder/assets/meshes/deformable/toy_box/cyl.obj')>[0m[38;5;159m, material: [38;5;121m<gs.materials.MPM.Elastic>[0m[38;5;159m.[0m
[38;5;159m[Genesis] [10:08:08] [INFO] Sampling particles with [38;5;121mpbs-32[0m[38;5;159m sampler and generating `.ptc` file:[0m
[38;5;159m[Genesis] [10:08:17] [INFO] Sampled [38;5;121m[4m2,077[0m[38;5;159m particles.[0m
[38;5;159m[Genesis] [10:08:17] [INFO] Building scene [38;5;121m[3m<c4b0dd5>[0m[38;5;159m...[0m
[38;5;226m[Genesis] [10:08:20] [WARNING] Reference robot position exceeds joint limits.[0m
[38;5;226m[Genesis] [10:08:22] [WARNING] max_collision_pairs 300 is smaller than the theoretical maximal possible pairs 3900, it uses less memory but might lead to missing some collision pairs if there are too many collision pairs[0m
[38;5;226m[Genesis] [10:08:30] [WARNING] Kernel compilation takes longer when running MPM solver in CPIC mode. Please be patient.[0m
[38;5;226m[Genesis] [10:08:30] [WARNING] Current `substep_dt` (0.002) is greater than suggested_dt (0.0003125, calculated based on `grid_density`). Simulation might be unstable.[0m
[38;5;159m[Genesis] [10:08:31] [INFO] Compiling simulation kernels...[0m
[38;5;159m[Genesis] [10:09:57] [INFO] Building visualizer...[0m
  [ep 0/1, attempt 19] step 1/300  terminated=False  truncated=False
  [ep 0/1, attempt 19] step 101/300  terminated=False  truncated=False
  [ep 0/1, attempt 19] step 201/300  terminated=False  truncated=False
  [ep 0/1, attempt 19] step 300/300  terminated=False  truncated=True
  [WARNING] Episode 0 attempt 19 truncated without success. Discarding and retrying...
  [Success Rate] overall: 0.0% (0/19) | moving avg (last 19): 0.0%
[38;5;159m[Genesis] [10:12:28] [INFO] Scene [38;5;121m[3m<6e85545>[0m[38;5;159m created.[0m
[38;5;159m[Genesis] [10:12:28] [INFO] Adding [38;5;121m<gs.RigidEntity>[0m[38;5;159m. idx: [38;5;121m0[0m[38;5;159m, uid: [38;5;121m[3m<2800ca1>[0m[38;5;159m, morph: [38;5;121m<gs.morphs.URDF(file='/mnt4/gck/maniladder/maniladder/assets/urdf/panda_leaphand/panda_leaphand.urdf')>[0m[38;5;159m, material: [38;5;121m<gs.materials.Rigid>[0m[38;5;159m.[0m
[38;5;159m[Genesis] [10:12:31] [INFO] Applying offset to base link's pose with user provided value in morph.[0m
[38;5;159m[Genesis] [10:12:33] [INFO] Adding [38;5;121m<gs.RigidEntity>[0m[38;5;159m. idx: [38;5;121m1[0m[38;5;159m, uid: [38;5;121m[3m<058c691>[0m[38;5;159m, morph: [38;5;121m<gs.morphs.Mesh(file='/mnt4/gck/maniladder/maniladder/assets/models/table.glb')>[0m[38;5;159m, material: [38;5;121m<gs.materials.Rigid>[0m[38;5;159m.[0m
[38;5;226m[Genesis] [10:12:33] [WARNING] GLTF is using y-up while Genesis uses z-up. Please set parse_glb_with_zup=True in morph options if you find the mesh is 90-degree rotated. We will set parse_glb_with_zup=True and rotate glb mesh by default later and gradually enforce this option.[0m
/data/gck/miniconda3/envs/maniladder/lib/python3.10/site-packages/pygltflib/__init__.py:830: UserWarning: pygltflib currently does not remove image data from the buffer when converting to data uri.Please open an issue at https://gitlab.com/dodgyville/pygltflib/issues
  warnings.warn("pygltflib currently does not remove image data "
[38;5;159m[Genesis] [10:12:33] [INFO] Adding [38;5;121m<gs.RigidEntity>[0m[38;5;159m. idx: [38;5;121m2[0m[38;5;159m, uid: [38;5;121m[3m<dbff5a4>[0m[38;5;159m, morph: [38;5;121m<gs.morphs.Box>[0m[38;5;159m, material: [38;5;121m<gs.materials.Rigid>[0m[38;5;159m.[0m
[38;5;159m[Genesis] [10:12:33] [INFO] Adding [38;5;121m<gs.RigidEntity>[0m[38;5;159m. idx: [38;5;121m3[0m[38;5;159m, uid: [38;5;121m[3m<d71fc47>[0m[38;5;159m, morph: [38;5;121m<gs.morphs.Plane>[0m[38;5;159m, material: [38;5;121m<gs.materials.Rigid>[0m[38;5;159m.[0m
[38;5;159m[Genesis] [10:12:33] [INFO] Adding [38;5;121m<gs.RigidEntity>[0m[38;5;159m. idx: [38;5;121m4[0m[38;5;159m, uid: [38;5;121m[3m<8a3865a>[0m[38;5;159m, morph: [38;5;121m<gs.morphs.Box>[0m[38;5;159m, material: [38;5;121m<gs.materials.Rigid>[0m[38;5;159m.[0m
[38;5;159m[Genesis] [10:12:33] [INFO] Adding [38;5;121m<gs.RigidEntity>[0m[38;5;159m. idx: [38;5;121m5[0m[38;5;159m, uid: [38;5;121m[3m<589d6ed>[0m[38;5;159m, morph: [38;5;121m<gs.morphs.Box>[0m[38;5;159m, material: [38;5;121m<gs.materials.Rigid>[0m[38;5;159m.[0m
[38;5;159m[Genesis] [10:12:33] [INFO] Adding [38;5;121m<gs.RigidEntity>[0m[38;5;159m. idx: [38;5;121m6[0m[38;5;159m, uid: [38;5;121m[3m<4b6cd57>[0m[38;5;159m, morph: [38;5;121m<gs.morphs.Box>[0m[38;5;159m, material: [38;5;121m<gs.materials.Rigid>[0m[38;5;159m.[0m
[38;5;159m[Genesis] [10:12:33] [INFO] Adding [38;5;121m<gs.RigidEntity>[0m[38;5;159m. idx: [38;5;121m7[0m[38;5;159m, uid: [38;5;121m[3m<5b293dd>[0m[38;5;159m, morph: [38;5;121m<gs.morphs.Box>[0m[38;5;159m, material: [38;5;121m<gs.materials.Rigid>[0m[38;5;159m.[0m
[38;5;159m[Genesis] [10:12:33] [INFO] Adding [38;5;121m<gs.RigidEntity>[0m[38;5;159m. idx: [38;5;121m8[0m[38;5;159m, uid: [38;5;121m[3m<282f3a8>[0m[38;5;159m, morph: [38;5;121m<gs.morphs.Box>[0m[38;5;159m, material: [38;5;121m<gs.materials.Rigid>[0m[38;5;159m.[0m
[38;5;159m[Genesis] [10:12:33] [INFO] Adding [38;5;121m<gs.RigidEntity>[0m[38;5;159m. idx: [38;5;121m9[0m[38;5;159m, uid: [38;5;121m[3m<6e54b8b>[0m[38;5;159m, morph: [38;5;121m<gs.morphs.Box>[0m[38;5;159m, material: [38;5;121m<gs.materials.Rigid>[0m[38;5;159m.[0m
[38;5;159m[Genesis] [10:12:33] [INFO] Adding [38;5;121m<gs.RigidEntity>[0m[38;5;159m. idx: [38;5;121m10[0m[38;5;159m, uid: [38;5;121m[3m<abbc345>[0m[38;5;159m, morph: [38;5;121m<gs.morphs.Box>[0m[38;5;159m, material: [38;5;121m<gs.materials.Rigid>[0m[38;5;159m.[0m
[38;5;159m[Genesis] [10:12:33] [INFO] Adding [38;5;121m<gs.RigidEntity>[0m[38;5;159m. idx: [38;5;121m11[0m[38;5;159m, uid: [38;5;121m[3m<6085a65>[0m[38;5;159m, morph: [38;5;121m<gs.morphs.Box>[0m[38;5;159m, material: [38;5;121m<gs.materials.Rigid>[0m[38;5;159m.[0m
[38;5;159m[Genesis] [10:12:33] [INFO] Adding [38;5;121m<gs.MPMEntity>[0m[38;5;159m. idx: [38;5;121m12[0m[38;5;159m, uid: [38;5;121m[3m<46005e2>[0m[38;5;159m, morph: [38;5;121m<gs.morphs.Mesh(file='/mnt4/gck/maniladder/maniladder/assets/meshes/deformable/toy_box/cylinder.obj')>[0m[38;5;159m, material: [38;5;121m<gs.materials.MPM.Elastic>[0m[38;5;159m.[0m
[38;5;159m[Genesis] [10:12:33] [INFO] Sampling particles with [38;5;121mpbs-32[0m[38;5;159m sampler and generating `.ptc` file:[0m
[38;5;159m[Genesis] [10:12:42] [INFO] Sampled [38;5;121m[4m490[0m[38;5;159m particles.[0m
[38;5;159m[Genesis] [10:12:42] [INFO] Adding [38;5;121m<gs.RigidEntity>[0m[38;5;159m. idx: [38;5;121m13[0m[38;5;159m, uid: [38;5;121m[3m<0df53f7>[0m[38;5;159m, morph: [38;5;121m<gs.morphs.Mesh(file='/mnt4/gck/maniladder/maniladder/assets/meshes/deformable/toy_box/moon.obj')>[0m[38;5;159m, material: [38;5;121m<gs.materials.Rigid>[0m[38;5;159m.[0m
[38;5;159m[Genesis] [10:12:42] [INFO] Convex hull is not accurate enough for collision detection (1.087). Falling back to more expensive convex decomposition (see FileMorph options).[0m
[38;5;159m[Genesis] [10:12:42] [INFO] Preprocessing geom idx [38;5;121m[4m88[0m[38;5;159m.[0m
[38;5;159m[Genesis] [10:12:42] [INFO] Preprocessing geom idx [38;5;121m[4m89[0m[38;5;159m.[0m
[38;5;159m[Genesis] [10:12:42] [INFO] Preprocessing geom idx [38;5;121m[4m90[0m[38;5;159m.[0m
[38;5;159m[Genesis] [10:12:42] [INFO] Preprocessing geom idx [38;5;121m[4m91[0m[38;5;159m.[0m
[38;5;159m[Genesis] [10:12:42] [INFO] Adding [38;5;121m<gs.RigidEntity>[0m[38;5;159m. idx: [38;5;121m14[0m[38;5;159m, uid: [38;5;121m[3m<a63aaab>[0m[38;5;159m, morph: [38;5;121m<gs.morphs.Mesh(file='/mnt4/gck/maniladder/maniladder/assets/meshes/deformable/toy_box/sphere.obj')>[0m[38;5;159m, material: [38;5;121m<gs.materials.Rigid>[0m[38;5;159m.[0m
[38;5;159m[Genesis] [10:12:42] [INFO] Preprocessing geom idx [38;5;121m[4m92[0m[38;5;159m.[0m
[38;5;159m[Genesis] [10:12:42] [INFO] Adding [38;5;121m<gs.RigidEntity>[0m[38;5;159m. idx: [38;5;121m15[0m[38;5;159m, uid: [38;5;121m[3m<3f44f19>[0m[38;5;159m, morph: [38;5;121m<gs.morphs.Mesh(file='/mnt4/gck/maniladder/maniladder/assets/meshes/deformable/toy_box/cone.obj')>[0m[38;5;159m, material: [38;5;121m<gs.materials.Rigid>[0m[38;5;159m.[0m
[38;5;159m[Genesis] [10:12:42] [INFO] Preprocessing geom idx [38;5;121m[4m93[0m[38;5;159m.[0m
[38;5;159m[Genesis] [10:12:42] [INFO] Adding [38;5;121m<gs.RigidEntity>[0m[38;5;159m. idx: [38;5;121m16[0m[38;5;159m, uid: [38;5;121m[3m<beb9e27>[0m[38;5;159m, morph: [38;5;121m<gs.morphs.Mesh(file='/mnt4/gck/maniladder/maniladder/assets/meshes/deformable/toy_box/star.obj')>[0m[38;5;159m, material: [38;5;121m<gs.materials.Rigid>[0m[38;5;159m.[0m
[38;5;159m[Genesis] [10:12:42] [INFO] Convex hull is not accurate enough for collision detection (0.798). Falling back to more expensive convex decomposition (see FileMorph options).[0m
[38;5;159m[Genesis] [10:12:42] [INFO] Preprocessing geom idx [38;5;121m[4m94[0m[38;5;159m.[0m
[38;5;159m[Genesis] [10:12:43] [INFO] Preprocessing geom idx [38;5;121m[4m95[0m[38;5;159m.[0m
[38;5;159m[Genesis] [10:12:43] [INFO] Preprocessing geom idx [38;5;121m[4m96[0m[38;5;159m.[0m
[38;5;159m[Genesis] [10:12:43] [INFO] Preprocessing geom idx [38;5;121m[4m97[0m[38;5;159m.[0m
[38;5;159m[Genesis] [10:12:43] [INFO] Building scene [38;5;121m[3m<6e85545>[0m[38;5;159m...[0m
[38;5;226m[Genesis] [10:12:46] [WARNING] Reference robot position exceeds joint limits.[0m
[38;5;226m[Genesis] [10:12:48] [WARNING] max_collision_pairs 300 is smaller than the theoretical maximal possible pairs 4182, it uses less memory but might lead to missing some collision pairs if there are too many collision pairs[0m
[38;5;226m[Genesis] [10:12:56] [WARNING] Kernel compilation takes longer when running MPM solver in CPIC mode. Please be patient.[0m
[38;5;226m[Genesis] [10:12:57] [WARNING] Current `substep_dt` (0.002) is greater than suggested_dt (0.0003125, calculated based on `grid_density`). Simulation might be unstable.[0m
[38;5;159m[Genesis] [10:12:58] [INFO] Compiling simulation kernels...[0m
[38;5;159m[Genesis] [10:14:26] [INFO] Building visualizer...[0m
  [ep 0/1, attempt 20] step 1/300  terminated=False  truncated=False
  [ep 0/1, attempt 20] step 101/300  terminated=False  truncated=False
  [ep 0/1, attempt 20] step 201/300  terminated=False  truncated=False
  [ep 0/1, attempt 20] step 300/300  terminated=False  truncated=True
  [WARNING] Episode 0 attempt 20 truncated without success. Discarding and retrying...
  [Success Rate] overall: 0.0% (0/20) | moving avg (last 20): 0.0%
[38;5;159m[Genesis] [10:16:39] [INFO] Scene [38;5;121m[3m<2d34af4>[0m[38;5;159m created.[0m
[38;5;159m[Genesis] [10:16:39] [INFO] Adding [38;5;121m<gs.RigidEntity>[0m[38;5;159m. idx: [38;5;121m0[0m[38;5;159m, uid: [38;5;121m[3m<7c0f72d>[0m[38;5;159m, morph: [38;5;121m<gs.morphs.URDF(file='/mnt4/gck/maniladder/maniladder/assets/urdf/panda_leaphand/panda_leaphand.urdf')>[0m[38;5;159m, material: [38;5;121m<gs.materials.Rigid>[0m[38;5;159m.[0m
[38;5;159m[Genesis] [10:16:42] [INFO] Applying offset to base link's pose with user provided value in morph.[0m
[38;5;159m[Genesis] [10:16:44] [INFO] Adding [38;5;121m<gs.RigidEntity>[0m[38;5;159m. idx: [38;5;121m1[0m[38;5;159m, uid: [38;5;121m[3m<ddb1a34>[0m[38;5;159m, morph: [38;5;121m<gs.morphs.Mesh(file='/mnt4/gck/maniladder/maniladder/assets/models/table.glb')>[0m[38;5;159m, material: [38;5;121m<gs.materials.Rigid>[0m[38;5;159m.[0m
[38;5;226m[Genesis] [10:16:44] [WARNING] GLTF is using y-up while Genesis uses z-up. Please set parse_glb_with_zup=True in morph options if you find the mesh is 90-degree rotated. We will set parse_glb_with_zup=True and rotate glb mesh by default later and gradually enforce this option.[0m
/data/gck/miniconda3/envs/maniladder/lib/python3.10/site-packages/pygltflib/__init__.py:830: UserWarning: pygltflib currently does not remove image data from the buffer when converting to data uri.Please open an issue at https://gitlab.com/dodgyville/pygltflib/issues
  warnings.warn("pygltflib currently does not remove image data "
[38;5;159m[Genesis] [10:16:44] [INFO] Adding [38;5;121m<gs.RigidEntity>[0m[38;5;159m. idx: [38;5;121m2[0m[38;5;159m, uid: [38;5;121m[3m<78ad84d>[0m[38;5;159m, morph: [38;5;121m<gs.morphs.Box>[0m[38;5;159m, material: [38;5;121m<gs.materials.Rigid>[0m[38;5;159m.[0m
[38;5;159m[Genesis] [10:16:44] [INFO] Adding [38;5;121m<gs.RigidEntity>[0m[38;5;159m. idx: [38;5;121m3[0m[38;5;159m, uid: [38;5;121m[3m<01c5b79>[0m[38;5;159m, morph: [38;5;121m<gs.morphs.Plane>[0m[38;5;159m, material: [38;5;121m<gs.materials.Rigid>[0m[38;5;159m.[0m
[38;5;159m[Genesis] [10:16:44] [INFO] Adding [38;5;121m<gs.RigidEntity>[0m[38;5;159m. idx: [38;5;121m4[0m[38;5;159m, uid: [38;5;121m[3m<d08cf42>[0m[38;5;159m, morph: [38;5;121m<gs.morphs.Box>[0m[38;5;159m, material: [38;5;121m<gs.materials.Rigid>[0m[38;5;159m.[0m
[38;5;159m[Genesis] [10:16:44] [INFO] Adding [38;5;121m<gs.RigidEntity>[0m[38;5;159m. idx: [38;5;121m5[0m[38;5;159m, uid: [38;5;121m[3m<5836db7>[0m[38;5;159m, morph: [38;5;121m<gs.morphs.Box>[0m[38;5;159m, material: [38;5;121m<gs.materials.Rigid>[0m[38;5;159m.[0m
[38;5;159m[Genesis] [10:16:44] [INFO] Adding [38;5;121m<gs.RigidEntity>[0m[38;5;159m. idx: [38;5;121m6[0m[38;5;159m, uid: [38;5;121m[3m<b3323df>[0m[38;5;159m, morph: [38;5;121m<gs.morphs.Box>[0m[38;5;159m, material: [38;5;121m<gs.materials.Rigid>[0m[38;5;159m.[0m
[38;5;159m[Genesis] [10:16:44] [INFO] Adding [38;5;121m<gs.RigidEntity>[0m[38;5;159m. idx: [38;5;121m7[0m[38;5;159m, uid: [38;5;121m[3m<70ae906>[0m[38;5;159m, morph: [38;5;121m<gs.morphs.Box>[0m[38;5;159m, material: [38;5;121m<gs.materials.Rigid>[0m[38;5;159m.[0m
[38;5;159m[Genesis] [10:16:44] [INFO] Adding [38;5;121m<gs.RigidEntity>[0m[38;5;159m. idx: [38;5;121m8[0m[38;5;159m, uid: [38;5;121m[3m<bf37a9c>[0m[38;5;159m, morph: [38;5;121m<gs.morphs.Box>[0m[38;5;159m, material: [38;5;121m<gs.materials.Rigid>[0m[38;5;159m.[0m
[38;5;159m[Genesis] [10:16:44] [INFO] Adding [38;5;121m<gs.RigidEntity>[0m[38;5;159m. idx: [38;5;121m9[0m[38;5;159m, uid: [38;5;121m[3m<e2e4295>[0m[38;5;159m, morph: [38;5;121m<gs.morphs.Box>[0m[38;5;159m, material: [38;5;121m<gs.materials.Rigid>[0m[38;5;159m.[0m
[38;5;159m[Genesis] [10:16:44] [INFO] Adding [38;5;121m<gs.RigidEntity>[0m[38;5;159m. idx: [38;5;121m10[0m[38;5;159m, uid: [38;5;121m[3m<cd44953>[0m[38;5;159m, morph: [38;5;121m<gs.morphs.Box>[0m[38;5;159m, material: [38;5;121m<gs.materials.Rigid>[0m[38;5;159m.[0m
[38;5;159m[Genesis] [10:16:44] [INFO] Adding [38;5;121m<gs.RigidEntity>[0m[38;5;159m. idx: [38;5;121m11[0m[38;5;159m, uid: [38;5;121m[3m<91f82a9>[0m[38;5;159m, morph: [38;5;121m<gs.morphs.Box>[0m[38;5;159m, material: [38;5;121m<gs.materials.Rigid>[0m[38;5;159m.[0m
[38;5;159m[Genesis] [10:16:44] [INFO] Adding [38;5;121m<gs.MPMEntity>[0m[38;5;159m. idx: [38;5;121m12[0m[38;5;159m, uid: [38;5;121m[3m<ecd0e9d>[0m[38;5;159m, morph: [38;5;121m<gs.morphs.Mesh(file='/mnt4/gck/maniladder/maniladder/assets/meshes/deformable/toy_box/cylinder.obj')>[0m[38;5;159m, material: [38;5;121m<gs.materials.MPM.Elastic>[0m[38;5;159m.[0m
[38;5;159m[Genesis] [10:16:44] [INFO] Sampling particles with [38;5;121mpbs-32[0m[38;5;159m sampler and generating `.ptc` file:[0m
[38;5;159m[Genesis] [10:16:53] [INFO] Sampled [38;5;121m[4m853[0m[38;5;159m particles.[0m
[38;5;159m[Genesis] [10:16:53] [INFO] Adding [38;5;121m<gs.RigidEntity>[0m[38;5;159m. idx: [38;5;121m13[0m[38;5;159m, uid: [38;5;121m[3m<5cd62be>[0m[38;5;159m, morph: [38;5;121m<gs.morphs.Mesh(file='/mnt4/gck/maniladder/maniladder/assets/meshes/deformable/toy_box/cyl.obj')>[0m[38;5;159m, material: [38;5;121m<gs.materials.Rigid>[0m[38;5;159m.[0m
[38;5;159m[Genesis] [10:16:53] [INFO] Preprocessing geom idx [38;5;121m[4m88[0m[38;5;159m.[0m
[38;5;159m[Genesis] [10:16:53] [INFO] Adding [38;5;121m<gs.RigidEntity>[0m[38;5;159m. idx: [38;5;121m14[0m[38;5;159m, uid: [38;5;121m[3m<1565a6f>[0m[38;5;159m, morph: [38;5;121m<gs.morphs.Mesh(file='/mnt4/gck/maniladder/maniladder/assets/meshes/deformable/toy_box/sphere.obj')>[0m[38;5;159m, material: [38;5;121m<gs.materials.Rigid>[0m[38;5;159m.[0m
[38;5;159m[Genesis] [10:16:53] [INFO] Preprocessing geom idx [38;5;121m[4m89[0m[38;5;159m.[0m
[38;5;159m[Genesis] [10:16:53] [INFO] Adding [38;5;121m<gs.RigidEntity>[0m[38;5;159m. idx: [38;5;121m15[0m[38;5;159m, uid: [38;5;121m[3m<61c9dbb>[0m[38;5;159m, morph: [38;5;121m<gs.morphs.Mesh(file='/mnt4/gck/maniladder/maniladder/assets/meshes/deformable/toy_box/heart.obj')>[0m[38;5;159m, material: [38;5;121m<gs.materials.Rigid>[0m[38;5;159m.[0m
[38;5;159m[Genesis] [10:16:53] [INFO] Preprocessing geom idx [38;5;121m[4m90[0m[38;5;159m.[0m
[38;5;159m[Genesis] [10:16:54] [INFO] Adding [38;5;121m<gs.RigidEntity>[0m[38;5;159m. idx: [38;5;121m16[0m[38;5;159m, uid: [38;5;121m[3m<a16cce0>[0m[38;5;159m, morph: [38;5;121m<gs.morphs.Mesh(file='/mnt4/gck/maniladder/maniladder/assets/meshes/deformable/toy_box/cone.obj')>[0m[38;5;159m, material: [38;5;121m<gs.materials.Rigid>[0m[38;5;159m.[0m
[38;5;159m[Genesis] [10:16:54] [INFO] Preprocessing geom idx [38;5;121m[4m91[0m[38;5;159m.[0m
[38;5;159m[Genesis] [10:16:54] [INFO] Building scene [38;5;121m[3m<2d34af4>[0m[38;5;159m...[0m
[38;5;226m[Genesis] [10:16:57] [WARNING] Reference robot position exceeds joint limits.[0m
[38;5;226m[Genesis] [10:16:59] [WARNING] max_collision_pairs 300 is smaller than the theoretical maximal possible pairs 3627, it uses less memory but might lead to missing some collision pairs if there are too many collision pairs[0m
[38;5;226m[Genesis] [10:17:07] [WARNING] Kernel compilation takes longer when running MPM solver in CPIC mode. Please be patient.[0m
[38;5;226m[Genesis] [10:17:07] [WARNING] Current `substep_dt` (0.002) is greater than suggested_dt (0.0003125, calculated based on `grid_density`). Simulation might be unstable.[0m
[38;5;159m[Genesis] [10:17:08] [INFO] Compiling simulation kernels...[0m
[38;5;159m[Genesis] [10:18:34] [INFO] Building visualizer...[0m
  [ep 0/1, attempt 21] step 1/300  terminated=False  truncated=False
  [ep 0/1, attempt 21] step 101/300  terminated=False  truncated=False
  [ep 0/1, attempt 21] step 201/300  terminated=False  truncated=False
  [ep 0/1, attempt 21] step 300/300  terminated=False  truncated=True
  [WARNING] Episode 0 attempt 21 truncated without success. Discarding and retrying...
  [Success Rate] overall: 0.0% (0/21) | moving avg (last 21): 0.0%
[38;5;159m[Genesis] [10:20:37] [INFO] Scene [38;5;121m[3m<4274754>[0m[38;5;159m created.[0m
[38;5;159m[Genesis] [10:20:37] [INFO] Adding [38;5;121m<gs.RigidEntity>[0m[38;5;159m. idx: [38;5;121m0[0m[38;5;159m, uid: [38;5;121m[3m<1a61490>[0m[38;5;159m, morph: [38;5;121m<gs.morphs.URDF(file='/mnt4/gck/maniladder/maniladder/assets/urdf/panda_leaphand/panda_leaphand.urdf')>[0m[38;5;159m, material: [38;5;121m<gs.materials.Rigid>[0m[38;5;159m.[0m
[38;5;159m[Genesis] [10:20:40] [INFO] Applying offset to base link's pose with user provided value in morph.[0m
[38;5;159m[Genesis] [10:20:42] [INFO] Adding [38;5;121m<gs.RigidEntity>[0m[38;5;159m. idx: [38;5;121m1[0m[38;5;159m, uid: [38;5;121m[3m<fc6dea0>[0m[38;5;159m, morph: [38;5;121m<gs.morphs.Mesh(file='/mnt4/gck/maniladder/maniladder/assets/models/table.glb')>[0m[38;5;159m, material: [38;5;121m<gs.materials.Rigid>[0m[38;5;159m.[0m
[38;5;226m[Genesis] [10:20:42] [WARNING] GLTF is using y-up while Genesis uses z-up. Please set parse_glb_with_zup=True in morph options if you find the mesh is 90-degree rotated. We will set parse_glb_with_zup=True and rotate glb mesh by default later and gradually enforce this option.[0m
/data/gck/miniconda3/envs/maniladder/lib/python3.10/site-packages/pygltflib/__init__.py:830: UserWarning: pygltflib currently does not remove image data from the buffer when converting to data uri.Please open an issue at https://gitlab.com/dodgyville/pygltflib/issues
  warnings.warn("pygltflib currently does not remove image data "
[38;5;159m[Genesis] [10:20:42] [INFO] Adding [38;5;121m<gs.RigidEntity>[0m[38;5;159m. idx: [38;5;121m2[0m[38;5;159m, uid: [38;5;121m[3m<a2b6dbc>[0m[38;5;159m, morph: [38;5;121m<gs.morphs.Box>[0m[38;5;159m, material: [38;5;121m<gs.materials.Rigid>[0m[38;5;159m.[0m
[38;5;159m[Genesis] [10:20:42] [INFO] Adding [38;5;121m<gs.RigidEntity>[0m[38;5;159m. idx: [38;5;121m3[0m[38;5;159m, uid: [38;5;121m[3m<517eb45>[0m[38;5;159m, morph: [38;5;121m<gs.morphs.Plane>[0m[38;5;159m, material: [38;5;121m<gs.materials.Rigid>[0m[38;5;159m.[0m
[38;5;159m[Genesis] [10:20:42] [INFO] Adding [38;5;121m<gs.RigidEntity>[0m[38;5;159m. idx: [38;5;121m4[0m[38;5;159m, uid: [38;5;121m[3m<65866cc>[0m[38;5;159m, morph: [38;5;121m<gs.morphs.Box>[0m[38;5;159m, material: [38;5;121m<gs.materials.Rigid>[0m[38;5;159m.[0m
[38;5;159m[Genesis] [10:20:42] [INFO] Adding [38;5;121m<gs.RigidEntity>[0m[38;5;159m. idx: [38;5;121m5[0m[38;5;159m, uid: [38;5;121m[3m<598c2ee>[0m[38;5;159m, morph: [38;5;121m<gs.morphs.Box>[0m[38;5;159m, material: [38;5;121m<gs.materials.Rigid>[0m[38;5;159m.[0m
[38;5;159m[Genesis] [10:20:42] [INFO] Adding [38;5;121m<gs.RigidEntity>[0m[38;5;159m. idx: [38;5;121m6[0m[38;5;159m, uid: [38;5;121m[3m<987413f>[0m[38;5;159m, morph: [38;5;121m<gs.morphs.Box>[0m[38;5;159m, material: [38;5;121m<gs.materials.Rigid>[0m[38;5;159m.[0m
[38;5;159m[Genesis] [10:20:42] [INFO] Adding [38;5;121m<gs.RigidEntity>[0m[38;5;159m. idx: [38;5;121m7[0m[38;5;159m, uid: [38;5;121m[3m<7d59ee7>[0m[38;5;159m, morph: [38;5;121m<gs.morphs.Box>[0m[38;5;159m, material: [38;5;121m<gs.materials.Rigid>[0m[38;5;159m.[0m
[38;5;159m[Genesis] [10:20:42] [INFO] Adding [38;5;121m<gs.RigidEntity>[0m[38;5;159m. idx: [38;5;121m8[0m[38;5;159m, uid: [38;5;121m[3m<cf75c48>[0m[38;5;159m, morph: [38;5;121m<gs.morphs.Box>[0m[38;5;159m, material: [38;5;121m<gs.materials.Rigid>[0m[38;5;159m.[0m
[38;5;159m[Genesis] [10:20:42] [INFO] Adding [38;5;121m<gs.RigidEntity>[0m[38;5;159m. idx: [38;5;121m9[0m[38;5;159m, uid: [38;5;121m[3m<ee48118>[0m[38;5;159m, morph: [38;5;121m<gs.morphs.Box>[0m[38;5;159m, material: [38;5;121m<gs.materials.Rigid>[0m[38;5;159m.[0m
[38;5;159m[Genesis] [10:20:42] [INFO] Adding [38;5;121m<gs.RigidEntity>[0m[38;5;159m. idx: [38;5;121m10[0m[38;5;159m, uid: [38;5;121m[3m<f729c9a>[0m[38;5;159m, morph: [38;5;121m<gs.morphs.Box>[0m[38;5;159m, material: [38;5;121m<gs.materials.Rigid>[0m[38;5;159m.[0m
[38;5;159m[Genesis] [10:20:42] [INFO] Adding [38;5;121m<gs.RigidEntity>[0m[38;5;159m. idx: [38;5;121m11[0m[38;5;159m, uid: [38;5;121m[3m<93fdfa8>[0m[38;5;159m, morph: [38;5;121m<gs.morphs.Box>[0m[38;5;159m, material: [38;5;121m<gs.materials.Rigid>[0m[38;5;159m.[0m
[38;5;159m[Genesis] [10:20:42] [INFO] Adding [38;5;121m<gs.RigidEntity>[0m[38;5;159m. idx: [38;5;121m12[0m[38;5;159m, uid: [38;5;121m[3m<0663c68>[0m[38;5;159m, morph: [38;5;121m<gs.morphs.Mesh(file='/mnt4/gck/maniladder/maniladder/assets/meshes/deformable/toy_box/cylinder.obj')>[0m[38;5;159m, material: [38;5;121m<gs.materials.Rigid>[0m[38;5;159m.[0m
[38;5;159m[Genesis] [10:20:42] [INFO] Preprocessing geom idx [38;5;121m[4m88[0m[38;5;159m.[0m
[38;5;159m[Genesis] [10:20:42] [INFO] Adding [38;5;121m<gs.RigidEntity>[0m[38;5;159m. idx: [38;5;121m13[0m[38;5;159m, uid: [38;5;121m[3m<c04af69>[0m[38;5;159m, morph: [38;5;121m<gs.morphs.Mesh(file='/mnt4/gck/maniladder/maniladder/assets/meshes/deformable/toy_box/heart.obj')>[0m[38;5;159m, material: [38;5;121m<gs.materials.Rigid>[0m[38;5;159m.[0m
[38;5;159m[Genesis] [10:20:42] [INFO] Preprocessing geom idx [38;5;121m[4m89[0m[38;5;159m.[0m
[38;5;159m[Genesis] [10:20:43] [INFO] Adding [38;5;121m<gs.RigidEntity>[0m[38;5;159m. idx: [38;5;121m14[0m[38;5;159m, uid: [38;5;121m[3m<babaf2c>[0m[38;5;159m, morph: [38;5;121m<gs.morphs.Mesh(file='/mnt4/gck/maniladder/maniladder/assets/meshes/deformable/toy_box/cone.obj')>[0m[38;5;159m, material: [38;5;121m<gs.materials.Rigid>[0m[38;5;159m.[0m
[38;5;159m[Genesis] [10:20:43] [INFO] Preprocessing geom idx [38;5;121m[4m90[0m[38;5;159m.[0m
[38;5;159m[Genesis] [10:20:43] [INFO] Adding [38;5;121m<gs.MPMEntity>[0m[38;5;159m. idx: [38;5;121m15[0m[38;5;159m, uid: [38;5;121m[3m<615fe5d>[0m[38;5;159m, morph: [38;5;121m<gs.morphs.Mesh(file='/mnt4/gck/maniladder/maniladder/assets/meshes/deformable/toy_box/cyl.obj')>[0m[38;5;159m, material: [38;5;121m<gs.materials.MPM.Elastic>[0m[38;5;159m.[0m
[38;5;159m[Genesis] [10:20:43] [INFO] Sampling particles with [38;5;121mpbs-32[0m[38;5;159m sampler and generating `.ptc` file:[0m
[38;5;159m[Genesis] [10:20:51] [INFO] Sampled [38;5;121m[4m1,494[0m[38;5;159m particles.[0m
[38;5;159m[Genesis] [10:20:51] [INFO] Adding [38;5;121m<gs.RigidEntity>[0m[38;5;159m. idx: [38;5;121m16[0m[38;5;159m, uid: [38;5;121m[3m<58fe4b6>[0m[38;5;159m, morph: [38;5;121m<gs.morphs.Mesh(file='/mnt4/gck/maniladder/maniladder/assets/meshes/deformable/toy_box/sphere.obj')>[0m[38;5;159m, material: [38;5;121m<gs.materials.Rigid>[0m[38;5;159m.[0m
[38;5;159m[Genesis] [10:20:51] [INFO] Preprocessing geom idx [38;5;121m[4m91[0m[38;5;159m.[0m
[38;5;159m[Genesis] [10:20:51] [INFO] Building scene [38;5;121m[3m<4274754>[0m[38;5;159m...[0m
[38;5;226m[Genesis] [10:20:55] [WARNING] Reference robot position exceeds joint limits.[0m
[38;5;226m[Genesis] [10:20:56] [WARNING] max_collision_pairs 300 is smaller than the theoretical maximal possible pairs 3627, it uses less memory but might lead to missing some collision pairs if there are too many collision pairs[0m
[38;5;226m[Genesis] [10:21:04] [WARNING] Kernel compilation takes longer when running MPM solver in CPIC mode. Please be patient.[0m
[38;5;226m[Genesis] [10:21:05] [WARNING] Current `substep_dt` (0.002) is greater than suggested_dt (0.0003125, calculated based on `grid_density`). Simulation might be unstable.[0m
[38;5;159m[Genesis] [10:21:06] [INFO] Compiling simulation kernels...[0m
[38;5;159m[Genesis] [10:22:36] [INFO] Building visualizer...[0m
  [ep 0/1, attempt 22] step 1/300  terminated=False  truncated=False
  [ep 0/1, attempt 22] step 101/300  terminated=False  truncated=False
  [ep 0/1, attempt 22] step 201/300  terminated=False  truncated=False
  [ep 0/1, attempt 22] step 300/300  terminated=False  truncated=True
  [WARNING] Episode 0 attempt 22 truncated without success. Discarding and retrying...
  [Success Rate] overall: 0.0% (0/22) | moving avg (last 22): 0.0%
[38;5;159m[Genesis] [10:25:17] [INFO] Scene [38;5;121m[3m<0db941c>[0m[38;5;159m created.[0m
[38;5;159m[Genesis] [10:25:17] [INFO] Adding [38;5;121m<gs.RigidEntity>[0m[38;5;159m. idx: [38;5;121m0[0m[38;5;159m, uid: [38;5;121m[3m<414fc71>[0m[38;5;159m, morph: [38;5;121m<gs.morphs.URDF(file='/mnt4/gck/maniladder/maniladder/assets/urdf/panda_leaphand/panda_leaphand.urdf')>[0m[38;5;159m, material: [38;5;121m<gs.materials.Rigid>[0m[38;5;159m.[0m
[38;5;159m[Genesis] [10:25:20] [INFO] Applying offset to base link's pose with user provided value in morph.[0m
[38;5;159m[Genesis] [10:25:21] [INFO] Adding [38;5;121m<gs.RigidEntity>[0m[38;5;159m. idx: [38;5;121m1[0m[38;5;159m, uid: [38;5;121m[3m<960c37e>[0m[38;5;159m, morph: [38;5;121m<gs.morphs.Mesh(file='/mnt4/gck/maniladder/maniladder/assets/models/table.glb')>[0m[38;5;159m, material: [38;5;121m<gs.materials.Rigid>[0m[38;5;159m.[0m
[38;5;226m[Genesis] [10:25:21] [WARNING] GLTF is using y-up while Genesis uses z-up. Please set parse_glb_with_zup=True in morph options if you find the mesh is 90-degree rotated. We will set parse_glb_with_zup=True and rotate glb mesh by default later and gradually enforce this option.[0m
/data/gck/miniconda3/envs/maniladder/lib/python3.10/site-packages/pygltflib/__init__.py:830: UserWarning: pygltflib currently does not remove image data from the buffer when converting to data uri.Please open an issue at https://gitlab.com/dodgyville/pygltflib/issues
  warnings.warn("pygltflib currently does not remove image data "
[38;5;159m[Genesis] [10:25:22] [INFO] Adding [38;5;121m<gs.RigidEntity>[0m[38;5;159m. idx: [38;5;121m2[0m[38;5;159m, uid: [38;5;121m[3m<36394a9>[0m[38;5;159m, morph: [38;5;121m<gs.morphs.Box>[0m[38;5;159m, material: [38;5;121m<gs.materials.Rigid>[0m[38;5;159m.[0m
[38;5;159m[Genesis] [10:25:22] [INFO] Adding [38;5;121m<gs.RigidEntity>[0m[38;5;159m. idx: [38;5;121m3[0m[38;5;159m, uid: [38;5;121m[3m<1be3079>[0m[38;5;159m, morph: [38;5;121m<gs.morphs.Plane>[0m[38;5;159m, material: [38;5;121m<gs.materials.Rigid>[0m[38;5;159m.[0m
[38;5;159m[Genesis] [10:25:22] [INFO] Adding [38;5;121m<gs.RigidEntity>[0m[38;5;159m. idx: [38;5;121m4[0m[38;5;159m, uid: [38;5;121m[3m<a7ee213>[0m[38;5;159m, morph: [38;5;121m<gs.morphs.Box>[0m[38;5;159m, material: [38;5;121m<gs.materials.Rigid>[0m[38;5;159m.[0m
[38;5;159m[Genesis] [10:25:22] [INFO] Adding [38;5;121m<gs.RigidEntity>[0m[38;5;159m. idx: [38;5;121m5[0m[38;5;159m, uid: [38;5;121m[3m<ecfd137>[0m[38;5;159m, morph: [38;5;121m<gs.morphs.Box>[0m[38;5;159m, material: [38;5;121m<gs.materials.Rigid>[0m[38;5;159m.[0m
[38;5;159m[Genesis] [10:25:22] [INFO] Adding [38;5;121m<gs.RigidEntity>[0m[38;5;159m. idx: [38;5;121m6[0m[38;5;159m, uid: [38;5;121m[3m<994ed6b>[0m[38;5;159m, morph: [38;5;121m<gs.morphs.Box>[0m[38;5;159m, material: [38;5;121m<gs.materials.Rigid>[0m[38;5;159m.[0m
[38;5;159m[Genesis] [10:25:22] [INFO] Adding [38;5;121m<gs.RigidEntity>[0m[38;5;159m. idx: [38;5;121m7[0m[38;5;159m, uid: [38;5;121m[3m<d73d7f7>[0m[38;5;159m, morph: [38;5;121m<gs.morphs.Box>[0m[38;5;159m, material: [38;5;121m<gs.materials.Rigid>[0m[38;5;159m.[0m
[38;5;159m[Genesis] [10:25:22] [INFO] Adding [38;5;121m<gs.RigidEntity>[0m[38;5;159m. idx: [38;5;121m8[0m[38;5;159m, uid: [38;5;121m[3m<6d195f0>[0m[38;5;159m, morph: [38;5;121m<gs.morphs.Box>[0m[38;5;159m, material: [38;5;121m<gs.materials.Rigid>[0m[38;5;159m.[0m
[38;5;159m[Genesis] [10:25:22] [INFO] Adding [38;5;121m<gs.RigidEntity>[0m[38;5;159m. idx: [38;5;121m9[0m[38;5;159m, uid: [38;5;121m[3m<3fa62f9>[0m[38;5;159m, morph: [38;5;121m<gs.morphs.Box>[0m[38;5;159m, material: [38;5;121m<gs.materials.Rigid>[0m[38;5;159m.[0m
[38;5;159m[Genesis] [10:25:22] [INFO] Adding [38;5;121m<gs.RigidEntity>[0m[38;5;159m. idx: [38;5;121m10[0m[38;5;159m, uid: [38;5;121m[3m<03b1238>[0m[38;5;159m, morph: [38;5;121m<gs.morphs.Box>[0m[38;5;159m, material: [38;5;121m<gs.materials.Rigid>[0m[38;5;159m.[0m
[38;5;159m[Genesis] [10:25:22] [INFO] Adding [38;5;121m<gs.RigidEntity>[0m[38;5;159m. idx: [38;5;121m11[0m[38;5;159m, uid: [38;5;121m[3m<d6a4199>[0m[38;5;159m, morph: [38;5;121m<gs.morphs.Box>[0m[38;5;159m, material: [38;5;121m<gs.materials.Rigid>[0m[38;5;159m.[0m
[38;5;159m[Genesis] [10:25:22] [INFO] Adding [38;5;121m<gs.MPMEntity>[0m[38;5;159m. idx: [38;5;121m12[0m[38;5;159m, uid: [38;5;121m[3m<436b056>[0m[38;5;159m, morph: [38;5;121m<gs.morphs.Mesh(file='/mnt4/gck/maniladder/maniladder/assets/meshes/deformable/toy_box/cyl.obj')>[0m[38;5;159m, material: [38;5;121m<gs.materials.MPM.Elastic>[0m[38;5;159m.[0m
[38;5;159m[Genesis] [10:25:22] [INFO] Sampling particles with [38;5;121mpbs-32[0m[38;5;159m sampler and generating `.ptc` file:[0m
[38;5;159m[Genesis] [10:25:30] [INFO] Sampled [38;5;121m[4m2,077[0m[38;5;159m particles.[0m
[38;5;159m[Genesis] [10:25:30] [INFO] Adding [38;5;121m<gs.RigidEntity>[0m[38;5;159m. idx: [38;5;121m13[0m[38;5;159m, uid: [38;5;121m[3m<b23b12e>[0m[38;5;159m, morph: [38;5;121m<gs.morphs.Mesh(file='/mnt4/gck/maniladder/maniladder/assets/meshes/deformable/toy_box/cone.obj')>[0m[38;5;159m, material: [38;5;121m<gs.materials.Rigid>[0m[38;5;159m.[0m
[38;5;159m[Genesis] [10:25:30] [INFO] Preprocessing geom idx [38;5;121m[4m88[0m[38;5;159m.[0m
[38;5;159m[Genesis] [10:25:30] [INFO] Adding [38;5;121m<gs.RigidEntity>[0m[38;5;159m. idx: [38;5;121m14[0m[38;5;159m, uid: [38;5;121m[3m<0ab2ea0>[0m[38;5;159m, morph: [38;5;121m<gs.morphs.Mesh(file='/mnt4/gck/maniladder/maniladder/assets/meshes/deformable/toy_box/sphere.obj')>[0m[38;5;159m, material: [38;5;121m<gs.materials.Rigid>[0m[38;5;159m.[0m
[38;5;159m[Genesis] [10:25:30] [INFO] Preprocessing geom idx [38;5;121m[4m89[0m[38;5;159m.[0m
[38;5;159m[Genesis] [10:25:30] [INFO] Adding [38;5;121m<gs.RigidEntity>[0m[38;5;159m. idx: [38;5;121m15[0m[38;5;159m, uid: [38;5;121m[3m<0fd90d9>[0m[38;5;159m, morph: [38;5;121m<gs.morphs.Mesh(file='/mnt4/gck/maniladder/maniladder/assets/meshes/deformable/toy_box/heart.obj')>[0m[38;5;159m, material: [38;5;121m<gs.materials.Rigid>[0m[38;5;159m.[0m
[38;5;159m[Genesis] [10:25:30] [INFO] Preprocessing geom idx [38;5;121m[4m90[0m[38;5;159m.[0m
[38;5;159m[Genesis] [10:25:31] [INFO] Adding [38;5;121m<gs.RigidEntity>[0m[38;5;159m. idx: [38;5;121m16[0m[38;5;159m, uid: [38;5;121m[3m<f8ae83c>[0m[38;5;159m, morph: [38;5;121m<gs.morphs.Mesh(file='/mnt4/gck/maniladder/maniladder/assets/meshes/deformable/toy_box/moon.obj')>[0m[38;5;159m, material: [38;5;121m<gs.materials.Rigid>[0m[38;5;159m.[0m
[38;5;159m[Genesis] [10:25:31] [INFO] Convex hull is not accurate enough for collision detection (1.087). Falling back to more expensive convex decomposition (see FileMorph options).[0m
[38;5;159m[Genesis] [10:25:31] [INFO] Preprocessing geom idx [38;5;121m[4m91[0m[38;5;159m.[0m
[38;5;159m[Genesis] [10:25:31] [INFO] Preprocessing geom idx [38;5;121m[4m92[0m[38;5;159m.[0m
[38;5;159m[Genesis] [10:25:31] [INFO] Preprocessing geom idx [38;5;121m[4m93[0m[38;5;159m.[0m
[38;5;159m[Genesis] [10:25:31] [INFO] Preprocessing geom idx [38;5;121m[4m94[0m[38;5;159m.[0m
[38;5;159m[Genesis] [10:25:32] [INFO] Building scene [38;5;121m[3m<0db941c>[0m[38;5;159m...[0m
[38;5;226m[Genesis] [10:25:35] [WARNING] Reference robot position exceeds joint limits.[0m
[38;5;226m[Genesis] [10:25:37] [WARNING] max_collision_pairs 300 is smaller than the theoretical maximal possible pairs 3900, it uses less memory but might lead to missing some collision pairs if there are too many collision pairs[0m
[38;5;226m[Genesis] [10:25:45] [WARNING] Kernel compilation takes longer when running MPM solver in CPIC mode. Please be patient.[0m
[38;5;226m[Genesis] [10:25:46] [WARNING] Current `substep_dt` (0.002) is greater than suggested_dt (0.0003125, calculated based on `grid_density`). Simulation might be unstable.[0m
[38;5;159m[Genesis] [10:25:47] [INFO] Compiling simulation kernels...[0m
[38;5;159m[Genesis] [10:27:14] [INFO] Building visualizer...[0m
  [ep 0/1, attempt 23] step 1/300  terminated=False  truncated=False
  [ep 0/1, attempt 23] step 101/300  terminated=False  truncated=False
  [ep 0/1, attempt 23] step 201/300  terminated=False  truncated=False
  [ep 0/1, attempt 23] step 300/300  terminated=False  truncated=True
  [WARNING] Episode 0 attempt 23 truncated without success. Discarding and retrying...
  [Success Rate] overall: 0.0% (0/23) | moving avg (last 23): 0.0%
[38;5;159m[Genesis] [10:30:49] [INFO] Scene [38;5;121m[3m<2bd69e4>[0m[38;5;159m created.[0m
[38;5;159m[Genesis] [10:30:49] [INFO] Adding [38;5;121m<gs.RigidEntity>[0m[38;5;159m. idx: [38;5;121m0[0m[38;5;159m, uid: [38;5;121m[3m<2b0906d>[0m[38;5;159m, morph: [38;5;121m<gs.morphs.URDF(file='/mnt4/gck/maniladder/maniladder/assets/urdf/panda_leaphand/panda_leaphand.urdf')>[0m[38;5;159m, material: [38;5;121m<gs.materials.Rigid>[0m[38;5;159m.[0m
[38;5;159m[Genesis] [10:30:52] [INFO] Applying offset to base link's pose with user provided value in morph.[0m
[38;5;159m[Genesis] [10:30:53] [INFO] Adding [38;5;121m<gs.RigidEntity>[0m[38;5;159m. idx: [38;5;121m1[0m[38;5;159m, uid: [38;5;121m[3m<9dd0b45>[0m[38;5;159m, morph: [38;5;121m<gs.morphs.Mesh(file='/mnt4/gck/maniladder/maniladder/assets/models/table.glb')>[0m[38;5;159m, material: [38;5;121m<gs.materials.Rigid>[0m[38;5;159m.[0m
[38;5;226m[Genesis] [10:30:53] [WARNING] GLTF is using y-up while Genesis uses z-up. Please set parse_glb_with_zup=True in morph options if you find the mesh is 90-degree rotated. We will set parse_glb_with_zup=True and rotate glb mesh by default later and gradually enforce this option.[0m
/data/gck/miniconda3/envs/maniladder/lib/python3.10/site-packages/pygltflib/__init__.py:830: UserWarning: pygltflib currently does not remove image data from the buffer when converting to data uri.Please open an issue at https://gitlab.com/dodgyville/pygltflib/issues
  warnings.warn("pygltflib currently does not remove image data "
[38;5;159m[Genesis] [10:30:53] [INFO] Adding [38;5;121m<gs.RigidEntity>[0m[38;5;159m. idx: [38;5;121m2[0m[38;5;159m, uid: [38;5;121m[3m<f854ec4>[0m[38;5;159m, morph: [38;5;121m<gs.morphs.Box>[0m[38;5;159m, material: [38;5;121m<gs.materials.Rigid>[0m[38;5;159m.[0m
[38;5;159m[Genesis] [10:30:53] [INFO] Adding [38;5;121m<gs.RigidEntity>[0m[38;5;159m. idx: [38;5;121m3[0m[38;5;159m, uid: [38;5;121m[3m<0e29cde>[0m[38;5;159m, morph: [38;5;121m<gs.morphs.Plane>[0m[38;5;159m, material: [38;5;121m<gs.materials.Rigid>[0m[38;5;159m.[0m
[38;5;159m[Genesis] [10:30:53] [INFO] Adding [38;5;121m<gs.RigidEntity>[0m[38;5;159m. idx: [38;5;121m4[0m[38;5;159m, uid: [38;5;121m[3m<563309e>[0m[38;5;159m, morph: [38;5;121m<gs.morphs.Box>[0m[38;5;159m, material: [38;5;121m<gs.materials.Rigid>[0m[38;5;159m.[0m
[38;5;159m[Genesis] [10:30:53] [INFO] Adding [38;5;121m<gs.RigidEntity>[0m[38;5;159m. idx: [38;5;121m5[0m[38;5;159m, uid: [38;5;121m[3m<7c26453>[0m[38;5;159m, morph: [38;5;121m<gs.morphs.Box>[0m[38;5;159m, material: [38;5;121m<gs.materials.Rigid>[0m[38;5;159m.[0m
[38;5;159m[Genesis] [10:30:53] [INFO] Adding [38;5;121m<gs.RigidEntity>[0m[38;5;159m. idx: [38;5;121m6[0m[38;5;159m, uid: [38;5;121m[3m<fcae79e>[0m[38;5;159m, morph: [38;5;121m<gs.morphs.Box>[0m[38;5;159m, material: [38;5;121m<gs.materials.Rigid>[0m[38;5;159m.[0m
[38;5;159m[Genesis] [10:30:53] [INFO] Adding [38;5;121m<gs.RigidEntity>[0m[38;5;159m. idx: [38;5;121m7[0m[38;5;159m, uid: [38;5;121m[3m<8a59668>[0m[38;5;159m, morph: [38;5;121m<gs.morphs.Box>[0m[38;5;159m, material: [38;5;121m<gs.materials.Rigid>[0m[38;5;159m.[0m
[38;5;159m[Genesis] [10:30:53] [INFO] Adding [38;5;121m<gs.RigidEntity>[0m[38;5;159m. idx: [38;5;121m8[0m[38;5;159m, uid: [38;5;121m[3m<c50cbce>[0m[38;5;159m, morph: [38;5;121m<gs.morphs.Box>[0m[38;5;159m, material: [38;5;121m<gs.materials.Rigid>[0m[38;5;159m.[0m
[38;5;159m[Genesis] [10:30:53] [INFO] Adding [38;5;121m<gs.RigidEntity>[0m[38;5;159m. idx: [38;5;121m9[0m[38;5;159m, uid: [38;5;121m[3m<3a61892>[0m[38;5;159m, morph: [38;5;121m<gs.morphs.Box>[0m[38;5;159m, material: [38;5;121m<gs.materials.Rigid>[0m[38;5;159m.[0m
[38;5;159m[Genesis] [10:30:53] [INFO] Adding [38;5;121m<gs.RigidEntity>[0m[38;5;159m. idx: [38;5;121m10[0m[38;5;159m, uid: [38;5;121m[3m<6712fd9>[0m[38;5;159m, morph: [38;5;121m<gs.morphs.Box>[0m[38;5;159m, material: [38;5;121m<gs.materials.Rigid>[0m[38;5;159m.[0m
[38;5;159m[Genesis] [10:30:53] [INFO] Adding [38;5;121m<gs.RigidEntity>[0m[38;5;159m. idx: [38;5;121m11[0m[38;5;159m, uid: [38;5;121m[3m<fe0ed78>[0m[38;5;159m, morph: [38;5;121m<gs.morphs.Box>[0m[38;5;159m, material: [38;5;121m<gs.materials.Rigid>[0m[38;5;159m.[0m
[38;5;159m[Genesis] [10:30:53] [INFO] Adding [38;5;121m<gs.RigidEntity>[0m[38;5;159m. idx: [38;5;121m12[0m[38;5;159m, uid: [38;5;121m[3m<94baa64>[0m[38;5;159m, morph: [38;5;121m<gs.morphs.Mesh(file='/mnt4/gck/maniladder/maniladder/assets/meshes/deformable/toy_box/cyl.obj')>[0m[38;5;159m, material: [38;5;121m<gs.materials.Rigid>[0m[38;5;159m.[0m
[38;5;159m[Genesis] [10:30:53] [INFO] Preprocessing geom idx [38;5;121m[4m88[0m[38;5;159m.[0m
[38;5;159m[Genesis] [10:30:54] [INFO] Adding [38;5;121m<gs.RigidEntity>[0m[38;5;159m. idx: [38;5;121m13[0m[38;5;159m, uid: [38;5;121m[3m<585eeca>[0m[38;5;159m, morph: [38;5;121m<gs.morphs.Mesh(file='/mnt4/gck/maniladder/maniladder/assets/meshes/deformable/toy_box/moon.obj')>[0m[38;5;159m, material: [38;5;121m<gs.materials.Rigid>[0m[38;5;159m.[0m
[38;5;159m[Genesis] [10:30:54] [INFO] Convex hull is not accurate enough for collision detection (1.087). Falling back to more expensive convex decomposition (see FileMorph options).[0m
[38;5;159m[Genesis] [10:30:54] [INFO] Preprocessing geom idx [38;5;121m[4m89[0m[38;5;159m.[0m
[38;5;159m[Genesis] [10:30:54] [INFO] Preprocessing geom idx [38;5;121m[4m90[0m[38;5;159m.[0m
[38;5;159m[Genesis] [10:30:54] [INFO] Preprocessing geom idx [38;5;121m[4m91[0m[38;5;159m.[0m
[38;5;159m[Genesis] [10:30:54] [INFO] Preprocessing geom idx [38;5;121m[4m92[0m[38;5;159m.[0m
[38;5;159m[Genesis] [10:30:54] [INFO] Adding [38;5;121m<gs.MPMEntity>[0m[38;5;159m. idx: [38;5;121m14[0m[38;5;159m, uid: [38;5;121m[3m<f617210>[0m[38;5;159m, morph: [38;5;121m<gs.morphs.Mesh(file='/mnt4/gck/maniladder/maniladder/assets/meshes/deformable/toy_box/cylinder.obj')>[0m[38;5;159m, material: [38;5;121m<gs.materials.MPM.Elastic>[0m[38;5;159m.[0m
[38;5;159m[Genesis] [10:30:54] [INFO] Sampling particles with [38;5;121mpbs-32[0m[38;5;159m sampler and generating `.ptc` file:[0m
[38;5;159m[Genesis] [10:31:03] [INFO] Sampled [38;5;121m[4m553[0m[38;5;159m particles.[0m
[38;5;159m[Genesis] [10:31:03] [INFO] Adding [38;5;121m<gs.RigidEntity>[0m[38;5;159m. idx: [38;5;121m15[0m[38;5;159m, uid: [38;5;121m[3m<e4b3b38>[0m[38;5;159m, morph: [38;5;121m<gs.morphs.Mesh(file='/mnt4/gck/maniladder/maniladder/assets/meshes/deformable/toy_box/cone.obj')>[0m[38;5;159m, material: [38;5;121m<gs.materials.Rigid>[0m[38;5;159m.[0m
[38;5;159m[Genesis] [10:31:03] [INFO] Preprocessing geom idx [38;5;121m[4m93[0m[38;5;159m.[0m
[38;5;159m[Genesis] [10:31:03] [INFO] Adding [38;5;121m<gs.RigidEntity>[0m[38;5;159m. idx: [38;5;121m16[0m[38;5;159m, uid: [38;5;121m[3m<82e447d>[0m[38;5;159m, morph: [38;5;121m<gs.morphs.Mesh(file='/mnt4/gck/maniladder/maniladder/assets/meshes/deformable/toy_box/star.obj')>[0m[38;5;159m, material: [38;5;121m<gs.materials.Rigid>[0m[38;5;159m.[0m
[38;5;159m[Genesis] [10:31:03] [INFO] Convex hull is not accurate enough for collision detection (0.798). Falling back to more expensive convex decomposition (see FileMorph options).[0m
[38;5;159m[Genesis] [10:31:03] [INFO] Preprocessing geom idx [38;5;121m[4m94[0m[38;5;159m.[0m
[38;5;159m[Genesis] [10:31:03] [INFO] Preprocessing geom idx [38;5;121m[4m95[0m[38;5;159m.[0m
[38;5;159m[Genesis] [10:31:03] [INFO] Preprocessing geom idx [38;5;121m[4m96[0m[38;5;159m.[0m
[38;5;159m[Genesis] [10:31:03] [INFO] Preprocessing geom idx [38;5;121m[4m97[0m[38;5;159m.[0m
[38;5;159m[Genesis] [10:31:03] [INFO] Building scene [38;5;121m[3m<2bd69e4>[0m[38;5;159m...[0m
[38;5;226m[Genesis] [10:31:06] [WARNING] Reference robot position exceeds joint limits.[0m
[38;5;226m[Genesis] [10:31:08] [WARNING] max_collision_pairs 300 is smaller than the theoretical maximal possible pairs 4182, it uses less memory but might lead to missing some collision pairs if there are too many collision pairs[0m
[38;5;226m[Genesis] [10:31:16] [WARNING] Kernel compilation takes longer when running MPM solver in CPIC mode. Please be patient.[0m
[38;5;226m[Genesis] [10:31:16] [WARNING] Current `substep_dt` (0.002) is greater than suggested_dt (0.0003125, calculated based on `grid_density`). Simulation might be unstable.[0m
[38;5;159m[Genesis] [10:31:17] [INFO] Compiling simulation kernels...[0m
[38;5;159m[Genesis] [10:32:47] [INFO] Building visualizer...[0m
  [ep 0/1, attempt 24] step 1/300  terminated=False  truncated=False
  [ep 0/1, attempt 24] step 101/300  terminated=False  truncated=False
  [ep 0/1, attempt 24] step 201/300  terminated=False  truncated=False
  [ep 0/1, attempt 24] step 300/300  terminated=False  truncated=True
  [WARNING] Episode 0 attempt 24 truncated without success. Discarding and retrying...
  [Success Rate] overall: 0.0% (0/24) | moving avg (last 24): 0.0%
[38;5;159m[Genesis] [10:34:25] [INFO] Scene [38;5;121m[3m<a886929>[0m[38;5;159m created.[0m
[38;5;159m[Genesis] [10:34:25] [INFO] Adding [38;5;121m<gs.RigidEntity>[0m[38;5;159m. idx: [38;5;121m0[0m[38;5;159m, uid: [38;5;121m[3m<8db7c2a>[0m[38;5;159m, morph: [38;5;121m<gs.morphs.URDF(file='/mnt4/gck/maniladder/maniladder/assets/urdf/panda_leaphand/panda_leaphand.urdf')>[0m[38;5;159m, material: [38;5;121m<gs.materials.Rigid>[0m[38;5;159m.[0m
[38;5;159m[Genesis] [10:34:28] [INFO] Applying offset to base link's pose with user provided value in morph.[0m
[38;5;159m[Genesis] [10:34:30] [INFO] Adding [38;5;121m<gs.RigidEntity>[0m[38;5;159m. idx: [38;5;121m1[0m[38;5;159m, uid: [38;5;121m[3m<dca7672>[0m[38;5;159m, morph: [38;5;121m<gs.morphs.Mesh(file='/mnt4/gck/maniladder/maniladder/assets/models/table.glb')>[0m[38;5;159m, material: [38;5;121m<gs.materials.Rigid>[0m[38;5;159m.[0m
[38;5;226m[Genesis] [10:34:30] [WARNING] GLTF is using y-up while Genesis uses z-up. Please set parse_glb_with_zup=True in morph options if you find the mesh is 90-degree rotated. We will set parse_glb_with_zup=True and rotate glb mesh by default later and gradually enforce this option.[0m
/data/gck/miniconda3/envs/maniladder/lib/python3.10/site-packages/pygltflib/__init__.py:830: UserWarning: pygltflib currently does not remove image data from the buffer when converting to data uri.Please open an issue at https://gitlab.com/dodgyville/pygltflib/issues
  warnings.warn("pygltflib currently does not remove image data "
[38;5;159m[Genesis] [10:34:30] [INFO] Adding [38;5;121m<gs.RigidEntity>[0m[38;5;159m. idx: [38;5;121m2[0m[38;5;159m, uid: [38;5;121m[3m<bf1db3b>[0m[38;5;159m, morph: [38;5;121m<gs.morphs.Box>[0m[38;5;159m, material: [38;5;121m<gs.materials.Rigid>[0m[38;5;159m.[0m
[38;5;159m[Genesis] [10:34:30] [INFO] Adding [38;5;121m<gs.RigidEntity>[0m[38;5;159m. idx: [38;5;121m3[0m[38;5;159m, uid: [38;5;121m[3m<8bd9674>[0m[38;5;159m, morph: [38;5;121m<gs.morphs.Plane>[0m[38;5;159m, material: [38;5;121m<gs.materials.Rigid>[0m[38;5;159m.[0m
[38;5;159m[Genesis] [10:34:30] [INFO] Adding [38;5;121m<gs.RigidEntity>[0m[38;5;159m. idx: [38;5;121m4[0m[38;5;159m, uid: [38;5;121m[3m<5fb4c63>[0m[38;5;159m, morph: [38;5;121m<gs.morphs.Box>[0m[38;5;159m, material: [38;5;121m<gs.materials.Rigid>[0m[38;5;159m.[0m
[38;5;159m[Genesis] [10:34:30] [INFO] Adding [38;5;121m<gs.RigidEntity>[0m[38;5;159m. idx: [38;5;121m5[0m[38;5;159m, uid: [38;5;121m[3m<7ed76ee>[0m[38;5;159m, morph: [38;5;121m<gs.morphs.Box>[0m[38;5;159m, material: [38;5;121m<gs.materials.Rigid>[0m[38;5;159m.[0m
[38;5;159m[Genesis] [10:34:30] [INFO] Adding [38;5;121m<gs.RigidEntity>[0m[38;5;159m. idx: [38;5;121m6[0m[38;5;159m, uid: [38;5;121m[3m<20551bb>[0m[38;5;159m, morph: [38;5;121m<gs.morphs.Box>[0m[38;5;159m, material: [38;5;121m<gs.materials.Rigid>[0m[38;5;159m.[0m
[38;5;159m[Genesis] [10:34:30] [INFO] Adding [38;5;121m<gs.RigidEntity>[0m[38;5;159m. idx: [38;5;121m7[0m[38;5;159m, uid: [38;5;121m[3m<18941f4>[0m[38;5;159m, morph: [38;5;121m<gs.morphs.Box>[0m[38;5;159m, material: [38;5;121m<gs.materials.Rigid>[0m[38;5;159m.[0m
[38;5;159m[Genesis] [10:34:30] [INFO] Adding [38;5;121m<gs.RigidEntity>[0m[38;5;159m. idx: [38;5;121m8[0m[38;5;159m, uid: [38;5;121m[3m<1b9f121>[0m[38;5;159m, morph: [38;5;121m<gs.morphs.Box>[0m[38;5;159m, material: [38;5;121m<gs.materials.Rigid>[0m[38;5;159m.[0m
[38;5;159m[Genesis] [10:34:30] [INFO] Adding [38;5;121m<gs.RigidEntity>[0m[38;5;159m. idx: [38;5;121m9[0m[38;5;159m, uid: [38;5;121m[3m<bb2f7fc>[0m[38;5;159m, morph: [38;5;121m<gs.morphs.Box>[0m[38;5;159m, material: [38;5;121m<gs.materials.Rigid>[0m[38;5;159m.[0m
[38;5;159m[Genesis] [10:34:30] [INFO] Adding [38;5;121m<gs.RigidEntity>[0m[38;5;159m. idx: [38;5;121m10[0m[38;5;159m, uid: [38;5;121m[3m<d22f309>[0m[38;5;159m, morph: [38;5;121m<gs.morphs.Box>[0m[38;5;159m, material: [38;5;121m<gs.materials.Rigid>[0m[38;5;159m.[0m
[38;5;159m[Genesis] [10:34:30] [INFO] Adding [38;5;121m<gs.RigidEntity>[0m[38;5;159m. idx: [38;5;121m11[0m[38;5;159m, uid: [38;5;121m[3m<4e826d5>[0m[38;5;159m, morph: [38;5;121m<gs.morphs.Box>[0m[38;5;159m, material: [38;5;121m<gs.materials.Rigid>[0m[38;5;159m.[0m
[38;5;159m[Genesis] [10:34:30] [INFO] Adding [38;5;121m<gs.RigidEntity>[0m[38;5;159m. idx: [38;5;121m12[0m[38;5;159m, uid: [38;5;121m[3m<f283cb1>[0m[38;5;159m, morph: [38;5;121m<gs.morphs.Mesh(file='/mnt4/gck/maniladder/maniladder/assets/meshes/deformable/toy_box/cone.obj')>[0m[38;5;159m, material: [38;5;121m<gs.materials.Rigid>[0m[38;5;159m.[0m
[38;5;159m[Genesis] [10:34:30] [INFO] Preprocessing geom idx [38;5;121m[4m88[0m[38;5;159m.[0m
[38;5;159m[Genesis] [10:34:30] [INFO] Adding [38;5;121m<gs.RigidEntity>[0m[38;5;159m. idx: [38;5;121m13[0m[38;5;159m, uid: [38;5;121m[3m<0dcad9d>[0m[38;5;159m, morph: [38;5;121m<gs.morphs.Mesh(file='/mnt4/gck/maniladder/maniladder/assets/meshes/deformable/toy_box/heart.obj')>[0m[38;5;159m, material: [38;5;121m<gs.materials.Rigid>[0m[38;5;159m.[0m
[38;5;159m[Genesis] [10:34:30] [INFO] Preprocessing geom idx [38;5;121m[4m89[0m[38;5;159m.[0m
[38;5;159m[Genesis] [10:34:31] [INFO] Adding [38;5;121m<gs.MPMEntity>[0m[38;5;159m. idx: [38;5;121m14[0m[38;5;159m, uid: [38;5;121m[3m<8179fe9>[0m[38;5;159m, morph: [38;5;121m<gs.morphs.Mesh(file='/mnt4/gck/maniladder/maniladder/assets/meshes/deformable/toy_box/cyl.obj')>[0m[38;5;159m, material: [38;5;121m<gs.materials.MPM.Elastic>[0m[38;5;159m.[0m
[38;5;159m[Genesis] [10:34:31] [INFO] Sampling particles with [38;5;121mpbs-32[0m[38;5;159m sampler and generating `.ptc` file:[0m
[38;5;159m[Genesis] [10:34:39] [INFO] Sampled [38;5;121m[4m1,429[0m[38;5;159m particles.[0m
[38;5;159m[Genesis] [10:34:39] [INFO] Adding [38;5;121m<gs.RigidEntity>[0m[38;5;159m. idx: [38;5;121m15[0m[38;5;159m, uid: [38;5;121m[3m<eafbaf6>[0m[38;5;159m, morph: [38;5;121m<gs.morphs.Mesh(file='/mnt4/gck/maniladder/maniladder/assets/meshes/deformable/toy_box/moon.obj')>[0m[38;5;159m, material: [38;5;121m<gs.materials.Rigid>[0m[38;5;159m.[0m
[38;5;159m[Genesis] [10:34:39] [INFO] Convex hull is not accurate enough for collision detection (1.087). Falling back to more expensive convex decomposition (see FileMorph options).[0m
[38;5;159m[Genesis] [10:34:39] [INFO] Preprocessing geom idx [38;5;121m[4m90[0m[38;5;159m.[0m
[38;5;159m[Genesis] [10:34:39] [INFO] Preprocessing geom idx [38;5;121m[4m91[0m[38;5;159m.[0m
[38;5;159m[Genesis] [10:34:39] [INFO] Preprocessing geom idx [38;5;121m[4m92[0m[38;5;159m.[0m
[38;5;159m[Genesis] [10:34:39] [INFO] Preprocessing geom idx [38;5;121m[4m93[0m[38;5;159m.[0m
[38;5;159m[Genesis] [10:34:39] [INFO] Adding [38;5;121m<gs.RigidEntity>[0m[38;5;159m. idx: [38;5;121m16[0m[38;5;159m, uid: [38;5;121m[3m<790889a>[0m[38;5;159m, morph: [38;5;121m<gs.morphs.Mesh(file='/mnt4/gck/maniladder/maniladder/assets/meshes/deformable/toy_box/sphere.obj')>[0m[38;5;159m, material: [38;5;121m<gs.materials.Rigid>[0m[38;5;159m.[0m
[38;5;159m[Genesis] [10:34:39] [INFO] Preprocessing geom idx [38;5;121m[4m94[0m[38;5;159m.[0m
[38;5;159m[Genesis] [10:34:39] [INFO] Building scene [38;5;121m[3m<a886929>[0m[38;5;159m...[0m
[38;5;226m[Genesis] [10:34:42] [WARNING] Reference robot position exceeds joint limits.[0m
[38;5;226m[Genesis] [10:34:44] [WARNING] max_collision_pairs 300 is smaller than the theoretical maximal possible pairs 3900, it uses less memory but might lead to missing some collision pairs if there are too many collision pairs[0m
[38;5;226m[Genesis] [10:34:52] [WARNING] Kernel compilation takes longer when running MPM solver in CPIC mode. Please be patient.[0m
[38;5;226m[Genesis] [10:34:52] [WARNING] Current `substep_dt` (0.002) is greater than suggested_dt (0.0003125, calculated based on `grid_density`). Simulation might be unstable.[0m
[38;5;159m[Genesis] [10:34:53] [INFO] Compiling simulation kernels...[0m
[38;5;159m[Genesis] [10:36:23] [INFO] Building visualizer...[0m
  [ep 0/1, attempt 25] step 1/300  terminated=False  truncated=False
  [ep 0/1, attempt 25] step 101/300  terminated=False  truncated=False
  [ep 0/1, attempt 25] step 201/300  terminated=False  truncated=False
  [ep 0/1, attempt 25] step 300/300  terminated=False  truncated=True
  [WARNING] Episode 0 attempt 25 truncated without success. Discarding and retrying...
  [Success Rate] overall: 0.0% (0/25) | moving avg (last 25): 0.0%
[38;5;159m[Genesis] [10:38:51] [INFO] Scene [38;5;121m[3m<0a5372b>[0m[38;5;159m created.[0m
[38;5;159m[Genesis] [10:38:51] [INFO] Adding [38;5;121m<gs.RigidEntity>[0m[38;5;159m. idx: [38;5;121m0[0m[38;5;159m, uid: [38;5;121m[3m<4f03459>[0m[38;5;159m, morph: [38;5;121m<gs.morphs.URDF(file='/mnt4/gck/maniladder/maniladder/assets/urdf/panda_leaphand/panda_leaphand.urdf')>[0m[38;5;159m, material: [38;5;121m<gs.materials.Rigid>[0m[38;5;159m.[0m
[38;5;159m[Genesis] [10:38:54] [INFO] Applying offset to base link's pose with user provided value in morph.[0m
[38;5;159m[Genesis] [10:38:55] [INFO] Adding [38;5;121m<gs.RigidEntity>[0m[38;5;159m. idx: [38;5;121m1[0m[38;5;159m, uid: [38;5;121m[3m<31f3add>[0m[38;5;159m, morph: [38;5;121m<gs.morphs.Mesh(file='/mnt4/gck/maniladder/maniladder/assets/models/table.glb')>[0m[38;5;159m, material: [38;5;121m<gs.materials.Rigid>[0m[38;5;159m.[0m
[38;5;226m[Genesis] [10:38:55] [WARNING] GLTF is using y-up while Genesis uses z-up. Please set parse_glb_with_zup=True in morph options if you find the mesh is 90-degree rotated. We will set parse_glb_with_zup=True and rotate glb mesh by default later and gradually enforce this option.[0m
/data/gck/miniconda3/envs/maniladder/lib/python3.10/site-packages/pygltflib/__init__.py:830: UserWarning: pygltflib currently does not remove image data from the buffer when converting to data uri.Please open an issue at https://gitlab.com/dodgyville/pygltflib/issues
  warnings.warn("pygltflib currently does not remove image data "
[38;5;159m[Genesis] [10:38:56] [INFO] Adding [38;5;121m<gs.RigidEntity>[0m[38;5;159m. idx: [38;5;121m2[0m[38;5;159m, uid: [38;5;121m[3m<bcc608a>[0m[38;5;159m, morph: [38;5;121m<gs.morphs.Box>[0m[38;5;159m, material: [38;5;121m<gs.materials.Rigid>[0m[38;5;159m.[0m
[38;5;159m[Genesis] [10:38:56] [INFO] Adding [38;5;121m<gs.RigidEntity>[0m[38;5;159m. idx: [38;5;121m3[0m[38;5;159m, uid: [38;5;121m[3m<7aa5d77>[0m[38;5;159m, morph: [38;5;121m<gs.morphs.Plane>[0m[38;5;159m, material: [38;5;121m<gs.materials.Rigid>[0m[38;5;159m.[0m
[38;5;159m[Genesis] [10:38:56] [INFO] Adding [38;5;121m<gs.RigidEntity>[0m[38;5;159m. idx: [38;5;121m4[0m[38;5;159m, uid: [38;5;121m[3m<c8227b1>[0m[38;5;159m, morph: [38;5;121m<gs.morphs.Box>[0m[38;5;159m, material: [38;5;121m<gs.materials.Rigid>[0m[38;5;159m.[0m
[38;5;159m[Genesis] [10:38:56] [INFO] Adding [38;5;121m<gs.RigidEntity>[0m[38;5;159m. idx: [38;5;121m5[0m[38;5;159m, uid: [38;5;121m[3m<6de25c4>[0m[38;5;159m, morph: [38;5;121m<gs.morphs.Box>[0m[38;5;159m, material: [38;5;121m<gs.materials.Rigid>[0m[38;5;159m.[0m
[38;5;159m[Genesis] [10:38:56] [INFO] Adding [38;5;121m<gs.RigidEntity>[0m[38;5;159m. idx: [38;5;121m6[0m[38;5;159m, uid: [38;5;121m[3m<b6f061d>[0m[38;5;159m, morph: [38;5;121m<gs.morphs.Box>[0m[38;5;159m, material: [38;5;121m<gs.materials.Rigid>[0m[38;5;159m.[0m
[38;5;159m[Genesis] [10:38:56] [INFO] Adding [38;5;121m<gs.RigidEntity>[0m[38;5;159m. idx: [38;5;121m7[0m[38;5;159m, uid: [38;5;121m[3m<478b9c1>[0m[38;5;159m, morph: [38;5;121m<gs.morphs.Box>[0m[38;5;159m, material: [38;5;121m<gs.materials.Rigid>[0m[38;5;159m.[0m
[38;5;159m[Genesis] [10:38:56] [INFO] Adding [38;5;121m<gs.RigidEntity>[0m[38;5;159m. idx: [38;5;121m8[0m[38;5;159m, uid: [38;5;121m[3m<f57cb73>[0m[38;5;159m, morph: [38;5;121m<gs.morphs.Box>[0m[38;5;159m, material: [38;5;121m<gs.materials.Rigid>[0m[38;5;159m.[0m
[38;5;159m[Genesis] [10:38:56] [INFO] Adding [38;5;121m<gs.RigidEntity>[0m[38;5;159m. idx: [38;5;121m9[0m[38;5;159m, uid: [38;5;121m[3m<fbe0667>[0m[38;5;159m, morph: [38;5;121m<gs.morphs.Box>[0m[38;5;159m, material: [38;5;121m<gs.materials.Rigid>[0m[38;5;159m.[0m
[38;5;159m[Genesis] [10:38:56] [INFO] Adding [38;5;121m<gs.RigidEntity>[0m[38;5;159m. idx: [38;5;121m10[0m[38;5;159m, uid: [38;5;121m[3m<560976e>[0m[38;5;159m, morph: [38;5;121m<gs.morphs.Box>[0m[38;5;159m, material: [38;5;121m<gs.materials.Rigid>[0m[38;5;159m.[0m
[38;5;159m[Genesis] [10:38:56] [INFO] Adding [38;5;121m<gs.RigidEntity>[0m[38;5;159m. idx: [38;5;121m11[0m[38;5;159m, uid: [38;5;121m[3m<ae03653>[0m[38;5;159m, morph: [38;5;121m<gs.morphs.Box>[0m[38;5;159m, material: [38;5;121m<gs.materials.Rigid>[0m[38;5;159m.[0m
[38;5;159m[Genesis] [10:38:56] [INFO] Adding [38;5;121m<gs.RigidEntity>[0m[38;5;159m. idx: [38;5;121m12[0m[38;5;159m, uid: [38;5;121m[3m<6b1a5cd>[0m[38;5;159m, morph: [38;5;121m<gs.morphs.Mesh(file='/mnt4/gck/maniladder/maniladder/assets/meshes/deformable/toy_box/cone.obj')>[0m[38;5;159m, material: [38;5;121m<gs.materials.Rigid>[0m[38;5;159m.[0m
[38;5;159m[Genesis] [10:38:56] [INFO] Preprocessing geom idx [38;5;121m[4m88[0m[38;5;159m.[0m
[38;5;159m[Genesis] [10:38:56] [INFO] Adding [38;5;121m<gs.RigidEntity>[0m[38;5;159m. idx: [38;5;121m13[0m[38;5;159m, uid: [38;5;121m[3m<12e71b4>[0m[38;5;159m, morph: [38;5;121m<gs.morphs.Mesh(file='/mnt4/gck/maniladder/maniladder/assets/meshes/deformable/toy_box/sphere.obj')>[0m[38;5;159m, material: [38;5;121m<gs.materials.Rigid>[0m[38;5;159m.[0m
[38;5;159m[Genesis] [10:38:56] [INFO] Preprocessing geom idx [38;5;121m[4m89[0m[38;5;159m.[0m
[38;5;159m[Genesis] [10:38:56] [INFO] Adding [38;5;121m<gs.RigidEntity>[0m[38;5;159m. idx: [38;5;121m14[0m[38;5;159m, uid: [38;5;121m[3m<176e6c1>[0m[38;5;159m, morph: [38;5;121m<gs.morphs.Mesh(file='/mnt4/gck/maniladder/maniladder/assets/meshes/deformable/toy_box/star.obj')>[0m[38;5;159m, material: [38;5;121m<gs.materials.Rigid>[0m[38;5;159m.[0m
[38;5;159m[Genesis] [10:38:56] [INFO] Convex hull is not accurate enough for collision detection (0.798). Falling back to more expensive convex decomposition (see FileMorph options).[0m
[38;5;159m[Genesis] [10:38:56] [INFO] Preprocessing geom idx [38;5;121m[4m90[0m[38;5;159m.[0m
[38;5;159m[Genesis] [10:38:56] [INFO] Preprocessing geom idx [38;5;121m[4m91[0m[38;5;159m.[0m
[38;5;159m[Genesis] [10:38:56] [INFO] Preprocessing geom idx [38;5;121m[4m92[0m[38;5;159m.[0m
[38;5;159m[Genesis] [10:38:56] [INFO] Preprocessing geom idx [38;5;121m[4m93[0m[38;5;159m.[0m
[38;5;159m[Genesis] [10:38:56] [INFO] Adding [38;5;121m<gs.RigidEntity>[0m[38;5;159m. idx: [38;5;121m15[0m[38;5;159m, uid: [38;5;121m[3m<5984249>[0m[38;5;159m, morph: [38;5;121m<gs.morphs.Mesh(file='/mnt4/gck/maniladder/maniladder/assets/meshes/deformable/toy_box/heart.obj')>[0m[38;5;159m, material: [38;5;121m<gs.materials.Rigid>[0m[38;5;159m.[0m
[38;5;159m[Genesis] [10:38:56] [INFO] Preprocessing geom idx [38;5;121m[4m94[0m[38;5;159m.[0m
[38;5;159m[Genesis] [10:38:57] [INFO] Adding [38;5;121m<gs.MPMEntity>[0m[38;5;159m. idx: [38;5;121m16[0m[38;5;159m, uid: [38;5;121m[3m<4d84df3>[0m[38;5;159m, morph: [38;5;121m<gs.morphs.Mesh(file='/mnt4/gck/maniladder/maniladder/assets/meshes/deformable/toy_box/cyl.obj')>[0m[38;5;159m, material: [38;5;121m<gs.materials.MPM.Elastic>[0m[38;5;159m.[0m
[38;5;159m[Genesis] [10:38:57] [INFO] Sampling particles with [38;5;121mpbs-32[0m[38;5;159m sampler and generating `.ptc` file:[0m
[38;5;159m[Genesis] [10:39:05] [INFO] Sampled [38;5;121m[4m1,683[0m[38;5;159m particles.[0m
[38;5;159m[Genesis] [10:39:05] [INFO] Building scene [38;5;121m[3m<0a5372b>[0m[38;5;159m...[0m
[38;5;226m[Genesis] [10:39:08] [WARNING] Reference robot position exceeds joint limits.[0m
[38;5;226m[Genesis] [10:39:10] [WARNING] max_collision_pairs 300 is smaller than the theoretical maximal possible pairs 3900, it uses less memory but might lead to missing some collision pairs if there are too many collision pairs[0m
[38;5;226m[Genesis] [10:39:17] [WARNING] Kernel compilation takes longer when running MPM solver in CPIC mode. Please be patient.[0m
[38;5;226m[Genesis] [10:39:18] [WARNING] Current `substep_dt` (0.002) is greater than suggested_dt (0.0003125, calculated based on `grid_density`). Simulation might be unstable.[0m
[38;5;159m[Genesis] [10:39:19] [INFO] Compiling simulation kernels...[0m
[38;5;159m[Genesis] [10:40:49] [INFO] Building visualizer...[0m
  [ep 0/1, attempt 26] step 1/300  terminated=False  truncated=False
  [ep 0/1, attempt 26] step 101/300  terminated=False  truncated=False
  [ep 0/1, attempt 26] step 201/300  terminated=False  truncated=False
  [ep 0/1, attempt 26] step 300/300  terminated=False  truncated=True
  [WARNING] Episode 0 attempt 26 truncated without success. Discarding and retrying...
  [Success Rate] overall: 0.0% (0/26) | moving avg (last 26): 0.0%
[38;5;159m[Genesis] [10:43:06] [INFO] Scene [38;5;121m[3m<91cd070>[0m[38;5;159m created.[0m
[38;5;159m[Genesis] [10:43:06] [INFO] Adding [38;5;121m<gs.RigidEntity>[0m[38;5;159m. idx: [38;5;121m0[0m[38;5;159m, uid: [38;5;121m[3m<87e61de>[0m[38;5;159m, morph: [38;5;121m<gs.morphs.URDF(file='/mnt4/gck/maniladder/maniladder/assets/urdf/panda_leaphand/panda_leaphand.urdf')>[0m[38;5;159m, material: [38;5;121m<gs.materials.Rigid>[0m[38;5;159m.[0m
[38;5;159m[Genesis] [10:43:09] [INFO] Applying offset to base link's pose with user provided value in morph.[0m
[38;5;159m[Genesis] [10:43:10] [INFO] Adding [38;5;121m<gs.RigidEntity>[0m[38;5;159m. idx: [38;5;121m1[0m[38;5;159m, uid: [38;5;121m[3m<fcae46a>[0m[38;5;159m, morph: [38;5;121m<gs.morphs.Mesh(file='/mnt4/gck/maniladder/maniladder/assets/models/table.glb')>[0m[38;5;159m, material: [38;5;121m<gs.materials.Rigid>[0m[38;5;159m.[0m
[38;5;226m[Genesis] [10:43:10] [WARNING] GLTF is using y-up while Genesis uses z-up. Please set parse_glb_with_zup=True in morph options if you find the mesh is 90-degree rotated. We will set parse_glb_with_zup=True and rotate glb mesh by default later and gradually enforce this option.[0m
/data/gck/miniconda3/envs/maniladder/lib/python3.10/site-packages/pygltflib/__init__.py:830: UserWarning: pygltflib currently does not remove image data from the buffer when converting to data uri.Please open an issue at https://gitlab.com/dodgyville/pygltflib/issues
  warnings.warn("pygltflib currently does not remove image data "
[38;5;159m[Genesis] [10:43:11] [INFO] Adding [38;5;121m<gs.RigidEntity>[0m[38;5;159m. idx: [38;5;121m2[0m[38;5;159m, uid: [38;5;121m[3m<124a1d9>[0m[38;5;159m, morph: [38;5;121m<gs.morphs.Box>[0m[38;5;159m, material: [38;5;121m<gs.materials.Rigid>[0m[38;5;159m.[0m
[38;5;159m[Genesis] [10:43:11] [INFO] Adding [38;5;121m<gs.RigidEntity>[0m[38;5;159m. idx: [38;5;121m3[0m[38;5;159m, uid: [38;5;121m[3m<834eb02>[0m[38;5;159m, morph: [38;5;121m<gs.morphs.Plane>[0m[38;5;159m, material: [38;5;121m<gs.materials.Rigid>[0m[38;5;159m.[0m
[38;5;159m[Genesis] [10:43:11] [INFO] Adding [38;5;121m<gs.RigidEntity>[0m[38;5;159m. idx: [38;5;121m4[0m[38;5;159m, uid: [38;5;121m[3m<2cb84f3>[0m[38;5;159m, morph: [38;5;121m<gs.morphs.Box>[0m[38;5;159m, material: [38;5;121m<gs.materials.Rigid>[0m[38;5;159m.[0m
[38;5;159m[Genesis] [10:43:11] [INFO] Adding [38;5;121m<gs.RigidEntity>[0m[38;5;159m. idx: [38;5;121m5[0m[38;5;159m, uid: [38;5;121m[3m<8457ffe>[0m[38;5;159m, morph: [38;5;121m<gs.morphs.Box>[0m[38;5;159m, material: [38;5;121m<gs.materials.Rigid>[0m[38;5;159m.[0m
[38;5;159m[Genesis] [10:43:11] [INFO] Adding [38;5;121m<gs.RigidEntity>[0m[38;5;159m. idx: [38;5;121m6[0m[38;5;159m, uid: [38;5;121m[3m<9e8bfb3>[0m[38;5;159m, morph: [38;5;121m<gs.morphs.Box>[0m[38;5;159m, material: [38;5;121m<gs.materials.Rigid>[0m[38;5;159m.[0m
[38;5;159m[Genesis] [10:43:11] [INFO] Adding [38;5;121m<gs.RigidEntity>[0m[38;5;159m. idx: [38;5;121m7[0m[38;5;159m, uid: [38;5;121m[3m<3dd8d02>[0m[38;5;159m, morph: [38;5;121m<gs.morphs.Box>[0m[38;5;159m, material: [38;5;121m<gs.materials.Rigid>[0m[38;5;159m.[0m
[38;5;159m[Genesis] [10:43:11] [INFO] Adding [38;5;121m<gs.RigidEntity>[0m[38;5;159m. idx: [38;5;121m8[0m[38;5;159m, uid: [38;5;121m[3m<e4caae6>[0m[38;5;159m, morph: [38;5;121m<gs.morphs.Box>[0m[38;5;159m, material: [38;5;121m<gs.materials.Rigid>[0m[38;5;159m.[0m
[38;5;159m[Genesis] [10:43:11] [INFO] Adding [38;5;121m<gs.RigidEntity>[0m[38;5;159m. idx: [38;5;121m9[0m[38;5;159m, uid: [38;5;121m[3m<482fe5a>[0m[38;5;159m, morph: [38;5;121m<gs.morphs.Box>[0m[38;5;159m, material: [38;5;121m<gs.materials.Rigid>[0m[38;5;159m.[0m
[38;5;159m[Genesis] [10:43:11] [INFO] Adding [38;5;121m<gs.RigidEntity>[0m[38;5;159m. idx: [38;5;121m10[0m[38;5;159m, uid: [38;5;121m[3m<501a5d0>[0m[38;5;159m, morph: [38;5;121m<gs.morphs.Box>[0m[38;5;159m, material: [38;5;121m<gs.materials.Rigid>[0m[38;5;159m.[0m
[38;5;159m[Genesis] [10:43:11] [INFO] Adding [38;5;121m<gs.RigidEntity>[0m[38;5;159m. idx: [38;5;121m11[0m[38;5;159m, uid: [38;5;121m[3m<8c1d2e1>[0m[38;5;159m, morph: [38;5;121m<gs.morphs.Box>[0m[38;5;159m, material: [38;5;121m<gs.materials.Rigid>[0m[38;5;159m.[0m
[38;5;159m[Genesis] [10:43:11] [INFO] Adding [38;5;121m<gs.RigidEntity>[0m[38;5;159m. idx: [38;5;121m12[0m[38;5;159m, uid: [38;5;121m[3m<4634a0e>[0m[38;5;159m, morph: [38;5;121m<gs.morphs.Mesh(file='/mnt4/gck/maniladder/maniladder/assets/meshes/deformable/toy_box/star.obj')>[0m[38;5;159m, material: [38;5;121m<gs.materials.Rigid>[0m[38;5;159m.[0m
[38;5;159m[Genesis] [10:43:11] [INFO] Convex hull is not accurate enough for collision detection (0.798). Falling back to more expensive convex decomposition (see FileMorph options).[0m
[38;5;159m[Genesis] [10:43:11] [INFO] Preprocessing geom idx [38;5;121m[4m88[0m[38;5;159m.[0m
[38;5;159m[Genesis] [10:43:11] [INFO] Preprocessing geom idx [38;5;121m[4m89[0m[38;5;159m.[0m
[38;5;159m[Genesis] [10:43:11] [INFO] Preprocessing geom idx [38;5;121m[4m90[0m[38;5;159m.[0m
[38;5;159m[Genesis] [10:43:11] [INFO] Preprocessing geom idx [38;5;121m[4m91[0m[38;5;159m.[0m
[38;5;159m[Genesis] [10:43:11] [INFO] Adding [38;5;121m<gs.MPMEntity>[0m[38;5;159m. idx: [38;5;121m13[0m[38;5;159m, uid: [38;5;121m[3m<f0c6b9f>[0m[38;5;159m, morph: [38;5;121m<gs.morphs.Mesh(file='/mnt4/gck/maniladder/maniladder/assets/meshes/deformable/toy_box/cylinder.obj')>[0m[38;5;159m, material: [38;5;121m<gs.materials.MPM.Elastic>[0m[38;5;159m.[0m
[38;5;159m[Genesis] [10:43:11] [INFO] Sampling particles with [38;5;121mpbs-32[0m[38;5;159m sampler and generating `.ptc` file:[0m
[38;5;159m[Genesis] [10:43:19] [INFO] Sampled [38;5;121m[4m514[0m[38;5;159m particles.[0m
[38;5;159m[Genesis] [10:43:19] [INFO] Adding [38;5;121m<gs.RigidEntity>[0m[38;5;159m. idx: [38;5;121m14[0m[38;5;159m, uid: [38;5;121m[3m<c12fae4>[0m[38;5;159m, morph: [38;5;121m<gs.morphs.Mesh(file='/mnt4/gck/maniladder/maniladder/assets/meshes/deformable/toy_box/heart.obj')>[0m[38;5;159m, material: [38;5;121m<gs.materials.Rigid>[0m[38;5;159m.[0m
[38;5;159m[Genesis] [10:43:19] [INFO] Preprocessing geom idx [38;5;121m[4m92[0m[38;5;159m.[0m
[38;5;159m[Genesis] [10:43:20] [INFO] Adding [38;5;121m<gs.RigidEntity>[0m[38;5;159m. idx: [38;5;121m15[0m[38;5;159m, uid: [38;5;121m[3m<5aa3404>[0m[38;5;159m, morph: [38;5;121m<gs.morphs.Mesh(file='/mnt4/gck/maniladder/maniladder/assets/meshes/deformable/toy_box/moon.obj')>[0m[38;5;159m, material: [38;5;121m<gs.materials.Rigid>[0m[38;5;159m.[0m
[38;5;159m[Genesis] [10:43:20] [INFO] Convex hull is not accurate enough for collision detection (1.087). Falling back to more expensive convex decomposition (see FileMorph options).[0m
[38;5;159m[Genesis] [10:43:20] [INFO] Preprocessing geom idx [38;5;121m[4m93[0m[38;5;159m.[0m
[38;5;159m[Genesis] [10:43:20] [INFO] Preprocessing geom idx [38;5;121m[4m94[0m[38;5;159m.[0m
[38;5;159m[Genesis] [10:43:20] [INFO] Preprocessing geom idx [38;5;121m[4m95[0m[38;5;159m.[0m
[38;5;159m[Genesis] [10:43:20] [INFO] Preprocessing geom idx [38;5;121m[4m96[0m[38;5;159m.[0m
[38;5;159m[Genesis] [10:43:20] [INFO] Adding [38;5;121m<gs.RigidEntity>[0m[38;5;159m. idx: [38;5;121m16[0m[38;5;159m, uid: [38;5;121m[3m<88a1e91>[0m[38;5;159m, morph: [38;5;121m<gs.morphs.Mesh(file='/mnt4/gck/maniladder/maniladder/assets/meshes/deformable/toy_box/sphere.obj')>[0m[38;5;159m, material: [38;5;121m<gs.materials.Rigid>[0m[38;5;159m.[0m
[38;5;159m[Genesis] [10:43:20] [INFO] Preprocessing geom idx [38;5;121m[4m97[0m[38;5;159m.[0m
[38;5;159m[Genesis] [10:43:21] [INFO] Building scene [38;5;121m[3m<91cd070>[0m[38;5;159m...[0m
[38;5;226m[Genesis] [10:43:23] [WARNING] Reference robot position exceeds joint limits.[0m
[38;5;226m[Genesis] [10:43:25] [WARNING] max_collision_pairs 300 is smaller than the theoretical maximal possible pairs 4182, it uses less memory but might lead to missing some collision pairs if there are too many collision pairs[0m
[38;5;226m[Genesis] [10:43:33] [WARNING] Kernel compilation takes longer when running MPM solver in CPIC mode. Please be patient.[0m
[38;5;226m[Genesis] [10:43:33] [WARNING] Current `substep_dt` (0.002) is greater than suggested_dt (0.0003125, calculated based on `grid_density`). Simulation might be unstable.[0m
[38;5;159m[Genesis] [10:43:34] [INFO] Compiling simulation kernels...[0m
[38;5;159m[Genesis] [10:45:01] [INFO] Building visualizer...[0m
  [ep 0/1, attempt 27] step 1/300  terminated=False  truncated=False
  [ep 0/1, attempt 27] step 101/300  terminated=False  truncated=False
  [ep 0/1, attempt 27] step 201/300  terminated=False  truncated=False
  [ep 0/1, attempt 27] step 300/300  terminated=False  truncated=True
  [WARNING] Episode 0 attempt 27 truncated without success. Discarding and retrying...
  [Success Rate] overall: 0.0% (0/27) | moving avg (last 27): 0.0%
[38;5;159m[Genesis] [10:47:29] [INFO] Scene [38;5;121m[3m<002689d>[0m[38;5;159m created.[0m
[38;5;159m[Genesis] [10:47:29] [INFO] Adding [38;5;121m<gs.RigidEntity>[0m[38;5;159m. idx: [38;5;121m0[0m[38;5;159m, uid: [38;5;121m[3m<c14c3dd>[0m[38;5;159m, morph: [38;5;121m<gs.morphs.URDF(file='/mnt4/gck/maniladder/maniladder/assets/urdf/panda_leaphand/panda_leaphand.urdf')>[0m[38;5;159m, material: [38;5;121m<gs.materials.Rigid>[0m[38;5;159m.[0m
[38;5;159m[Genesis] [10:47:32] [INFO] Applying offset to base link's pose with user provided value in morph.[0m
[38;5;159m[Genesis] [10:47:34] [INFO] Adding [38;5;121m<gs.RigidEntity>[0m[38;5;159m. idx: [38;5;121m1[0m[38;5;159m, uid: [38;5;121m[3m<d72f294>[0m[38;5;159m, morph: [38;5;121m<gs.morphs.Mesh(file='/mnt4/gck/maniladder/maniladder/assets/models/table.glb')>[0m[38;5;159m, material: [38;5;121m<gs.materials.Rigid>[0m[38;5;159m.[0m
[38;5;226m[Genesis] [10:47:34] [WARNING] GLTF is using y-up while Genesis uses z-up. Please set parse_glb_with_zup=True in morph options if you find the mesh is 90-degree rotated. We will set parse_glb_with_zup=True and rotate glb mesh by default later and gradually enforce this option.[0m
/data/gck/miniconda3/envs/maniladder/lib/python3.10/site-packages/pygltflib/__init__.py:830: UserWarning: pygltflib currently does not remove image data from the buffer when converting to data uri.Please open an issue at https://gitlab.com/dodgyville/pygltflib/issues
  warnings.warn("pygltflib currently does not remove image data "
[38;5;159m[Genesis] [10:47:34] [INFO] Adding [38;5;121m<gs.RigidEntity>[0m[38;5;159m. idx: [38;5;121m2[0m[38;5;159m, uid: [38;5;121m[3m<b5cdb1c>[0m[38;5;159m, morph: [38;5;121m<gs.morphs.Box>[0m[38;5;159m, material: [38;5;121m<gs.materials.Rigid>[0m[38;5;159m.[0m
[38;5;159m[Genesis] [10:47:34] [INFO] Adding [38;5;121m<gs.RigidEntity>[0m[38;5;159m. idx: [38;5;121m3[0m[38;5;159m, uid: [38;5;121m[3m<6c7be8b>[0m[38;5;159m, morph: [38;5;121m<gs.morphs.Plane>[0m[38;5;159m, material: [38;5;121m<gs.materials.Rigid>[0m[38;5;159m.[0m
[38;5;159m[Genesis] [10:47:34] [INFO] Adding [38;5;121m<gs.RigidEntity>[0m[38;5;159m. idx: [38;5;121m4[0m[38;5;159m, uid: [38;5;121m[3m<993e3dd>[0m[38;5;159m, morph: [38;5;121m<gs.morphs.Box>[0m[38;5;159m, material: [38;5;121m<gs.materials.Rigid>[0m[38;5;159m.[0m
[38;5;159m[Genesis] [10:47:34] [INFO] Adding [38;5;121m<gs.RigidEntity>[0m[38;5;159m. idx: [38;5;121m5[0m[38;5;159m, uid: [38;5;121m[3m<8325ea7>[0m[38;5;159m, morph: [38;5;121m<gs.morphs.Box>[0m[38;5;159m, material: [38;5;121m<gs.materials.Rigid>[0m[38;5;159m.[0m
[38;5;159m[Genesis] [10:47:34] [INFO] Adding [38;5;121m<gs.RigidEntity>[0m[38;5;159m. idx: [38;5;121m6[0m[38;5;159m, uid: [38;5;121m[3m<99396fc>[0m[38;5;159m, morph: [38;5;121m<gs.morphs.Box>[0m[38;5;159m, material: [38;5;121m<gs.materials.Rigid>[0m[38;5;159m.[0m
[38;5;159m[Genesis] [10:47:34] [INFO] Adding [38;5;121m<gs.RigidEntity>[0m[38;5;159m. idx: [38;5;121m7[0m[38;5;159m, uid: [38;5;121m[3m<cc19554>[0m[38;5;159m, morph: [38;5;121m<gs.morphs.Box>[0m[38;5;159m, material: [38;5;121m<gs.materials.Rigid>[0m[38;5;159m.[0m
[38;5;159m[Genesis] [10:47:34] [INFO] Adding [38;5;121m<gs.RigidEntity>[0m[38;5;159m. idx: [38;5;121m8[0m[38;5;159m, uid: [38;5;121m[3m<fdad180>[0m[38;5;159m, morph: [38;5;121m<gs.morphs.Box>[0m[38;5;159m, material: [38;5;121m<gs.materials.Rigid>[0m[38;5;159m.[0m
[38;5;159m[Genesis] [10:47:34] [INFO] Adding [38;5;121m<gs.RigidEntity>[0m[38;5;159m. idx: [38;5;121m9[0m[38;5;159m, uid: [38;5;121m[3m<8191c11>[0m[38;5;159m, morph: [38;5;121m<gs.morphs.Box>[0m[38;5;159m, material: [38;5;121m<gs.materials.Rigid>[0m[38;5;159m.[0m
[38;5;159m[Genesis] [10:47:34] [INFO] Adding [38;5;121m<gs.RigidEntity>[0m[38;5;159m. idx: [38;5;121m10[0m[38;5;159m, uid: [38;5;121m[3m<024f0de>[0m[38;5;159m, morph: [38;5;121m<gs.morphs.Box>[0m[38;5;159m, material: [38;5;121m<gs.materials.Rigid>[0m[38;5;159m.[0m
[38;5;159m[Genesis] [10:47:34] [INFO] Adding [38;5;121m<gs.RigidEntity>[0m[38;5;159m. idx: [38;5;121m11[0m[38;5;159m, uid: [38;5;121m[3m<8b188d9>[0m[38;5;159m, morph: [38;5;121m<gs.morphs.Box>[0m[38;5;159m, material: [38;5;121m<gs.materials.Rigid>[0m[38;5;159m.[0m
[38;5;159m[Genesis] [10:47:34] [INFO] Adding [38;5;121m<gs.RigidEntity>[0m[38;5;159m. idx: [38;5;121m12[0m[38;5;159m, uid: [38;5;121m[3m<f0a3396>[0m[38;5;159m, morph: [38;5;121m<gs.morphs.Mesh(file='/mnt4/gck/maniladder/maniladder/assets/meshes/deformable/toy_box/sphere.obj')>[0m[38;5;159m, material: [38;5;121m<gs.materials.Rigid>[0m[38;5;159m.[0m
[38;5;159m[Genesis] [10:47:34] [INFO] Preprocessing geom idx [38;5;121m[4m88[0m[38;5;159m.[0m
[38;5;159m[Genesis] [10:47:34] [INFO] Adding [38;5;121m<gs.RigidEntity>[0m[38;5;159m. idx: [38;5;121m13[0m[38;5;159m, uid: [38;5;121m[3m<428f67d>[0m[38;5;159m, morph: [38;5;121m<gs.morphs.Mesh(file='/mnt4/gck/maniladder/maniladder/assets/meshes/deformable/toy_box/heart.obj')>[0m[38;5;159m, material: [38;5;121m<gs.materials.Rigid>[0m[38;5;159m.[0m
[38;5;159m[Genesis] [10:47:34] [INFO] Preprocessing geom idx [38;5;121m[4m89[0m[38;5;159m.[0m
[38;5;159m[Genesis] [10:47:35] [INFO] Adding [38;5;121m<gs.MPMEntity>[0m[38;5;159m. idx: [38;5;121m14[0m[38;5;159m, uid: [38;5;121m[3m<ee88bd1>[0m[38;5;159m, morph: [38;5;121m<gs.morphs.Mesh(file='/mnt4/gck/maniladder/maniladder/assets/meshes/deformable/toy_box/cyl.obj')>[0m[38;5;159m, material: [38;5;121m<gs.materials.MPM.Elastic>[0m[38;5;159m.[0m
[38;5;159m[Genesis] [10:47:35] [INFO] Sampling particles with [38;5;121mpbs-32[0m[38;5;159m sampler and generating `.ptc` file:[0m
[38;5;159m[Genesis] [10:47:43] [INFO] Sampled [38;5;121m[4m1,016[0m[38;5;159m particles.[0m
[38;5;159m[Genesis] [10:47:43] [INFO] Adding [38;5;121m<gs.RigidEntity>[0m[38;5;159m. idx: [38;5;121m15[0m[38;5;159m, uid: [38;5;121m[3m<dcbd714>[0m[38;5;159m, morph: [38;5;121m<gs.morphs.Mesh(file='/mnt4/gck/maniladder/maniladder/assets/meshes/deformable/toy_box/star.obj')>[0m[38;5;159m, material: [38;5;121m<gs.materials.Rigid>[0m[38;5;159m.[0m
[38;5;159m[Genesis] [10:47:43] [INFO] Convex hull is not accurate enough for collision detection (0.798). Falling back to more expensive convex decomposition (see FileMorph options).[0m
[38;5;159m[Genesis] [10:47:43] [INFO] Preprocessing geom idx [38;5;121m[4m90[0m[38;5;159m.[0m
[38;5;159m[Genesis] [10:47:43] [INFO] Preprocessing geom idx [38;5;121m[4m91[0m[38;5;159m.[0m
[38;5;159m[Genesis] [10:47:43] [INFO] Preprocessing geom idx [38;5;121m[4m92[0m[38;5;159m.[0m
[38;5;159m[Genesis] [10:47:43] [INFO] Preprocessing geom idx [38;5;121m[4m93[0m[38;5;159m.[0m
[38;5;159m[Genesis] [10:47:43] [INFO] Adding [38;5;121m<gs.RigidEntity>[0m[38;5;159m. idx: [38;5;121m16[0m[38;5;159m, uid: [38;5;121m[3m<21407f6>[0m[38;5;159m, morph: [38;5;121m<gs.morphs.Mesh(file='/mnt4/gck/maniladder/maniladder/assets/meshes/deformable/toy_box/cone.obj')>[0m[38;5;159m, material: [38;5;121m<gs.materials.Rigid>[0m[38;5;159m.[0m
[38;5;159m[Genesis] [10:47:43] [INFO] Preprocessing geom idx [38;5;121m[4m94[0m[38;5;159m.[0m
[38;5;159m[Genesis] [10:47:43] [INFO] Building scene [38;5;121m[3m<002689d>[0m[38;5;159m...[0m
[38;5;226m[Genesis] [10:47:46] [WARNING] Reference robot position exceeds joint limits.[0m
[38;5;226m[Genesis] [10:47:48] [WARNING] max_collision_pairs 300 is smaller than the theoretical maximal possible pairs 3900, it uses less memory but might lead to missing some collision pairs if there are too many collision pairs[0m
[38;5;226m[Genesis] [10:47:56] [WARNING] Kernel compilation takes longer when running MPM solver in CPIC mode. Please be patient.[0m
[38;5;226m[Genesis] [10:47:56] [WARNING] Current `substep_dt` (0.002) is greater than suggested_dt (0.0003125, calculated based on `grid_density`). Simulation might be unstable.[0m
[38;5;159m[Genesis] [10:47:57] [INFO] Compiling simulation kernels...[0m
[38;5;159m[Genesis] [10:49:27] [INFO] Building visualizer...[0m
  [ep 0/1, attempt 28] step 1/300  terminated=False  truncated=False
  [ep 0/1, attempt 28] step 101/300  terminated=False  truncated=False
  [ep 0/1, attempt 28] step 201/300  terminated=False  truncated=False
  [ep 0/1, attempt 28] step 300/300  terminated=False  truncated=True
  [WARNING] Episode 0 attempt 28 truncated without success. Discarding and retrying...
  [Success Rate] overall: 0.0% (0/28) | moving avg (last 28): 0.0%
[38;5;159m[Genesis] [10:50:57] [INFO] Scene [38;5;121m[3m<ea03703>[0m[38;5;159m created.[0m
[38;5;159m[Genesis] [10:50:57] [INFO] Adding [38;5;121m<gs.RigidEntity>[0m[38;5;159m. idx: [38;5;121m0[0m[38;5;159m, uid: [38;5;121m[3m<eeea32b>[0m[38;5;159m, morph: [38;5;121m<gs.morphs.URDF(file='/mnt4/gck/maniladder/maniladder/assets/urdf/panda_leaphand/panda_leaphand.urdf')>[0m[38;5;159m, material: [38;5;121m<gs.materials.Rigid>[0m[38;5;159m.[0m
[38;5;159m[Genesis] [10:51:00] [INFO] Applying offset to base link's pose with user provided value in morph.[0m
[38;5;159m[Genesis] [10:51:02] [INFO] Adding [38;5;121m<gs.RigidEntity>[0m[38;5;159m. idx: [38;5;121m1[0m[38;5;159m, uid: [38;5;121m[3m<ce9c26e>[0m[38;5;159m, morph: [38;5;121m<gs.morphs.Mesh(file='/mnt4/gck/maniladder/maniladder/assets/models/table.glb')>[0m[38;5;159m, material: [38;5;121m<gs.materials.Rigid>[0m[38;5;159m.[0m
[38;5;226m[Genesis] [10:51:02] [WARNING] GLTF is using y-up while Genesis uses z-up. Please set parse_glb_with_zup=True in morph options if you find the mesh is 90-degree rotated. We will set parse_glb_with_zup=True and rotate glb mesh by default later and gradually enforce this option.[0m
/data/gck/miniconda3/envs/maniladder/lib/python3.10/site-packages/pygltflib/__init__.py:830: UserWarning: pygltflib currently does not remove image data from the buffer when converting to data uri.Please open an issue at https://gitlab.com/dodgyville/pygltflib/issues
  warnings.warn("pygltflib currently does not remove image data "
[38;5;159m[Genesis] [10:51:02] [INFO] Adding [38;5;121m<gs.RigidEntity>[0m[38;5;159m. idx: [38;5;121m2[0m[38;5;159m, uid: [38;5;121m[3m<2cde87c>[0m[38;5;159m, morph: [38;5;121m<gs.morphs.Box>[0m[38;5;159m, material: [38;5;121m<gs.materials.Rigid>[0m[38;5;159m.[0m
[38;5;159m[Genesis] [10:51:02] [INFO] Adding [38;5;121m<gs.RigidEntity>[0m[38;5;159m. idx: [38;5;121m3[0m[38;5;159m, uid: [38;5;121m[3m<17752a0>[0m[38;5;159m, morph: [38;5;121m<gs.morphs.Plane>[0m[38;5;159m, material: [38;5;121m<gs.materials.Rigid>[0m[38;5;159m.[0m
[38;5;159m[Genesis] [10:51:02] [INFO] Adding [38;5;121m<gs.RigidEntity>[0m[38;5;159m. idx: [38;5;121m4[0m[38;5;159m, uid: [38;5;121m[3m<656cd82>[0m[38;5;159m, morph: [38;5;121m<gs.morphs.Box>[0m[38;5;159m, material: [38;5;121m<gs.materials.Rigid>[0m[38;5;159m.[0m
[38;5;159m[Genesis] [10:51:02] [INFO] Adding [38;5;121m<gs.RigidEntity>[0m[38;5;159m. idx: [38;5;121m5[0m[38;5;159m, uid: [38;5;121m[3m<e272fe2>[0m[38;5;159m, morph: [38;5;121m<gs.morphs.Box>[0m[38;5;159m, material: [38;5;121m<gs.materials.Rigid>[0m[38;5;159m.[0m
[38;5;159m[Genesis] [10:51:02] [INFO] Adding [38;5;121m<gs.RigidEntity>[0m[38;5;159m. idx: [38;5;121m6[0m[38;5;159m, uid: [38;5;121m[3m<6d50cbe>[0m[38;5;159m, morph: [38;5;121m<gs.morphs.Box>[0m[38;5;159m, material: [38;5;121m<gs.materials.Rigid>[0m[38;5;159m.[0m
[38;5;159m[Genesis] [10:51:02] [INFO] Adding [38;5;121m<gs.RigidEntity>[0m[38;5;159m. idx: [38;5;121m7[0m[38;5;159m, uid: [38;5;121m[3m<f4d6e7a>[0m[38;5;159m, morph: [38;5;121m<gs.morphs.Box>[0m[38;5;159m, material: [38;5;121m<gs.materials.Rigid>[0m[38;5;159m.[0m
[38;5;159m[Genesis] [10:51:02] [INFO] Adding [38;5;121m<gs.RigidEntity>[0m[38;5;159m. idx: [38;5;121m8[0m[38;5;159m, uid: [38;5;121m[3m<6ee804e>[0m[38;5;159m, morph: [38;5;121m<gs.morphs.Box>[0m[38;5;159m, material: [38;5;121m<gs.materials.Rigid>[0m[38;5;159m.[0m
[38;5;159m[Genesis] [10:51:02] [INFO] Adding [38;5;121m<gs.RigidEntity>[0m[38;5;159m. idx: [38;5;121m9[0m[38;5;159m, uid: [38;5;121m[3m<1a232f8>[0m[38;5;159m, morph: [38;5;121m<gs.morphs.Box>[0m[38;5;159m, material: [38;5;121m<gs.materials.Rigid>[0m[38;5;159m.[0m
[38;5;159m[Genesis] [10:51:02] [INFO] Adding [38;5;121m<gs.RigidEntity>[0m[38;5;159m. idx: [38;5;121m10[0m[38;5;159m, uid: [38;5;121m[3m<2c69194>[0m[38;5;159m, morph: [38;5;121m<gs.morphs.Box>[0m[38;5;159m, material: [38;5;121m<gs.materials.Rigid>[0m[38;5;159m.[0m
[38;5;159m[Genesis] [10:51:02] [INFO] Adding [38;5;121m<gs.RigidEntity>[0m[38;5;159m. idx: [38;5;121m11[0m[38;5;159m, uid: [38;5;121m[3m<8dc12a0>[0m[38;5;159m, morph: [38;5;121m<gs.morphs.Box>[0m[38;5;159m, material: [38;5;121m<gs.materials.Rigid>[0m[38;5;159m.[0m
[38;5;159m[Genesis] [10:51:02] [INFO] Adding [38;5;121m<gs.RigidEntity>[0m[38;5;159m. idx: [38;5;121m12[0m[38;5;159m, uid: [38;5;121m[3m<59e16df>[0m[38;5;159m, morph: [38;5;121m<gs.morphs.Mesh(file='/mnt4/gck/maniladder/maniladder/assets/meshes/deformable/toy_box/star.obj')>[0m[38;5;159m, material: [38;5;121m<gs.materials.Rigid>[0m[38;5;159m.[0m
[38;5;159m[Genesis] [10:51:02] [INFO] Convex hull is not accurate enough for collision detection (0.798). Falling back to more expensive convex decomposition (see FileMorph options).[0m
[38;5;159m[Genesis] [10:51:02] [INFO] Preprocessing geom idx [38;5;121m[4m88[0m[38;5;159m.[0m
[38;5;159m[Genesis] [10:51:02] [INFO] Preprocessing geom idx [38;5;121m[4m89[0m[38;5;159m.[0m
[38;5;159m[Genesis] [10:51:02] [INFO] Preprocessing geom idx [38;5;121m[4m90[0m[38;5;159m.[0m
[38;5;159m[Genesis] [10:51:02] [INFO] Preprocessing geom idx [38;5;121m[4m91[0m[38;5;159m.[0m
[38;5;159m[Genesis] [10:51:02] [INFO] Adding [38;5;121m<gs.MPMEntity>[0m[38;5;159m. idx: [38;5;121m13[0m[38;5;159m, uid: [38;5;121m[3m<6162937>[0m[38;5;159m, morph: [38;5;121m<gs.morphs.Mesh(file='/mnt4/gck/maniladder/maniladder/assets/meshes/deformable/toy_box/cylinder.obj')>[0m[38;5;159m, material: [38;5;121m<gs.materials.MPM.Elastic>[0m[38;5;159m.[0m
[38;5;159m[Genesis] [10:51:02] [INFO] Sampling particles with [38;5;121mpbs-32[0m[38;5;159m sampler and generating `.ptc` file:[0m
[38;5;159m[Genesis] [10:51:10] [INFO] Sampled [38;5;121m[4m592[0m[38;5;159m particles.[0m
[38;5;159m[Genesis] [10:51:10] [INFO] Adding [38;5;121m<gs.RigidEntity>[0m[38;5;159m. idx: [38;5;121m14[0m[38;5;159m, uid: [38;5;121m[3m<7dda2d6>[0m[38;5;159m, morph: [38;5;121m<gs.morphs.Mesh(file='/mnt4/gck/maniladder/maniladder/assets/meshes/deformable/toy_box/sphere.obj')>[0m[38;5;159m, material: [38;5;121m<gs.materials.Rigid>[0m[38;5;159m.[0m
[38;5;159m[Genesis] [10:51:11] [INFO] Preprocessing geom idx [38;5;121m[4m92[0m[38;5;159m.[0m
[38;5;159m[Genesis] [10:51:11] [INFO] Adding [38;5;121m<gs.RigidEntity>[0m[38;5;159m. idx: [38;5;121m15[0m[38;5;159m, uid: [38;5;121m[3m<23b973d>[0m[38;5;159m, morph: [38;5;121m<gs.morphs.Mesh(file='/mnt4/gck/maniladder/maniladder/assets/meshes/deformable/toy_box/cone.obj')>[0m[38;5;159m, material: [38;5;121m<gs.materials.Rigid>[0m[38;5;159m.[0m
[38;5;159m[Genesis] [10:51:11] [INFO] Preprocessing geom idx [38;5;121m[4m93[0m[38;5;159m.[0m
[38;5;159m[Genesis] [10:51:11] [INFO] Adding [38;5;121m<gs.RigidEntity>[0m[38;5;159m. idx: [38;5;121m16[0m[38;5;159m, uid: [38;5;121m[3m<5f2ae19>[0m[38;5;159m, morph: [38;5;121m<gs.morphs.Mesh(file='/mnt4/gck/maniladder/maniladder/assets/meshes/deformable/toy_box/moon.obj')>[0m[38;5;159m, material: [38;5;121m<gs.materials.Rigid>[0m[38;5;159m.[0m
[38;5;159m[Genesis] [10:51:11] [INFO] Convex hull is not accurate enough for collision detection (1.087). Falling back to more expensive convex decomposition (see FileMorph options).[0m
[38;5;159m[Genesis] [10:51:11] [INFO] Preprocessing geom idx [38;5;121m[4m94[0m[38;5;159m.[0m
[38;5;159m[Genesis] [10:51:11] [INFO] Preprocessing geom idx [38;5;121m[4m95[0m[38;5;159m.[0m
[38;5;159m[Genesis] [10:51:11] [INFO] Preprocessing geom idx [38;5;121m[4m96[0m[38;5;159m.[0m
[38;5;159m[Genesis] [10:51:11] [INFO] Preprocessing geom idx [38;5;121m[4m97[0m[38;5;159m.[0m
[38;5;159m[Genesis] [10:51:11] [INFO] Building scene [38;5;121m[3m<ea03703>[0m[38;5;159m...[0m
[38;5;226m[Genesis] [10:51:14] [WARNING] Reference robot position exceeds joint limits.[0m
[38;5;226m[Genesis] [10:51:16] [WARNING] max_collision_pairs 300 is smaller than the theoretical maximal possible pairs 4182, it uses less memory but might lead to missing some collision pairs if there are too many collision pairs[0m
[38;5;226m[Genesis] [10:51:24] [WARNING] Kernel compilation takes longer when running MPM solver in CPIC mode. Please be patient.[0m
[38;5;226m[Genesis] [10:51:24] [WARNING] Current `substep_dt` (0.002) is greater than suggested_dt (0.0003125, calculated based on `grid_density`). Simulation might be unstable.[0m
[38;5;159m[Genesis] [10:51:25] [INFO] Compiling simulation kernels...[0m
[38;5;159m[Genesis] [10:52:53] [INFO] Building visualizer...[0m
  [ep 0/1, attempt 29] step 1/300  terminated=False  truncated=False
  [ep 0/1, attempt 29] step 101/300  terminated=False  truncated=False
  [ep 0/1, attempt 29] step 201/300  terminated=False  truncated=False
  [ep 0/1, attempt 29] step 300/300  terminated=False  truncated=True
  [WARNING] Episode 0 attempt 29 truncated without success. Discarding and retrying...
  [Success Rate] overall: 0.0% (0/29) | moving avg (last 29): 0.0%
[38;5;159m[Genesis] [10:54:51] [INFO] Scene [38;5;121m[3m<11dfc93>[0m[38;5;159m created.[0m
[38;5;159m[Genesis] [10:54:51] [INFO] Adding [38;5;121m<gs.RigidEntity>[0m[38;5;159m. idx: [38;5;121m0[0m[38;5;159m, uid: [38;5;121m[3m<9837ed2>[0m[38;5;159m, morph: [38;5;121m<gs.morphs.URDF(file='/mnt4/gck/maniladder/maniladder/assets/urdf/panda_leaphand/panda_leaphand.urdf')>[0m[38;5;159m, material: [38;5;121m<gs.materials.Rigid>[0m[38;5;159m.[0m
[38;5;159m[Genesis] [10:54:54] [INFO] Applying offset to base link's pose with user provided value in morph.[0m
[38;5;159m[Genesis] [10:54:55] [INFO] Adding [38;5;121m<gs.RigidEntity>[0m[38;5;159m. idx: [38;5;121m1[0m[38;5;159m, uid: [38;5;121m[3m<fc5b3d9>[0m[38;5;159m, morph: [38;5;121m<gs.morphs.Mesh(file='/mnt4/gck/maniladder/maniladder/assets/models/table.glb')>[0m[38;5;159m, material: [38;5;121m<gs.materials.Rigid>[0m[38;5;159m.[0m
[38;5;226m[Genesis] [10:54:55] [WARNING] GLTF is using y-up while Genesis uses z-up. Please set parse_glb_with_zup=True in morph options if you find the mesh is 90-degree rotated. We will set parse_glb_with_zup=True and rotate glb mesh by default later and gradually enforce this option.[0m
/data/gck/miniconda3/envs/maniladder/lib/python3.10/site-packages/pygltflib/__init__.py:830: UserWarning: pygltflib currently does not remove image data from the buffer when converting to data uri.Please open an issue at https://gitlab.com/dodgyville/pygltflib/issues
  warnings.warn("pygltflib currently does not remove image data "
[38;5;159m[Genesis] [10:54:56] [INFO] Adding [38;5;121m<gs.RigidEntity>[0m[38;5;159m. idx: [38;5;121m2[0m[38;5;159m, uid: [38;5;121m[3m<1c3fe24>[0m[38;5;159m, morph: [38;5;121m<gs.morphs.Box>[0m[38;5;159m, material: [38;5;121m<gs.materials.Rigid>[0m[38;5;159m.[0m
[38;5;159m[Genesis] [10:54:56] [INFO] Adding [38;5;121m<gs.RigidEntity>[0m[38;5;159m. idx: [38;5;121m3[0m[38;5;159m, uid: [38;5;121m[3m<1f296b4>[0m[38;5;159m, morph: [38;5;121m<gs.morphs.Plane>[0m[38;5;159m, material: [38;5;121m<gs.materials.Rigid>[0m[38;5;159m.[0m
[38;5;159m[Genesis] [10:54:56] [INFO] Adding [38;5;121m<gs.RigidEntity>[0m[38;5;159m. idx: [38;5;121m4[0m[38;5;159m, uid: [38;5;121m[3m<43ff989>[0m[38;5;159m, morph: [38;5;121m<gs.morphs.Box>[0m[38;5;159m, material: [38;5;121m<gs.materials.Rigid>[0m[38;5;159m.[0m
[38;5;159m[Genesis] [10:54:56] [INFO] Adding [38;5;121m<gs.RigidEntity>[0m[38;5;159m. idx: [38;5;121m5[0m[38;5;159m, uid: [38;5;121m[3m<8be497f>[0m[38;5;159m, morph: [38;5;121m<gs.morphs.Box>[0m[38;5;159m, material: [38;5;121m<gs.materials.Rigid>[0m[38;5;159m.[0m
[38;5;159m[Genesis] [10:54:56] [INFO] Adding [38;5;121m<gs.RigidEntity>[0m[38;5;159m. idx: [38;5;121m6[0m[38;5;159m, uid: [38;5;121m[3m<1fea739>[0m[38;5;159m, morph: [38;5;121m<gs.morphs.Box>[0m[38;5;159m, material: [38;5;121m<gs.materials.Rigid>[0m[38;5;159m.[0m
[38;5;159m[Genesis] [10:54:56] [INFO] Adding [38;5;121m<gs.RigidEntity>[0m[38;5;159m. idx: [38;5;121m7[0m[38;5;159m, uid: [38;5;121m[3m<7f96be6>[0m[38;5;159m, morph: [38;5;121m<gs.morphs.Box>[0m[38;5;159m, material: [38;5;121m<gs.materials.Rigid>[0m[38;5;159m.[0m
[38;5;159m[Genesis] [10:54:56] [INFO] Adding [38;5;121m<gs.RigidEntity>[0m[38;5;159m. idx: [38;5;121m8[0m[38;5;159m, uid: [38;5;121m[3m<d74d345>[0m[38;5;159m, morph: [38;5;121m<gs.morphs.Box>[0m[38;5;159m, material: [38;5;121m<gs.materials.Rigid>[0m[38;5;159m.[0m
[38;5;159m[Genesis] [10:54:56] [INFO] Adding [38;5;121m<gs.RigidEntity>[0m[38;5;159m. idx: [38;5;121m9[0m[38;5;159m, uid: [38;5;121m[3m<af88105>[0m[38;5;159m, morph: [38;5;121m<gs.morphs.Box>[0m[38;5;159m, material: [38;5;121m<gs.materials.Rigid>[0m[38;5;159m.[0m
[38;5;159m[Genesis] [10:54:56] [INFO] Adding [38;5;121m<gs.RigidEntity>[0m[38;5;159m. idx: [38;5;121m10[0m[38;5;159m, uid: [38;5;121m[3m<aee753a>[0m[38;5;159m, morph: [38;5;121m<gs.morphs.Box>[0m[38;5;159m, material: [38;5;121m<gs.materials.Rigid>[0m[38;5;159m.[0m
[38;5;159m[Genesis] [10:54:56] [INFO] Adding [38;5;121m<gs.RigidEntity>[0m[38;5;159m. idx: [38;5;121m11[0m[38;5;159m, uid: [38;5;121m[3m<40834a8>[0m[38;5;159m, morph: [38;5;121m<gs.morphs.Box>[0m[38;5;159m, material: [38;5;121m<gs.materials.Rigid>[0m[38;5;159m.[0m
[38;5;159m[Genesis] [10:54:56] [INFO] Adding [38;5;121m<gs.RigidEntity>[0m[38;5;159m. idx: [38;5;121m12[0m[38;5;159m, uid: [38;5;121m[3m<ba6356a>[0m[38;5;159m, morph: [38;5;121m<gs.morphs.Mesh(file='/mnt4/gck/maniladder/maniladder/assets/meshes/deformable/toy_box/moon.obj')>[0m[38;5;159m, material: [38;5;121m<gs.materials.Rigid>[0m[38;5;159m.[0m
[38;5;159m[Genesis] [10:54:56] [INFO] Convex hull is not accurate enough for collision detection (1.087). Falling back to more expensive convex decomposition (see FileMorph options).[0m
[38;5;159m[Genesis] [10:54:56] [INFO] Preprocessing geom idx [38;5;121m[4m88[0m[38;5;159m.[0m
[38;5;159m[Genesis] [10:54:56] [INFO] Preprocessing geom idx [38;5;121m[4m89[0m[38;5;159m.[0m
[38;5;159m[Genesis] [10:54:56] [INFO] Preprocessing geom idx [38;5;121m[4m90[0m[38;5;159m.[0m
[38;5;159m[Genesis] [10:54:56] [INFO] Preprocessing geom idx [38;5;121m[4m91[0m[38;5;159m.[0m
[38;5;159m[Genesis] [10:54:56] [INFO] Adding [38;5;121m<gs.MPMEntity>[0m[38;5;159m. idx: [38;5;121m13[0m[38;5;159m, uid: [38;5;121m[3m<384e385>[0m[38;5;159m, morph: [38;5;121m<gs.morphs.Mesh(file='/mnt4/gck/maniladder/maniladder/assets/meshes/deformable/toy_box/cyl.obj')>[0m[38;5;159m, material: [38;5;121m<gs.materials.MPM.Elastic>[0m[38;5;159m.[0m
[38;5;159m[Genesis] [10:54:56] [INFO] Sampling particles with [38;5;121mpbs-32[0m[38;5;159m sampler and generating `.ptc` file:[0m
[38;5;159m[Genesis] [10:55:03] [INFO] Sampled [38;5;121m[4m1,433[0m[38;5;159m particles.[0m
[38;5;159m[Genesis] [10:55:03] [INFO] Adding [38;5;121m<gs.RigidEntity>[0m[38;5;159m. idx: [38;5;121m14[0m[38;5;159m, uid: [38;5;121m[3m<7bb54d9>[0m[38;5;159m, morph: [38;5;121m<gs.morphs.Mesh(file='/mnt4/gck/maniladder/maniladder/assets/meshes/deformable/toy_box/heart.obj')>[0m[38;5;159m, material: [38;5;121m<gs.materials.Rigid>[0m[38;5;159m.[0m
[38;5;159m[Genesis] [10:55:03] [INFO] Preprocessing geom idx [38;5;121m[4m92[0m[38;5;159m.[0m
[38;5;159m[Genesis] [10:55:04] [INFO] Adding [38;5;121m<gs.RigidEntity>[0m[38;5;159m. idx: [38;5;121m15[0m[38;5;159m, uid: [38;5;121m[3m<5aa2474>[0m[38;5;159m, morph: [38;5;121m<gs.morphs.Mesh(file='/mnt4/gck/maniladder/maniladder/assets/meshes/deformable/toy_box/cone.obj')>[0m[38;5;159m, material: [38;5;121m<gs.materials.Rigid>[0m[38;5;159m.[0m
[38;5;159m[Genesis] [10:55:04] [INFO] Preprocessing geom idx [38;5;121m[4m93[0m[38;5;159m.[0m
[38;5;159m[Genesis] [10:55:04] [INFO] Adding [38;5;121m<gs.RigidEntity>[0m[38;5;159m. idx: [38;5;121m16[0m[38;5;159m, uid: [38;5;121m[3m<9833db3>[0m[38;5;159m, morph: [38;5;121m<gs.morphs.Mesh(file='/mnt4/gck/maniladder/maniladder/assets/meshes/deformable/toy_box/cylinder.obj')>[0m[38;5;159m, material: [38;5;121m<gs.materials.Rigid>[0m[38;5;159m.[0m
[38;5;159m[Genesis] [10:55:04] [INFO] Preprocessing geom idx [38;5;121m[4m94[0m[38;5;159m.[0m
[38;5;159m[Genesis] [10:55:04] [INFO] Building scene [38;5;121m[3m<11dfc93>[0m[38;5;159m...[0m
[38;5;226m[Genesis] [10:55:07] [WARNING] Reference robot position exceeds joint limits.[0m
[38;5;226m[Genesis] [10:55:09] [WARNING] max_collision_pairs 300 is smaller than the theoretical maximal possible pairs 3900, it uses less memory but might lead to missing some collision pairs if there are too many collision pairs[0m
[38;5;226m[Genesis] [10:55:16] [WARNING] Kernel compilation takes longer when running MPM solver in CPIC mode. Please be patient.[0m
[38;5;226m[Genesis] [10:55:17] [WARNING] Current `substep_dt` (0.002) is greater than suggested_dt (0.0003125, calculated based on `grid_density`). Simulation might be unstable.[0m
[38;5;159m[Genesis] [10:55:18] [INFO] Compiling simulation kernels...[0m
[38;5;159m[Genesis] [10:56:47] [INFO] Building visualizer...[0m
  [ep 0/1, attempt 30] step 1/300  terminated=False  truncated=False
  [ep 0/1, attempt 30] step 101/300  terminated=False  truncated=False
  [ep 0/1, attempt 30] step 201/300  terminated=False  truncated=False
  [ep 0/1, attempt 30] step 300/300  terminated=False  truncated=True
  [WARNING] Episode 0 attempt 30 truncated without success. Discarding and retrying...
  [Success Rate] overall: 0.0% (0/30) | moving avg (last 30): 0.0%
[38;5;159m[Genesis] [10:58:29] [INFO] Scene [38;5;121m[3m<a8810c1>[0m[38;5;159m created.[0m
[38;5;159m[Genesis] [10:58:29] [INFO] Adding [38;5;121m<gs.RigidEntity>[0m[38;5;159m. idx: [38;5;121m0[0m[38;5;159m, uid: [38;5;121m[3m<cabaaa0>[0m[38;5;159m, morph: [38;5;121m<gs.morphs.URDF(file='/mnt4/gck/maniladder/maniladder/assets/urdf/panda_leaphand/panda_leaphand.urdf')>[0m[38;5;159m, material: [38;5;121m<gs.materials.Rigid>[0m[38;5;159m.[0m
[38;5;159m[Genesis] [10:58:32] [INFO] Applying offset to base link's pose with user provided value in morph.[0m
[38;5;159m[Genesis] [10:58:33] [INFO] Adding [38;5;121m<gs.RigidEntity>[0m[38;5;159m. idx: [38;5;121m1[0m[38;5;159m, uid: [38;5;121m[3m<c9a0dbd>[0m[38;5;159m, morph: [38;5;121m<gs.morphs.Mesh(file='/mnt4/gck/maniladder/maniladder/assets/models/table.glb')>[0m[38;5;159m, material: [38;5;121m<gs.materials.Rigid>[0m[38;5;159m.[0m
[38;5;226m[Genesis] [10:58:33] [WARNING] GLTF is using y-up while Genesis uses z-up. Please set parse_glb_with_zup=True in morph options if you find the mesh is 90-degree rotated. We will set parse_glb_with_zup=True and rotate glb mesh by default later and gradually enforce this option.[0m
/data/gck/miniconda3/envs/maniladder/lib/python3.10/site-packages/pygltflib/__init__.py:830: UserWarning: pygltflib currently does not remove image data from the buffer when converting to data uri.Please open an issue at https://gitlab.com/dodgyville/pygltflib/issues
  warnings.warn("pygltflib currently does not remove image data "
[38;5;159m[Genesis] [10:58:33] [INFO] Adding [38;5;121m<gs.RigidEntity>[0m[38;5;159m. idx: [38;5;121m2[0m[38;5;159m, uid: [38;5;121m[3m<78d1f4b>[0m[38;5;159m, morph: [38;5;121m<gs.morphs.Box>[0m[38;5;159m, material: [38;5;121m<gs.materials.Rigid>[0m[38;5;159m.[0m
[38;5;159m[Genesis] [10:58:33] [INFO] Adding [38;5;121m<gs.RigidEntity>[0m[38;5;159m. idx: [38;5;121m3[0m[38;5;159m, uid: [38;5;121m[3m<fda76ff>[0m[38;5;159m, morph: [38;5;121m<gs.morphs.Plane>[0m[38;5;159m, material: [38;5;121m<gs.materials.Rigid>[0m[38;5;159m.[0m
[38;5;159m[Genesis] [10:58:33] [INFO] Adding [38;5;121m<gs.RigidEntity>[0m[38;5;159m. idx: [38;5;121m4[0m[38;5;159m, uid: [38;5;121m[3m<508bd4d>[0m[38;5;159m, morph: [38;5;121m<gs.morphs.Box>[0m[38;5;159m, material: [38;5;121m<gs.materials.Rigid>[0m[38;5;159m.[0m
[38;5;159m[Genesis] [10:58:34] [INFO] Adding [38;5;121m<gs.RigidEntity>[0m[38;5;159m. idx: [38;5;121m5[0m[38;5;159m, uid: [38;5;121m[3m<f08b31a>[0m[38;5;159m, morph: [38;5;121m<gs.morphs.Box>[0m[38;5;159m, material: [38;5;121m<gs.materials.Rigid>[0m[38;5;159m.[0m
[38;5;159m[Genesis] [10:58:34] [INFO] Adding [38;5;121m<gs.RigidEntity>[0m[38;5;159m. idx: [38;5;121m6[0m[38;5;159m, uid: [38;5;121m[3m<c9c37ce>[0m[38;5;159m, morph: [38;5;121m<gs.morphs.Box>[0m[38;5;159m, material: [38;5;121m<gs.materials.Rigid>[0m[38;5;159m.[0m
[38;5;159m[Genesis] [10:58:34] [INFO] Adding [38;5;121m<gs.RigidEntity>[0m[38;5;159m. idx: [38;5;121m7[0m[38;5;159m, uid: [38;5;121m[3m<db20fce>[0m[38;5;159m, morph: [38;5;121m<gs.morphs.Box>[0m[38;5;159m, material: [38;5;121m<gs.materials.Rigid>[0m[38;5;159m.[0m
[38;5;159m[Genesis] [10:58:34] [INFO] Adding [38;5;121m<gs.RigidEntity>[0m[38;5;159m. idx: [38;5;121m8[0m[38;5;159m, uid: [38;5;121m[3m<3a3ee02>[0m[38;5;159m, morph: [38;5;121m<gs.morphs.Box>[0m[38;5;159m, material: [38;5;121m<gs.materials.Rigid>[0m[38;5;159m.[0m
[38;5;159m[Genesis] [10:58:34] [INFO] Adding [38;5;121m<gs.RigidEntity>[0m[38;5;159m. idx: [38;5;121m9[0m[38;5;159m, uid: [38;5;121m[3m<969ed32>[0m[38;5;159m, morph: [38;5;121m<gs.morphs.Box>[0m[38;5;159m, material: [38;5;121m<gs.materials.Rigid>[0m[38;5;159m.[0m
[38;5;159m[Genesis] [10:58:34] [INFO] Adding [38;5;121m<gs.RigidEntity>[0m[38;5;159m. idx: [38;5;121m10[0m[38;5;159m, uid: [38;5;121m[3m<07b93c5>[0m[38;5;159m, morph: [38;5;121m<gs.morphs.Box>[0m[38;5;159m, material: [38;5;121m<gs.materials.Rigid>[0m[38;5;159m.[0m
[38;5;159m[Genesis] [10:58:34] [INFO] Adding [38;5;121m<gs.RigidEntity>[0m[38;5;159m. idx: [38;5;121m11[0m[38;5;159m, uid: [38;5;121m[3m<f041a8e>[0m[38;5;159m, morph: [38;5;121m<gs.morphs.Box>[0m[38;5;159m, material: [38;5;121m<gs.materials.Rigid>[0m[38;5;159m.[0m
[38;5;159m[Genesis] [10:58:34] [INFO] Adding [38;5;121m<gs.RigidEntity>[0m[38;5;159m. idx: [38;5;121m12[0m[38;5;159m, uid: [38;5;121m[3m<9eab8cf>[0m[38;5;159m, morph: [38;5;121m<gs.morphs.Mesh(file='/mnt4/gck/maniladder/maniladder/assets/meshes/deformable/toy_box/cone.obj')>[0m[38;5;159m, material: [38;5;121m<gs.materials.Rigid>[0m[38;5;159m.[0m
[38;5;159m[Genesis] [10:58:34] [INFO] Preprocessing geom idx [38;5;121m[4m88[0m[38;5;159m.[0m
[38;5;159m[Genesis] [10:58:34] [INFO] Adding [38;5;121m<gs.RigidEntity>[0m[38;5;159m. idx: [38;5;121m13[0m[38;5;159m, uid: [38;5;121m[3m<7b56804>[0m[38;5;159m, morph: [38;5;121m<gs.morphs.Mesh(file='/mnt4/gck/maniladder/maniladder/assets/meshes/deformable/toy_box/moon.obj')>[0m[38;5;159m, material: [38;5;121m<gs.materials.Rigid>[0m[38;5;159m.[0m
[38;5;159m[Genesis] [10:58:34] [INFO] Convex hull is not accurate enough for collision detection (1.087). Falling back to more expensive convex decomposition (see FileMorph options).[0m
[38;5;159m[Genesis] [10:58:34] [INFO] Preprocessing geom idx [38;5;121m[4m89[0m[38;5;159m.[0m
[38;5;159m[Genesis] [10:58:34] [INFO] Preprocessing geom idx [38;5;121m[4m90[0m[38;5;159m.[0m
[38;5;159m[Genesis] [10:58:34] [INFO] Preprocessing geom idx [38;5;121m[4m91[0m[38;5;159m.[0m
[38;5;159m[Genesis] [10:58:34] [INFO] Preprocessing geom idx [38;5;121m[4m92[0m[38;5;159m.[0m
[38;5;159m[Genesis] [10:58:34] [INFO] Adding [38;5;121m<gs.RigidEntity>[0m[38;5;159m. idx: [38;5;121m14[0m[38;5;159m, uid: [38;5;121m[3m<f15bfc7>[0m[38;5;159m, morph: [38;5;121m<gs.morphs.Mesh(file='/mnt4/gck/maniladder/maniladder/assets/meshes/deformable/toy_box/cylinder.obj')>[0m[38;5;159m, material: [38;5;121m<gs.materials.Rigid>[0m[38;5;159m.[0m
[38;5;159m[Genesis] [10:58:34] [INFO] Preprocessing geom idx [38;5;121m[4m93[0m[38;5;159m.[0m
[38;5;159m[Genesis] [10:58:35] [INFO] Adding [38;5;121m<gs.MPMEntity>[0m[38;5;159m. idx: [38;5;121m15[0m[38;5;159m, uid: [38;5;121m[3m<5c07a97>[0m[38;5;159m, morph: [38;5;121m<gs.morphs.Mesh(file='/mnt4/gck/maniladder/maniladder/assets/meshes/deformable/toy_box/cyl.obj')>[0m[38;5;159m, material: [38;5;121m<gs.materials.MPM.Elastic>[0m[38;5;159m.[0m
[38;5;159m[Genesis] [10:58:35] [INFO] Sampling particles with [38;5;121mpbs-32[0m[38;5;159m sampler and generating `.ptc` file:[0m
[38;5;159m[Genesis] [10:58:43] [INFO] Sampled [38;5;121m[4m1,650[0m[38;5;159m particles.[0m
[38;5;159m[Genesis] [10:58:43] [INFO] Adding [38;5;121m<gs.RigidEntity>[0m[38;5;159m. idx: [38;5;121m16[0m[38;5;159m, uid: [38;5;121m[3m<f796850>[0m[38;5;159m, morph: [38;5;121m<gs.morphs.Mesh(file='/mnt4/gck/maniladder/maniladder/assets/meshes/deformable/toy_box/heart.obj')>[0m[38;5;159m, material: [38;5;121m<gs.materials.Rigid>[0m[38;5;159m.[0m
[38;5;159m[Genesis] [10:58:43] [INFO] Preprocessing geom idx [38;5;121m[4m94[0m[38;5;159m.[0m
[38;5;159m[Genesis] [10:58:43] [INFO] Building scene [38;5;121m[3m<a8810c1>[0m[38;5;159m...[0m
[38;5;226m[Genesis] [10:58:46] [WARNING] Reference robot position exceeds joint limits.[0m
[38;5;226m[Genesis] [10:58:48] [WARNING] max_collision_pairs 300 is smaller than the theoretical maximal possible pairs 3900, it uses less memory but might lead to missing some collision pairs if there are too many collision pairs[0m
[38;5;226m[Genesis] [10:58:55] [WARNING] Kernel compilation takes longer when running MPM solver in CPIC mode. Please be patient.[0m
[38;5;226m[Genesis] [10:58:56] [WARNING] Current `substep_dt` (0.002) is greater than suggested_dt (0.0003125, calculated based on `grid_density`). Simulation might be unstable.[0m
[38;5;159m[Genesis] [10:58:57] [INFO] Compiling simulation kernels...[0m
[38;5;159m[Genesis] [11:00:27] [INFO] Building visualizer...[0m
  [ep 0/1, attempt 31] step 1/300  terminated=False  truncated=False
  [ep 0/1, attempt 31] step 101/300  terminated=False  truncated=False
  [ep 0/1, attempt 31] step 201/300  terminated=False  truncated=False
  [ep 0/1, attempt 31] step 300/300  terminated=False  truncated=True
  [WARNING] Episode 0 attempt 31 truncated without success. Discarding and retrying...
  [Success Rate] overall: 0.0% (0/31) | moving avg (last 31): 0.0%
[38;5;159m[Genesis] [11:02:57] [INFO] Scene [38;5;121m[3m<6c497e7>[0m[38;5;159m created.[0m
[38;5;159m[Genesis] [11:02:57] [INFO] Adding [38;5;121m<gs.RigidEntity>[0m[38;5;159m. idx: [38;5;121m0[0m[38;5;159m, uid: [38;5;121m[3m<87726fe>[0m[38;5;159m, morph: [38;5;121m<gs.morphs.URDF(file='/mnt4/gck/maniladder/maniladder/assets/urdf/panda_leaphand/panda_leaphand.urdf')>[0m[38;5;159m, material: [38;5;121m<gs.materials.Rigid>[0m[38;5;159m.[0m
[38;5;159m[Genesis] [11:03:00] [INFO] Applying offset to base link's pose with user provided value in morph.[0m
[38;5;159m[Genesis] [11:03:01] [INFO] Adding [38;5;121m<gs.RigidEntity>[0m[38;5;159m. idx: [38;5;121m1[0m[38;5;159m, uid: [38;5;121m[3m<ff286dc>[0m[38;5;159m, morph: [38;5;121m<gs.morphs.Mesh(file='/mnt4/gck/maniladder/maniladder/assets/models/table.glb')>[0m[38;5;159m, material: [38;5;121m<gs.materials.Rigid>[0m[38;5;159m.[0m
[38;5;226m[Genesis] [11:03:01] [WARNING] GLTF is using y-up while Genesis uses z-up. Please set parse_glb_with_zup=True in morph options if you find the mesh is 90-degree rotated. We will set parse_glb_with_zup=True and rotate glb mesh by default later and gradually enforce this option.[0m
/data/gck/miniconda3/envs/maniladder/lib/python3.10/site-packages/pygltflib/__init__.py:830: UserWarning: pygltflib currently does not remove image data from the buffer when converting to data uri.Please open an issue at https://gitlab.com/dodgyville/pygltflib/issues
  warnings.warn("pygltflib currently does not remove image data "
[38;5;159m[Genesis] [11:03:01] [INFO] Adding [38;5;121m<gs.RigidEntity>[0m[38;5;159m. idx: [38;5;121m2[0m[38;5;159m, uid: [38;5;121m[3m<557bf7b>[0m[38;5;159m, morph: [38;5;121m<gs.morphs.Box>[0m[38;5;159m, material: [38;5;121m<gs.materials.Rigid>[0m[38;5;159m.[0m
[38;5;159m[Genesis] [11:03:01] [INFO] Adding [38;5;121m<gs.RigidEntity>[0m[38;5;159m. idx: [38;5;121m3[0m[38;5;159m, uid: [38;5;121m[3m<765d902>[0m[38;5;159m, morph: [38;5;121m<gs.morphs.Plane>[0m[38;5;159m, material: [38;5;121m<gs.materials.Rigid>[0m[38;5;159m.[0m
[38;5;159m[Genesis] [11:03:01] [INFO] Adding [38;5;121m<gs.RigidEntity>[0m[38;5;159m. idx: [38;5;121m4[0m[38;5;159m, uid: [38;5;121m[3m<0a73f11>[0m[38;5;159m, morph: [38;5;121m<gs.morphs.Box>[0m[38;5;159m, material: [38;5;121m<gs.materials.Rigid>[0m[38;5;159m.[0m
[38;5;159m[Genesis] [11:03:01] [INFO] Adding [38;5;121m<gs.RigidEntity>[0m[38;5;159m. idx: [38;5;121m5[0m[38;5;159m, uid: [38;5;121m[3m<7cf7fab>[0m[38;5;159m, morph: [38;5;121m<gs.morphs.Box>[0m[38;5;159m, material: [38;5;121m<gs.materials.Rigid>[0m[38;5;159m.[0m
[38;5;159m[Genesis] [11:03:01] [INFO] Adding [38;5;121m<gs.RigidEntity>[0m[38;5;159m. idx: [38;5;121m6[0m[38;5;159m, uid: [38;5;121m[3m<6c6e76b>[0m[38;5;159m, morph: [38;5;121m<gs.morphs.Box>[0m[38;5;159m, material: [38;5;121m<gs.materials.Rigid>[0m[38;5;159m.[0m
[38;5;159m[Genesis] [11:03:01] [INFO] Adding [38;5;121m<gs.RigidEntity>[0m[38;5;159m. idx: [38;5;121m7[0m[38;5;159m, uid: [38;5;121m[3m<28453fa>[0m[38;5;159m, morph: [38;5;121m<gs.morphs.Box>[0m[38;5;159m, material: [38;5;121m<gs.materials.Rigid>[0m[38;5;159m.[0m
[38;5;159m[Genesis] [11:03:01] [INFO] Adding [38;5;121m<gs.RigidEntity>[0m[38;5;159m. idx: [38;5;121m8[0m[38;5;159m, uid: [38;5;121m[3m<248bd31>[0m[38;5;159m, morph: [38;5;121m<gs.morphs.Box>[0m[38;5;159m, material: [38;5;121m<gs.materials.Rigid>[0m[38;5;159m.[0m
[38;5;159m[Genesis] [11:03:01] [INFO] Adding [38;5;121m<gs.RigidEntity>[0m[38;5;159m. idx: [38;5;121m9[0m[38;5;159m, uid: [38;5;121m[3m<848fc22>[0m[38;5;159m, morph: [38;5;121m<gs.morphs.Box>[0m[38;5;159m, material: [38;5;121m<gs.materials.Rigid>[0m[38;5;159m.[0m
[38;5;159m[Genesis] [11:03:02] [INFO] Adding [38;5;121m<gs.RigidEntity>[0m[38;5;159m. idx: [38;5;121m10[0m[38;5;159m, uid: [38;5;121m[3m<ea67e0e>[0m[38;5;159m, morph: [38;5;121m<gs.morphs.Box>[0m[38;5;159m, material: [38;5;121m<gs.materials.Rigid>[0m[38;5;159m.[0m
[38;5;159m[Genesis] [11:03:02] [INFO] Adding [38;5;121m<gs.RigidEntity>[0m[38;5;159m. idx: [38;5;121m11[0m[38;5;159m, uid: [38;5;121m[3m<0c970a5>[0m[38;5;159m, morph: [38;5;121m<gs.morphs.Box>[0m[38;5;159m, material: [38;5;121m<gs.materials.Rigid>[0m[38;5;159m.[0m
[38;5;159m[Genesis] [11:03:02] [INFO] Adding [38;5;121m<gs.RigidEntity>[0m[38;5;159m. idx: [38;5;121m12[0m[38;5;159m, uid: [38;5;121m[3m<3cd06cd>[0m[38;5;159m, morph: [38;5;121m<gs.morphs.Mesh(file='/mnt4/gck/maniladder/maniladder/assets/meshes/deformable/toy_box/sphere.obj')>[0m[38;5;159m, material: [38;5;121m<gs.materials.Rigid>[0m[38;5;159m.[0m
[38;5;159m[Genesis] [11:03:02] [INFO] Preprocessing geom idx [38;5;121m[4m88[0m[38;5;159m.[0m
[38;5;159m[Genesis] [11:03:02] [INFO] Adding [38;5;121m<gs.RigidEntity>[0m[38;5;159m. idx: [38;5;121m13[0m[38;5;159m, uid: [38;5;121m[3m<e5ccc93>[0m[38;5;159m, morph: [38;5;121m<gs.morphs.Mesh(file='/mnt4/gck/maniladder/maniladder/assets/meshes/deformable/toy_box/moon.obj')>[0m[38;5;159m, material: [38;5;121m<gs.materials.Rigid>[0m[38;5;159m.[0m
[38;5;159m[Genesis] [11:03:02] [INFO] Convex hull is not accurate enough for collision detection (1.087). Falling back to more expensive convex decomposition (see FileMorph options).[0m
[38;5;159m[Genesis] [11:03:02] [INFO] Preprocessing geom idx [38;5;121m[4m89[0m[38;5;159m.[0m
[38;5;159m[Genesis] [11:03:02] [INFO] Preprocessing geom idx [38;5;121m[4m90[0m[38;5;159m.[0m
[38;5;159m[Genesis] [11:03:02] [INFO] Preprocessing geom idx [38;5;121m[4m91[0m[38;5;159m.[0m
[38;5;159m[Genesis] [11:03:02] [INFO] Preprocessing geom idx [38;5;121m[4m92[0m[38;5;159m.[0m
[38;5;159m[Genesis] [11:03:02] [INFO] Adding [38;5;121m<gs.RigidEntity>[0m[38;5;159m. idx: [38;5;121m14[0m[38;5;159m, uid: [38;5;121m[3m<fe23755>[0m[38;5;159m, morph: [38;5;121m<gs.morphs.Mesh(file='/mnt4/gck/maniladder/maniladder/assets/meshes/deformable/toy_box/cone.obj')>[0m[38;5;159m, material: [38;5;121m<gs.materials.Rigid>[0m[38;5;159m.[0m
[38;5;159m[Genesis] [11:03:02] [INFO] Preprocessing geom idx [38;5;121m[4m93[0m[38;5;159m.[0m
[38;5;159m[Genesis] [11:03:02] [INFO] Adding [38;5;121m<gs.MPMEntity>[0m[38;5;159m. idx: [38;5;121m15[0m[38;5;159m, uid: [38;5;121m[3m<c6a1768>[0m[38;5;159m, morph: [38;5;121m<gs.morphs.Mesh(file='/mnt4/gck/maniladder/maniladder/assets/meshes/deformable/toy_box/cyl.obj')>[0m[38;5;159m, material: [38;5;121m<gs.materials.MPM.Elastic>[0m[38;5;159m.[0m
[38;5;159m[Genesis] [11:03:02] [INFO] Sampling particles with [38;5;121mpbs-32[0m[38;5;159m sampler and generating `.ptc` file:[0m
[38;5;159m[Genesis] [11:03:11] [INFO] Sampled [38;5;121m[4m1,250[0m[38;5;159m particles.[0m
[38;5;159m[Genesis] [11:03:11] [INFO] Adding [38;5;121m<gs.RigidEntity>[0m[38;5;159m. idx: [38;5;121m16[0m[38;5;159m, uid: [38;5;121m[3m<7d5237e>[0m[38;5;159m, morph: [38;5;121m<gs.morphs.Mesh(file='/mnt4/gck/maniladder/maniladder/assets/meshes/deformable/toy_box/heart.obj')>[0m[38;5;159m, material: [38;5;121m<gs.materials.Rigid>[0m[38;5;159m.[0m
[38;5;159m[Genesis] [11:03:11] [INFO] Preprocessing geom idx [38;5;121m[4m94[0m[38;5;159m.[0m
[38;5;159m[Genesis] [11:03:11] [INFO] Building scene [38;5;121m[3m<6c497e7>[0m[38;5;159m...[0m
[38;5;226m[Genesis] [11:03:14] [WARNING] Reference robot position exceeds joint limits.[0m
[38;5;226m[Genesis] [11:03:16] [WARNING] max_collision_pairs 300 is smaller than the theoretical maximal possible pairs 3900, it uses less memory but might lead to missing some collision pairs if there are too many collision pairs[0m
[38;5;226m[Genesis] [11:03:24] [WARNING] Kernel compilation takes longer when running MPM solver in CPIC mode. Please be patient.[0m
[38;5;226m[Genesis] [11:03:24] [WARNING] Current `substep_dt` (0.002) is greater than suggested_dt (0.0003125, calculated based on `grid_density`). Simulation might be unstable.[0m
[38;5;159m[Genesis] [11:03:25] [INFO] Compiling simulation kernels...[0m
[38;5;159m[Genesis] [11:04:54] [INFO] Building visualizer...[0m
  [ep 0/1, attempt 32] step 1/300  terminated=False  truncated=False
  [ep 0/1, attempt 32] step 101/300  terminated=False  truncated=False
  [ep 0/1, attempt 32] step 201/300  terminated=False  truncated=False
  [ep 0/1, attempt 32] step 300/300  terminated=False  truncated=True
  [WARNING] Episode 0 attempt 32 truncated without success. Discarding and retrying...
  [Success Rate] overall: 0.0% (0/32) | moving avg (last 32): 0.0%
[38;5;159m[Genesis] [11:07:19] [INFO] Scene [38;5;121m[3m<9265d92>[0m[38;5;159m created.[0m
[38;5;159m[Genesis] [11:07:19] [INFO] Adding [38;5;121m<gs.RigidEntity>[0m[38;5;159m. idx: [38;5;121m0[0m[38;5;159m, uid: [38;5;121m[3m<9a15c2e>[0m[38;5;159m, morph: [38;5;121m<gs.morphs.URDF(file='/mnt4/gck/maniladder/maniladder/assets/urdf/panda_leaphand/panda_leaphand.urdf')>[0m[38;5;159m, material: [38;5;121m<gs.materials.Rigid>[0m[38;5;159m.[0m
[38;5;159m[Genesis] [11:07:22] [INFO] Applying offset to base link's pose with user provided value in morph.[0m
[38;5;159m[Genesis] [11:07:24] [INFO] Adding [38;5;121m<gs.RigidEntity>[0m[38;5;159m. idx: [38;5;121m1[0m[38;5;159m, uid: [38;5;121m[3m<9f3a73a>[0m[38;5;159m, morph: [38;5;121m<gs.morphs.Mesh(file='/mnt4/gck/maniladder/maniladder/assets/models/table.glb')>[0m[38;5;159m, material: [38;5;121m<gs.materials.Rigid>[0m[38;5;159m.[0m
[38;5;226m[Genesis] [11:07:24] [WARNING] GLTF is using y-up while Genesis uses z-up. Please set parse_glb_with_zup=True in morph options if you find the mesh is 90-degree rotated. We will set parse_glb_with_zup=True and rotate glb mesh by default later and gradually enforce this option.[0m
/data/gck/miniconda3/envs/maniladder/lib/python3.10/site-packages/pygltflib/__init__.py:830: UserWarning: pygltflib currently does not remove image data from the buffer when converting to data uri.Please open an issue at https://gitlab.com/dodgyville/pygltflib/issues
  warnings.warn("pygltflib currently does not remove image data "
[38;5;159m[Genesis] [11:07:24] [INFO] Adding [38;5;121m<gs.RigidEntity>[0m[38;5;159m. idx: [38;5;121m2[0m[38;5;159m, uid: [38;5;121m[3m<6214eb0>[0m[38;5;159m, morph: [38;5;121m<gs.morphs.Box>[0m[38;5;159m, material: [38;5;121m<gs.materials.Rigid>[0m[38;5;159m.[0m
[38;5;159m[Genesis] [11:07:24] [INFO] Adding [38;5;121m<gs.RigidEntity>[0m[38;5;159m. idx: [38;5;121m3[0m[38;5;159m, uid: [38;5;121m[3m<a525656>[0m[38;5;159m, morph: [38;5;121m<gs.morphs.Plane>[0m[38;5;159m, material: [38;5;121m<gs.materials.Rigid>[0m[38;5;159m.[0m
[38;5;159m[Genesis] [11:07:24] [INFO] Adding [38;5;121m<gs.RigidEntity>[0m[38;5;159m. idx: [38;5;121m4[0m[38;5;159m, uid: [38;5;121m[3m<3b7f943>[0m[38;5;159m, morph: [38;5;121m<gs.morphs.Box>[0m[38;5;159m, material: [38;5;121m<gs.materials.Rigid>[0m[38;5;159m.[0m
[38;5;159m[Genesis] [11:07:24] [INFO] Adding [38;5;121m<gs.RigidEntity>[0m[38;5;159m. idx: [38;5;121m5[0m[38;5;159m, uid: [38;5;121m[3m<e9ba157>[0m[38;5;159m, morph: [38;5;121m<gs.morphs.Box>[0m[38;5;159m, material: [38;5;121m<gs.materials.Rigid>[0m[38;5;159m.[0m
[38;5;159m[Genesis] [11:07:24] [INFO] Adding [38;5;121m<gs.RigidEntity>[0m[38;5;159m. idx: [38;5;121m6[0m[38;5;159m, uid: [38;5;121m[3m<2ebe6ee>[0m[38;5;159m, morph: [38;5;121m<gs.morphs.Box>[0m[38;5;159m, material: [38;5;121m<gs.materials.Rigid>[0m[38;5;159m.[0m
[38;5;159m[Genesis] [11:07:24] [INFO] Adding [38;5;121m<gs.RigidEntity>[0m[38;5;159m. idx: [38;5;121m7[0m[38;5;159m, uid: [38;5;121m[3m<d51f419>[0m[38;5;159m, morph: [38;5;121m<gs.morphs.Box>[0m[38;5;159m, material: [38;5;121m<gs.materials.Rigid>[0m[38;5;159m.[0m
[38;5;159m[Genesis] [11:07:24] [INFO] Adding [38;5;121m<gs.RigidEntity>[0m[38;5;159m. idx: [38;5;121m8[0m[38;5;159m, uid: [38;5;121m[3m<13caec7>[0m[38;5;159m, morph: [38;5;121m<gs.morphs.Box>[0m[38;5;159m, material: [38;5;121m<gs.materials.Rigid>[0m[38;5;159m.[0m
[38;5;159m[Genesis] [11:07:24] [INFO] Adding [38;5;121m<gs.RigidEntity>[0m[38;5;159m. idx: [38;5;121m9[0m[38;5;159m, uid: [38;5;121m[3m<00ce933>[0m[38;5;159m, morph: [38;5;121m<gs.morphs.Box>[0m[38;5;159m, material: [38;5;121m<gs.materials.Rigid>[0m[38;5;159m.[0m
[38;5;159m[Genesis] [11:07:24] [INFO] Adding [38;5;121m<gs.RigidEntity>[0m[38;5;159m. idx: [38;5;121m10[0m[38;5;159m, uid: [38;5;121m[3m<1d6716b>[0m[38;5;159m, morph: [38;5;121m<gs.morphs.Box>[0m[38;5;159m, material: [38;5;121m<gs.materials.Rigid>[0m[38;5;159m.[0m
[38;5;159m[Genesis] [11:07:24] [INFO] Adding [38;5;121m<gs.RigidEntity>[0m[38;5;159m. idx: [38;5;121m11[0m[38;5;159m, uid: [38;5;121m[3m<2b3e3ab>[0m[38;5;159m, morph: [38;5;121m<gs.morphs.Box>[0m[38;5;159m, material: [38;5;121m<gs.materials.Rigid>[0m[38;5;159m.[0m
[38;5;159m[Genesis] [11:07:24] [INFO] Adding [38;5;121m<gs.RigidEntity>[0m[38;5;159m. idx: [38;5;121m12[0m[38;5;159m, uid: [38;5;121m[3m<4d521e0>[0m[38;5;159m, morph: [38;5;121m<gs.morphs.Mesh(file='/mnt4/gck/maniladder/maniladder/assets/meshes/deformable/toy_box/cylinder.obj')>[0m[38;5;159m, material: [38;5;121m<gs.materials.Rigid>[0m[38;5;159m.[0m
[38;5;159m[Genesis] [11:07:24] [INFO] Preprocessing geom idx [38;5;121m[4m88[0m[38;5;159m.[0m
[38;5;159m[Genesis] [11:07:24] [INFO] Adding [38;5;121m<gs.RigidEntity>[0m[38;5;159m. idx: [38;5;121m13[0m[38;5;159m, uid: [38;5;121m[3m<d12ccf8>[0m[38;5;159m, morph: [38;5;121m<gs.morphs.Mesh(file='/mnt4/gck/maniladder/maniladder/assets/meshes/deformable/toy_box/moon.obj')>[0m[38;5;159m, material: [38;5;121m<gs.materials.Rigid>[0m[38;5;159m.[0m
[38;5;159m[Genesis] [11:07:24] [INFO] Convex hull is not accurate enough for collision detection (1.087). Falling back to more expensive convex decomposition (see FileMorph options).[0m
[38;5;159m[Genesis] [11:07:24] [INFO] Preprocessing geom idx [38;5;121m[4m89[0m[38;5;159m.[0m
[38;5;159m[Genesis] [11:07:24] [INFO] Preprocessing geom idx [38;5;121m[4m90[0m[38;5;159m.[0m
[38;5;159m[Genesis] [11:07:25] [INFO] Preprocessing geom idx [38;5;121m[4m91[0m[38;5;159m.[0m
[38;5;159m[Genesis] [11:07:25] [INFO] Preprocessing geom idx [38;5;121m[4m92[0m[38;5;159m.[0m
[38;5;159m[Genesis] [11:07:25] [INFO] Adding [38;5;121m<gs.RigidEntity>[0m[38;5;159m. idx: [38;5;121m14[0m[38;5;159m, uid: [38;5;121m[3m<6c6aad5>[0m[38;5;159m, morph: [38;5;121m<gs.morphs.Mesh(file='/mnt4/gck/maniladder/maniladder/assets/meshes/deformable/toy_box/cone.obj')>[0m[38;5;159m, material: [38;5;121m<gs.materials.Rigid>[0m[38;5;159m.[0m
[38;5;159m[Genesis] [11:07:25] [INFO] Preprocessing geom idx [38;5;121m[4m93[0m[38;5;159m.[0m
[38;5;159m[Genesis] [11:07:25] [INFO] Adding [38;5;121m<gs.RigidEntity>[0m[38;5;159m. idx: [38;5;121m15[0m[38;5;159m, uid: [38;5;121m[3m<d6556aa>[0m[38;5;159m, morph: [38;5;121m<gs.morphs.Mesh(file='/mnt4/gck/maniladder/maniladder/assets/meshes/deformable/toy_box/sphere.obj')>[0m[38;5;159m, material: [38;5;121m<gs.materials.Rigid>[0m[38;5;159m.[0m
[38;5;159m[Genesis] [11:07:25] [INFO] Preprocessing geom idx [38;5;121m[4m94[0m[38;5;159m.[0m
[38;5;159m[Genesis] [11:07:25] [INFO] Adding [38;5;121m<gs.MPMEntity>[0m[38;5;159m. idx: [38;5;121m16[0m[38;5;159m, uid: [38;5;121m[3m<b3e632f>[0m[38;5;159m, morph: [38;5;121m<gs.morphs.Mesh(file='/mnt4/gck/maniladder/maniladder/assets/meshes/deformable/toy_box/cyl.obj')>[0m[38;5;159m, material: [38;5;121m<gs.materials.MPM.Elastic>[0m[38;5;159m.[0m
[38;5;159m[Genesis] [11:07:25] [INFO] Sampling particles with [38;5;121mpbs-32[0m[38;5;159m sampler and generating `.ptc` file:[0m
[38;5;159m[Genesis] [11:07:33] [INFO] Sampled [38;5;121m[4m1,648[0m[38;5;159m particles.[0m
[38;5;159m[Genesis] [11:07:33] [INFO] Building scene [38;5;121m[3m<9265d92>[0m[38;5;159m...[0m
[38;5;226m[Genesis] [11:07:36] [WARNING] Reference robot position exceeds joint limits.[0m
[38;5;226m[Genesis] [11:07:38] [WARNING] max_collision_pairs 300 is smaller than the theoretical maximal possible pairs 3900, it uses less memory but might lead to missing some collision pairs if there are too many collision pairs[0m
[38;5;226m[Genesis] [11:07:45] [WARNING] Kernel compilation takes longer when running MPM solver in CPIC mode. Please be patient.[0m
[38;5;226m[Genesis] [11:07:46] [WARNING] Current `substep_dt` (0.002) is greater than suggested_dt (0.0003125, calculated based on `grid_density`). Simulation might be unstable.[0m
[38;5;159m[Genesis] [11:07:47] [INFO] Compiling simulation kernels...[0m
[38;5;159m[Genesis] [11:09:18] [INFO] Building visualizer...[0m
  [ep 0/1, attempt 33] step 1/300  terminated=False  truncated=False
  [ep 0/1, attempt 33] step 101/300  terminated=False  truncated=False
  [ep 0/1, attempt 33] step 201/300  terminated=False  truncated=False
  [ep 0/1, attempt 33] step 300/300  terminated=False  truncated=True
  [WARNING] Episode 0 attempt 33 truncated without success. Discarding and retrying...
  [Success Rate] overall: 0.0% (0/33) | moving avg (last 33): 0.0%
[38;5;159m[Genesis] [11:10:47] [INFO] Scene [38;5;121m[3m<58e9e47>[0m[38;5;159m created.[0m
[38;5;159m[Genesis] [11:10:47] [INFO] Adding [38;5;121m<gs.RigidEntity>[0m[38;5;159m. idx: [38;5;121m0[0m[38;5;159m, uid: [38;5;121m[3m<ff2adea>[0m[38;5;159m, morph: [38;5;121m<gs.morphs.URDF(file='/mnt4/gck/maniladder/maniladder/assets/urdf/panda_leaphand/panda_leaphand.urdf')>[0m[38;5;159m, material: [38;5;121m<gs.materials.Rigid>[0m[38;5;159m.[0m
[38;5;159m[Genesis] [11:10:50] [INFO] Applying offset to base link's pose with user provided value in morph.[0m
[38;5;159m[Genesis] [11:10:51] [INFO] Adding [38;5;121m<gs.RigidEntity>[0m[38;5;159m. idx: [38;5;121m1[0m[38;5;159m, uid: [38;5;121m[3m<9a3fa43>[0m[38;5;159m, morph: [38;5;121m<gs.morphs.Mesh(file='/mnt4/gck/maniladder/maniladder/assets/models/table.glb')>[0m[38;5;159m, material: [38;5;121m<gs.materials.Rigid>[0m[38;5;159m.[0m
[38;5;226m[Genesis] [11:10:51] [WARNING] GLTF is using y-up while Genesis uses z-up. Please set parse_glb_with_zup=True in morph options if you find the mesh is 90-degree rotated. We will set parse_glb_with_zup=True and rotate glb mesh by default later and gradually enforce this option.[0m
/data/gck/miniconda3/envs/maniladder/lib/python3.10/site-packages/pygltflib/__init__.py:830: UserWarning: pygltflib currently does not remove image data from the buffer when converting to data uri.Please open an issue at https://gitlab.com/dodgyville/pygltflib/issues
  warnings.warn("pygltflib currently does not remove image data "
[38;5;159m[Genesis] [11:10:52] [INFO] Adding [38;5;121m<gs.RigidEntity>[0m[38;5;159m. idx: [38;5;121m2[0m[38;5;159m, uid: [38;5;121m[3m<4a7e3f4>[0m[38;5;159m, morph: [38;5;121m<gs.morphs.Box>[0m[38;5;159m, material: [38;5;121m<gs.materials.Rigid>[0m[38;5;159m.[0m
[38;5;159m[Genesis] [11:10:52] [INFO] Adding [38;5;121m<gs.RigidEntity>[0m[38;5;159m. idx: [38;5;121m3[0m[38;5;159m, uid: [38;5;121m[3m<8522981>[0m[38;5;159m, morph: [38;5;121m<gs.morphs.Plane>[0m[38;5;159m, material: [38;5;121m<gs.materials.Rigid>[0m[38;5;159m.[0m
[38;5;159m[Genesis] [11:10:52] [INFO] Adding [38;5;121m<gs.RigidEntity>[0m[38;5;159m. idx: [38;5;121m4[0m[38;5;159m, uid: [38;5;121m[3m<feebb20>[0m[38;5;159m, morph: [38;5;121m<gs.morphs.Box>[0m[38;5;159m, material: [38;5;121m<gs.materials.Rigid>[0m[38;5;159m.[0m
[38;5;159m[Genesis] [11:10:52] [INFO] Adding [38;5;121m<gs.RigidEntity>[0m[38;5;159m. idx: [38;5;121m5[0m[38;5;159m, uid: [38;5;121m[3m<defbfc5>[0m[38;5;159m, morph: [38;5;121m<gs.morphs.Box>[0m[38;5;159m, material: [38;5;121m<gs.materials.Rigid>[0m[38;5;159m.[0m
[38;5;159m[Genesis] [11:10:52] [INFO] Adding [38;5;121m<gs.RigidEntity>[0m[38;5;159m. idx: [38;5;121m6[0m[38;5;159m, uid: [38;5;121m[3m<1e4bdd7>[0m[38;5;159m, morph: [38;5;121m<gs.morphs.Box>[0m[38;5;159m, material: [38;5;121m<gs.materials.Rigid>[0m[38;5;159m.[0m
[38;5;159m[Genesis] [11:10:52] [INFO] Adding [38;5;121m<gs.RigidEntity>[0m[38;5;159m. idx: [38;5;121m7[0m[38;5;159m, uid: [38;5;121m[3m<3b61fc8>[0m[38;5;159m, morph: [38;5;121m<gs.morphs.Box>[0m[38;5;159m, material: [38;5;121m<gs.materials.Rigid>[0m[38;5;159m.[0m
[38;5;159m[Genesis] [11:10:52] [INFO] Adding [38;5;121m<gs.RigidEntity>[0m[38;5;159m. idx: [38;5;121m8[0m[38;5;159m, uid: [38;5;121m[3m<bd0c080>[0m[38;5;159m, morph: [38;5;121m<gs.morphs.Box>[0m[38;5;159m, material: [38;5;121m<gs.materials.Rigid>[0m[38;5;159m.[0m
[38;5;159m[Genesis] [11:10:52] [INFO] Adding [38;5;121m<gs.RigidEntity>[0m[38;5;159m. idx: [38;5;121m9[0m[38;5;159m, uid: [38;5;121m[3m<1537b6a>[0m[38;5;159m, morph: [38;5;121m<gs.morphs.Box>[0m[38;5;159m, material: [38;5;121m<gs.materials.Rigid>[0m[38;5;159m.[0m
[38;5;159m[Genesis] [11:10:52] [INFO] Adding [38;5;121m<gs.RigidEntity>[0m[38;5;159m. idx: [38;5;121m10[0m[38;5;159m, uid: [38;5;121m[3m<71b9070>[0m[38;5;159m, morph: [38;5;121m<gs.morphs.Box>[0m[38;5;159m, material: [38;5;121m<gs.materials.Rigid>[0m[38;5;159m.[0m
[38;5;159m[Genesis] [11:10:52] [INFO] Adding [38;5;121m<gs.RigidEntity>[0m[38;5;159m. idx: [38;5;121m11[0m[38;5;159m, uid: [38;5;121m[3m<3be2759>[0m[38;5;159m, morph: [38;5;121m<gs.morphs.Box>[0m[38;5;159m, material: [38;5;121m<gs.materials.Rigid>[0m[38;5;159m.[0m
[38;5;159m[Genesis] [11:10:52] [INFO] Adding [38;5;121m<gs.RigidEntity>[0m[38;5;159m. idx: [38;5;121m12[0m[38;5;159m, uid: [38;5;121m[3m<8f0a184>[0m[38;5;159m, morph: [38;5;121m<gs.morphs.Mesh(file='/mnt4/gck/maniladder/maniladder/assets/meshes/deformable/toy_box/heart.obj')>[0m[38;5;159m, material: [38;5;121m<gs.materials.Rigid>[0m[38;5;159m.[0m
[38;5;159m[Genesis] [11:10:52] [INFO] Preprocessing geom idx [38;5;121m[4m88[0m[38;5;159m.[0m
[38;5;159m[Genesis] [11:10:52] [INFO] Adding [38;5;121m<gs.RigidEntity>[0m[38;5;159m. idx: [38;5;121m13[0m[38;5;159m, uid: [38;5;121m[3m<7c1d13f>[0m[38;5;159m, morph: [38;5;121m<gs.morphs.Mesh(file='/mnt4/gck/maniladder/maniladder/assets/meshes/deformable/toy_box/moon.obj')>[0m[38;5;159m, material: [38;5;121m<gs.materials.Rigid>[0m[38;5;159m.[0m
[38;5;159m[Genesis] [11:10:52] [INFO] Convex hull is not accurate enough for collision detection (1.087). Falling back to more expensive convex decomposition (see FileMorph options).[0m
[38;5;159m[Genesis] [11:10:52] [INFO] Preprocessing geom idx [38;5;121m[4m89[0m[38;5;159m.[0m
[38;5;159m[Genesis] [11:10:53] [INFO] Preprocessing geom idx [38;5;121m[4m90[0m[38;5;159m.[0m
[38;5;159m[Genesis] [11:10:53] [INFO] Preprocessing geom idx [38;5;121m[4m91[0m[38;5;159m.[0m
[38;5;159m[Genesis] [11:10:53] [INFO] Preprocessing geom idx [38;5;121m[4m92[0m[38;5;159m.[0m
[38;5;159m[Genesis] [11:10:53] [INFO] Adding [38;5;121m<gs.MPMEntity>[0m[38;5;159m. idx: [38;5;121m14[0m[38;5;159m, uid: [38;5;121m[3m<d82db31>[0m[38;5;159m, morph: [38;5;121m<gs.morphs.Mesh(file='/mnt4/gck/maniladder/maniladder/assets/meshes/deformable/toy_box/cylinder.obj')>[0m[38;5;159m, material: [38;5;121m<gs.materials.MPM.Elastic>[0m[38;5;159m.[0m
[38;5;159m[Genesis] [11:10:53] [INFO] Sampling particles with [38;5;121mpbs-32[0m[38;5;159m sampler and generating `.ptc` file:[0m
[38;5;159m[Genesis] [11:11:01] [INFO] Sampled [38;5;121m[4m735[0m[38;5;159m particles.[0m
[38;5;159m[Genesis] [11:11:01] [INFO] Adding [38;5;121m<gs.RigidEntity>[0m[38;5;159m. idx: [38;5;121m15[0m[38;5;159m, uid: [38;5;121m[3m<67e9ae3>[0m[38;5;159m, morph: [38;5;121m<gs.morphs.Mesh(file='/mnt4/gck/maniladder/maniladder/assets/meshes/deformable/toy_box/star.obj')>[0m[38;5;159m, material: [38;5;121m<gs.materials.Rigid>[0m[38;5;159m.[0m
[38;5;159m[Genesis] [11:11:01] [INFO] Convex hull is not accurate enough for collision detection (0.798). Falling back to more expensive convex decomposition (see FileMorph options).[0m
[38;5;159m[Genesis] [11:11:01] [INFO] Preprocessing geom idx [38;5;121m[4m93[0m[38;5;159m.[0m
[38;5;159m[Genesis] [11:11:01] [INFO] Preprocessing geom idx [38;5;121m[4m94[0m[38;5;159m.[0m
[38;5;159m[Genesis] [11:11:01] [INFO] Preprocessing geom idx [38;5;121m[4m95[0m[38;5;159m.[0m
[38;5;159m[Genesis] [11:11:01] [INFO] Preprocessing geom idx [38;5;121m[4m96[0m[38;5;159m.[0m
[38;5;159m[Genesis] [11:11:01] [INFO] Adding [38;5;121m<gs.RigidEntity>[0m[38;5;159m. idx: [38;5;121m16[0m[38;5;159m, uid: [38;5;121m[3m<963c8d0>[0m[38;5;159m, morph: [38;5;121m<gs.morphs.Mesh(file='/mnt4/gck/maniladder/maniladder/assets/meshes/deformable/toy_box/cyl.obj')>[0m[38;5;159m, material: [38;5;121m<gs.materials.Rigid>[0m[38;5;159m.[0m
[38;5;159m[Genesis] [11:11:01] [INFO] Preprocessing geom idx [38;5;121m[4m97[0m[38;5;159m.[0m
[38;5;159m[Genesis] [11:11:01] [INFO] Building scene [38;5;121m[3m<58e9e47>[0m[38;5;159m...[0m
[38;5;226m[Genesis] [11:11:04] [WARNING] Reference robot position exceeds joint limits.[0m
[38;5;226m[Genesis] [11:11:06] [WARNING] max_collision_pairs 300 is smaller than the theoretical maximal possible pairs 4182, it uses less memory but might lead to missing some collision pairs if there are too many collision pairs[0m
[38;5;226m[Genesis] [11:11:14] [WARNING] Kernel compilation takes longer when running MPM solver in CPIC mode. Please be patient.[0m
[38;5;226m[Genesis] [11:11:14] [WARNING] Current `substep_dt` (0.002) is greater than suggested_dt (0.0003125, calculated based on `grid_density`). Simulation might be unstable.[0m
[38;5;159m[Genesis] [11:11:15] [INFO] Compiling simulation kernels...[0m
[38;5;159m[Genesis] [11:12:42] [INFO] Building visualizer...[0m
  [ep 0/1, attempt 34] step 1/300  terminated=False  truncated=False
  [ep 0/1, attempt 34] step 101/300  terminated=False  truncated=False
  [ep 0/1, attempt 34] step 201/300  terminated=False  truncated=False
  [ep 0/1, attempt 34] step 300/300  terminated=False  truncated=True
  [WARNING] Episode 0 attempt 34 truncated without success. Discarding and retrying...
  [Success Rate] overall: 0.0% (0/34) | moving avg (last 34): 0.0%
[38;5;159m[Genesis] [11:14:41] [INFO] Scene [38;5;121m[3m<b05029b>[0m[38;5;159m created.[0m
[38;5;159m[Genesis] [11:14:41] [INFO] Adding [38;5;121m<gs.RigidEntity>[0m[38;5;159m. idx: [38;5;121m0[0m[38;5;159m, uid: [38;5;121m[3m<a14832c>[0m[38;5;159m, morph: [38;5;121m<gs.morphs.URDF(file='/mnt4/gck/maniladder/maniladder/assets/urdf/panda_leaphand/panda_leaphand.urdf')>[0m[38;5;159m, material: [38;5;121m<gs.materials.Rigid>[0m[38;5;159m.[0m
[38;5;159m[Genesis] [11:14:44] [INFO] Applying offset to base link's pose with user provided value in morph.[0m
[38;5;159m[Genesis] [11:14:46] [INFO] Adding [38;5;121m<gs.RigidEntity>[0m[38;5;159m. idx: [38;5;121m1[0m[38;5;159m, uid: [38;5;121m[3m<5c8b958>[0m[38;5;159m, morph: [38;5;121m<gs.morphs.Mesh(file='/mnt4/gck/maniladder/maniladder/assets/models/table.glb')>[0m[38;5;159m, material: [38;5;121m<gs.materials.Rigid>[0m[38;5;159m.[0m
[38;5;226m[Genesis] [11:14:46] [WARNING] GLTF is using y-up while Genesis uses z-up. Please set parse_glb_with_zup=True in morph options if you find the mesh is 90-degree rotated. We will set parse_glb_with_zup=True and rotate glb mesh by default later and gradually enforce this option.[0m
/data/gck/miniconda3/envs/maniladder/lib/python3.10/site-packages/pygltflib/__init__.py:830: UserWarning: pygltflib currently does not remove image data from the buffer when converting to data uri.Please open an issue at https://gitlab.com/dodgyville/pygltflib/issues
  warnings.warn("pygltflib currently does not remove image data "
[38;5;159m[Genesis] [11:14:46] [INFO] Adding [38;5;121m<gs.RigidEntity>[0m[38;5;159m. idx: [38;5;121m2[0m[38;5;159m, uid: [38;5;121m[3m<ac2d542>[0m[38;5;159m, morph: [38;5;121m<gs.morphs.Box>[0m[38;5;159m, material: [38;5;121m<gs.materials.Rigid>[0m[38;5;159m.[0m
[38;5;159m[Genesis] [11:14:46] [INFO] Adding [38;5;121m<gs.RigidEntity>[0m[38;5;159m. idx: [38;5;121m3[0m[38;5;159m, uid: [38;5;121m[3m<cf7fe6f>[0m[38;5;159m, morph: [38;5;121m<gs.morphs.Plane>[0m[38;5;159m, material: [38;5;121m<gs.materials.Rigid>[0m[38;5;159m.[0m
[38;5;159m[Genesis] [11:14:46] [INFO] Adding [38;5;121m<gs.RigidEntity>[0m[38;5;159m. idx: [38;5;121m4[0m[38;5;159m, uid: [38;5;121m[3m<c5f25e5>[0m[38;5;159m, morph: [38;5;121m<gs.morphs.Box>[0m[38;5;159m, material: [38;5;121m<gs.materials.Rigid>[0m[38;5;159m.[0m
[38;5;159m[Genesis] [11:14:46] [INFO] Adding [38;5;121m<gs.RigidEntity>[0m[38;5;159m. idx: [38;5;121m5[0m[38;5;159m, uid: [38;5;121m[3m<ede2814>[0m[38;5;159m, morph: [38;5;121m<gs.morphs.Box>[0m[38;5;159m, material: [38;5;121m<gs.materials.Rigid>[0m[38;5;159m.[0m
[38;5;159m[Genesis] [11:14:46] [INFO] Adding [38;5;121m<gs.RigidEntity>[0m[38;5;159m. idx: [38;5;121m6[0m[38;5;159m, uid: [38;5;121m[3m<0200a04>[0m[38;5;159m, morph: [38;5;121m<gs.morphs.Box>[0m[38;5;159m, material: [38;5;121m<gs.materials.Rigid>[0m[38;5;159m.[0m
[38;5;159m[Genesis] [11:14:46] [INFO] Adding [38;5;121m<gs.RigidEntity>[0m[38;5;159m. idx: [38;5;121m7[0m[38;5;159m, uid: [38;5;121m[3m<9ce6a40>[0m[38;5;159m, morph: [38;5;121m<gs.morphs.Box>[0m[38;5;159m, material: [38;5;121m<gs.materials.Rigid>[0m[38;5;159m.[0m
[38;5;159m[Genesis] [11:14:46] [INFO] Adding [38;5;121m<gs.RigidEntity>[0m[38;5;159m. idx: [38;5;121m8[0m[38;5;159m, uid: [38;5;121m[3m<74a4245>[0m[38;5;159m, morph: [38;5;121m<gs.morphs.Box>[0m[38;5;159m, material: [38;5;121m<gs.materials.Rigid>[0m[38;5;159m.[0m
[38;5;159m[Genesis] [11:14:46] [INFO] Adding [38;5;121m<gs.RigidEntity>[0m[38;5;159m. idx: [38;5;121m9[0m[38;5;159m, uid: [38;5;121m[3m<8ba1461>[0m[38;5;159m, morph: [38;5;121m<gs.morphs.Box>[0m[38;5;159m, material: [38;5;121m<gs.materials.Rigid>[0m[38;5;159m.[0m
[38;5;159m[Genesis] [11:14:46] [INFO] Adding [38;5;121m<gs.RigidEntity>[0m[38;5;159m. idx: [38;5;121m10[0m[38;5;159m, uid: [38;5;121m[3m<6b46f2f>[0m[38;5;159m, morph: [38;5;121m<gs.morphs.Box>[0m[38;5;159m, material: [38;5;121m<gs.materials.Rigid>[0m[38;5;159m.[0m
[38;5;159m[Genesis] [11:14:46] [INFO] Adding [38;5;121m<gs.RigidEntity>[0m[38;5;159m. idx: [38;5;121m11[0m[38;5;159m, uid: [38;5;121m[3m<158905b>[0m[38;5;159m, morph: [38;5;121m<gs.morphs.Box>[0m[38;5;159m, material: [38;5;121m<gs.materials.Rigid>[0m[38;5;159m.[0m
[38;5;159m[Genesis] [11:14:46] [INFO] Adding [38;5;121m<gs.RigidEntity>[0m[38;5;159m. idx: [38;5;121m12[0m[38;5;159m, uid: [38;5;121m[3m<bf3603c>[0m[38;5;159m, morph: [38;5;121m<gs.morphs.Mesh(file='/mnt4/gck/maniladder/maniladder/assets/meshes/deformable/toy_box/heart.obj')>[0m[38;5;159m, material: [38;5;121m<gs.materials.Rigid>[0m[38;5;159m.[0m
[38;5;159m[Genesis] [11:14:46] [INFO] Preprocessing geom idx [38;5;121m[4m88[0m[38;5;159m.[0m
[38;5;159m[Genesis] [11:14:47] [INFO] Adding [38;5;121m<gs.RigidEntity>[0m[38;5;159m. idx: [38;5;121m13[0m[38;5;159m, uid: [38;5;121m[3m<f0a3623>[0m[38;5;159m, morph: [38;5;121m<gs.morphs.Mesh(file='/mnt4/gck/maniladder/maniladder/assets/meshes/deformable/toy_box/star.obj')>[0m[38;5;159m, material: [38;5;121m<gs.materials.Rigid>[0m[38;5;159m.[0m
[38;5;159m[Genesis] [11:14:47] [INFO] Convex hull is not accurate enough for collision detection (0.798). Falling back to more expensive convex decomposition (see FileMorph options).[0m
[38;5;159m[Genesis] [11:14:47] [INFO] Preprocessing geom idx [38;5;121m[4m89[0m[38;5;159m.[0m
[38;5;159m[Genesis] [11:14:47] [INFO] Preprocessing geom idx [38;5;121m[4m90[0m[38;5;159m.[0m
[38;5;159m[Genesis] [11:14:47] [INFO] Preprocessing geom idx [38;5;121m[4m91[0m[38;5;159m.[0m
[38;5;159m[Genesis] [11:14:47] [INFO] Preprocessing geom idx [38;5;121m[4m92[0m[38;5;159m.[0m
[38;5;159m[Genesis] [11:14:47] [INFO] Adding [38;5;121m<gs.RigidEntity>[0m[38;5;159m. idx: [38;5;121m14[0m[38;5;159m, uid: [38;5;121m[3m<10adf4b>[0m[38;5;159m, morph: [38;5;121m<gs.morphs.Mesh(file='/mnt4/gck/maniladder/maniladder/assets/meshes/deformable/toy_box/sphere.obj')>[0m[38;5;159m, material: [38;5;121m<gs.materials.Rigid>[0m[38;5;159m.[0m
[38;5;159m[Genesis] [11:14:47] [INFO] Preprocessing geom idx [38;5;121m[4m93[0m[38;5;159m.[0m
[38;5;159m[Genesis] [11:14:47] [INFO] Adding [38;5;121m<gs.MPMEntity>[0m[38;5;159m. idx: [38;5;121m15[0m[38;5;159m, uid: [38;5;121m[3m<b75195e>[0m[38;5;159m, morph: [38;5;121m<gs.morphs.Mesh(file='/mnt4/gck/maniladder/maniladder/assets/meshes/deformable/toy_box/cylinder.obj')>[0m[38;5;159m, material: [38;5;121m<gs.materials.MPM.Elastic>[0m[38;5;159m.[0m
[38;5;159m[Genesis] [11:14:47] [INFO] Sampling particles with [38;5;121mpbs-32[0m[38;5;159m sampler and generating `.ptc` file:[0m
[38;5;159m[Genesis] [11:14:55] [INFO] Sampled [38;5;121m[4m804[0m[38;5;159m particles.[0m
[38;5;159m[Genesis] [11:14:55] [INFO] Adding [38;5;121m<gs.RigidEntity>[0m[38;5;159m. idx: [38;5;121m16[0m[38;5;159m, uid: [38;5;121m[3m<af92835>[0m[38;5;159m, morph: [38;5;121m<gs.morphs.Mesh(file='/mnt4/gck/maniladder/maniladder/assets/meshes/deformable/toy_box/moon.obj')>[0m[38;5;159m, material: [38;5;121m<gs.materials.Rigid>[0m[38;5;159m.[0m
[38;5;159m[Genesis] [11:14:55] [INFO] Convex hull is not accurate enough for collision detection (1.087). Falling back to more expensive convex decomposition (see FileMorph options).[0m
[38;5;159m[Genesis] [11:14:55] [INFO] Preprocessing geom idx [38;5;121m[4m94[0m[38;5;159m.[0m
[38;5;159m[Genesis] [11:14:55] [INFO] Preprocessing geom idx [38;5;121m[4m95[0m[38;5;159m.[0m
[38;5;159m[Genesis] [11:14:56] [INFO] Preprocessing geom idx [38;5;121m[4m96[0m[38;5;159m.[0m
[38;5;159m[Genesis] [11:14:56] [INFO] Preprocessing geom idx [38;5;121m[4m97[0m[38;5;159m.[0m
[38;5;159m[Genesis] [11:14:56] [INFO] Building scene [38;5;121m[3m<b05029b>[0m[38;5;159m...[0m
[38;5;226m[Genesis] [11:14:59] [WARNING] Reference robot position exceeds joint limits.[0m
[38;5;226m[Genesis] [11:15:01] [WARNING] max_collision_pairs 300 is smaller than the theoretical maximal possible pairs 4182, it uses less memory but might lead to missing some collision pairs if there are too many collision pairs[0m
[38;5;226m[Genesis] [11:15:08] [WARNING] Kernel compilation takes longer when running MPM solver in CPIC mode. Please be patient.[0m
[38;5;226m[Genesis] [11:15:09] [WARNING] Current `substep_dt` (0.002) is greater than suggested_dt (0.0003125, calculated based on `grid_density`). Simulation might be unstable.[0m
[38;5;159m[Genesis] [11:15:10] [INFO] Compiling simulation kernels...[0m
[38;5;159m[Genesis] [11:16:40] [INFO] Building visualizer...[0m
  [ep 0/1, attempt 35] step 1/300  terminated=False  truncated=False
  [ep 0/1, attempt 35] step 101/300  terminated=False  truncated=False
  [ep 0/1, attempt 35] step 201/300  terminated=False  truncated=False
  [ep 0/1, attempt 35] step 300/300  terminated=False  truncated=True
  [WARNING] Episode 0 attempt 35 truncated without success. Discarding and retrying...
  [Success Rate] overall: 0.0% (0/35) | moving avg (last 35): 0.0%
[38;5;159m[Genesis] [11:18:34] [INFO] Scene [38;5;121m[3m<5f8b53e>[0m[38;5;159m created.[0m
[38;5;159m[Genesis] [11:18:34] [INFO] Adding [38;5;121m<gs.RigidEntity>[0m[38;5;159m. idx: [38;5;121m0[0m[38;5;159m, uid: [38;5;121m[3m<daac2ae>[0m[38;5;159m, morph: [38;5;121m<gs.morphs.URDF(file='/mnt4/gck/maniladder/maniladder/assets/urdf/panda_leaphand/panda_leaphand.urdf')>[0m[38;5;159m, material: [38;5;121m<gs.materials.Rigid>[0m[38;5;159m.[0m
[38;5;159m[Genesis] [11:18:37] [INFO] Applying offset to base link's pose with user provided value in morph.[0m
[38;5;159m[Genesis] [11:18:38] [INFO] Adding [38;5;121m<gs.RigidEntity>[0m[38;5;159m. idx: [38;5;121m1[0m[38;5;159m, uid: [38;5;121m[3m<419e521>[0m[38;5;159m, morph: [38;5;121m<gs.morphs.Mesh(file='/mnt4/gck/maniladder/maniladder/assets/models/table.glb')>[0m[38;5;159m, material: [38;5;121m<gs.materials.Rigid>[0m[38;5;159m.[0m
[38;5;226m[Genesis] [11:18:38] [WARNING] GLTF is using y-up while Genesis uses z-up. Please set parse_glb_with_zup=True in morph options if you find the mesh is 90-degree rotated. We will set parse_glb_with_zup=True and rotate glb mesh by default later and gradually enforce this option.[0m
/data/gck/miniconda3/envs/maniladder/lib/python3.10/site-packages/pygltflib/__init__.py:830: UserWarning: pygltflib currently does not remove image data from the buffer when converting to data uri.Please open an issue at https://gitlab.com/dodgyville/pygltflib/issues
  warnings.warn("pygltflib currently does not remove image data "
[38;5;159m[Genesis] [11:18:39] [INFO] Adding [38;5;121m<gs.RigidEntity>[0m[38;5;159m. idx: [38;5;121m2[0m[38;5;159m, uid: [38;5;121m[3m<12feacf>[0m[38;5;159m, morph: [38;5;121m<gs.morphs.Box>[0m[38;5;159m, material: [38;5;121m<gs.materials.Rigid>[0m[38;5;159m.[0m
[38;5;159m[Genesis] [11:18:39] [INFO] Adding [38;5;121m<gs.RigidEntity>[0m[38;5;159m. idx: [38;5;121m3[0m[38;5;159m, uid: [38;5;121m[3m<08c9bfa>[0m[38;5;159m, morph: [38;5;121m<gs.morphs.Plane>[0m[38;5;159m, material: [38;5;121m<gs.materials.Rigid>[0m[38;5;159m.[0m
[38;5;159m[Genesis] [11:18:39] [INFO] Adding [38;5;121m<gs.RigidEntity>[0m[38;5;159m. idx: [38;5;121m4[0m[38;5;159m, uid: [38;5;121m[3m<f387a44>[0m[38;5;159m, morph: [38;5;121m<gs.morphs.Box>[0m[38;5;159m, material: [38;5;121m<gs.materials.Rigid>[0m[38;5;159m.[0m
[38;5;159m[Genesis] [11:18:39] [INFO] Adding [38;5;121m<gs.RigidEntity>[0m[38;5;159m. idx: [38;5;121m5[0m[38;5;159m, uid: [38;5;121m[3m<6d80d01>[0m[38;5;159m, morph: [38;5;121m<gs.morphs.Box>[0m[38;5;159m, material: [38;5;121m<gs.materials.Rigid>[0m[38;5;159m.[0m
[38;5;159m[Genesis] [11:18:39] [INFO] Adding [38;5;121m<gs.RigidEntity>[0m[38;5;159m. idx: [38;5;121m6[0m[38;5;159m, uid: [38;5;121m[3m<6065281>[0m[38;5;159m, morph: [38;5;121m<gs.morphs.Box>[0m[38;5;159m, material: [38;5;121m<gs.materials.Rigid>[0m[38;5;159m.[0m
[38;5;159m[Genesis] [11:18:39] [INFO] Adding [38;5;121m<gs.RigidEntity>[0m[38;5;159m. idx: [38;5;121m7[0m[38;5;159m, uid: [38;5;121m[3m<178acd7>[0m[38;5;159m, morph: [38;5;121m<gs.morphs.Box>[0m[38;5;159m, material: [38;5;121m<gs.materials.Rigid>[0m[38;5;159m.[0m
[38;5;159m[Genesis] [11:18:39] [INFO] Adding [38;5;121m<gs.RigidEntity>[0m[38;5;159m. idx: [38;5;121m8[0m[38;5;159m, uid: [38;5;121m[3m<0eb9709>[0m[38;5;159m, morph: [38;5;121m<gs.morphs.Box>[0m[38;5;159m, material: [38;5;121m<gs.materials.Rigid>[0m[38;5;159m.[0m
[38;5;159m[Genesis] [11:18:39] [INFO] Adding [38;5;121m<gs.RigidEntity>[0m[38;5;159m. idx: [38;5;121m9[0m[38;5;159m, uid: [38;5;121m[3m<d3fc38f>[0m[38;5;159m, morph: [38;5;121m<gs.morphs.Box>[0m[38;5;159m, material: [38;5;121m<gs.materials.Rigid>[0m[38;5;159m.[0m
[38;5;159m[Genesis] [11:18:39] [INFO] Adding [38;5;121m<gs.RigidEntity>[0m[38;5;159m. idx: [38;5;121m10[0m[38;5;159m, uid: [38;5;121m[3m<99040fc>[0m[38;5;159m, morph: [38;5;121m<gs.morphs.Box>[0m[38;5;159m, material: [38;5;121m<gs.materials.Rigid>[0m[38;5;159m.[0m
[38;5;159m[Genesis] [11:18:39] [INFO] Adding [38;5;121m<gs.RigidEntity>[0m[38;5;159m. idx: [38;5;121m11[0m[38;5;159m, uid: [38;5;121m[3m<445fe90>[0m[38;5;159m, morph: [38;5;121m<gs.morphs.Box>[0m[38;5;159m, material: [38;5;121m<gs.materials.Rigid>[0m[38;5;159m.[0m
[38;5;159m[Genesis] [11:18:39] [INFO] Adding [38;5;121m<gs.RigidEntity>[0m[38;5;159m. idx: [38;5;121m12[0m[38;5;159m, uid: [38;5;121m[3m<932e035>[0m[38;5;159m, morph: [38;5;121m<gs.morphs.Mesh(file='/mnt4/gck/maniladder/maniladder/assets/meshes/deformable/toy_box/star.obj')>[0m[38;5;159m, material: [38;5;121m<gs.materials.Rigid>[0m[38;5;159m.[0m
[38;5;159m[Genesis] [11:18:39] [INFO] Convex hull is not accurate enough for collision detection (0.798). Falling back to more expensive convex decomposition (see FileMorph options).[0m
[38;5;159m[Genesis] [11:18:39] [INFO] Preprocessing geom idx [38;5;121m[4m88[0m[38;5;159m.[0m
[38;5;159m[Genesis] [11:18:39] [INFO] Preprocessing geom idx [38;5;121m[4m89[0m[38;5;159m.[0m
[38;5;159m[Genesis] [11:18:39] [INFO] Preprocessing geom idx [38;5;121m[4m90[0m[38;5;159m.[0m
[38;5;159m[Genesis] [11:18:39] [INFO] Preprocessing geom idx [38;5;121m[4m91[0m[38;5;159m.[0m
[38;5;159m[Genesis] [11:18:39] [INFO] Adding [38;5;121m<gs.RigidEntity>[0m[38;5;159m. idx: [38;5;121m13[0m[38;5;159m, uid: [38;5;121m[3m<9f9796a>[0m[38;5;159m, morph: [38;5;121m<gs.morphs.Mesh(file='/mnt4/gck/maniladder/maniladder/assets/meshes/deformable/toy_box/heart.obj')>[0m[38;5;159m, material: [38;5;121m<gs.materials.Rigid>[0m[38;5;159m.[0m
[38;5;159m[Genesis] [11:18:39] [INFO] Preprocessing geom idx [38;5;121m[4m92[0m[38;5;159m.[0m
[38;5;159m[Genesis] [11:18:40] [INFO] Adding [38;5;121m<gs.MPMEntity>[0m[38;5;159m. idx: [38;5;121m14[0m[38;5;159m, uid: [38;5;121m[3m<a456d23>[0m[38;5;159m, morph: [38;5;121m<gs.morphs.Mesh(file='/mnt4/gck/maniladder/maniladder/assets/meshes/deformable/toy_box/cyl.obj')>[0m[38;5;159m, material: [38;5;121m<gs.materials.MPM.Elastic>[0m[38;5;159m.[0m
[38;5;159m[Genesis] [11:18:40] [INFO] Sampling particles with [38;5;121mpbs-32[0m[38;5;159m sampler and generating `.ptc` file:[0m
[38;5;159m[Genesis] [11:18:48] [INFO] Sampled [38;5;121m[4m1,010[0m[38;5;159m particles.[0m
[38;5;159m[Genesis] [11:18:48] [INFO] Adding [38;5;121m<gs.RigidEntity>[0m[38;5;159m. idx: [38;5;121m15[0m[38;5;159m, uid: [38;5;121m[3m<92ead5f>[0m[38;5;159m, morph: [38;5;121m<gs.morphs.Mesh(file='/mnt4/gck/maniladder/maniladder/assets/meshes/deformable/toy_box/cylinder.obj')>[0m[38;5;159m, material: [38;5;121m<gs.materials.Rigid>[0m[38;5;159m.[0m
[38;5;159m[Genesis] [11:18:48] [INFO] Preprocessing geom idx [38;5;121m[4m93[0m[38;5;159m.[0m
[38;5;159m[Genesis] [11:18:48] [INFO] Adding [38;5;121m<gs.RigidEntity>[0m[38;5;159m. idx: [38;5;121m16[0m[38;5;159m, uid: [38;5;121m[3m<8927dea>[0m[38;5;159m, morph: [38;5;121m<gs.morphs.Mesh(file='/mnt4/gck/maniladder/maniladder/assets/meshes/deformable/toy_box/moon.obj')>[0m[38;5;159m, material: [38;5;121m<gs.materials.Rigid>[0m[38;5;159m.[0m
[38;5;159m[Genesis] [11:18:48] [INFO] Convex hull is not accurate enough for collision detection (1.087). Falling back to more expensive convex decomposition (see FileMorph options).[0m
[38;5;159m[Genesis] [11:18:48] [INFO] Preprocessing geom idx [38;5;121m[4m94[0m[38;5;159m.[0m
[38;5;159m[Genesis] [11:18:48] [INFO] Preprocessing geom idx [38;5;121m[4m95[0m[38;5;159m.[0m
[38;5;159m[Genesis] [11:18:48] [INFO] Preprocessing geom idx [38;5;121m[4m96[0m[38;5;159m.[0m
[38;5;159m[Genesis] [11:18:48] [INFO] Preprocessing geom idx [38;5;121m[4m97[0m[38;5;159m.[0m
[38;5;159m[Genesis] [11:18:49] [INFO] Building scene [38;5;121m[3m<5f8b53e>[0m[38;5;159m...[0m
[38;5;226m[Genesis] [11:18:51] [WARNING] Reference robot position exceeds joint limits.[0m
[38;5;226m[Genesis] [11:18:53] [WARNING] max_collision_pairs 300 is smaller than the theoretical maximal possible pairs 4182, it uses less memory but might lead to missing some collision pairs if there are too many collision pairs[0m
[38;5;226m[Genesis] [11:19:01] [WARNING] Kernel compilation takes longer when running MPM solver in CPIC mode. Please be patient.[0m
[38;5;226m[Genesis] [11:19:02] [WARNING] Current `substep_dt` (0.002) is greater than suggested_dt (0.0003125, calculated based on `grid_density`). Simulation might be unstable.[0m
[38;5;159m[Genesis] [11:19:03] [INFO] Compiling simulation kernels...[0m
[38;5;159m[Genesis] [11:20:30] [INFO] Building visualizer...[0m
  [ep 0/1, attempt 36] step 1/300  terminated=False  truncated=False
  [ep 0/1, attempt 36] step 101/300  terminated=False  truncated=False
  [ep 0/1, attempt 36] step 201/300  terminated=False  truncated=False
  [ep 0/1, attempt 36] step 300/300  terminated=False  truncated=True
  [WARNING] Episode 0 attempt 36 truncated without success. Discarding and retrying...
  [Success Rate] overall: 0.0% (0/36) | moving avg (last 36): 0.0%
[38;5;159m[Genesis] [11:22:25] [INFO] Scene [38;5;121m[3m<b0b6ad8>[0m[38;5;159m created.[0m
[38;5;159m[Genesis] [11:22:25] [INFO] Adding [38;5;121m<gs.RigidEntity>[0m[38;5;159m. idx: [38;5;121m0[0m[38;5;159m, uid: [38;5;121m[3m<9187146>[0m[38;5;159m, morph: [38;5;121m<gs.morphs.URDF(file='/mnt4/gck/maniladder/maniladder/assets/urdf/panda_leaphand/panda_leaphand.urdf')>[0m[38;5;159m, material: [38;5;121m<gs.materials.Rigid>[0m[38;5;159m.[0m
[38;5;159m[Genesis] [11:22:28] [INFO] Applying offset to base link's pose with user provided value in morph.[0m
[38;5;159m[Genesis] [11:22:29] [INFO] Adding [38;5;121m<gs.RigidEntity>[0m[38;5;159m. idx: [38;5;121m1[0m[38;5;159m, uid: [38;5;121m[3m<bc309e8>[0m[38;5;159m, morph: [38;5;121m<gs.morphs.Mesh(file='/mnt4/gck/maniladder/maniladder/assets/models/table.glb')>[0m[38;5;159m, material: [38;5;121m<gs.materials.Rigid>[0m[38;5;159m.[0m
[38;5;226m[Genesis] [11:22:29] [WARNING] GLTF is using y-up while Genesis uses z-up. Please set parse_glb_with_zup=True in morph options if you find the mesh is 90-degree rotated. We will set parse_glb_with_zup=True and rotate glb mesh by default later and gradually enforce this option.[0m
/data/gck/miniconda3/envs/maniladder/lib/python3.10/site-packages/pygltflib/__init__.py:830: UserWarning: pygltflib currently does not remove image data from the buffer when converting to data uri.Please open an issue at https://gitlab.com/dodgyville/pygltflib/issues
  warnings.warn("pygltflib currently does not remove image data "
[38;5;159m[Genesis] [11:22:29] [INFO] Adding [38;5;121m<gs.RigidEntity>[0m[38;5;159m. idx: [38;5;121m2[0m[38;5;159m, uid: [38;5;121m[3m<4f7e2a4>[0m[38;5;159m, morph: [38;5;121m<gs.morphs.Box>[0m[38;5;159m, material: [38;5;121m<gs.materials.Rigid>[0m[38;5;159m.[0m
[38;5;159m[Genesis] [11:22:29] [INFO] Adding [38;5;121m<gs.RigidEntity>[0m[38;5;159m. idx: [38;5;121m3[0m[38;5;159m, uid: [38;5;121m[3m<738b068>[0m[38;5;159m, morph: [38;5;121m<gs.morphs.Plane>[0m[38;5;159m, material: [38;5;121m<gs.materials.Rigid>[0m[38;5;159m.[0m
[38;5;159m[Genesis] [11:22:29] [INFO] Adding [38;5;121m<gs.RigidEntity>[0m[38;5;159m. idx: [38;5;121m4[0m[38;5;159m, uid: [38;5;121m[3m<d89c828>[0m[38;5;159m, morph: [38;5;121m<gs.morphs.Box>[0m[38;5;159m, material: [38;5;121m<gs.materials.Rigid>[0m[38;5;159m.[0m
[38;5;159m[Genesis] [11:22:29] [INFO] Adding [38;5;121m<gs.RigidEntity>[0m[38;5;159m. idx: [38;5;121m5[0m[38;5;159m, uid: [38;5;121m[3m<4cf2168>[0m[38;5;159m, morph: [38;5;121m<gs.morphs.Box>[0m[38;5;159m, material: [38;5;121m<gs.materials.Rigid>[0m[38;5;159m.[0m
[38;5;159m[Genesis] [11:22:29] [INFO] Adding [38;5;121m<gs.RigidEntity>[0m[38;5;159m. idx: [38;5;121m6[0m[38;5;159m, uid: [38;5;121m[3m<0b7ed5b>[0m[38;5;159m, morph: [38;5;121m<gs.morphs.Box>[0m[38;5;159m, material: [38;5;121m<gs.materials.Rigid>[0m[38;5;159m.[0m
[38;5;159m[Genesis] [11:22:29] [INFO] Adding [38;5;121m<gs.RigidEntity>[0m[38;5;159m. idx: [38;5;121m7[0m[38;5;159m, uid: [38;5;121m[3m<77adb74>[0m[38;5;159m, morph: [38;5;121m<gs.morphs.Box>[0m[38;5;159m, material: [38;5;121m<gs.materials.Rigid>[0m[38;5;159m.[0m
[38;5;159m[Genesis] [11:22:29] [INFO] Adding [38;5;121m<gs.RigidEntity>[0m[38;5;159m. idx: [38;5;121m8[0m[38;5;159m, uid: [38;5;121m[3m<381844f>[0m[38;5;159m, morph: [38;5;121m<gs.morphs.Box>[0m[38;5;159m, material: [38;5;121m<gs.materials.Rigid>[0m[38;5;159m.[0m
[38;5;159m[Genesis] [11:22:29] [INFO] Adding [38;5;121m<gs.RigidEntity>[0m[38;5;159m. idx: [38;5;121m9[0m[38;5;159m, uid: [38;5;121m[3m<38ccb2a>[0m[38;5;159m, morph: [38;5;121m<gs.morphs.Box>[0m[38;5;159m, material: [38;5;121m<gs.materials.Rigid>[0m[38;5;159m.[0m
[38;5;159m[Genesis] [11:22:29] [INFO] Adding [38;5;121m<gs.RigidEntity>[0m[38;5;159m. idx: [38;5;121m10[0m[38;5;159m, uid: [38;5;121m[3m<b99ff3e>[0m[38;5;159m, morph: [38;5;121m<gs.morphs.Box>[0m[38;5;159m, material: [38;5;121m<gs.materials.Rigid>[0m[38;5;159m.[0m
[38;5;159m[Genesis] [11:22:29] [INFO] Adding [38;5;121m<gs.RigidEntity>[0m[38;5;159m. idx: [38;5;121m11[0m[38;5;159m, uid: [38;5;121m[3m<9fa2c47>[0m[38;5;159m, morph: [38;5;121m<gs.morphs.Box>[0m[38;5;159m, material: [38;5;121m<gs.materials.Rigid>[0m[38;5;159m.[0m
[38;5;159m[Genesis] [11:22:29] [INFO] Adding [38;5;121m<gs.RigidEntity>[0m[38;5;159m. idx: [38;5;121m12[0m[38;5;159m, uid: [38;5;121m[3m<fcfb55d>[0m[38;5;159m, morph: [38;5;121m<gs.morphs.Mesh(file='/mnt4/gck/maniladder/maniladder/assets/meshes/deformable/toy_box/cyl.obj')>[0m[38;5;159m, material: [38;5;121m<gs.materials.Rigid>[0m[38;5;159m.[0m
[38;5;159m[Genesis] [11:22:29] [INFO] Preprocessing geom idx [38;5;121m[4m88[0m[38;5;159m.[0m
[38;5;159m[Genesis] [11:22:30] [INFO] Adding [38;5;121m<gs.RigidEntity>[0m[38;5;159m. idx: [38;5;121m13[0m[38;5;159m, uid: [38;5;121m[3m<71f2516>[0m[38;5;159m, morph: [38;5;121m<gs.morphs.Mesh(file='/mnt4/gck/maniladder/maniladder/assets/meshes/deformable/toy_box/sphere.obj')>[0m[38;5;159m, material: [38;5;121m<gs.materials.Rigid>[0m[38;5;159m.[0m
[38;5;159m[Genesis] [11:22:30] [INFO] Preprocessing geom idx [38;5;121m[4m89[0m[38;5;159m.[0m
[38;5;159m[Genesis] [11:22:30] [INFO] Adding [38;5;121m<gs.RigidEntity>[0m[38;5;159m. idx: [38;5;121m14[0m[38;5;159m, uid: [38;5;121m[3m<f503a4d>[0m[38;5;159m, morph: [38;5;121m<gs.morphs.Mesh(file='/mnt4/gck/maniladder/maniladder/assets/meshes/deformable/toy_box/cone.obj')>[0m[38;5;159m, material: [38;5;121m<gs.materials.Rigid>[0m[38;5;159m.[0m
[38;5;159m[Genesis] [11:22:30] [INFO] Preprocessing geom idx [38;5;121m[4m90[0m[38;5;159m.[0m
[38;5;159m[Genesis] [11:22:30] [INFO] Adding [38;5;121m<gs.RigidEntity>[0m[38;5;159m. idx: [38;5;121m15[0m[38;5;159m, uid: [38;5;121m[3m<f97cc24>[0m[38;5;159m, morph: [38;5;121m<gs.morphs.Mesh(file='/mnt4/gck/maniladder/maniladder/assets/meshes/deformable/toy_box/star.obj')>[0m[38;5;159m, material: [38;5;121m<gs.materials.Rigid>[0m[38;5;159m.[0m
[38;5;159m[Genesis] [11:22:30] [INFO] Convex hull is not accurate enough for collision detection (0.798). Falling back to more expensive convex decomposition (see FileMorph options).[0m
[38;5;159m[Genesis] [11:22:30] [INFO] Preprocessing geom idx [38;5;121m[4m91[0m[38;5;159m.[0m
[38;5;159m[Genesis] [11:22:30] [INFO] Preprocessing geom idx [38;5;121m[4m92[0m[38;5;159m.[0m
[38;5;159m[Genesis] [11:22:30] [INFO] Preprocessing geom idx [38;5;121m[4m93[0m[38;5;159m.[0m
[38;5;159m[Genesis] [11:22:30] [INFO] Preprocessing geom idx [38;5;121m[4m94[0m[38;5;159m.[0m
[38;5;159m[Genesis] [11:22:30] [INFO] Adding [38;5;121m<gs.MPMEntity>[0m[38;5;159m. idx: [38;5;121m16[0m[38;5;159m, uid: [38;5;121m[3m<f95cab5>[0m[38;5;159m, morph: [38;5;121m<gs.morphs.Mesh(file='/mnt4/gck/maniladder/maniladder/assets/meshes/deformable/toy_box/cylinder.obj')>[0m[38;5;159m, material: [38;5;121m<gs.materials.MPM.Elastic>[0m[38;5;159m.[0m
[38;5;159m[Genesis] [11:22:30] [INFO] Sampling particles with [38;5;121mpbs-32[0m[38;5;159m sampler and generating `.ptc` file:[0m
[38;5;159m[Genesis] [11:22:38] [INFO] Sampled [38;5;121m[4m725[0m[38;5;159m particles.[0m
[38;5;159m[Genesis] [11:22:38] [INFO] Building scene [38;5;121m[3m<b0b6ad8>[0m[38;5;159m...[0m
[38;5;226m[Genesis] [11:22:41] [WARNING] Reference robot position exceeds joint limits.[0m
[38;5;226m[Genesis] [11:22:43] [WARNING] max_collision_pairs 300 is smaller than the theoretical maximal possible pairs 3900, it uses less memory but might lead to missing some collision pairs if there are too many collision pairs[0m
[38;5;226m[Genesis] [11:22:51] [WARNING] Kernel compilation takes longer when running MPM solver in CPIC mode. Please be patient.[0m
[38;5;226m[Genesis] [11:22:51] [WARNING] Current `substep_dt` (0.002) is greater than suggested_dt (0.0003125, calculated based on `grid_density`). Simulation might be unstable.[0m
[38;5;159m[Genesis] [11:22:52] [INFO] Compiling simulation kernels...[0m
[38;5;159m[Genesis] [11:24:19] [INFO] Building visualizer...[0m
  [ep 0/1, attempt 37] step 1/300  terminated=False  truncated=False
  [ep 0/1, attempt 37] step 101/300  terminated=False  truncated=False
  [ep 0/1, attempt 37] step 201/300  terminated=False  truncated=False
  [ep 0/1, attempt 37] step 300/300  terminated=False  truncated=True
  [WARNING] Episode 0 attempt 37 truncated without success. Discarding and retrying...
  [Success Rate] overall: 0.0% (0/37) | moving avg (last 37): 0.0%
[38;5;159m[Genesis] [11:25:59] [INFO] Scene [38;5;121m[3m<fd1cfe6>[0m[38;5;159m created.[0m
[38;5;159m[Genesis] [11:25:59] [INFO] Adding [38;5;121m<gs.RigidEntity>[0m[38;5;159m. idx: [38;5;121m0[0m[38;5;159m, uid: [38;5;121m[3m<1bb666c>[0m[38;5;159m, morph: [38;5;121m<gs.morphs.URDF(file='/mnt4/gck/maniladder/maniladder/assets/urdf/panda_leaphand/panda_leaphand.urdf')>[0m[38;5;159m, material: [38;5;121m<gs.materials.Rigid>[0m[38;5;159m.[0m
[38;5;159m[Genesis] [11:26:02] [INFO] Applying offset to base link's pose with user provided value in morph.[0m
[38;5;159m[Genesis] [11:26:03] [INFO] Adding [38;5;121m<gs.RigidEntity>[0m[38;5;159m. idx: [38;5;121m1[0m[38;5;159m, uid: [38;5;121m[3m<02c8875>[0m[38;5;159m, morph: [38;5;121m<gs.morphs.Mesh(file='/mnt4/gck/maniladder/maniladder/assets/models/table.glb')>[0m[38;5;159m, material: [38;5;121m<gs.materials.Rigid>[0m[38;5;159m.[0m
[38;5;226m[Genesis] [11:26:03] [WARNING] GLTF is using y-up while Genesis uses z-up. Please set parse_glb_with_zup=True in morph options if you find the mesh is 90-degree rotated. We will set parse_glb_with_zup=True and rotate glb mesh by default later and gradually enforce this option.[0m
/data/gck/miniconda3/envs/maniladder/lib/python3.10/site-packages/pygltflib/__init__.py:830: UserWarning: pygltflib currently does not remove image data from the buffer when converting to data uri.Please open an issue at https://gitlab.com/dodgyville/pygltflib/issues
  warnings.warn("pygltflib currently does not remove image data "
[38;5;159m[Genesis] [11:26:04] [INFO] Adding [38;5;121m<gs.RigidEntity>[0m[38;5;159m. idx: [38;5;121m2[0m[38;5;159m, uid: [38;5;121m[3m<b6289b5>[0m[38;5;159m, morph: [38;5;121m<gs.morphs.Box>[0m[38;5;159m, material: [38;5;121m<gs.materials.Rigid>[0m[38;5;159m.[0m
[38;5;159m[Genesis] [11:26:04] [INFO] Adding [38;5;121m<gs.RigidEntity>[0m[38;5;159m. idx: [38;5;121m3[0m[38;5;159m, uid: [38;5;121m[3m<5cd37d7>[0m[38;5;159m, morph: [38;5;121m<gs.morphs.Plane>[0m[38;5;159m, material: [38;5;121m<gs.materials.Rigid>[0m[38;5;159m.[0m
[38;5;159m[Genesis] [11:26:04] [INFO] Adding [38;5;121m<gs.RigidEntity>[0m[38;5;159m. idx: [38;5;121m4[0m[38;5;159m, uid: [38;5;121m[3m<c7edbd7>[0m[38;5;159m, morph: [38;5;121m<gs.morphs.Box>[0m[38;5;159m, material: [38;5;121m<gs.materials.Rigid>[0m[38;5;159m.[0m
[38;5;159m[Genesis] [11:26:04] [INFO] Adding [38;5;121m<gs.RigidEntity>[0m[38;5;159m. idx: [38;5;121m5[0m[38;5;159m, uid: [38;5;121m[3m<b3020dc>[0m[38;5;159m, morph: [38;5;121m<gs.morphs.Box>[0m[38;5;159m, material: [38;5;121m<gs.materials.Rigid>[0m[38;5;159m.[0m
[38;5;159m[Genesis] [11:26:04] [INFO] Adding [38;5;121m<gs.RigidEntity>[0m[38;5;159m. idx: [38;5;121m6[0m[38;5;159m, uid: [38;5;121m[3m<8753da4>[0m[38;5;159m, morph: [38;5;121m<gs.morphs.Box>[0m[38;5;159m, material: [38;5;121m<gs.materials.Rigid>[0m[38;5;159m.[0m
[38;5;159m[Genesis] [11:26:04] [INFO] Adding [38;5;121m<gs.RigidEntity>[0m[38;5;159m. idx: [38;5;121m7[0m[38;5;159m, uid: [38;5;121m[3m<e0c1bce>[0m[38;5;159m, morph: [38;5;121m<gs.morphs.Box>[0m[38;5;159m, material: [38;5;121m<gs.materials.Rigid>[0m[38;5;159m.[0m
[38;5;159m[Genesis] [11:26:04] [INFO] Adding [38;5;121m<gs.RigidEntity>[0m[38;5;159m. idx: [38;5;121m8[0m[38;5;159m, uid: [38;5;121m[3m<7e7bf70>[0m[38;5;159m, morph: [38;5;121m<gs.morphs.Box>[0m[38;5;159m, material: [38;5;121m<gs.materials.Rigid>[0m[38;5;159m.[0m
[38;5;159m[Genesis] [11:26:04] [INFO] Adding [38;5;121m<gs.RigidEntity>[0m[38;5;159m. idx: [38;5;121m9[0m[38;5;159m, uid: [38;5;121m[3m<c1bd396>[0m[38;5;159m, morph: [38;5;121m<gs.morphs.Box>[0m[38;5;159m, material: [38;5;121m<gs.materials.Rigid>[0m[38;5;159m.[0m
[38;5;159m[Genesis] [11:26:04] [INFO] Adding [38;5;121m<gs.RigidEntity>[0m[38;5;159m. idx: [38;5;121m10[0m[38;5;159m, uid: [38;5;121m[3m<dc28ec5>[0m[38;5;159m, morph: [38;5;121m<gs.morphs.Box>[0m[38;5;159m, material: [38;5;121m<gs.materials.Rigid>[0m[38;5;159m.[0m
[38;5;159m[Genesis] [11:26:04] [INFO] Adding [38;5;121m<gs.RigidEntity>[0m[38;5;159m. idx: [38;5;121m11[0m[38;5;159m, uid: [38;5;121m[3m<df69fbc>[0m[38;5;159m, morph: [38;5;121m<gs.morphs.Box>[0m[38;5;159m, material: [38;5;121m<gs.materials.Rigid>[0m[38;5;159m.[0m
[38;5;159m[Genesis] [11:26:04] [INFO] Adding [38;5;121m<gs.RigidEntity>[0m[38;5;159m. idx: [38;5;121m12[0m[38;5;159m, uid: [38;5;121m[3m<89ff479>[0m[38;5;159m, morph: [38;5;121m<gs.morphs.Mesh(file='/mnt4/gck/maniladder/maniladder/assets/meshes/deformable/toy_box/sphere.obj')>[0m[38;5;159m, material: [38;5;121m<gs.materials.Rigid>[0m[38;5;159m.[0m
[38;5;159m[Genesis] [11:26:04] [INFO] Preprocessing geom idx [38;5;121m[4m88[0m[38;5;159m.[0m
[38;5;159m[Genesis] [11:26:04] [INFO] Adding [38;5;121m<gs.RigidEntity>[0m[38;5;159m. idx: [38;5;121m13[0m[38;5;159m, uid: [38;5;121m[3m<29b5bf0>[0m[38;5;159m, morph: [38;5;121m<gs.morphs.Mesh(file='/mnt4/gck/maniladder/maniladder/assets/meshes/deformable/toy_box/heart.obj')>[0m[38;5;159m, material: [38;5;121m<gs.materials.Rigid>[0m[38;5;159m.[0m
[38;5;159m[Genesis] [11:26:04] [INFO] Preprocessing geom idx [38;5;121m[4m89[0m[38;5;159m.[0m
[38;5;159m[Genesis] [11:26:05] [INFO] Adding [38;5;121m<gs.MPMEntity>[0m[38;5;159m. idx: [38;5;121m14[0m[38;5;159m, uid: [38;5;121m[3m<5c0a9cb>[0m[38;5;159m, morph: [38;5;121m<gs.morphs.Mesh(file='/mnt4/gck/maniladder/maniladder/assets/meshes/deformable/toy_box/cyl.obj')>[0m[38;5;159m, material: [38;5;121m<gs.materials.MPM.Elastic>[0m[38;5;159m.[0m
[38;5;159m[Genesis] [11:26:05] [INFO] Sampling particles with [38;5;121mpbs-32[0m[38;5;159m sampler and generating `.ptc` file:[0m
[38;5;159m[Genesis] [11:26:13] [INFO] Sampled [38;5;121m[4m1,650[0m[38;5;159m particles.[0m
[38;5;159m[Genesis] [11:26:13] [INFO] Adding [38;5;121m<gs.RigidEntity>[0m[38;5;159m. idx: [38;5;121m15[0m[38;5;159m, uid: [38;5;121m[3m<b1d31e6>[0m[38;5;159m, morph: [38;5;121m<gs.morphs.Mesh(file='/mnt4/gck/maniladder/maniladder/assets/meshes/deformable/toy_box/cylinder.obj')>[0m[38;5;159m, material: [38;5;121m<gs.materials.Rigid>[0m[38;5;159m.[0m
[38;5;159m[Genesis] [11:26:13] [INFO] Preprocessing geom idx [38;5;121m[4m90[0m[38;5;159m.[0m
[38;5;159m[Genesis] [11:26:13] [INFO] Adding [38;5;121m<gs.RigidEntity>[0m[38;5;159m. idx: [38;5;121m16[0m[38;5;159m, uid: [38;5;121m[3m<67458e8>[0m[38;5;159m, morph: [38;5;121m<gs.morphs.Mesh(file='/mnt4/gck/maniladder/maniladder/assets/meshes/deformable/toy_box/cone.obj')>[0m[38;5;159m, material: [38;5;121m<gs.materials.Rigid>[0m[38;5;159m.[0m
[38;5;159m[Genesis] [11:26:13] [INFO] Preprocessing geom idx [38;5;121m[4m91[0m[38;5;159m.[0m
[38;5;159m[Genesis] [11:26:13] [INFO] Building scene [38;5;121m[3m<fd1cfe6>[0m[38;5;159m...[0m
[38;5;226m[Genesis] [11:26:16] [WARNING] Reference robot position exceeds joint limits.[0m
[38;5;226m[Genesis] [11:26:18] [WARNING] max_collision_pairs 300 is smaller than the theoretical maximal possible pairs 3627, it uses less memory but might lead to missing some collision pairs if there are too many collision pairs[0m
[38;5;226m[Genesis] [11:26:25] [WARNING] Kernel compilation takes longer when running MPM solver in CPIC mode. Please be patient.[0m
[38;5;226m[Genesis] [11:26:26] [WARNING] Current `substep_dt` (0.002) is greater than suggested_dt (0.0003125, calculated based on `grid_density`). Simulation might be unstable.[0m
[38;5;159m[Genesis] [11:26:27] [INFO] Compiling simulation kernels...[0m
[38;5;159m[Genesis] [11:27:57] [INFO] Building visualizer...[0m
  [ep 0/1, attempt 38] step 1/300  terminated=False  truncated=False
  [ep 0/1, attempt 38] step 101/300  terminated=False  truncated=False
  [ep 0/1, attempt 38] step 201/300  terminated=False  truncated=False
  [ep 0/1, attempt 38] step 300/300  terminated=False  truncated=True
  [WARNING] Episode 0 attempt 38 truncated without success. Discarding and retrying...
  [Success Rate] overall: 0.0% (0/38) | moving avg (last 38): 0.0%
[38;5;159m[Genesis] [11:30:26] [INFO] Scene [38;5;121m[3m<c4915ec>[0m[38;5;159m created.[0m
[38;5;159m[Genesis] [11:30:26] [INFO] Adding [38;5;121m<gs.RigidEntity>[0m[38;5;159m. idx: [38;5;121m0[0m[38;5;159m, uid: [38;5;121m[3m<f12adc8>[0m[38;5;159m, morph: [38;5;121m<gs.morphs.URDF(file='/mnt4/gck/maniladder/maniladder/assets/urdf/panda_leaphand/panda_leaphand.urdf')>[0m[38;5;159m, material: [38;5;121m<gs.materials.Rigid>[0m[38;5;159m.[0m
[38;5;159m[Genesis] [11:30:29] [INFO] Applying offset to base link's pose with user provided value in morph.[0m
[38;5;159m[Genesis] [11:30:30] [INFO] Adding [38;5;121m<gs.RigidEntity>[0m[38;5;159m. idx: [38;5;121m1[0m[38;5;159m, uid: [38;5;121m[3m<6aaaa2d>[0m[38;5;159m, morph: [38;5;121m<gs.morphs.Mesh(file='/mnt4/gck/maniladder/maniladder/assets/models/table.glb')>[0m[38;5;159m, material: [38;5;121m<gs.materials.Rigid>[0m[38;5;159m.[0m
[38;5;226m[Genesis] [11:30:30] [WARNING] GLTF is using y-up while Genesis uses z-up. Please set parse_glb_with_zup=True in morph options if you find the mesh is 90-degree rotated. We will set parse_glb_with_zup=True and rotate glb mesh by default later and gradually enforce this option.[0m
/data/gck/miniconda3/envs/maniladder/lib/python3.10/site-packages/pygltflib/__init__.py:830: UserWarning: pygltflib currently does not remove image data from the buffer when converting to data uri.Please open an issue at https://gitlab.com/dodgyville/pygltflib/issues
  warnings.warn("pygltflib currently does not remove image data "
[38;5;159m[Genesis] [11:30:31] [INFO] Adding [38;5;121m<gs.RigidEntity>[0m[38;5;159m. idx: [38;5;121m2[0m[38;5;159m, uid: [38;5;121m[3m<560bb90>[0m[38;5;159m, morph: [38;5;121m<gs.morphs.Box>[0m[38;5;159m, material: [38;5;121m<gs.materials.Rigid>[0m[38;5;159m.[0m
[38;5;159m[Genesis] [11:30:31] [INFO] Adding [38;5;121m<gs.RigidEntity>[0m[38;5;159m. idx: [38;5;121m3[0m[38;5;159m, uid: [38;5;121m[3m<9701d87>[0m[38;5;159m, morph: [38;5;121m<gs.morphs.Plane>[0m[38;5;159m, material: [38;5;121m<gs.materials.Rigid>[0m[38;5;159m.[0m
[38;5;159m[Genesis] [11:30:31] [INFO] Adding [38;5;121m<gs.RigidEntity>[0m[38;5;159m. idx: [38;5;121m4[0m[38;5;159m, uid: [38;5;121m[3m<0b14654>[0m[38;5;159m, morph: [38;5;121m<gs.morphs.Box>[0m[38;5;159m, material: [38;5;121m<gs.materials.Rigid>[0m[38;5;159m.[0m
[38;5;159m[Genesis] [11:30:31] [INFO] Adding [38;5;121m<gs.RigidEntity>[0m[38;5;159m. idx: [38;5;121m5[0m[38;5;159m, uid: [38;5;121m[3m<f77290a>[0m[38;5;159m, morph: [38;5;121m<gs.morphs.Box>[0m[38;5;159m, material: [38;5;121m<gs.materials.Rigid>[0m[38;5;159m.[0m
[38;5;159m[Genesis] [11:30:31] [INFO] Adding [38;5;121m<gs.RigidEntity>[0m[38;5;159m. idx: [38;5;121m6[0m[38;5;159m, uid: [38;5;121m[3m<b681b8e>[0m[38;5;159m, morph: [38;5;121m<gs.morphs.Box>[0m[38;5;159m, material: [38;5;121m<gs.materials.Rigid>[0m[38;5;159m.[0m
[38;5;159m[Genesis] [11:30:31] [INFO] Adding [38;5;121m<gs.RigidEntity>[0m[38;5;159m. idx: [38;5;121m7[0m[38;5;159m, uid: [38;5;121m[3m<b33c676>[0m[38;5;159m, morph: [38;5;121m<gs.morphs.Box>[0m[38;5;159m, material: [38;5;121m<gs.materials.Rigid>[0m[38;5;159m.[0m
[38;5;159m[Genesis] [11:30:31] [INFO] Adding [38;5;121m<gs.RigidEntity>[0m[38;5;159m. idx: [38;5;121m8[0m[38;5;159m, uid: [38;5;121m[3m<beb5dc9>[0m[38;5;159m, morph: [38;5;121m<gs.morphs.Box>[0m[38;5;159m, material: [38;5;121m<gs.materials.Rigid>[0m[38;5;159m.[0m
[38;5;159m[Genesis] [11:30:31] [INFO] Adding [38;5;121m<gs.RigidEntity>[0m[38;5;159m. idx: [38;5;121m9[0m[38;5;159m, uid: [38;5;121m[3m<f4f9635>[0m[38;5;159m, morph: [38;5;121m<gs.morphs.Box>[0m[38;5;159m, material: [38;5;121m<gs.materials.Rigid>[0m[38;5;159m.[0m
[38;5;159m[Genesis] [11:30:31] [INFO] Adding [38;5;121m<gs.RigidEntity>[0m[38;5;159m. idx: [38;5;121m10[0m[38;5;159m, uid: [38;5;121m[3m<0e896fd>[0m[38;5;159m, morph: [38;5;121m<gs.morphs.Box>[0m[38;5;159m, material: [38;5;121m<gs.materials.Rigid>[0m[38;5;159m.[0m
[38;5;159m[Genesis] [11:30:31] [INFO] Adding [38;5;121m<gs.RigidEntity>[0m[38;5;159m. idx: [38;5;121m11[0m[38;5;159m, uid: [38;5;121m[3m<5784bf0>[0m[38;5;159m, morph: [38;5;121m<gs.morphs.Box>[0m[38;5;159m, material: [38;5;121m<gs.materials.Rigid>[0m[38;5;159m.[0m
[38;5;159m[Genesis] [11:30:31] [INFO] Adding [38;5;121m<gs.RigidEntity>[0m[38;5;159m. idx: [38;5;121m12[0m[38;5;159m, uid: [38;5;121m[3m<73bef3d>[0m[38;5;159m, morph: [38;5;121m<gs.morphs.Mesh(file='/mnt4/gck/maniladder/maniladder/assets/meshes/deformable/toy_box/sphere.obj')>[0m[38;5;159m, material: [38;5;121m<gs.materials.Rigid>[0m[38;5;159m.[0m
[38;5;159m[Genesis] [11:30:31] [INFO] Preprocessing geom idx [38;5;121m[4m88[0m[38;5;159m.[0m
[38;5;159m[Genesis] [11:30:31] [INFO] Adding [38;5;121m<gs.MPMEntity>[0m[38;5;159m. idx: [38;5;121m13[0m[38;5;159m, uid: [38;5;121m[3m<6330d0c>[0m[38;5;159m, morph: [38;5;121m<gs.morphs.Mesh(file='/mnt4/gck/maniladder/maniladder/assets/meshes/deformable/toy_box/cylinder.obj')>[0m[38;5;159m, material: [38;5;121m<gs.materials.MPM.Elastic>[0m[38;5;159m.[0m
[38;5;159m[Genesis] [11:30:31] [INFO] Sampling particles with [38;5;121mpbs-32[0m[38;5;159m sampler and generating `.ptc` file:[0m
[38;5;159m[Genesis] [11:30:36] [INFO] Sampled [38;5;121m[4m866[0m[38;5;159m particles.[0m
[38;5;159m[Genesis] [11:30:36] [INFO] Adding [38;5;121m<gs.RigidEntity>[0m[38;5;159m. idx: [38;5;121m14[0m[38;5;159m, uid: [38;5;121m[3m<adf9d2a>[0m[38;5;159m, morph: [38;5;121m<gs.morphs.Mesh(file='/mnt4/gck/maniladder/maniladder/assets/meshes/deformable/toy_box/moon.obj')>[0m[38;5;159m, material: [38;5;121m<gs.materials.Rigid>[0m[38;5;159m.[0m
[38;5;159m[Genesis] [11:30:36] [INFO] Convex hull is not accurate enough for collision detection (1.087). Falling back to more expensive convex decomposition (see FileMorph options).[0m
[38;5;159m[Genesis] [11:30:36] [INFO] Preprocessing geom idx [38;5;121m[4m89[0m[38;5;159m.[0m
[38;5;159m[Genesis] [11:30:36] [INFO] Preprocessing geom idx [38;5;121m[4m90[0m[38;5;159m.[0m
[38;5;159m[Genesis] [11:30:37] [INFO] Preprocessing geom idx [38;5;121m[4m91[0m[38;5;159m.[0m
[38;5;159m[Genesis] [11:30:37] [INFO] Preprocessing geom idx [38;5;121m[4m92[0m[38;5;159m.[0m
[38;5;159m[Genesis] [11:30:37] [INFO] Adding [38;5;121m<gs.RigidEntity>[0m[38;5;159m. idx: [38;5;121m15[0m[38;5;159m, uid: [38;5;121m[3m<5af1dfc>[0m[38;5;159m, morph: [38;5;121m<gs.morphs.Mesh(file='/mnt4/gck/maniladder/maniladder/assets/meshes/deformable/toy_box/star.obj')>[0m[38;5;159m, material: [38;5;121m<gs.materials.Rigid>[0m[38;5;159m.[0m
[38;5;159m[Genesis] [11:30:37] [INFO] Convex hull is not accurate enough for collision detection (0.798). Falling back to more expensive convex decomposition (see FileMorph options).[0m
[38;5;159m[Genesis] [11:30:37] [INFO] Preprocessing geom idx [38;5;121m[4m93[0m[38;5;159m.[0m
[38;5;159m[Genesis] [11:30:37] [INFO] Preprocessing geom idx [38;5;121m[4m94[0m[38;5;159m.[0m
[38;5;159m[Genesis] [11:30:37] [INFO] Preprocessing geom idx [38;5;121m[4m95[0m[38;5;159m.[0m
[38;5;159m[Genesis] [11:30:37] [INFO] Preprocessing geom idx [38;5;121m[4m96[0m[38;5;159m.[0m
[38;5;159m[Genesis] [11:30:37] [INFO] Adding [38;5;121m<gs.RigidEntity>[0m[38;5;159m. idx: [38;5;121m16[0m[38;5;159m, uid: [38;5;121m[3m<5dec335>[0m[38;5;159m, morph: [38;5;121m<gs.morphs.Mesh(file='/mnt4/gck/maniladder/maniladder/assets/meshes/deformable/toy_box/heart.obj')>[0m[38;5;159m, material: [38;5;121m<gs.materials.Rigid>[0m[38;5;159m.[0m
[38;5;159m[Genesis] [11:30:37] [INFO] Preprocessing geom idx [38;5;121m[4m97[0m[38;5;159m.[0m
[38;5;159m[Genesis] [11:30:38] [INFO] Building scene [38;5;121m[3m<c4915ec>[0m[38;5;159m...[0m
[38;5;226m[Genesis] [11:30:41] [WARNING] Reference robot position exceeds joint limits.[0m
[38;5;226m[Genesis] [11:30:42] [WARNING] max_collision_pairs 300 is smaller than the theoretical maximal possible pairs 4182, it uses less memory but might lead to missing some collision pairs if there are too many collision pairs[0m
[38;5;226m[Genesis] [11:30:50] [WARNING] Kernel compilation takes longer when running MPM solver in CPIC mode. Please be patient.[0m
[38;5;226m[Genesis] [11:30:51] [WARNING] Current `substep_dt` (0.002) is greater than suggested_dt (0.0003125, calculated based on `grid_density`). Simulation might be unstable.[0m
[38;5;159m[Genesis] [11:30:52] [INFO] Compiling simulation kernels...[0m
[38;5;159m[Genesis] [11:32:21] [INFO] Building visualizer...[0m
  [ep 0/1, attempt 39] step 1/300  terminated=False  truncated=False
  [ep 0/1, attempt 39] step 101/300  terminated=False  truncated=False
  [ep 0/1, attempt 39] step 201/300  terminated=False  truncated=False
  [ep 0/1, attempt 39] step 300/300  terminated=False  truncated=True
  [WARNING] Episode 0 attempt 39 truncated without success. Discarding and retrying...
  [Success Rate] overall: 0.0% (0/39) | moving avg (last 39): 0.0%
[38;5;159m[Genesis] [11:34:05] [INFO] Scene [38;5;121m[3m<dab2428>[0m[38;5;159m created.[0m
[38;5;159m[Genesis] [11:34:05] [INFO] Adding [38;5;121m<gs.RigidEntity>[0m[38;5;159m. idx: [38;5;121m0[0m[38;5;159m, uid: [38;5;121m[3m<7154b24>[0m[38;5;159m, morph: [38;5;121m<gs.morphs.URDF(file='/mnt4/gck/maniladder/maniladder/assets/urdf/panda_leaphand/panda_leaphand.urdf')>[0m[38;5;159m, material: [38;5;121m<gs.materials.Rigid>[0m[38;5;159m.[0m
[38;5;159m[Genesis] [11:34:08] [INFO] Applying offset to base link's pose with user provided value in morph.[0m
[38;5;159m[Genesis] [11:34:09] [INFO] Adding [38;5;121m<gs.RigidEntity>[0m[38;5;159m. idx: [38;5;121m1[0m[38;5;159m, uid: [38;5;121m[3m<cde78ab>[0m[38;5;159m, morph: [38;5;121m<gs.morphs.Mesh(file='/mnt4/gck/maniladder/maniladder/assets/models/table.glb')>[0m[38;5;159m, material: [38;5;121m<gs.materials.Rigid>[0m[38;5;159m.[0m
[38;5;226m[Genesis] [11:34:09] [WARNING] GLTF is using y-up while Genesis uses z-up. Please set parse_glb_with_zup=True in morph options if you find the mesh is 90-degree rotated. We will set parse_glb_with_zup=True and rotate glb mesh by default later and gradually enforce this option.[0m
/data/gck/miniconda3/envs/maniladder/lib/python3.10/site-packages/pygltflib/__init__.py:830: UserWarning: pygltflib currently does not remove image data from the buffer when converting to data uri.Please open an issue at https://gitlab.com/dodgyville/pygltflib/issues
  warnings.warn("pygltflib currently does not remove image data "
[38;5;159m[Genesis] [11:34:09] [INFO] Adding [38;5;121m<gs.RigidEntity>[0m[38;5;159m. idx: [38;5;121m2[0m[38;5;159m, uid: [38;5;121m[3m<bd5a934>[0m[38;5;159m, morph: [38;5;121m<gs.morphs.Box>[0m[38;5;159m, material: [38;5;121m<gs.materials.Rigid>[0m[38;5;159m.[0m
[38;5;159m[Genesis] [11:34:10] [INFO] Adding [38;5;121m<gs.RigidEntity>[0m[38;5;159m. idx: [38;5;121m3[0m[38;5;159m, uid: [38;5;121m[3m<b844922>[0m[38;5;159m, morph: [38;5;121m<gs.morphs.Plane>[0m[38;5;159m, material: [38;5;121m<gs.materials.Rigid>[0m[38;5;159m.[0m
[38;5;159m[Genesis] [11:34:10] [INFO] Adding [38;5;121m<gs.RigidEntity>[0m[38;5;159m. idx: [38;5;121m4[0m[38;5;159m, uid: [38;5;121m[3m<fa17529>[0m[38;5;159m, morph: [38;5;121m<gs.morphs.Box>[0m[38;5;159m, material: [38;5;121m<gs.materials.Rigid>[0m[38;5;159m.[0m
[38;5;159m[Genesis] [11:34:10] [INFO] Adding [38;5;121m<gs.RigidEntity>[0m[38;5;159m. idx: [38;5;121m5[0m[38;5;159m, uid: [38;5;121m[3m<b3e529b>[0m[38;5;159m, morph: [38;5;121m<gs.morphs.Box>[0m[38;5;159m, material: [38;5;121m<gs.materials.Rigid>[0m[38;5;159m.[0m
[38;5;159m[Genesis] [11:34:10] [INFO] Adding [38;5;121m<gs.RigidEntity>[0m[38;5;159m. idx: [38;5;121m6[0m[38;5;159m, uid: [38;5;121m[3m<8cc6249>[0m[38;5;159m, morph: [38;5;121m<gs.morphs.Box>[0m[38;5;159m, material: [38;5;121m<gs.materials.Rigid>[0m[38;5;159m.[0m
[38;5;159m[Genesis] [11:34:10] [INFO] Adding [38;5;121m<gs.RigidEntity>[0m[38;5;159m. idx: [38;5;121m7[0m[38;5;159m, uid: [38;5;121m[3m<4bcdbdd>[0m[38;5;159m, morph: [38;5;121m<gs.morphs.Box>[0m[38;5;159m, material: [38;5;121m<gs.materials.Rigid>[0m[38;5;159m.[0m
[38;5;159m[Genesis] [11:34:10] [INFO] Adding [38;5;121m<gs.RigidEntity>[0m[38;5;159m. idx: [38;5;121m8[0m[38;5;159m, uid: [38;5;121m[3m<84fa348>[0m[38;5;159m, morph: [38;5;121m<gs.morphs.Box>[0m[38;5;159m, material: [38;5;121m<gs.materials.Rigid>[0m[38;5;159m.[0m
[38;5;159m[Genesis] [11:34:10] [INFO] Adding [38;5;121m<gs.RigidEntity>[0m[38;5;159m. idx: [38;5;121m9[0m[38;5;159m, uid: [38;5;121m[3m<5ddc8f7>[0m[38;5;159m, morph: [38;5;121m<gs.morphs.Box>[0m[38;5;159m, material: [38;5;121m<gs.materials.Rigid>[0m[38;5;159m.[0m
[38;5;159m[Genesis] [11:34:10] [INFO] Adding [38;5;121m<gs.RigidEntity>[0m[38;5;159m. idx: [38;5;121m10[0m[38;5;159m, uid: [38;5;121m[3m<f1a9e70>[0m[38;5;159m, morph: [38;5;121m<gs.morphs.Box>[0m[38;5;159m, material: [38;5;121m<gs.materials.Rigid>[0m[38;5;159m.[0m
[38;5;159m[Genesis] [11:34:10] [INFO] Adding [38;5;121m<gs.RigidEntity>[0m[38;5;159m. idx: [38;5;121m11[0m[38;5;159m, uid: [38;5;121m[3m<cebbd9b>[0m[38;5;159m, morph: [38;5;121m<gs.morphs.Box>[0m[38;5;159m, material: [38;5;121m<gs.materials.Rigid>[0m[38;5;159m.[0m
[38;5;159m[Genesis] [11:34:10] [INFO] Adding [38;5;121m<gs.RigidEntity>[0m[38;5;159m. idx: [38;5;121m12[0m[38;5;159m, uid: [38;5;121m[3m<e8cd785>[0m[38;5;159m, morph: [38;5;121m<gs.morphs.Mesh(file='/mnt4/gck/maniladder/maniladder/assets/meshes/deformable/toy_box/cyl.obj')>[0m[38;5;159m, material: [38;5;121m<gs.materials.Rigid>[0m[38;5;159m.[0m
[38;5;159m[Genesis] [11:34:10] [INFO] Preprocessing geom idx [38;5;121m[4m88[0m[38;5;159m.[0m
[38;5;159m[Genesis] [11:34:10] [INFO] Adding [38;5;121m<gs.RigidEntity>[0m[38;5;159m. idx: [38;5;121m13[0m[38;5;159m, uid: [38;5;121m[3m<b350527>[0m[38;5;159m, morph: [38;5;121m<gs.morphs.Mesh(file='/mnt4/gck/maniladder/maniladder/assets/meshes/deformable/toy_box/sphere.obj')>[0m[38;5;159m, material: [38;5;121m<gs.materials.Rigid>[0m[38;5;159m.[0m
[38;5;159m[Genesis] [11:34:10] [INFO] Preprocessing geom idx [38;5;121m[4m89[0m[38;5;159m.[0m
[38;5;159m[Genesis] [11:34:10] [INFO] Adding [38;5;121m<gs.MPMEntity>[0m[38;5;159m. idx: [38;5;121m14[0m[38;5;159m, uid: [38;5;121m[3m<f331e46>[0m[38;5;159m, morph: [38;5;121m<gs.morphs.Mesh(file='/mnt4/gck/maniladder/maniladder/assets/meshes/deformable/toy_box/cylinder.obj')>[0m[38;5;159m, material: [38;5;121m<gs.materials.MPM.Elastic>[0m[38;5;159m.[0m
[38;5;159m[Genesis] [11:34:10] [INFO] Sampling particles with [38;5;121mpbs-32[0m[38;5;159m sampler and generating `.ptc` file:[0m
[38;5;159m[Genesis] [11:34:18] [INFO] Sampled [38;5;121m[4m815[0m[38;5;159m particles.[0m
[38;5;159m[Genesis] [11:34:18] [INFO] Adding [38;5;121m<gs.RigidEntity>[0m[38;5;159m. idx: [38;5;121m15[0m[38;5;159m, uid: [38;5;121m[3m<5f349ea>[0m[38;5;159m, morph: [38;5;121m<gs.morphs.Mesh(file='/mnt4/gck/maniladder/maniladder/assets/meshes/deformable/toy_box/moon.obj')>[0m[38;5;159m, material: [38;5;121m<gs.materials.Rigid>[0m[38;5;159m.[0m
[38;5;159m[Genesis] [11:34:18] [INFO] Convex hull is not accurate enough for collision detection (1.087). Falling back to more expensive convex decomposition (see FileMorph options).[0m
[38;5;159m[Genesis] [11:34:18] [INFO] Preprocessing geom idx [38;5;121m[4m90[0m[38;5;159m.[0m
[38;5;159m[Genesis] [11:34:18] [INFO] Preprocessing geom idx [38;5;121m[4m91[0m[38;5;159m.[0m
[38;5;159m[Genesis] [11:34:18] [INFO] Preprocessing geom idx [38;5;121m[4m92[0m[38;5;159m.[0m
[38;5;159m[Genesis] [11:34:18] [INFO] Preprocessing geom idx [38;5;121m[4m93[0m[38;5;159m.[0m
[38;5;159m[Genesis] [11:34:19] [INFO] Adding [38;5;121m<gs.RigidEntity>[0m[38;5;159m. idx: [38;5;121m16[0m[38;5;159m, uid: [38;5;121m[3m<1a82b51>[0m[38;5;159m, morph: [38;5;121m<gs.morphs.Mesh(file='/mnt4/gck/maniladder/maniladder/assets/meshes/deformable/toy_box/heart.obj')>[0m[38;5;159m, material: [38;5;121m<gs.materials.Rigid>[0m[38;5;159m.[0m
[38;5;159m[Genesis] [11:34:19] [INFO] Preprocessing geom idx [38;5;121m[4m94[0m[38;5;159m.[0m
[38;5;159m[Genesis] [11:34:19] [INFO] Building scene [38;5;121m[3m<dab2428>[0m[38;5;159m...[0m
[38;5;226m[Genesis] [11:34:22] [WARNING] Reference robot position exceeds joint limits.[0m
[38;5;226m[Genesis] [11:34:24] [WARNING] max_collision_pairs 300 is smaller than the theoretical maximal possible pairs 3900, it uses less memory but might lead to missing some collision pairs if there are too many collision pairs[0m
[38;5;226m[Genesis] [11:34:32] [WARNING] Kernel compilation takes longer when running MPM solver in CPIC mode. Please be patient.[0m
[38;5;226m[Genesis] [11:34:33] [WARNING] Current `substep_dt` (0.002) is greater than suggested_dt (0.0003125, calculated based on `grid_density`). Simulation might be unstable.[0m
[38;5;159m[Genesis] [11:34:34] [INFO] Compiling simulation kernels...[0m
[38;5;159m[Genesis] [11:36:05] [INFO] Building visualizer...[0m
  [ep 0/1, attempt 40] step 1/300  terminated=False  truncated=False
  [ep 0/1, attempt 40] step 101/300  terminated=False  truncated=False
  [ep 0/1, attempt 40] step 201/300  terminated=False  truncated=False
  [ep 0/1, attempt 40] step 300/300  terminated=False  truncated=True
  [WARNING] Episode 0 attempt 40 truncated without success. Discarding and retrying...
  [Success Rate] overall: 0.0% (0/40) | moving avg (last 40): 0.0%
[38;5;159m[Genesis] [11:37:50] [INFO] Scene [38;5;121m[3m<1486cab>[0m[38;5;159m created.[0m
[38;5;159m[Genesis] [11:37:50] [INFO] Adding [38;5;121m<gs.RigidEntity>[0m[38;5;159m. idx: [38;5;121m0[0m[38;5;159m, uid: [38;5;121m[3m<039099d>[0m[38;5;159m, morph: [38;5;121m<gs.morphs.URDF(file='/mnt4/gck/maniladder/maniladder/assets/urdf/panda_leaphand/panda_leaphand.urdf')>[0m[38;5;159m, material: [38;5;121m<gs.materials.Rigid>[0m[38;5;159m.[0m
[38;5;159m[Genesis] [11:37:53] [INFO] Applying offset to base link's pose with user provided value in morph.[0m
[38;5;159m[Genesis] [11:37:54] [INFO] Adding [38;5;121m<gs.RigidEntity>[0m[38;5;159m. idx: [38;5;121m1[0m[38;5;159m, uid: [38;5;121m[3m<9f4f6fd>[0m[38;5;159m, morph: [38;5;121m<gs.morphs.Mesh(file='/mnt4/gck/maniladder/maniladder/assets/models/table.glb')>[0m[38;5;159m, material: [38;5;121m<gs.materials.Rigid>[0m[38;5;159m.[0m
[38;5;226m[Genesis] [11:37:54] [WARNING] GLTF is using y-up while Genesis uses z-up. Please set parse_glb_with_zup=True in morph options if you find the mesh is 90-degree rotated. We will set parse_glb_with_zup=True and rotate glb mesh by default later and gradually enforce this option.[0m
/data/gck/miniconda3/envs/maniladder/lib/python3.10/site-packages/pygltflib/__init__.py:830: UserWarning: pygltflib currently does not remove image data from the buffer when converting to data uri.Please open an issue at https://gitlab.com/dodgyville/pygltflib/issues
  warnings.warn("pygltflib currently does not remove image data "
[38;5;159m[Genesis] [11:37:54] [INFO] Adding [38;5;121m<gs.RigidEntity>[0m[38;5;159m. idx: [38;5;121m2[0m[38;5;159m, uid: [38;5;121m[3m<d326e3b>[0m[38;5;159m, morph: [38;5;121m<gs.morphs.Box>[0m[38;5;159m, material: [38;5;121m<gs.materials.Rigid>[0m[38;5;159m.[0m
[38;5;159m[Genesis] [11:37:54] [INFO] Adding [38;5;121m<gs.RigidEntity>[0m[38;5;159m. idx: [38;5;121m3[0m[38;5;159m, uid: [38;5;121m[3m<924cc2b>[0m[38;5;159m, morph: [38;5;121m<gs.morphs.Plane>[0m[38;5;159m, material: [38;5;121m<gs.materials.Rigid>[0m[38;5;159m.[0m
[38;5;159m[Genesis] [11:37:54] [INFO] Adding [38;5;121m<gs.RigidEntity>[0m[38;5;159m. idx: [38;5;121m4[0m[38;5;159m, uid: [38;5;121m[3m<793480f>[0m[38;5;159m, morph: [38;5;121m<gs.morphs.Box>[0m[38;5;159m, material: [38;5;121m<gs.materials.Rigid>[0m[38;5;159m.[0m
[38;5;159m[Genesis] [11:37:54] [INFO] Adding [38;5;121m<gs.RigidEntity>[0m[38;5;159m. idx: [38;5;121m5[0m[38;5;159m, uid: [38;5;121m[3m<7b7b6a9>[0m[38;5;159m, morph: [38;5;121m<gs.morphs.Box>[0m[38;5;159m, material: [38;5;121m<gs.materials.Rigid>[0m[38;5;159m.[0m
[38;5;159m[Genesis] [11:37:54] [INFO] Adding [38;5;121m<gs.RigidEntity>[0m[38;5;159m. idx: [38;5;121m6[0m[38;5;159m, uid: [38;5;121m[3m<3440eca>[0m[38;5;159m, morph: [38;5;121m<gs.morphs.Box>[0m[38;5;159m, material: [38;5;121m<gs.materials.Rigid>[0m[38;5;159m.[0m
[38;5;159m[Genesis] [11:37:54] [INFO] Adding [38;5;121m<gs.RigidEntity>[0m[38;5;159m. idx: [38;5;121m7[0m[38;5;159m, uid: [38;5;121m[3m<2da2a7a>[0m[38;5;159m, morph: [38;5;121m<gs.morphs.Box>[0m[38;5;159m, material: [38;5;121m<gs.materials.Rigid>[0m[38;5;159m.[0m
[38;5;159m[Genesis] [11:37:54] [INFO] Adding [38;5;121m<gs.RigidEntity>[0m[38;5;159m. idx: [38;5;121m8[0m[38;5;159m, uid: [38;5;121m[3m<67072f5>[0m[38;5;159m, morph: [38;5;121m<gs.morphs.Box>[0m[38;5;159m, material: [38;5;121m<gs.materials.Rigid>[0m[38;5;159m.[0m
[38;5;159m[Genesis] [11:37:54] [INFO] Adding [38;5;121m<gs.RigidEntity>[0m[38;5;159m. idx: [38;5;121m9[0m[38;5;159m, uid: [38;5;121m[3m<a854071>[0m[38;5;159m, morph: [38;5;121m<gs.morphs.Box>[0m[38;5;159m, material: [38;5;121m<gs.materials.Rigid>[0m[38;5;159m.[0m
[38;5;159m[Genesis] [11:37:54] [INFO] Adding [38;5;121m<gs.RigidEntity>[0m[38;5;159m. idx: [38;5;121m10[0m[38;5;159m, uid: [38;5;121m[3m<09e5470>[0m[38;5;159m, morph: [38;5;121m<gs.morphs.Box>[0m[38;5;159m, material: [38;5;121m<gs.materials.Rigid>[0m[38;5;159m.[0m
[38;5;159m[Genesis] [11:37:54] [INFO] Adding [38;5;121m<gs.RigidEntity>[0m[38;5;159m. idx: [38;5;121m11[0m[38;5;159m, uid: [38;5;121m[3m<4363fe3>[0m[38;5;159m, morph: [38;5;121m<gs.morphs.Box>[0m[38;5;159m, material: [38;5;121m<gs.materials.Rigid>[0m[38;5;159m.[0m
[38;5;159m[Genesis] [11:37:54] [INFO] Adding [38;5;121m<gs.MPMEntity>[0m[38;5;159m. idx: [38;5;121m12[0m[38;5;159m, uid: [38;5;121m[3m<40690bc>[0m[38;5;159m, morph: [38;5;121m<gs.morphs.Mesh(file='/mnt4/gck/maniladder/maniladder/assets/meshes/deformable/toy_box/cylinder.obj')>[0m[38;5;159m, material: [38;5;121m<gs.materials.MPM.Elastic>[0m[38;5;159m.[0m
[38;5;159m[Genesis] [11:37:54] [INFO] Sampling particles with [38;5;121mpbs-32[0m[38;5;159m sampler and generating `.ptc` file:[0m
[38;5;159m[Genesis] [11:38:03] [INFO] Sampled [38;5;121m[4m821[0m[38;5;159m particles.[0m
[38;5;159m[Genesis] [11:38:03] [INFO] Adding [38;5;121m<gs.RigidEntity>[0m[38;5;159m. idx: [38;5;121m13[0m[38;5;159m, uid: [38;5;121m[3m<9ea5bbe>[0m[38;5;159m, morph: [38;5;121m<gs.morphs.Mesh(file='/mnt4/gck/maniladder/maniladder/assets/meshes/deformable/toy_box/cone.obj')>[0m[38;5;159m, material: [38;5;121m<gs.materials.Rigid>[0m[38;5;159m.[0m
[38;5;159m[Genesis] [11:38:03] [INFO] Preprocessing geom idx [38;5;121m[4m88[0m[38;5;159m.[0m
[38;5;159m[Genesis] [11:38:03] [INFO] Adding [38;5;121m<gs.RigidEntity>[0m[38;5;159m. idx: [38;5;121m14[0m[38;5;159m, uid: [38;5;121m[3m<8b1eed4>[0m[38;5;159m, morph: [38;5;121m<gs.morphs.Mesh(file='/mnt4/gck/maniladder/maniladder/assets/meshes/deformable/toy_box/sphere.obj')>[0m[38;5;159m, material: [38;5;121m<gs.materials.Rigid>[0m[38;5;159m.[0m
[38;5;159m[Genesis] [11:38:03] [INFO] Preprocessing geom idx [38;5;121m[4m89[0m[38;5;159m.[0m
[38;5;159m[Genesis] [11:38:03] [INFO] Adding [38;5;121m<gs.RigidEntity>[0m[38;5;159m. idx: [38;5;121m15[0m[38;5;159m, uid: [38;5;121m[3m<1dbd5e0>[0m[38;5;159m, morph: [38;5;121m<gs.morphs.Mesh(file='/mnt4/gck/maniladder/maniladder/assets/meshes/deformable/toy_box/cyl.obj')>[0m[38;5;159m, material: [38;5;121m<gs.materials.Rigid>[0m[38;5;159m.[0m
[38;5;159m[Genesis] [11:38:03] [INFO] Preprocessing geom idx [38;5;121m[4m90[0m[38;5;159m.[0m
[38;5;159m[Genesis] [11:38:03] [INFO] Adding [38;5;121m<gs.RigidEntity>[0m[38;5;159m. idx: [38;5;121m16[0m[38;5;159m, uid: [38;5;121m[3m<3597e54>[0m[38;5;159m, morph: [38;5;121m<gs.morphs.Mesh(file='/mnt4/gck/maniladder/maniladder/assets/meshes/deformable/toy_box/star.obj')>[0m[38;5;159m, material: [38;5;121m<gs.materials.Rigid>[0m[38;5;159m.[0m
[38;5;159m[Genesis] [11:38:03] [INFO] Convex hull is not accurate enough for collision detection (0.798). Falling back to more expensive convex decomposition (see FileMorph options).[0m
[38;5;159m[Genesis] [11:38:03] [INFO] Preprocessing geom idx [38;5;121m[4m91[0m[38;5;159m.[0m
[38;5;159m[Genesis] [11:38:03] [INFO] Preprocessing geom idx [38;5;121m[4m92[0m[38;5;159m.[0m
[38;5;159m[Genesis] [11:38:03] [INFO] Preprocessing geom idx [38;5;121m[4m93[0m[38;5;159m.[0m
[38;5;159m[Genesis] [11:38:03] [INFO] Preprocessing geom idx [38;5;121m[4m94[0m[38;5;159m.[0m
[38;5;159m[Genesis] [11:38:03] [INFO] Building scene [38;5;121m[3m<1486cab>[0m[38;5;159m...[0m
[38;5;226m[Genesis] [11:38:06] [WARNING] Reference robot position exceeds joint limits.[0m
[38;5;226m[Genesis] [11:38:08] [WARNING] max_collision_pairs 300 is smaller than the theoretical maximal possible pairs 3900, it uses less memory but might lead to missing some collision pairs if there are too many collision pairs[0m
[38;5;226m[Genesis] [11:38:15] [WARNING] Kernel compilation takes longer when running MPM solver in CPIC mode. Please be patient.[0m
[38;5;226m[Genesis] [11:38:16] [WARNING] Current `substep_dt` (0.002) is greater than suggested_dt (0.0003125, calculated based on `grid_density`). Simulation might be unstable.[0m
[38;5;159m[Genesis] [11:38:17] [INFO] Compiling simulation kernels...[0m
[38;5;159m[Genesis] [11:39:47] [INFO] Building visualizer...[0m
  [ep 0/1, attempt 41] step 1/300  terminated=False  truncated=False
  [ep 0/1, attempt 41] step 101/300  terminated=False  truncated=False
  [ep 0/1, attempt 41] step 201/300  terminated=False  truncated=False
  [ep 0/1, attempt 41] step 300/300  terminated=False  truncated=True
  [WARNING] Episode 0 attempt 41 truncated without success. Discarding and retrying...
  [Success Rate] overall: 0.0% (0/41) | moving avg (last 41): 0.0%
[38;5;159m[Genesis] [11:41:16] [INFO] Scene [38;5;121m[3m<0acc798>[0m[38;5;159m created.[0m
[38;5;159m[Genesis] [11:41:16] [INFO] Adding [38;5;121m<gs.RigidEntity>[0m[38;5;159m. idx: [38;5;121m0[0m[38;5;159m, uid: [38;5;121m[3m<2877c52>[0m[38;5;159m, morph: [38;5;121m<gs.morphs.URDF(file='/mnt4/gck/maniladder/maniladder/assets/urdf/panda_leaphand/panda_leaphand.urdf')>[0m[38;5;159m, material: [38;5;121m<gs.materials.Rigid>[0m[38;5;159m.[0m
[38;5;159m[Genesis] [11:41:19] [INFO] Applying offset to base link's pose with user provided value in morph.[0m
[38;5;159m[Genesis] [11:41:20] [INFO] Adding [38;5;121m<gs.RigidEntity>[0m[38;5;159m. idx: [38;5;121m1[0m[38;5;159m, uid: [38;5;121m[3m<2f02425>[0m[38;5;159m, morph: [38;5;121m<gs.morphs.Mesh(file='/mnt4/gck/maniladder/maniladder/assets/models/table.glb')>[0m[38;5;159m, material: [38;5;121m<gs.materials.Rigid>[0m[38;5;159m.[0m
[38;5;226m[Genesis] [11:41:20] [WARNING] GLTF is using y-up while Genesis uses z-up. Please set parse_glb_with_zup=True in morph options if you find the mesh is 90-degree rotated. We will set parse_glb_with_zup=True and rotate glb mesh by default later and gradually enforce this option.[0m
/data/gck/miniconda3/envs/maniladder/lib/python3.10/site-packages/pygltflib/__init__.py:830: UserWarning: pygltflib currently does not remove image data from the buffer when converting to data uri.Please open an issue at https://gitlab.com/dodgyville/pygltflib/issues
  warnings.warn("pygltflib currently does not remove image data "
[38;5;159m[Genesis] [11:41:20] [INFO] Adding [38;5;121m<gs.RigidEntity>[0m[38;5;159m. idx: [38;5;121m2[0m[38;5;159m, uid: [38;5;121m[3m<876efec>[0m[38;5;159m, morph: [38;5;121m<gs.morphs.Box>[0m[38;5;159m, material: [38;5;121m<gs.materials.Rigid>[0m[38;5;159m.[0m
[38;5;159m[Genesis] [11:41:20] [INFO] Adding [38;5;121m<gs.RigidEntity>[0m[38;5;159m. idx: [38;5;121m3[0m[38;5;159m, uid: [38;5;121m[3m<16f5093>[0m[38;5;159m, morph: [38;5;121m<gs.morphs.Plane>[0m[38;5;159m, material: [38;5;121m<gs.materials.Rigid>[0m[38;5;159m.[0m
[38;5;159m[Genesis] [11:41:21] [INFO] Adding [38;5;121m<gs.RigidEntity>[0m[38;5;159m. idx: [38;5;121m4[0m[38;5;159m, uid: [38;5;121m[3m<bf487d6>[0m[38;5;159m, morph: [38;5;121m<gs.morphs.Box>[0m[38;5;159m, material: [38;5;121m<gs.materials.Rigid>[0m[38;5;159m.[0m
[38;5;159m[Genesis] [11:41:21] [INFO] Adding [38;5;121m<gs.RigidEntity>[0m[38;5;159m. idx: [38;5;121m5[0m[38;5;159m, uid: [38;5;121m[3m<29ca622>[0m[38;5;159m, morph: [38;5;121m<gs.morphs.Box>[0m[38;5;159m, material: [38;5;121m<gs.materials.Rigid>[0m[38;5;159m.[0m
[38;5;159m[Genesis] [11:41:21] [INFO] Adding [38;5;121m<gs.RigidEntity>[0m[38;5;159m. idx: [38;5;121m6[0m[38;5;159m, uid: [38;5;121m[3m<e291e4c>[0m[38;5;159m, morph: [38;5;121m<gs.morphs.Box>[0m[38;5;159m, material: [38;5;121m<gs.materials.Rigid>[0m[38;5;159m.[0m
[38;5;159m[Genesis] [11:41:21] [INFO] Adding [38;5;121m<gs.RigidEntity>[0m[38;5;159m. idx: [38;5;121m7[0m[38;5;159m, uid: [38;5;121m[3m<8401a0c>[0m[38;5;159m, morph: [38;5;121m<gs.morphs.Box>[0m[38;5;159m, material: [38;5;121m<gs.materials.Rigid>[0m[38;5;159m.[0m
[38;5;159m[Genesis] [11:41:21] [INFO] Adding [38;5;121m<gs.RigidEntity>[0m[38;5;159m. idx: [38;5;121m8[0m[38;5;159m, uid: [38;5;121m[3m<687600b>[0m[38;5;159m, morph: [38;5;121m<gs.morphs.Box>[0m[38;5;159m, material: [38;5;121m<gs.materials.Rigid>[0m[38;5;159m.[0m
[38;5;159m[Genesis] [11:41:21] [INFO] Adding [38;5;121m<gs.RigidEntity>[0m[38;5;159m. idx: [38;5;121m9[0m[38;5;159m, uid: [38;5;121m[3m<1a96c1c>[0m[38;5;159m, morph: [38;5;121m<gs.morphs.Box>[0m[38;5;159m, material: [38;5;121m<gs.materials.Rigid>[0m[38;5;159m.[0m
[38;5;159m[Genesis] [11:41:21] [INFO] Adding [38;5;121m<gs.RigidEntity>[0m[38;5;159m. idx: [38;5;121m10[0m[38;5;159m, uid: [38;5;121m[3m<ca371ff>[0m[38;5;159m, morph: [38;5;121m<gs.morphs.Box>[0m[38;5;159m, material: [38;5;121m<gs.materials.Rigid>[0m[38;5;159m.[0m
[38;5;159m[Genesis] [11:41:21] [INFO] Adding [38;5;121m<gs.RigidEntity>[0m[38;5;159m. idx: [38;5;121m11[0m[38;5;159m, uid: [38;5;121m[3m<56b8112>[0m[38;5;159m, morph: [38;5;121m<gs.morphs.Box>[0m[38;5;159m, material: [38;5;121m<gs.materials.Rigid>[0m[38;5;159m.[0m
[38;5;159m[Genesis] [11:41:21] [INFO] Adding [38;5;121m<gs.RigidEntity>[0m[38;5;159m. idx: [38;5;121m12[0m[38;5;159m, uid: [38;5;121m[3m<bfb5c5e>[0m[38;5;159m, morph: [38;5;121m<gs.morphs.Mesh(file='/mnt4/gck/maniladder/maniladder/assets/meshes/deformable/toy_box/cone.obj')>[0m[38;5;159m, material: [38;5;121m<gs.materials.Rigid>[0m[38;5;159m.[0m
[38;5;159m[Genesis] [11:41:21] [INFO] Preprocessing geom idx [38;5;121m[4m88[0m[38;5;159m.[0m
[38;5;159m[Genesis] [11:41:21] [INFO] Adding [38;5;121m<gs.RigidEntity>[0m[38;5;159m. idx: [38;5;121m13[0m[38;5;159m, uid: [38;5;121m[3m<bdf51ed>[0m[38;5;159m, morph: [38;5;121m<gs.morphs.Mesh(file='/mnt4/gck/maniladder/maniladder/assets/meshes/deformable/toy_box/star.obj')>[0m[38;5;159m, material: [38;5;121m<gs.materials.Rigid>[0m[38;5;159m.[0m
[38;5;159m[Genesis] [11:41:21] [INFO] Convex hull is not accurate enough for collision detection (0.798). Falling back to more expensive convex decomposition (see FileMorph options).[0m
[38;5;159m[Genesis] [11:41:21] [INFO] Preprocessing geom idx [38;5;121m[4m89[0m[38;5;159m.[0m
[38;5;159m[Genesis] [11:41:21] [INFO] Preprocessing geom idx [38;5;121m[4m90[0m[38;5;159m.[0m
[38;5;159m[Genesis] [11:41:21] [INFO] Preprocessing geom idx [38;5;121m[4m91[0m[38;5;159m.[0m
[38;5;159m[Genesis] [11:41:21] [INFO] Preprocessing geom idx [38;5;121m[4m92[0m[38;5;159m.[0m
[38;5;159m[Genesis] [11:41:21] [INFO] Adding [38;5;121m<gs.RigidEntity>[0m[38;5;159m. idx: [38;5;121m14[0m[38;5;159m, uid: [38;5;121m[3m<0aa648e>[0m[38;5;159m, morph: [38;5;121m<gs.morphs.Mesh(file='/mnt4/gck/maniladder/maniladder/assets/meshes/deformable/toy_box/cylinder.obj')>[0m[38;5;159m, material: [38;5;121m<gs.materials.Rigid>[0m[38;5;159m.[0m
[38;5;159m[Genesis] [11:41:21] [INFO] Preprocessing geom idx [38;5;121m[4m93[0m[38;5;159m.[0m
[38;5;159m[Genesis] [11:41:21] [INFO] Adding [38;5;121m<gs.RigidEntity>[0m[38;5;159m. idx: [38;5;121m15[0m[38;5;159m, uid: [38;5;121m[3m<ed1d472>[0m[38;5;159m, morph: [38;5;121m<gs.morphs.Mesh(file='/mnt4/gck/maniladder/maniladder/assets/meshes/deformable/toy_box/moon.obj')>[0m[38;5;159m, material: [38;5;121m<gs.materials.Rigid>[0m[38;5;159m.[0m
[38;5;159m[Genesis] [11:41:21] [INFO] Convex hull is not accurate enough for collision detection (1.087). Falling back to more expensive convex decomposition (see FileMorph options).[0m
[38;5;159m[Genesis] [11:41:21] [INFO] Preprocessing geom idx [38;5;121m[4m94[0m[38;5;159m.[0m
[38;5;159m[Genesis] [11:41:21] [INFO] Preprocessing geom idx [38;5;121m[4m95[0m[38;5;159m.[0m
[38;5;159m[Genesis] [11:41:21] [INFO] Preprocessing geom idx [38;5;121m[4m96[0m[38;5;159m.[0m
[38;5;159m[Genesis] [11:41:22] [INFO] Preprocessing geom idx [38;5;121m[4m97[0m[38;5;159m.[0m
[38;5;159m[Genesis] [11:41:22] [INFO] Adding [38;5;121m<gs.MPMEntity>[0m[38;5;159m. idx: [38;5;121m16[0m[38;5;159m, uid: [38;5;121m[3m<9cdc9a3>[0m[38;5;159m, morph: [38;5;121m<gs.morphs.Mesh(file='/mnt4/gck/maniladder/maniladder/assets/meshes/deformable/toy_box/cyl.obj')>[0m[38;5;159m, material: [38;5;121m<gs.materials.MPM.Elastic>[0m[38;5;159m.[0m
[38;5;159m[Genesis] [11:41:22] [INFO] Sampling particles with [38;5;121mpbs-32[0m[38;5;159m sampler and generating `.ptc` file:[0m
[38;5;159m[Genesis] [11:41:30] [INFO] Sampled [38;5;121m[4m1,258[0m[38;5;159m particles.[0m
[38;5;159m[Genesis] [11:41:30] [INFO] Building scene [38;5;121m[3m<0acc798>[0m[38;5;159m...[0m
[38;5;226m[Genesis] [11:41:33] [WARNING] Reference robot position exceeds joint limits.[0m
[38;5;226m[Genesis] [11:41:35] [WARNING] max_collision_pairs 300 is smaller than the theoretical maximal possible pairs 4182, it uses less memory but might lead to missing some collision pairs if there are too many collision pairs[0m
[38;5;226m[Genesis] [11:41:43] [WARNING] Kernel compilation takes longer when running MPM solver in CPIC mode. Please be patient.[0m
[38;5;226m[Genesis] [11:41:43] [WARNING] Current `substep_dt` (0.002) is greater than suggested_dt (0.0003125, calculated based on `grid_density`). Simulation might be unstable.[0m
[38;5;159m[Genesis] [11:41:44] [INFO] Compiling simulation kernels...[0m
[38;5;159m[Genesis] [11:43:13] [INFO] Building visualizer...[0m
  [ep 0/1, attempt 42] step 1/300  terminated=False  truncated=False
  [ep 0/1, attempt 42] step 101/300  terminated=False  truncated=False
  [ep 0/1, attempt 42] step 201/300  terminated=False  truncated=False
  [ep 0/1, attempt 42] step 300/300  terminated=False  truncated=True
  [WARNING] Episode 0 attempt 42 truncated without success. Discarding and retrying...
  [Success Rate] overall: 0.0% (0/42) | moving avg (last 42): 0.0%
[38;5;159m[Genesis] [11:44:51] [INFO] Scene [38;5;121m[3m<9d13ec7>[0m[38;5;159m created.[0m
[38;5;159m[Genesis] [11:44:51] [INFO] Adding [38;5;121m<gs.RigidEntity>[0m[38;5;159m. idx: [38;5;121m0[0m[38;5;159m, uid: [38;5;121m[3m<c69b30a>[0m[38;5;159m, morph: [38;5;121m<gs.morphs.URDF(file='/mnt4/gck/maniladder/maniladder/assets/urdf/panda_leaphand/panda_leaphand.urdf')>[0m[38;5;159m, material: [38;5;121m<gs.materials.Rigid>[0m[38;5;159m.[0m
[38;5;159m[Genesis] [11:44:54] [INFO] Applying offset to base link's pose with user provided value in morph.[0m
[38;5;159m[Genesis] [11:44:55] [INFO] Adding [38;5;121m<gs.RigidEntity>[0m[38;5;159m. idx: [38;5;121m1[0m[38;5;159m, uid: [38;5;121m[3m<9fc8f80>[0m[38;5;159m, morph: [38;5;121m<gs.morphs.Mesh(file='/mnt4/gck/maniladder/maniladder/assets/models/table.glb')>[0m[38;5;159m, material: [38;5;121m<gs.materials.Rigid>[0m[38;5;159m.[0m
[38;5;226m[Genesis] [11:44:55] [WARNING] GLTF is using y-up while Genesis uses z-up. Please set parse_glb_with_zup=True in morph options if you find the mesh is 90-degree rotated. We will set parse_glb_with_zup=True and rotate glb mesh by default later and gradually enforce this option.[0m
/data/gck/miniconda3/envs/maniladder/lib/python3.10/site-packages/pygltflib/__init__.py:830: UserWarning: pygltflib currently does not remove image data from the buffer when converting to data uri.Please open an issue at https://gitlab.com/dodgyville/pygltflib/issues
  warnings.warn("pygltflib currently does not remove image data "
[38;5;159m[Genesis] [11:44:56] [INFO] Adding [38;5;121m<gs.RigidEntity>[0m[38;5;159m. idx: [38;5;121m2[0m[38;5;159m, uid: [38;5;121m[3m<90204da>[0m[38;5;159m, morph: [38;5;121m<gs.morphs.Box>[0m[38;5;159m, material: [38;5;121m<gs.materials.Rigid>[0m[38;5;159m.[0m
[38;5;159m[Genesis] [11:44:56] [INFO] Adding [38;5;121m<gs.RigidEntity>[0m[38;5;159m. idx: [38;5;121m3[0m[38;5;159m, uid: [38;5;121m[3m<c07c14b>[0m[38;5;159m, morph: [38;5;121m<gs.morphs.Plane>[0m[38;5;159m, material: [38;5;121m<gs.materials.Rigid>[0m[38;5;159m.[0m
[38;5;159m[Genesis] [11:44:56] [INFO] Adding [38;5;121m<gs.RigidEntity>[0m[38;5;159m. idx: [38;5;121m4[0m[38;5;159m, uid: [38;5;121m[3m<2358091>[0m[38;5;159m, morph: [38;5;121m<gs.morphs.Box>[0m[38;5;159m, material: [38;5;121m<gs.materials.Rigid>[0m[38;5;159m.[0m
[38;5;159m[Genesis] [11:44:56] [INFO] Adding [38;5;121m<gs.RigidEntity>[0m[38;5;159m. idx: [38;5;121m5[0m[38;5;159m, uid: [38;5;121m[3m<aba3ac3>[0m[38;5;159m, morph: [38;5;121m<gs.morphs.Box>[0m[38;5;159m, material: [38;5;121m<gs.materials.Rigid>[0m[38;5;159m.[0m
[38;5;159m[Genesis] [11:44:56] [INFO] Adding [38;5;121m<gs.RigidEntity>[0m[38;5;159m. idx: [38;5;121m6[0m[38;5;159m, uid: [38;5;121m[3m<86f0aaf>[0m[38;5;159m, morph: [38;5;121m<gs.morphs.Box>[0m[38;5;159m, material: [38;5;121m<gs.materials.Rigid>[0m[38;5;159m.[0m
[38;5;159m[Genesis] [11:44:56] [INFO] Adding [38;5;121m<gs.RigidEntity>[0m[38;5;159m. idx: [38;5;121m7[0m[38;5;159m, uid: [38;5;121m[3m<1eee7f5>[0m[38;5;159m, morph: [38;5;121m<gs.morphs.Box>[0m[38;5;159m, material: [38;5;121m<gs.materials.Rigid>[0m[38;5;159m.[0m
[38;5;159m[Genesis] [11:44:56] [INFO] Adding [38;5;121m<gs.RigidEntity>[0m[38;5;159m. idx: [38;5;121m8[0m[38;5;159m, uid: [38;5;121m[3m<985b133>[0m[38;5;159m, morph: [38;5;121m<gs.morphs.Box>[0m[38;5;159m, material: [38;5;121m<gs.materials.Rigid>[0m[38;5;159m.[0m
[38;5;159m[Genesis] [11:44:56] [INFO] Adding [38;5;121m<gs.RigidEntity>[0m[38;5;159m. idx: [38;5;121m9[0m[38;5;159m, uid: [38;5;121m[3m<dc351d0>[0m[38;5;159m, morph: [38;5;121m<gs.morphs.Box>[0m[38;5;159m, material: [38;5;121m<gs.materials.Rigid>[0m[38;5;159m.[0m
[38;5;159m[Genesis] [11:44:56] [INFO] Adding [38;5;121m<gs.RigidEntity>[0m[38;5;159m. idx: [38;5;121m10[0m[38;5;159m, uid: [38;5;121m[3m<dc328ef>[0m[38;5;159m, morph: [38;5;121m<gs.morphs.Box>[0m[38;5;159m, material: [38;5;121m<gs.materials.Rigid>[0m[38;5;159m.[0m
[38;5;159m[Genesis] [11:44:56] [INFO] Adding [38;5;121m<gs.RigidEntity>[0m[38;5;159m. idx: [38;5;121m11[0m[38;5;159m, uid: [38;5;121m[3m<62abf86>[0m[38;5;159m, morph: [38;5;121m<gs.morphs.Box>[0m[38;5;159m, material: [38;5;121m<gs.materials.Rigid>[0m[38;5;159m.[0m
[38;5;159m[Genesis] [11:44:56] [INFO] Adding [38;5;121m<gs.MPMEntity>[0m[38;5;159m. idx: [38;5;121m12[0m[38;5;159m, uid: [38;5;121m[3m<a7e6047>[0m[38;5;159m, morph: [38;5;121m<gs.morphs.Mesh(file='/mnt4/gck/maniladder/maniladder/assets/meshes/deformable/toy_box/cylinder.obj')>[0m[38;5;159m, material: [38;5;121m<gs.materials.MPM.Elastic>[0m[38;5;159m.[0m
[38;5;159m[Genesis] [11:44:56] [INFO] Sampling particles with [38;5;121mpbs-32[0m[38;5;159m sampler and generating `.ptc` file:[0m
[38;5;159m[Genesis] [11:45:04] [INFO] Sampled [38;5;121m[4m659[0m[38;5;159m particles.[0m
[38;5;159m[Genesis] [11:45:04] [INFO] Adding [38;5;121m<gs.RigidEntity>[0m[38;5;159m. idx: [38;5;121m13[0m[38;5;159m, uid: [38;5;121m[3m<ff82e8e>[0m[38;5;159m, morph: [38;5;121m<gs.morphs.Mesh(file='/mnt4/gck/maniladder/maniladder/assets/meshes/deformable/toy_box/heart.obj')>[0m[38;5;159m, material: [38;5;121m<gs.materials.Rigid>[0m[38;5;159m.[0m
[38;5;159m[Genesis] [11:45:04] [INFO] Preprocessing geom idx [38;5;121m[4m88[0m[38;5;159m.[0m
[38;5;159m[Genesis] [11:45:05] [INFO] Adding [38;5;121m<gs.RigidEntity>[0m[38;5;159m. idx: [38;5;121m14[0m[38;5;159m, uid: [38;5;121m[3m<ef1f0c3>[0m[38;5;159m, morph: [38;5;121m<gs.morphs.Mesh(file='/mnt4/gck/maniladder/maniladder/assets/meshes/deformable/toy_box/cone.obj')>[0m[38;5;159m, material: [38;5;121m<gs.materials.Rigid>[0m[38;5;159m.[0m
[38;5;159m[Genesis] [11:45:05] [INFO] Preprocessing geom idx [38;5;121m[4m89[0m[38;5;159m.[0m
[38;5;159m[Genesis] [11:45:05] [INFO] Adding [38;5;121m<gs.RigidEntity>[0m[38;5;159m. idx: [38;5;121m15[0m[38;5;159m, uid: [38;5;121m[3m<f1b8b35>[0m[38;5;159m, morph: [38;5;121m<gs.morphs.Mesh(file='/mnt4/gck/maniladder/maniladder/assets/meshes/deformable/toy_box/cyl.obj')>[0m[38;5;159m, material: [38;5;121m<gs.materials.Rigid>[0m[38;5;159m.[0m
[38;5;159m[Genesis] [11:45:05] [INFO] Preprocessing geom idx [38;5;121m[4m90[0m[38;5;159m.[0m
[38;5;159m[Genesis] [11:45:05] [INFO] Adding [38;5;121m<gs.RigidEntity>[0m[38;5;159m. idx: [38;5;121m16[0m[38;5;159m, uid: [38;5;121m[3m<283a0b2>[0m[38;5;159m, morph: [38;5;121m<gs.morphs.Mesh(file='/mnt4/gck/maniladder/maniladder/assets/meshes/deformable/toy_box/sphere.obj')>[0m[38;5;159m, material: [38;5;121m<gs.materials.Rigid>[0m[38;5;159m.[0m
[38;5;159m[Genesis] [11:45:05] [INFO] Preprocessing geom idx [38;5;121m[4m91[0m[38;5;159m.[0m
[38;5;159m[Genesis] [11:45:05] [INFO] Building scene [38;5;121m[3m<9d13ec7>[0m[38;5;159m...[0m
[38;5;226m[Genesis] [11:45:08] [WARNING] Reference robot position exceeds joint limits.[0m
[38;5;226m[Genesis] [11:45:10] [WARNING] max_collision_pairs 300 is smaller than the theoretical maximal possible pairs 3627, it uses less memory but might lead to missing some collision pairs if there are too many collision pairs[0m
[38;5;226m[Genesis] [11:45:18] [WARNING] Kernel compilation takes longer when running MPM solver in CPIC mode. Please be patient.[0m
[38;5;226m[Genesis] [11:45:18] [WARNING] Current `substep_dt` (0.002) is greater than suggested_dt (0.0003125, calculated based on `grid_density`). Simulation might be unstable.[0m
[38;5;159m[Genesis] [11:45:19] [INFO] Compiling simulation kernels...[0m
[38;5;159m[Genesis] [11:46:51] [INFO] Building visualizer...[0m
  [ep 0/1, attempt 43] step 1/300  terminated=False  truncated=False
  [ep 0/1, attempt 43] step 101/300  terminated=False  truncated=False
  [ep 0/1, attempt 43] step 201/300  terminated=False  truncated=False
  [ep 0/1, attempt 43] step 300/300  terminated=False  truncated=True
  [WARNING] Episode 0 attempt 43 truncated without success. Discarding and retrying...
  [Success Rate] overall: 0.0% (0/43) | moving avg (last 43): 0.0%
[38;5;159m[Genesis] [11:48:22] [INFO] Scene [38;5;121m[3m<de33987>[0m[38;5;159m created.[0m
[38;5;159m[Genesis] [11:48:22] [INFO] Adding [38;5;121m<gs.RigidEntity>[0m[38;5;159m. idx: [38;5;121m0[0m[38;5;159m, uid: [38;5;121m[3m<5e1b9d6>[0m[38;5;159m, morph: [38;5;121m<gs.morphs.URDF(file='/mnt4/gck/maniladder/maniladder/assets/urdf/panda_leaphand/panda_leaphand.urdf')>[0m[38;5;159m, material: [38;5;121m<gs.materials.Rigid>[0m[38;5;159m.[0m
[38;5;159m[Genesis] [11:48:25] [INFO] Applying offset to base link's pose with user provided value in morph.[0m
[38;5;159m[Genesis] [11:48:26] [INFO] Adding [38;5;121m<gs.RigidEntity>[0m[38;5;159m. idx: [38;5;121m1[0m[38;5;159m, uid: [38;5;121m[3m<7b3ffd5>[0m[38;5;159m, morph: [38;5;121m<gs.morphs.Mesh(file='/mnt4/gck/maniladder/maniladder/assets/models/table.glb')>[0m[38;5;159m, material: [38;5;121m<gs.materials.Rigid>[0m[38;5;159m.[0m
[38;5;226m[Genesis] [11:48:26] [WARNING] GLTF is using y-up while Genesis uses z-up. Please set parse_glb_with_zup=True in morph options if you find the mesh is 90-degree rotated. We will set parse_glb_with_zup=True and rotate glb mesh by default later and gradually enforce this option.[0m
/data/gck/miniconda3/envs/maniladder/lib/python3.10/site-packages/pygltflib/__init__.py:830: UserWarning: pygltflib currently does not remove image data from the buffer when converting to data uri.Please open an issue at https://gitlab.com/dodgyville/pygltflib/issues
  warnings.warn("pygltflib currently does not remove image data "
[38;5;159m[Genesis] [11:48:26] [INFO] Adding [38;5;121m<gs.RigidEntity>[0m[38;5;159m. idx: [38;5;121m2[0m[38;5;159m, uid: [38;5;121m[3m<967a260>[0m[38;5;159m, morph: [38;5;121m<gs.morphs.Box>[0m[38;5;159m, material: [38;5;121m<gs.materials.Rigid>[0m[38;5;159m.[0m
[38;5;159m[Genesis] [11:48:26] [INFO] Adding [38;5;121m<gs.RigidEntity>[0m[38;5;159m. idx: [38;5;121m3[0m[38;5;159m, uid: [38;5;121m[3m<fc922fe>[0m[38;5;159m, morph: [38;5;121m<gs.morphs.Plane>[0m[38;5;159m, material: [38;5;121m<gs.materials.Rigid>[0m[38;5;159m.[0m
[38;5;159m[Genesis] [11:48:27] [INFO] Adding [38;5;121m<gs.RigidEntity>[0m[38;5;159m. idx: [38;5;121m4[0m[38;5;159m, uid: [38;5;121m[3m<98fb774>[0m[38;5;159m, morph: [38;5;121m<gs.morphs.Box>[0m[38;5;159m, material: [38;5;121m<gs.materials.Rigid>[0m[38;5;159m.[0m
[38;5;159m[Genesis] [11:48:27] [INFO] Adding [38;5;121m<gs.RigidEntity>[0m[38;5;159m. idx: [38;5;121m5[0m[38;5;159m, uid: [38;5;121m[3m<7181564>[0m[38;5;159m, morph: [38;5;121m<gs.morphs.Box>[0m[38;5;159m, material: [38;5;121m<gs.materials.Rigid>[0m[38;5;159m.[0m
[38;5;159m[Genesis] [11:48:27] [INFO] Adding [38;5;121m<gs.RigidEntity>[0m[38;5;159m. idx: [38;5;121m6[0m[38;5;159m, uid: [38;5;121m[3m<4915c8e>[0m[38;5;159m, morph: [38;5;121m<gs.morphs.Box>[0m[38;5;159m, material: [38;5;121m<gs.materials.Rigid>[0m[38;5;159m.[0m
[38;5;159m[Genesis] [11:48:27] [INFO] Adding [38;5;121m<gs.RigidEntity>[0m[38;5;159m. idx: [38;5;121m7[0m[38;5;159m, uid: [38;5;121m[3m<0926b00>[0m[38;5;159m, morph: [38;5;121m<gs.morphs.Box>[0m[38;5;159m, material: [38;5;121m<gs.materials.Rigid>[0m[38;5;159m.[0m
[38;5;159m[Genesis] [11:48:27] [INFO] Adding [38;5;121m<gs.RigidEntity>[0m[38;5;159m. idx: [38;5;121m8[0m[38;5;159m, uid: [38;5;121m[3m<303b86c>[0m[38;5;159m, morph: [38;5;121m<gs.morphs.Box>[0m[38;5;159m, material: [38;5;121m<gs.materials.Rigid>[0m[38;5;159m.[0m
[38;5;159m[Genesis] [11:48:27] [INFO] Adding [38;5;121m<gs.RigidEntity>[0m[38;5;159m. idx: [38;5;121m9[0m[38;5;159m, uid: [38;5;121m[3m<4507a32>[0m[38;5;159m, morph: [38;5;121m<gs.morphs.Box>[0m[38;5;159m, material: [38;5;121m<gs.materials.Rigid>[0m[38;5;159m.[0m
[38;5;159m[Genesis] [11:48:27] [INFO] Adding [38;5;121m<gs.RigidEntity>[0m[38;5;159m. idx: [38;5;121m10[0m[38;5;159m, uid: [38;5;121m[3m<bec739e>[0m[38;5;159m, morph: [38;5;121m<gs.morphs.Box>[0m[38;5;159m, material: [38;5;121m<gs.materials.Rigid>[0m[38;5;159m.[0m
[38;5;159m[Genesis] [11:48:27] [INFO] Adding [38;5;121m<gs.RigidEntity>[0m[38;5;159m. idx: [38;5;121m11[0m[38;5;159m, uid: [38;5;121m[3m<2b90203>[0m[38;5;159m, morph: [38;5;121m<gs.morphs.Box>[0m[38;5;159m, material: [38;5;121m<gs.materials.Rigid>[0m[38;5;159m.[0m
[38;5;159m[Genesis] [11:48:27] [INFO] Adding [38;5;121m<gs.MPMEntity>[0m[38;5;159m. idx: [38;5;121m12[0m[38;5;159m, uid: [38;5;121m[3m<bfac70b>[0m[38;5;159m, morph: [38;5;121m<gs.morphs.Mesh(file='/mnt4/gck/maniladder/maniladder/assets/meshes/deformable/toy_box/cylinder.obj')>[0m[38;5;159m, material: [38;5;121m<gs.materials.MPM.Elastic>[0m[38;5;159m.[0m
[38;5;159m[Genesis] [11:48:27] [INFO] Sampling particles with [38;5;121mpbs-32[0m[38;5;159m sampler and generating `.ptc` file:[0m
[38;5;159m[Genesis] [11:48:35] [INFO] Sampled [38;5;121m[4m648[0m[38;5;159m particles.[0m
[38;5;159m[Genesis] [11:48:35] [INFO] Adding [38;5;121m<gs.RigidEntity>[0m[38;5;159m. idx: [38;5;121m13[0m[38;5;159m, uid: [38;5;121m[3m<25df6f0>[0m[38;5;159m, morph: [38;5;121m<gs.morphs.Mesh(file='/mnt4/gck/maniladder/maniladder/assets/meshes/deformable/toy_box/cone.obj')>[0m[38;5;159m, material: [38;5;121m<gs.materials.Rigid>[0m[38;5;159m.[0m
[38;5;159m[Genesis] [11:48:35] [INFO] Preprocessing geom idx [38;5;121m[4m88[0m[38;5;159m.[0m
[38;5;159m[Genesis] [11:48:35] [INFO] Adding [38;5;121m<gs.RigidEntity>[0m[38;5;159m. idx: [38;5;121m14[0m[38;5;159m, uid: [38;5;121m[3m<5dc3d6c>[0m[38;5;159m, morph: [38;5;121m<gs.morphs.Mesh(file='/mnt4/gck/maniladder/maniladder/assets/meshes/deformable/toy_box/cyl.obj')>[0m[38;5;159m, material: [38;5;121m<gs.materials.Rigid>[0m[38;5;159m.[0m
[38;5;159m[Genesis] [11:48:35] [INFO] Preprocessing geom idx [38;5;121m[4m89[0m[38;5;159m.[0m
[38;5;159m[Genesis] [11:48:35] [INFO] Adding [38;5;121m<gs.RigidEntity>[0m[38;5;159m. idx: [38;5;121m15[0m[38;5;159m, uid: [38;5;121m[3m<6d008be>[0m[38;5;159m, morph: [38;5;121m<gs.morphs.Mesh(file='/mnt4/gck/maniladder/maniladder/assets/meshes/deformable/toy_box/star.obj')>[0m[38;5;159m, material: [38;5;121m<gs.materials.Rigid>[0m[38;5;159m.[0m
[38;5;159m[Genesis] [11:48:35] [INFO] Convex hull is not accurate enough for collision detection (0.798). Falling back to more expensive convex decomposition (see FileMorph options).[0m
[38;5;159m[Genesis] [11:48:35] [INFO] Preprocessing geom idx [38;5;121m[4m90[0m[38;5;159m.[0m
[38;5;159m[Genesis] [11:48:35] [INFO] Preprocessing geom idx [38;5;121m[4m91[0m[38;5;159m.[0m
[38;5;159m[Genesis] [11:48:35] [INFO] Preprocessing geom idx [38;5;121m[4m92[0m[38;5;159m.[0m
[38;5;159m[Genesis] [11:48:35] [INFO] Preprocessing geom idx [38;5;121m[4m93[0m[38;5;159m.[0m
[38;5;159m[Genesis] [11:48:35] [INFO] Adding [38;5;121m<gs.RigidEntity>[0m[38;5;159m. idx: [38;5;121m16[0m[38;5;159m, uid: [38;5;121m[3m<748a9ae>[0m[38;5;159m, morph: [38;5;121m<gs.morphs.Mesh(file='/mnt4/gck/maniladder/maniladder/assets/meshes/deformable/toy_box/heart.obj')>[0m[38;5;159m, material: [38;5;121m<gs.materials.Rigid>[0m[38;5;159m.[0m
[38;5;159m[Genesis] [11:48:35] [INFO] Preprocessing geom idx [38;5;121m[4m94[0m[38;5;159m.[0m
[38;5;159m[Genesis] [11:48:36] [INFO] Building scene [38;5;121m[3m<de33987>[0m[38;5;159m...[0m
[38;5;226m[Genesis] [11:48:39] [WARNING] Reference robot position exceeds joint limits.[0m
[38;5;226m[Genesis] [11:48:41] [WARNING] max_collision_pairs 300 is smaller than the theoretical maximal possible pairs 3900, it uses less memory but might lead to missing some collision pairs if there are too many collision pairs[0m
[38;5;226m[Genesis] [11:48:50] [WARNING] Kernel compilation takes longer when running MPM solver in CPIC mode. Please be patient.[0m
[38;5;226m[Genesis] [11:48:51] [WARNING] Current `substep_dt` (0.002) is greater than suggested_dt (0.0003125, calculated based on `grid_density`). Simulation might be unstable.[0m
[38;5;159m[Genesis] [11:48:52] [INFO] Compiling simulation kernels...[0m
[38;5;159m[Genesis] [11:50:21] [INFO] Building visualizer...[0m
  [ep 0/1, attempt 44] step 1/300  terminated=False  truncated=False
  [ep 0/1, attempt 44] step 101/300  terminated=False  truncated=False
  [ep 0/1, attempt 44] step 201/300  terminated=False  truncated=False
  [ep 0/1, attempt 44] step 300/300  terminated=False  truncated=True
  [WARNING] Episode 0 attempt 44 truncated without success. Discarding and retrying...
  [Success Rate] overall: 0.0% (0/44) | moving avg (last 44): 0.0%
[38;5;159m[Genesis] [11:51:52] [INFO] Scene [38;5;121m[3m<e3b63eb>[0m[38;5;159m created.[0m
[38;5;159m[Genesis] [11:51:52] [INFO] Adding [38;5;121m<gs.RigidEntity>[0m[38;5;159m. idx: [38;5;121m0[0m[38;5;159m, uid: [38;5;121m[3m<b437904>[0m[38;5;159m, morph: [38;5;121m<gs.morphs.URDF(file='/mnt4/gck/maniladder/maniladder/assets/urdf/panda_leaphand/panda_leaphand.urdf')>[0m[38;5;159m, material: [38;5;121m<gs.materials.Rigid>[0m[38;5;159m.[0m
[38;5;159m[Genesis] [11:51:55] [INFO] Applying offset to base link's pose with user provided value in morph.[0m
[38;5;159m[Genesis] [11:51:56] [INFO] Adding [38;5;121m<gs.RigidEntity>[0m[38;5;159m. idx: [38;5;121m1[0m[38;5;159m, uid: [38;5;121m[3m<ac74a33>[0m[38;5;159m, morph: [38;5;121m<gs.morphs.Mesh(file='/mnt4/gck/maniladder/maniladder/assets/models/table.glb')>[0m[38;5;159m, material: [38;5;121m<gs.materials.Rigid>[0m[38;5;159m.[0m
[38;5;226m[Genesis] [11:51:56] [WARNING] GLTF is using y-up while Genesis uses z-up. Please set parse_glb_with_zup=True in morph options if you find the mesh is 90-degree rotated. We will set parse_glb_with_zup=True and rotate glb mesh by default later and gradually enforce this option.[0m
/data/gck/miniconda3/envs/maniladder/lib/python3.10/site-packages/pygltflib/__init__.py:830: UserWarning: pygltflib currently does not remove image data from the buffer when converting to data uri.Please open an issue at https://gitlab.com/dodgyville/pygltflib/issues
  warnings.warn("pygltflib currently does not remove image data "
[38;5;159m[Genesis] [11:51:57] [INFO] Adding [38;5;121m<gs.RigidEntity>[0m[38;5;159m. idx: [38;5;121m2[0m[38;5;159m, uid: [38;5;121m[3m<af83af0>[0m[38;5;159m, morph: [38;5;121m<gs.morphs.Box>[0m[38;5;159m, material: [38;5;121m<gs.materials.Rigid>[0m[38;5;159m.[0m
[38;5;159m[Genesis] [11:51:57] [INFO] Adding [38;5;121m<gs.RigidEntity>[0m[38;5;159m. idx: [38;5;121m3[0m[38;5;159m, uid: [38;5;121m[3m<bae51e0>[0m[38;5;159m, morph: [38;5;121m<gs.morphs.Plane>[0m[38;5;159m, material: [38;5;121m<gs.materials.Rigid>[0m[38;5;159m.[0m
[38;5;159m[Genesis] [11:51:57] [INFO] Adding [38;5;121m<gs.RigidEntity>[0m[38;5;159m. idx: [38;5;121m4[0m[38;5;159m, uid: [38;5;121m[3m<3a2f51e>[0m[38;5;159m, morph: [38;5;121m<gs.morphs.Box>[0m[38;5;159m, material: [38;5;121m<gs.materials.Rigid>[0m[38;5;159m.[0m
[38;5;159m[Genesis] [11:51:57] [INFO] Adding [38;5;121m<gs.RigidEntity>[0m[38;5;159m. idx: [38;5;121m5[0m[38;5;159m, uid: [38;5;121m[3m<9cf254f>[0m[38;5;159m, morph: [38;5;121m<gs.morphs.Box>[0m[38;5;159m, material: [38;5;121m<gs.materials.Rigid>[0m[38;5;159m.[0m
[38;5;159m[Genesis] [11:51:57] [INFO] Adding [38;5;121m<gs.RigidEntity>[0m[38;5;159m. idx: [38;5;121m6[0m[38;5;159m, uid: [38;5;121m[3m<2bf95b0>[0m[38;5;159m, morph: [38;5;121m<gs.morphs.Box>[0m[38;5;159m, material: [38;5;121m<gs.materials.Rigid>[0m[38;5;159m.[0m
[38;5;159m[Genesis] [11:51:57] [INFO] Adding [38;5;121m<gs.RigidEntity>[0m[38;5;159m. idx: [38;5;121m7[0m[38;5;159m, uid: [38;5;121m[3m<8b87541>[0m[38;5;159m, morph: [38;5;121m<gs.morphs.Box>[0m[38;5;159m, material: [38;5;121m<gs.materials.Rigid>[0m[38;5;159m.[0m
[38;5;159m[Genesis] [11:51:57] [INFO] Adding [38;5;121m<gs.RigidEntity>[0m[38;5;159m. idx: [38;5;121m8[0m[38;5;159m, uid: [38;5;121m[3m<417ae8f>[0m[38;5;159m, morph: [38;5;121m<gs.morphs.Box>[0m[38;5;159m, material: [38;5;121m<gs.materials.Rigid>[0m[38;5;159m.[0m
[38;5;159m[Genesis] [11:51:57] [INFO] Adding [38;5;121m<gs.RigidEntity>[0m[38;5;159m. idx: [38;5;121m9[0m[38;5;159m, uid: [38;5;121m[3m<fb41ed1>[0m[38;5;159m, morph: [38;5;121m<gs.morphs.Box>[0m[38;5;159m, material: [38;5;121m<gs.materials.Rigid>[0m[38;5;159m.[0m
[38;5;159m[Genesis] [11:51:57] [INFO] Adding [38;5;121m<gs.RigidEntity>[0m[38;5;159m. idx: [38;5;121m10[0m[38;5;159m, uid: [38;5;121m[3m<7fc1f0f>[0m[38;5;159m, morph: [38;5;121m<gs.morphs.Box>[0m[38;5;159m, material: [38;5;121m<gs.materials.Rigid>[0m[38;5;159m.[0m
[38;5;159m[Genesis] [11:51:57] [INFO] Adding [38;5;121m<gs.RigidEntity>[0m[38;5;159m. idx: [38;5;121m11[0m[38;5;159m, uid: [38;5;121m[3m<bfeed8b>[0m[38;5;159m, morph: [38;5;121m<gs.morphs.Box>[0m[38;5;159m, material: [38;5;121m<gs.materials.Rigid>[0m[38;5;159m.[0m
[38;5;159m[Genesis] [11:51:57] [INFO] Adding [38;5;121m<gs.RigidEntity>[0m[38;5;159m. idx: [38;5;121m12[0m[38;5;159m, uid: [38;5;121m[3m<a506042>[0m[38;5;159m, morph: [38;5;121m<gs.morphs.Mesh(file='/mnt4/gck/maniladder/maniladder/assets/meshes/deformable/toy_box/heart.obj')>[0m[38;5;159m, material: [38;5;121m<gs.materials.Rigid>[0m[38;5;159m.[0m
[38;5;159m[Genesis] [11:51:57] [INFO] Preprocessing geom idx [38;5;121m[4m88[0m[38;5;159m.[0m
[38;5;159m[Genesis] [11:51:58] [INFO] Adding [38;5;121m<gs.RigidEntity>[0m[38;5;159m. idx: [38;5;121m13[0m[38;5;159m, uid: [38;5;121m[3m<407eac8>[0m[38;5;159m, morph: [38;5;121m<gs.morphs.Mesh(file='/mnt4/gck/maniladder/maniladder/assets/meshes/deformable/toy_box/cone.obj')>[0m[38;5;159m, material: [38;5;121m<gs.materials.Rigid>[0m[38;5;159m.[0m
[38;5;159m[Genesis] [11:51:58] [INFO] Preprocessing geom idx [38;5;121m[4m89[0m[38;5;159m.[0m
[38;5;159m[Genesis] [11:51:58] [INFO] Adding [38;5;121m<gs.RigidEntity>[0m[38;5;159m. idx: [38;5;121m14[0m[38;5;159m, uid: [38;5;121m[3m<c799efd>[0m[38;5;159m, morph: [38;5;121m<gs.morphs.Mesh(file='/mnt4/gck/maniladder/maniladder/assets/meshes/deformable/toy_box/star.obj')>[0m[38;5;159m, material: [38;5;121m<gs.materials.Rigid>[0m[38;5;159m.[0m
[38;5;159m[Genesis] [11:51:58] [INFO] Convex hull is not accurate enough for collision detection (0.798). Falling back to more expensive convex decomposition (see FileMorph options).[0m
[38;5;159m[Genesis] [11:51:58] [INFO] Preprocessing geom idx [38;5;121m[4m90[0m[38;5;159m.[0m
[38;5;159m[Genesis] [11:51:58] [INFO] Preprocessing geom idx [38;5;121m[4m91[0m[38;5;159m.[0m
[38;5;159m[Genesis] [11:51:58] [INFO] Preprocessing geom idx [38;5;121m[4m92[0m[38;5;159m.[0m
[38;5;159m[Genesis] [11:51:58] [INFO] Preprocessing geom idx [38;5;121m[4m93[0m[38;5;159m.[0m
[38;5;159m[Genesis] [11:51:58] [INFO] Adding [38;5;121m<gs.RigidEntity>[0m[38;5;159m. idx: [38;5;121m15[0m[38;5;159m, uid: [38;5;121m[3m<8137568>[0m[38;5;159m, morph: [38;5;121m<gs.morphs.Mesh(file='/mnt4/gck/maniladder/maniladder/assets/meshes/deformable/toy_box/cyl.obj')>[0m[38;5;159m, material: [38;5;121m<gs.materials.Rigid>[0m[38;5;159m.[0m
[38;5;159m[Genesis] [11:51:58] [INFO] Preprocessing geom idx [38;5;121m[4m94[0m[38;5;159m.[0m
[38;5;159m[Genesis] [11:51:58] [INFO] Adding [38;5;121m<gs.MPMEntity>[0m[38;5;159m. idx: [38;5;121m16[0m[38;5;159m, uid: [38;5;121m[3m<da211fc>[0m[38;5;159m, morph: [38;5;121m<gs.morphs.Mesh(file='/mnt4/gck/maniladder/maniladder/assets/meshes/deformable/toy_box/cylinder.obj')>[0m[38;5;159m, material: [38;5;121m<gs.materials.MPM.Elastic>[0m[38;5;159m.[0m
[38;5;159m[Genesis] [11:51:58] [INFO] Sampling particles with [38;5;121mpbs-32[0m[38;5;159m sampler and generating `.ptc` file:[0m
[38;5;159m[Genesis] [11:52:06] [INFO] Sampled [38;5;121m[4m860[0m[38;5;159m particles.[0m
[38;5;159m[Genesis] [11:52:06] [INFO] Building scene [38;5;121m[3m<e3b63eb>[0m[38;5;159m...[0m
[38;5;226m[Genesis] [11:52:10] [WARNING] Reference robot position exceeds joint limits.[0m
[38;5;226m[Genesis] [11:52:12] [WARNING] max_collision_pairs 300 is smaller than the theoretical maximal possible pairs 3900, it uses less memory but might lead to missing some collision pairs if there are too many collision pairs[0m
[38;5;226m[Genesis] [11:52:20] [WARNING] Kernel compilation takes longer when running MPM solver in CPIC mode. Please be patient.[0m
[38;5;226m[Genesis] [11:52:20] [WARNING] Current `substep_dt` (0.002) is greater than suggested_dt (0.0003125, calculated based on `grid_density`). Simulation might be unstable.[0m
[38;5;159m[Genesis] [11:52:21] [INFO] Compiling simulation kernels...[0m
[38;5;159m[Genesis] [11:53:53] [INFO] Building visualizer...[0m
  [ep 0/1, attempt 45] step 1/300  terminated=False  truncated=False
  [ep 0/1, attempt 45] step 101/300  terminated=False  truncated=False
  [ep 0/1, attempt 45] step 201/300  terminated=False  truncated=False
  [ep 0/1, attempt 45] step 300/300  terminated=False  truncated=True
  [WARNING] Episode 0 attempt 45 truncated without success. Discarding and retrying...
  [Success Rate] overall: 0.0% (0/45) | moving avg (last 45): 0.0%
[38;5;159m[Genesis] [11:56:21] [INFO] Scene [38;5;121m[3m<c2513e0>[0m[38;5;159m created.[0m
[38;5;159m[Genesis] [11:56:21] [INFO] Adding [38;5;121m<gs.RigidEntity>[0m[38;5;159m. idx: [38;5;121m0[0m[38;5;159m, uid: [38;5;121m[3m<5fa037b>[0m[38;5;159m, morph: [38;5;121m<gs.morphs.URDF(file='/mnt4/gck/maniladder/maniladder/assets/urdf/panda_leaphand/panda_leaphand.urdf')>[0m[38;5;159m, material: [38;5;121m<gs.materials.Rigid>[0m[38;5;159m.[0m
[38;5;159m[Genesis] [11:56:25] [INFO] Applying offset to base link's pose with user provided value in morph.[0m
[38;5;159m[Genesis] [11:56:26] [INFO] Adding [38;5;121m<gs.RigidEntity>[0m[38;5;159m. idx: [38;5;121m1[0m[38;5;159m, uid: [38;5;121m[3m<7d0b607>[0m[38;5;159m, morph: [38;5;121m<gs.morphs.Mesh(file='/mnt4/gck/maniladder/maniladder/assets/models/table.glb')>[0m[38;5;159m, material: [38;5;121m<gs.materials.Rigid>[0m[38;5;159m.[0m
[38;5;226m[Genesis] [11:56:26] [WARNING] GLTF is using y-up while Genesis uses z-up. Please set parse_glb_with_zup=True in morph options if you find the mesh is 90-degree rotated. We will set parse_glb_with_zup=True and rotate glb mesh by default later and gradually enforce this option.[0m
/data/gck/miniconda3/envs/maniladder/lib/python3.10/site-packages/pygltflib/__init__.py:830: UserWarning: pygltflib currently does not remove image data from the buffer when converting to data uri.Please open an issue at https://gitlab.com/dodgyville/pygltflib/issues
  warnings.warn("pygltflib currently does not remove image data "
[38;5;159m[Genesis] [11:56:26] [INFO] Adding [38;5;121m<gs.RigidEntity>[0m[38;5;159m. idx: [38;5;121m2[0m[38;5;159m, uid: [38;5;121m[3m<f88a6bb>[0m[38;5;159m, morph: [38;5;121m<gs.morphs.Box>[0m[38;5;159m, material: [38;5;121m<gs.materials.Rigid>[0m[38;5;159m.[0m
[38;5;159m[Genesis] [11:56:26] [INFO] Adding [38;5;121m<gs.RigidEntity>[0m[38;5;159m. idx: [38;5;121m3[0m[38;5;159m, uid: [38;5;121m[3m<0d87c37>[0m[38;5;159m, morph: [38;5;121m<gs.morphs.Plane>[0m[38;5;159m, material: [38;5;121m<gs.materials.Rigid>[0m[38;5;159m.[0m
[38;5;159m[Genesis] [11:56:27] [INFO] Adding [38;5;121m<gs.RigidEntity>[0m[38;5;159m. idx: [38;5;121m4[0m[38;5;159m, uid: [38;5;121m[3m<6f4ef24>[0m[38;5;159m, morph: [38;5;121m<gs.morphs.Box>[0m[38;5;159m, material: [38;5;121m<gs.materials.Rigid>[0m[38;5;159m.[0m
[38;5;159m[Genesis] [11:56:27] [INFO] Adding [38;5;121m<gs.RigidEntity>[0m[38;5;159m. idx: [38;5;121m5[0m[38;5;159m, uid: [38;5;121m[3m<8612cd7>[0m[38;5;159m, morph: [38;5;121m<gs.morphs.Box>[0m[38;5;159m, material: [38;5;121m<gs.materials.Rigid>[0m[38;5;159m.[0m
[38;5;159m[Genesis] [11:56:27] [INFO] Adding [38;5;121m<gs.RigidEntity>[0m[38;5;159m. idx: [38;5;121m6[0m[38;5;159m, uid: [38;5;121m[3m<d05d136>[0m[38;5;159m, morph: [38;5;121m<gs.morphs.Box>[0m[38;5;159m, material: [38;5;121m<gs.materials.Rigid>[0m[38;5;159m.[0m
[38;5;159m[Genesis] [11:56:27] [INFO] Adding [38;5;121m<gs.RigidEntity>[0m[38;5;159m. idx: [38;5;121m7[0m[38;5;159m, uid: [38;5;121m[3m<308940b>[0m[38;5;159m, morph: [38;5;121m<gs.morphs.Box>[0m[38;5;159m, material: [38;5;121m<gs.materials.Rigid>[0m[38;5;159m.[0m
[38;5;159m[Genesis] [11:56:27] [INFO] Adding [38;5;121m<gs.RigidEntity>[0m[38;5;159m. idx: [38;5;121m8[0m[38;5;159m, uid: [38;5;121m[3m<87d920c>[0m[38;5;159m, morph: [38;5;121m<gs.morphs.Box>[0m[38;5;159m, material: [38;5;121m<gs.materials.Rigid>[0m[38;5;159m.[0m
[38;5;159m[Genesis] [11:56:27] [INFO] Adding [38;5;121m<gs.RigidEntity>[0m[38;5;159m. idx: [38;5;121m9[0m[38;5;159m, uid: [38;5;121m[3m<a38e66c>[0m[38;5;159m, morph: [38;5;121m<gs.morphs.Box>[0m[38;5;159m, material: [38;5;121m<gs.materials.Rigid>[0m[38;5;159m.[0m
[38;5;159m[Genesis] [11:56:27] [INFO] Adding [38;5;121m<gs.RigidEntity>[0m[38;5;159m. idx: [38;5;121m10[0m[38;5;159m, uid: [38;5;121m[3m<0c3052f>[0m[38;5;159m, morph: [38;5;121m<gs.morphs.Box>[0m[38;5;159m, material: [38;5;121m<gs.materials.Rigid>[0m[38;5;159m.[0m
[38;5;159m[Genesis] [11:56:27] [INFO] Adding [38;5;121m<gs.RigidEntity>[0m[38;5;159m. idx: [38;5;121m11[0m[38;5;159m, uid: [38;5;121m[3m<2352bdb>[0m[38;5;159m, morph: [38;5;121m<gs.morphs.Box>[0m[38;5;159m, material: [38;5;121m<gs.materials.Rigid>[0m[38;5;159m.[0m
[38;5;159m[Genesis] [11:56:27] [INFO] Adding [38;5;121m<gs.RigidEntity>[0m[38;5;159m. idx: [38;5;121m12[0m[38;5;159m, uid: [38;5;121m[3m<a99011d>[0m[38;5;159m, morph: [38;5;121m<gs.morphs.Mesh(file='/mnt4/gck/maniladder/maniladder/assets/meshes/deformable/toy_box/cyl.obj')>[0m[38;5;159m, material: [38;5;121m<gs.materials.Rigid>[0m[38;5;159m.[0m
[38;5;159m[Genesis] [11:56:27] [INFO] Preprocessing geom idx [38;5;121m[4m88[0m[38;5;159m.[0m
[38;5;159m[Genesis] [11:56:27] [INFO] Adding [38;5;121m<gs.MPMEntity>[0m[38;5;159m. idx: [38;5;121m13[0m[38;5;159m, uid: [38;5;121m[3m<6cf7044>[0m[38;5;159m, morph: [38;5;121m<gs.morphs.Mesh(file='/mnt4/gck/maniladder/maniladder/assets/meshes/deformable/toy_box/cylinder.obj')>[0m[38;5;159m, material: [38;5;121m<gs.materials.MPM.Elastic>[0m[38;5;159m.[0m
[38;5;159m[Genesis] [11:56:27] [INFO] Sampling particles with [38;5;121mpbs-32[0m[38;5;159m sampler and generating `.ptc` file:[0m
[38;5;159m[Genesis] [11:56:35] [INFO] Sampled [38;5;121m[4m446[0m[38;5;159m particles.[0m
[38;5;159m[Genesis] [11:56:35] [INFO] Adding [38;5;121m<gs.RigidEntity>[0m[38;5;159m. idx: [38;5;121m14[0m[38;5;159m, uid: [38;5;121m[3m<6f8efb6>[0m[38;5;159m, morph: [38;5;121m<gs.morphs.Mesh(file='/mnt4/gck/maniladder/maniladder/assets/meshes/deformable/toy_box/moon.obj')>[0m[38;5;159m, material: [38;5;121m<gs.materials.Rigid>[0m[38;5;159m.[0m
[38;5;159m[Genesis] [11:56:35] [INFO] Convex hull is not accurate enough for collision detection (1.087). Falling back to more expensive convex decomposition (see FileMorph options).[0m
[38;5;159m[Genesis] [11:56:35] [INFO] Preprocessing geom idx [38;5;121m[4m89[0m[38;5;159m.[0m
[38;5;159m[Genesis] [11:56:35] [INFO] Preprocessing geom idx [38;5;121m[4m90[0m[38;5;159m.[0m
[38;5;159m[Genesis] [11:56:35] [INFO] Preprocessing geom idx [38;5;121m[4m91[0m[38;5;159m.[0m
[38;5;159m[Genesis] [11:56:36] [INFO] Preprocessing geom idx [38;5;121m[4m92[0m[38;5;159m.[0m
[38;5;159m[Genesis] [11:56:36] [INFO] Adding [38;5;121m<gs.RigidEntity>[0m[38;5;159m. idx: [38;5;121m15[0m[38;5;159m, uid: [38;5;121m[3m<74da7e9>[0m[38;5;159m, morph: [38;5;121m<gs.morphs.Mesh(file='/mnt4/gck/maniladder/maniladder/assets/meshes/deformable/toy_box/sphere.obj')>[0m[38;5;159m, material: [38;5;121m<gs.materials.Rigid>[0m[38;5;159m.[0m
[38;5;159m[Genesis] [11:56:36] [INFO] Preprocessing geom idx [38;5;121m[4m93[0m[38;5;159m.[0m
[38;5;159m[Genesis] [11:56:36] [INFO] Adding [38;5;121m<gs.RigidEntity>[0m[38;5;159m. idx: [38;5;121m16[0m[38;5;159m, uid: [38;5;121m[3m<8875dac>[0m[38;5;159m, morph: [38;5;121m<gs.morphs.Mesh(file='/mnt4/gck/maniladder/maniladder/assets/meshes/deformable/toy_box/heart.obj')>[0m[38;5;159m, material: [38;5;121m<gs.materials.Rigid>[0m[38;5;159m.[0m
[38;5;159m[Genesis] [11:56:36] [INFO] Preprocessing geom idx [38;5;121m[4m94[0m[38;5;159m.[0m
[38;5;159m[Genesis] [11:56:37] [INFO] Building scene [38;5;121m[3m<c2513e0>[0m[38;5;159m...[0m
[38;5;226m[Genesis] [11:56:40] [WARNING] Reference robot position exceeds joint limits.[0m
[38;5;226m[Genesis] [11:56:41] [WARNING] max_collision_pairs 300 is smaller than the theoretical maximal possible pairs 3900, it uses less memory but might lead to missing some collision pairs if there are too many collision pairs[0m
[38;5;226m[Genesis] [11:56:50] [WARNING] Kernel compilation takes longer when running MPM solver in CPIC mode. Please be patient.[0m
[38;5;226m[Genesis] [11:56:50] [WARNING] Current `substep_dt` (0.002) is greater than suggested_dt (0.0003125, calculated based on `grid_density`). Simulation might be unstable.[0m
[38;5;159m[Genesis] [11:56:51] [INFO] Compiling simulation kernels...[0m
[38;5;159m[Genesis] [11:58:21] [INFO] Building visualizer...[0m
  [ep 0/1, attempt 46] step 1/300  terminated=False  truncated=False
  [ep 0/1, attempt 46] step 101/300  terminated=False  truncated=False
  [ep 0/1, attempt 46] step 201/300  terminated=False  truncated=False
  [ep 0/1, attempt 46] step 300/300  terminated=False  truncated=True
  [WARNING] Episode 0 attempt 46 truncated without success. Discarding and retrying...
  [Success Rate] overall: 0.0% (0/46) | moving avg (last 46): 0.0%
[38;5;159m[Genesis] [12:00:02] [INFO] Scene [38;5;121m[3m<eb65bc9>[0m[38;5;159m created.[0m
[38;5;159m[Genesis] [12:00:02] [INFO] Adding [38;5;121m<gs.RigidEntity>[0m[38;5;159m. idx: [38;5;121m0[0m[38;5;159m, uid: [38;5;121m[3m<7709140>[0m[38;5;159m, morph: [38;5;121m<gs.morphs.URDF(file='/mnt4/gck/maniladder/maniladder/assets/urdf/panda_leaphand/panda_leaphand.urdf')>[0m[38;5;159m, material: [38;5;121m<gs.materials.Rigid>[0m[38;5;159m.[0m
[38;5;159m[Genesis] [12:00:05] [INFO] Applying offset to base link's pose with user provided value in morph.[0m
[38;5;159m[Genesis] [12:00:06] [INFO] Adding [38;5;121m<gs.RigidEntity>[0m[38;5;159m. idx: [38;5;121m1[0m[38;5;159m, uid: [38;5;121m[3m<6f23a30>[0m[38;5;159m, morph: [38;5;121m<gs.morphs.Mesh(file='/mnt4/gck/maniladder/maniladder/assets/models/table.glb')>[0m[38;5;159m, material: [38;5;121m<gs.materials.Rigid>[0m[38;5;159m.[0m
[38;5;226m[Genesis] [12:00:06] [WARNING] GLTF is using y-up while Genesis uses z-up. Please set parse_glb_with_zup=True in morph options if you find the mesh is 90-degree rotated. We will set parse_glb_with_zup=True and rotate glb mesh by default later and gradually enforce this option.[0m
/data/gck/miniconda3/envs/maniladder/lib/python3.10/site-packages/pygltflib/__init__.py:830: UserWarning: pygltflib currently does not remove image data from the buffer when converting to data uri.Please open an issue at https://gitlab.com/dodgyville/pygltflib/issues
  warnings.warn("pygltflib currently does not remove image data "
[38;5;159m[Genesis] [12:00:07] [INFO] Adding [38;5;121m<gs.RigidEntity>[0m[38;5;159m. idx: [38;5;121m2[0m[38;5;159m, uid: [38;5;121m[3m<6a23587>[0m[38;5;159m, morph: [38;5;121m<gs.morphs.Box>[0m[38;5;159m, material: [38;5;121m<gs.materials.Rigid>[0m[38;5;159m.[0m
[38;5;159m[Genesis] [12:00:07] [INFO] Adding [38;5;121m<gs.RigidEntity>[0m[38;5;159m. idx: [38;5;121m3[0m[38;5;159m, uid: [38;5;121m[3m<164e86c>[0m[38;5;159m, morph: [38;5;121m<gs.morphs.Plane>[0m[38;5;159m, material: [38;5;121m<gs.materials.Rigid>[0m[38;5;159m.[0m
[38;5;159m[Genesis] [12:00:07] [INFO] Adding [38;5;121m<gs.RigidEntity>[0m[38;5;159m. idx: [38;5;121m4[0m[38;5;159m, uid: [38;5;121m[3m<2668f41>[0m[38;5;159m, morph: [38;5;121m<gs.morphs.Box>[0m[38;5;159m, material: [38;5;121m<gs.materials.Rigid>[0m[38;5;159m.[0m
[38;5;159m[Genesis] [12:00:07] [INFO] Adding [38;5;121m<gs.RigidEntity>[0m[38;5;159m. idx: [38;5;121m5[0m[38;5;159m, uid: [38;5;121m[3m<51572be>[0m[38;5;159m, morph: [38;5;121m<gs.morphs.Box>[0m[38;5;159m, material: [38;5;121m<gs.materials.Rigid>[0m[38;5;159m.[0m
[38;5;159m[Genesis] [12:00:07] [INFO] Adding [38;5;121m<gs.RigidEntity>[0m[38;5;159m. idx: [38;5;121m6[0m[38;5;159m, uid: [38;5;121m[3m<677411d>[0m[38;5;159m, morph: [38;5;121m<gs.morphs.Box>[0m[38;5;159m, material: [38;5;121m<gs.materials.Rigid>[0m[38;5;159m.[0m
[38;5;159m[Genesis] [12:00:07] [INFO] Adding [38;5;121m<gs.RigidEntity>[0m[38;5;159m. idx: [38;5;121m7[0m[38;5;159m, uid: [38;5;121m[3m<c48e322>[0m[38;5;159m, morph: [38;5;121m<gs.morphs.Box>[0m[38;5;159m, material: [38;5;121m<gs.materials.Rigid>[0m[38;5;159m.[0m
[38;5;159m[Genesis] [12:00:07] [INFO] Adding [38;5;121m<gs.RigidEntity>[0m[38;5;159m. idx: [38;5;121m8[0m[38;5;159m, uid: [38;5;121m[3m<862a4f7>[0m[38;5;159m, morph: [38;5;121m<gs.morphs.Box>[0m[38;5;159m, material: [38;5;121m<gs.materials.Rigid>[0m[38;5;159m.[0m
[38;5;159m[Genesis] [12:00:07] [INFO] Adding [38;5;121m<gs.RigidEntity>[0m[38;5;159m. idx: [38;5;121m9[0m[38;5;159m, uid: [38;5;121m[3m<11b70aa>[0m[38;5;159m, morph: [38;5;121m<gs.morphs.Box>[0m[38;5;159m, material: [38;5;121m<gs.materials.Rigid>[0m[38;5;159m.[0m
[38;5;159m[Genesis] [12:00:07] [INFO] Adding [38;5;121m<gs.RigidEntity>[0m[38;5;159m. idx: [38;5;121m10[0m[38;5;159m, uid: [38;5;121m[3m<15eed94>[0m[38;5;159m, morph: [38;5;121m<gs.morphs.Box>[0m[38;5;159m, material: [38;5;121m<gs.materials.Rigid>[0m[38;5;159m.[0m
[38;5;159m[Genesis] [12:00:07] [INFO] Adding [38;5;121m<gs.RigidEntity>[0m[38;5;159m. idx: [38;5;121m11[0m[38;5;159m, uid: [38;5;121m[3m<9ff5716>[0m[38;5;159m, morph: [38;5;121m<gs.morphs.Box>[0m[38;5;159m, material: [38;5;121m<gs.materials.Rigid>[0m[38;5;159m.[0m
[38;5;159m[Genesis] [12:00:07] [INFO] Adding [38;5;121m<gs.RigidEntity>[0m[38;5;159m. idx: [38;5;121m12[0m[38;5;159m, uid: [38;5;121m[3m<23fb66e>[0m[38;5;159m, morph: [38;5;121m<gs.morphs.Mesh(file='/mnt4/gck/maniladder/maniladder/assets/meshes/deformable/toy_box/cylinder.obj')>[0m[38;5;159m, material: [38;5;121m<gs.materials.Rigid>[0m[38;5;159m.[0m
[38;5;159m[Genesis] [12:00:07] [INFO] Preprocessing geom idx [38;5;121m[4m88[0m[38;5;159m.[0m
[38;5;159m[Genesis] [12:00:07] [INFO] Adding [38;5;121m<gs.RigidEntity>[0m[38;5;159m. idx: [38;5;121m13[0m[38;5;159m, uid: [38;5;121m[3m<dc07e41>[0m[38;5;159m, morph: [38;5;121m<gs.morphs.Mesh(file='/mnt4/gck/maniladder/maniladder/assets/meshes/deformable/toy_box/star.obj')>[0m[38;5;159m, material: [38;5;121m<gs.materials.Rigid>[0m[38;5;159m.[0m
[38;5;159m[Genesis] [12:00:07] [INFO] Convex hull is not accurate enough for collision detection (0.798). Falling back to more expensive convex decomposition (see FileMorph options).[0m
[38;5;159m[Genesis] [12:00:07] [INFO] Preprocessing geom idx [38;5;121m[4m89[0m[38;5;159m.[0m
[38;5;159m[Genesis] [12:00:07] [INFO] Preprocessing geom idx [38;5;121m[4m90[0m[38;5;159m.[0m
[38;5;159m[Genesis] [12:00:07] [INFO] Preprocessing geom idx [38;5;121m[4m91[0m[38;5;159m.[0m
[38;5;159m[Genesis] [12:00:07] [INFO] Preprocessing geom idx [38;5;121m[4m92[0m[38;5;159m.[0m
[38;5;159m[Genesis] [12:00:07] [INFO] Adding [38;5;121m<gs.RigidEntity>[0m[38;5;159m. idx: [38;5;121m14[0m[38;5;159m, uid: [38;5;121m[3m<73cf0e3>[0m[38;5;159m, morph: [38;5;121m<gs.morphs.Mesh(file='/mnt4/gck/maniladder/maniladder/assets/meshes/deformable/toy_box/sphere.obj')>[0m[38;5;159m, material: [38;5;121m<gs.materials.Rigid>[0m[38;5;159m.[0m
[38;5;159m[Genesis] [12:00:07] [INFO] Preprocessing geom idx [38;5;121m[4m93[0m[38;5;159m.[0m
[38;5;159m[Genesis] [12:00:07] [INFO] Adding [38;5;121m<gs.RigidEntity>[0m[38;5;159m. idx: [38;5;121m15[0m[38;5;159m, uid: [38;5;121m[3m<2b09fe5>[0m[38;5;159m, morph: [38;5;121m<gs.morphs.Mesh(file='/mnt4/gck/maniladder/maniladder/assets/meshes/deformable/toy_box/moon.obj')>[0m[38;5;159m, material: [38;5;121m<gs.materials.Rigid>[0m[38;5;159m.[0m
[38;5;159m[Genesis] [12:00:07] [INFO] Convex hull is not accurate enough for collision detection (1.087). Falling back to more expensive convex decomposition (see FileMorph options).[0m
[38;5;159m[Genesis] [12:00:07] [INFO] Preprocessing geom idx [38;5;121m[4m94[0m[38;5;159m.[0m
[38;5;159m[Genesis] [12:00:07] [INFO] Preprocessing geom idx [38;5;121m[4m95[0m[38;5;159m.[0m
[38;5;159m[Genesis] [12:00:08] [INFO] Preprocessing geom idx [38;5;121m[4m96[0m[38;5;159m.[0m
[38;5;159m[Genesis] [12:00:08] [INFO] Preprocessing geom idx [38;5;121m[4m97[0m[38;5;159m.[0m
[38;5;159m[Genesis] [12:00:08] [INFO] Adding [38;5;121m<gs.MPMEntity>[0m[38;5;159m. idx: [38;5;121m16[0m[38;5;159m, uid: [38;5;121m[3m<61ec89c>[0m[38;5;159m, morph: [38;5;121m<gs.morphs.Mesh(file='/mnt4/gck/maniladder/maniladder/assets/meshes/deformable/toy_box/cyl.obj')>[0m[38;5;159m, material: [38;5;121m<gs.materials.MPM.Elastic>[0m[38;5;159m.[0m
[38;5;159m[Genesis] [12:00:08] [INFO] Sampling particles with [38;5;121mpbs-32[0m[38;5;159m sampler and generating `.ptc` file:[0m
[38;5;159m[Genesis] [12:00:16] [INFO] Sampled [38;5;121m[4m1,375[0m[38;5;159m particles.[0m
[38;5;159m[Genesis] [12:00:16] [INFO] Building scene [38;5;121m[3m<eb65bc9>[0m[38;5;159m...[0m
[38;5;226m[Genesis] [12:00:20] [WARNING] Reference robot position exceeds joint limits.[0m
[38;5;226m[Genesis] [12:00:21] [WARNING] max_collision_pairs 300 is smaller than the theoretical maximal possible pairs 4182, it uses less memory but might lead to missing some collision pairs if there are too many collision pairs[0m
[38;5;226m[Genesis] [12:00:29] [WARNING] Kernel compilation takes longer when running MPM solver in CPIC mode. Please be patient.[0m
[38;5;226m[Genesis] [12:00:30] [WARNING] Current `substep_dt` (0.002) is greater than suggested_dt (0.0003125, calculated based on `grid_density`). Simulation might be unstable.[0m
[38;5;159m[Genesis] [12:00:31] [INFO] Compiling simulation kernels...[0m
[38;5;159m[Genesis] [12:02:00] [INFO] Building visualizer...[0m
  [ep 0/1, attempt 47] step 1/300  terminated=False  truncated=False
  [ep 0/1, attempt 47] step 101/300  terminated=False  truncated=False
  [ep 0/1, attempt 47] step 201/300  terminated=False  truncated=False
  [ep 0/1, attempt 47] step 300/300  terminated=False  truncated=True
  [WARNING] Episode 0 attempt 47 truncated without success. Discarding and retrying...
  [Success Rate] overall: 0.0% (0/47) | moving avg (last 47): 0.0%
[38;5;159m[Genesis] [12:04:32] [INFO] Scene [38;5;121m[3m<3fbea92>[0m[38;5;159m created.[0m
[38;5;159m[Genesis] [12:04:32] [INFO] Adding [38;5;121m<gs.RigidEntity>[0m[38;5;159m. idx: [38;5;121m0[0m[38;5;159m, uid: [38;5;121m[3m<4cb3bbf>[0m[38;5;159m, morph: [38;5;121m<gs.morphs.URDF(file='/mnt4/gck/maniladder/maniladder/assets/urdf/panda_leaphand/panda_leaphand.urdf')>[0m[38;5;159m, material: [38;5;121m<gs.materials.Rigid>[0m[38;5;159m.[0m
[38;5;159m[Genesis] [12:04:35] [INFO] Applying offset to base link's pose with user provided value in morph.[0m
[38;5;159m[Genesis] [12:04:36] [INFO] Adding [38;5;121m<gs.RigidEntity>[0m[38;5;159m. idx: [38;5;121m1[0m[38;5;159m, uid: [38;5;121m[3m<3427137>[0m[38;5;159m, morph: [38;5;121m<gs.morphs.Mesh(file='/mnt4/gck/maniladder/maniladder/assets/models/table.glb')>[0m[38;5;159m, material: [38;5;121m<gs.materials.Rigid>[0m[38;5;159m.[0m
[38;5;226m[Genesis] [12:04:36] [WARNING] GLTF is using y-up while Genesis uses z-up. Please set parse_glb_with_zup=True in morph options if you find the mesh is 90-degree rotated. We will set parse_glb_with_zup=True and rotate glb mesh by default later and gradually enforce this option.[0m
/data/gck/miniconda3/envs/maniladder/lib/python3.10/site-packages/pygltflib/__init__.py:830: UserWarning: pygltflib currently does not remove image data from the buffer when converting to data uri.Please open an issue at https://gitlab.com/dodgyville/pygltflib/issues
  warnings.warn("pygltflib currently does not remove image data "
[38;5;159m[Genesis] [12:04:36] [INFO] Adding [38;5;121m<gs.RigidEntity>[0m[38;5;159m. idx: [38;5;121m2[0m[38;5;159m, uid: [38;5;121m[3m<18bf509>[0m[38;5;159m, morph: [38;5;121m<gs.morphs.Box>[0m[38;5;159m, material: [38;5;121m<gs.materials.Rigid>[0m[38;5;159m.[0m
[38;5;159m[Genesis] [12:04:36] [INFO] Adding [38;5;121m<gs.RigidEntity>[0m[38;5;159m. idx: [38;5;121m3[0m[38;5;159m, uid: [38;5;121m[3m<9c711cc>[0m[38;5;159m, morph: [38;5;121m<gs.morphs.Plane>[0m[38;5;159m, material: [38;5;121m<gs.materials.Rigid>[0m[38;5;159m.[0m
[38;5;159m[Genesis] [12:04:36] [INFO] Adding [38;5;121m<gs.RigidEntity>[0m[38;5;159m. idx: [38;5;121m4[0m[38;5;159m, uid: [38;5;121m[3m<f72eb30>[0m[38;5;159m, morph: [38;5;121m<gs.morphs.Box>[0m[38;5;159m, material: [38;5;121m<gs.materials.Rigid>[0m[38;5;159m.[0m
[38;5;159m[Genesis] [12:04:36] [INFO] Adding [38;5;121m<gs.RigidEntity>[0m[38;5;159m. idx: [38;5;121m5[0m[38;5;159m, uid: [38;5;121m[3m<4f1a49c>[0m[38;5;159m, morph: [38;5;121m<gs.morphs.Box>[0m[38;5;159m, material: [38;5;121m<gs.materials.Rigid>[0m[38;5;159m.[0m
[38;5;159m[Genesis] [12:04:36] [INFO] Adding [38;5;121m<gs.RigidEntity>[0m[38;5;159m. idx: [38;5;121m6[0m[38;5;159m, uid: [38;5;121m[3m<38561e8>[0m[38;5;159m, morph: [38;5;121m<gs.morphs.Box>[0m[38;5;159m, material: [38;5;121m<gs.materials.Rigid>[0m[38;5;159m.[0m
[38;5;159m[Genesis] [12:04:36] [INFO] Adding [38;5;121m<gs.RigidEntity>[0m[38;5;159m. idx: [38;5;121m7[0m[38;5;159m, uid: [38;5;121m[3m<e9a09fe>[0m[38;5;159m, morph: [38;5;121m<gs.morphs.Box>[0m[38;5;159m, material: [38;5;121m<gs.materials.Rigid>[0m[38;5;159m.[0m
[38;5;159m[Genesis] [12:04:36] [INFO] Adding [38;5;121m<gs.RigidEntity>[0m[38;5;159m. idx: [38;5;121m8[0m[38;5;159m, uid: [38;5;121m[3m<b6bedfe>[0m[38;5;159m, morph: [38;5;121m<gs.morphs.Box>[0m[38;5;159m, material: [38;5;121m<gs.materials.Rigid>[0m[38;5;159m.[0m
[38;5;159m[Genesis] [12:04:36] [INFO] Adding [38;5;121m<gs.RigidEntity>[0m[38;5;159m. idx: [38;5;121m9[0m[38;5;159m, uid: [38;5;121m[3m<1bcde6e>[0m[38;5;159m, morph: [38;5;121m<gs.morphs.Box>[0m[38;5;159m, material: [38;5;121m<gs.materials.Rigid>[0m[38;5;159m.[0m
[38;5;159m[Genesis] [12:04:36] [INFO] Adding [38;5;121m<gs.RigidEntity>[0m[38;5;159m. idx: [38;5;121m10[0m[38;5;159m, uid: [38;5;121m[3m<de0cb2a>[0m[38;5;159m, morph: [38;5;121m<gs.morphs.Box>[0m[38;5;159m, material: [38;5;121m<gs.materials.Rigid>[0m[38;5;159m.[0m
[38;5;159m[Genesis] [12:04:37] [INFO] Adding [38;5;121m<gs.RigidEntity>[0m[38;5;159m. idx: [38;5;121m11[0m[38;5;159m, uid: [38;5;121m[3m<0160023>[0m[38;5;159m, morph: [38;5;121m<gs.morphs.Box>[0m[38;5;159m, material: [38;5;121m<gs.materials.Rigid>[0m[38;5;159m.[0m
[38;5;159m[Genesis] [12:04:37] [INFO] Adding [38;5;121m<gs.RigidEntity>[0m[38;5;159m. idx: [38;5;121m12[0m[38;5;159m, uid: [38;5;121m[3m<606a284>[0m[38;5;159m, morph: [38;5;121m<gs.morphs.Mesh(file='/mnt4/gck/maniladder/maniladder/assets/meshes/deformable/toy_box/sphere.obj')>[0m[38;5;159m, material: [38;5;121m<gs.materials.Rigid>[0m[38;5;159m.[0m
[38;5;159m[Genesis] [12:04:37] [INFO] Preprocessing geom idx [38;5;121m[4m88[0m[38;5;159m.[0m
[38;5;159m[Genesis] [12:04:37] [INFO] Adding [38;5;121m<gs.RigidEntity>[0m[38;5;159m. idx: [38;5;121m13[0m[38;5;159m, uid: [38;5;121m[3m<98706bd>[0m[38;5;159m, morph: [38;5;121m<gs.morphs.Mesh(file='/mnt4/gck/maniladder/maniladder/assets/meshes/deformable/toy_box/star.obj')>[0m[38;5;159m, material: [38;5;121m<gs.materials.Rigid>[0m[38;5;159m.[0m
[38;5;159m[Genesis] [12:04:37] [INFO] Convex hull is not accurate enough for collision detection (0.798). Falling back to more expensive convex decomposition (see FileMorph options).[0m
[38;5;159m[Genesis] [12:04:37] [INFO] Preprocessing geom idx [38;5;121m[4m89[0m[38;5;159m.[0m
[38;5;159m[Genesis] [12:04:37] [INFO] Preprocessing geom idx [38;5;121m[4m90[0m[38;5;159m.[0m
[38;5;159m[Genesis] [12:04:37] [INFO] Preprocessing geom idx [38;5;121m[4m91[0m[38;5;159m.[0m
[38;5;159m[Genesis] [12:04:37] [INFO] Preprocessing geom idx [38;5;121m[4m92[0m[38;5;159m.[0m
[38;5;159m[Genesis] [12:04:37] [INFO] Adding [38;5;121m<gs.RigidEntity>[0m[38;5;159m. idx: [38;5;121m14[0m[38;5;159m, uid: [38;5;121m[3m<2187f4e>[0m[38;5;159m, morph: [38;5;121m<gs.morphs.Mesh(file='/mnt4/gck/maniladder/maniladder/assets/meshes/deformable/toy_box/moon.obj')>[0m[38;5;159m, material: [38;5;121m<gs.materials.Rigid>[0m[38;5;159m.[0m
[38;5;159m[Genesis] [12:04:37] [INFO] Convex hull is not accurate enough for collision detection (1.087). Falling back to more expensive convex decomposition (see FileMorph options).[0m
[38;5;159m[Genesis] [12:04:37] [INFO] Preprocessing geom idx [38;5;121m[4m93[0m[38;5;159m.[0m
[38;5;159m[Genesis] [12:04:37] [INFO] Preprocessing geom idx [38;5;121m[4m94[0m[38;5;159m.[0m
[38;5;159m[Genesis] [12:04:37] [INFO] Preprocessing geom idx [38;5;121m[4m95[0m[38;5;159m.[0m
[38;5;159m[Genesis] [12:04:37] [INFO] Preprocessing geom idx [38;5;121m[4m96[0m[38;5;159m.[0m
[38;5;159m[Genesis] [12:04:38] [INFO] Adding [38;5;121m<gs.MPMEntity>[0m[38;5;159m. idx: [38;5;121m15[0m[38;5;159m, uid: [38;5;121m[3m<25ac302>[0m[38;5;159m, morph: [38;5;121m<gs.morphs.Mesh(file='/mnt4/gck/maniladder/maniladder/assets/meshes/deformable/toy_box/cyl.obj')>[0m[38;5;159m, material: [38;5;121m<gs.materials.MPM.Elastic>[0m[38;5;159m.[0m
[38;5;159m[Genesis] [12:04:38] [INFO] Sampling particles with [38;5;121mpbs-32[0m[38;5;159m sampler and generating `.ptc` file:[0m
[38;5;159m[Genesis] [12:04:46] [INFO] Sampled [38;5;121m[4m1,019[0m[38;5;159m particles.[0m
[38;5;159m[Genesis] [12:04:46] [INFO] Adding [38;5;121m<gs.RigidEntity>[0m[38;5;159m. idx: [38;5;121m16[0m[38;5;159m, uid: [38;5;121m[3m<d15dc50>[0m[38;5;159m, morph: [38;5;121m<gs.morphs.Mesh(file='/mnt4/gck/maniladder/maniladder/assets/meshes/deformable/toy_box/heart.obj')>[0m[38;5;159m, material: [38;5;121m<gs.materials.Rigid>[0m[38;5;159m.[0m
[38;5;159m[Genesis] [12:04:46] [INFO] Preprocessing geom idx [38;5;121m[4m97[0m[38;5;159m.[0m
[38;5;159m[Genesis] [12:04:47] [INFO] Building scene [38;5;121m[3m<3fbea92>[0m[38;5;159m...[0m
[38;5;226m[Genesis] [12:04:50] [WARNING] Reference robot position exceeds joint limits.[0m
[38;5;226m[Genesis] [12:04:51] [WARNING] max_collision_pairs 300 is smaller than the theoretical maximal possible pairs 4182, it uses less memory but might lead to missing some collision pairs if there are too many collision pairs[0m
[38;5;226m[Genesis] [12:04:59] [WARNING] Kernel compilation takes longer when running MPM solver in CPIC mode. Please be patient.[0m
[38;5;226m[Genesis] [12:05:00] [WARNING] Current `substep_dt` (0.002) is greater than suggested_dt (0.0003125, calculated based on `grid_density`). Simulation might be unstable.[0m
[38;5;159m[Genesis] [12:05:01] [INFO] Compiling simulation kernels...[0m
[38;5;159m[Genesis] [12:06:31] [INFO] Building visualizer...[0m
  [ep 0/1, attempt 48] step 1/300  terminated=False  truncated=False
  [ep 0/1, attempt 48] step 101/300  terminated=False  truncated=False
  [ep 0/1, attempt 48] step 201/300  terminated=False  truncated=False
  [ep 0/1, attempt 48] step 300/300  terminated=False  truncated=True
  [WARNING] Episode 0 attempt 48 truncated without success. Discarding and retrying...
  [Success Rate] overall: 0.0% (0/48) | moving avg (last 48): 0.0%
[38;5;159m[Genesis] [12:08:08] [INFO] Scene [38;5;121m[3m<172f41c>[0m[38;5;159m created.[0m
[38;5;159m[Genesis] [12:08:08] [INFO] Adding [38;5;121m<gs.RigidEntity>[0m[38;5;159m. idx: [38;5;121m0[0m[38;5;159m, uid: [38;5;121m[3m<44bf667>[0m[38;5;159m, morph: [38;5;121m<gs.morphs.URDF(file='/mnt4/gck/maniladder/maniladder/assets/urdf/panda_leaphand/panda_leaphand.urdf')>[0m[38;5;159m, material: [38;5;121m<gs.materials.Rigid>[0m[38;5;159m.[0m
[38;5;159m[Genesis] [12:08:11] [INFO] Applying offset to base link's pose with user provided value in morph.[0m
[38;5;159m[Genesis] [12:08:12] [INFO] Adding [38;5;121m<gs.RigidEntity>[0m[38;5;159m. idx: [38;5;121m1[0m[38;5;159m, uid: [38;5;121m[3m<8670eb9>[0m[38;5;159m, morph: [38;5;121m<gs.morphs.Mesh(file='/mnt4/gck/maniladder/maniladder/assets/models/table.glb')>[0m[38;5;159m, material: [38;5;121m<gs.materials.Rigid>[0m[38;5;159m.[0m
[38;5;226m[Genesis] [12:08:12] [WARNING] GLTF is using y-up while Genesis uses z-up. Please set parse_glb_with_zup=True in morph options if you find the mesh is 90-degree rotated. We will set parse_glb_with_zup=True and rotate glb mesh by default later and gradually enforce this option.[0m
/data/gck/miniconda3/envs/maniladder/lib/python3.10/site-packages/pygltflib/__init__.py:830: UserWarning: pygltflib currently does not remove image data from the buffer when converting to data uri.Please open an issue at https://gitlab.com/dodgyville/pygltflib/issues
  warnings.warn("pygltflib currently does not remove image data "
[38;5;159m[Genesis] [12:08:13] [INFO] Adding [38;5;121m<gs.RigidEntity>[0m[38;5;159m. idx: [38;5;121m2[0m[38;5;159m, uid: [38;5;121m[3m<ab2759d>[0m[38;5;159m, morph: [38;5;121m<gs.morphs.Box>[0m[38;5;159m, material: [38;5;121m<gs.materials.Rigid>[0m[38;5;159m.[0m
[38;5;159m[Genesis] [12:08:13] [INFO] Adding [38;5;121m<gs.RigidEntity>[0m[38;5;159m. idx: [38;5;121m3[0m[38;5;159m, uid: [38;5;121m[3m<12c68eb>[0m[38;5;159m, morph: [38;5;121m<gs.morphs.Plane>[0m[38;5;159m, material: [38;5;121m<gs.materials.Rigid>[0m[38;5;159m.[0m
[38;5;159m[Genesis] [12:08:13] [INFO] Adding [38;5;121m<gs.RigidEntity>[0m[38;5;159m. idx: [38;5;121m4[0m[38;5;159m, uid: [38;5;121m[3m<fe777fe>[0m[38;5;159m, morph: [38;5;121m<gs.morphs.Box>[0m[38;5;159m, material: [38;5;121m<gs.materials.Rigid>[0m[38;5;159m.[0m
[38;5;159m[Genesis] [12:08:13] [INFO] Adding [38;5;121m<gs.RigidEntity>[0m[38;5;159m. idx: [38;5;121m5[0m[38;5;159m, uid: [38;5;121m[3m<b637c95>[0m[38;5;159m, morph: [38;5;121m<gs.morphs.Box>[0m[38;5;159m, material: [38;5;121m<gs.materials.Rigid>[0m[38;5;159m.[0m
[38;5;159m[Genesis] [12:08:13] [INFO] Adding [38;5;121m<gs.RigidEntity>[0m[38;5;159m. idx: [38;5;121m6[0m[38;5;159m, uid: [38;5;121m[3m<9b74f68>[0m[38;5;159m, morph: [38;5;121m<gs.morphs.Box>[0m[38;5;159m, material: [38;5;121m<gs.materials.Rigid>[0m[38;5;159m.[0m
[38;5;159m[Genesis] [12:08:13] [INFO] Adding [38;5;121m<gs.RigidEntity>[0m[38;5;159m. idx: [38;5;121m7[0m[38;5;159m, uid: [38;5;121m[3m<dc99da6>[0m[38;5;159m, morph: [38;5;121m<gs.morphs.Box>[0m[38;5;159m, material: [38;5;121m<gs.materials.Rigid>[0m[38;5;159m.[0m
[38;5;159m[Genesis] [12:08:13] [INFO] Adding [38;5;121m<gs.RigidEntity>[0m[38;5;159m. idx: [38;5;121m8[0m[38;5;159m, uid: [38;5;121m[3m<31c6963>[0m[38;5;159m, morph: [38;5;121m<gs.morphs.Box>[0m[38;5;159m, material: [38;5;121m<gs.materials.Rigid>[0m[38;5;159m.[0m
[38;5;159m[Genesis] [12:08:13] [INFO] Adding [38;5;121m<gs.RigidEntity>[0m[38;5;159m. idx: [38;5;121m9[0m[38;5;159m, uid: [38;5;121m[3m<ef34734>[0m[38;5;159m, morph: [38;5;121m<gs.morphs.Box>[0m[38;5;159m, material: [38;5;121m<gs.materials.Rigid>[0m[38;5;159m.[0m
[38;5;159m[Genesis] [12:08:13] [INFO] Adding [38;5;121m<gs.RigidEntity>[0m[38;5;159m. idx: [38;5;121m10[0m[38;5;159m, uid: [38;5;121m[3m<5206f8e>[0m[38;5;159m, morph: [38;5;121m<gs.morphs.Box>[0m[38;5;159m, material: [38;5;121m<gs.materials.Rigid>[0m[38;5;159m.[0m
[38;5;159m[Genesis] [12:08:13] [INFO] Adding [38;5;121m<gs.RigidEntity>[0m[38;5;159m. idx: [38;5;121m11[0m[38;5;159m, uid: [38;5;121m[3m<9c049f1>[0m[38;5;159m, morph: [38;5;121m<gs.morphs.Box>[0m[38;5;159m, material: [38;5;121m<gs.materials.Rigid>[0m[38;5;159m.[0m
[38;5;159m[Genesis] [12:08:13] [INFO] Adding [38;5;121m<gs.RigidEntity>[0m[38;5;159m. idx: [38;5;121m12[0m[38;5;159m, uid: [38;5;121m[3m<bc8a604>[0m[38;5;159m, morph: [38;5;121m<gs.morphs.Mesh(file='/mnt4/gck/maniladder/maniladder/assets/meshes/deformable/toy_box/star.obj')>[0m[38;5;159m, material: [38;5;121m<gs.materials.Rigid>[0m[38;5;159m.[0m
[38;5;159m[Genesis] [12:08:13] [INFO] Convex hull is not accurate enough for collision detection (0.798). Falling back to more expensive convex decomposition (see FileMorph options).[0m
[38;5;159m[Genesis] [12:08:13] [INFO] Preprocessing geom idx [38;5;121m[4m88[0m[38;5;159m.[0m
[38;5;159m[Genesis] [12:08:13] [INFO] Preprocessing geom idx [38;5;121m[4m89[0m[38;5;159m.[0m
[38;5;159m[Genesis] [12:08:13] [INFO] Preprocessing geom idx [38;5;121m[4m90[0m[38;5;159m.[0m
[38;5;159m[Genesis] [12:08:13] [INFO] Preprocessing geom idx [38;5;121m[4m91[0m[38;5;159m.[0m
[38;5;159m[Genesis] [12:08:13] [INFO] Adding [38;5;121m<gs.RigidEntity>[0m[38;5;159m. idx: [38;5;121m13[0m[38;5;159m, uid: [38;5;121m[3m<9b9e043>[0m[38;5;159m, morph: [38;5;121m<gs.morphs.Mesh(file='/mnt4/gck/maniladder/maniladder/assets/meshes/deformable/toy_box/cone.obj')>[0m[38;5;159m, material: [38;5;121m<gs.materials.Rigid>[0m[38;5;159m.[0m
[38;5;159m[Genesis] [12:08:13] [INFO] Preprocessing geom idx [38;5;121m[4m92[0m[38;5;159m.[0m
[38;5;159m[Genesis] [12:08:13] [INFO] Adding [38;5;121m<gs.RigidEntity>[0m[38;5;159m. idx: [38;5;121m14[0m[38;5;159m, uid: [38;5;121m[3m<535c1b9>[0m[38;5;159m, morph: [38;5;121m<gs.morphs.Mesh(file='/mnt4/gck/maniladder/maniladder/assets/meshes/deformable/toy_box/moon.obj')>[0m[38;5;159m, material: [38;5;121m<gs.materials.Rigid>[0m[38;5;159m.[0m
[38;5;159m[Genesis] [12:08:13] [INFO] Convex hull is not accurate enough for collision detection (1.087). Falling back to more expensive convex decomposition (see FileMorph options).[0m
[38;5;159m[Genesis] [12:08:13] [INFO] Preprocessing geom idx [38;5;121m[4m93[0m[38;5;159m.[0m
[38;5;159m[Genesis] [12:08:13] [INFO] Preprocessing geom idx [38;5;121m[4m94[0m[38;5;159m.[0m
[38;5;159m[Genesis] [12:08:13] [INFO] Preprocessing geom idx [38;5;121m[4m95[0m[38;5;159m.[0m
[38;5;159m[Genesis] [12:08:14] [INFO] Preprocessing geom idx [38;5;121m[4m96[0m[38;5;159m.[0m
[38;5;159m[Genesis] [12:08:14] [INFO] Adding [38;5;121m<gs.RigidEntity>[0m[38;5;159m. idx: [38;5;121m15[0m[38;5;159m, uid: [38;5;121m[3m<90ecea0>[0m[38;5;159m, morph: [38;5;121m<gs.morphs.Mesh(file='/mnt4/gck/maniladder/maniladder/assets/meshes/deformable/toy_box/cyl.obj')>[0m[38;5;159m, material: [38;5;121m<gs.materials.Rigid>[0m[38;5;159m.[0m
[38;5;159m[Genesis] [12:08:14] [INFO] Preprocessing geom idx [38;5;121m[4m97[0m[38;5;159m.[0m
[38;5;159m[Genesis] [12:08:14] [INFO] Adding [38;5;121m<gs.MPMEntity>[0m[38;5;159m. idx: [38;5;121m16[0m[38;5;159m, uid: [38;5;121m[3m<e74798d>[0m[38;5;159m, morph: [38;5;121m<gs.morphs.Mesh(file='/mnt4/gck/maniladder/maniladder/assets/meshes/deformable/toy_box/cylinder.obj')>[0m[38;5;159m, material: [38;5;121m<gs.materials.MPM.Elastic>[0m[38;5;159m.[0m
[38;5;159m[Genesis] [12:08:14] [INFO] Sampling particles with [38;5;121mpbs-32[0m[38;5;159m sampler and generating `.ptc` file:[0m
[38;5;159m[Genesis] [12:08:22] [INFO] Sampled [38;5;121m[4m453[0m[38;5;159m particles.[0m
[38;5;159m[Genesis] [12:08:22] [INFO] Building scene [38;5;121m[3m<172f41c>[0m[38;5;159m...[0m
[38;5;226m[Genesis] [12:08:25] [WARNING] Reference robot position exceeds joint limits.[0m
[38;5;226m[Genesis] [12:08:27] [WARNING] max_collision_pairs 300 is smaller than the theoretical maximal possible pairs 4182, it uses less memory but might lead to missing some collision pairs if there are too many collision pairs[0m
[38;5;226m[Genesis] [12:08:35] [WARNING] Kernel compilation takes longer when running MPM solver in CPIC mode. Please be patient.[0m
[38;5;226m[Genesis] [12:08:35] [WARNING] Current `substep_dt` (0.002) is greater than suggested_dt (0.0003125, calculated based on `grid_density`). Simulation might be unstable.[0m
[38;5;159m[Genesis] [12:08:36] [INFO] Compiling simulation kernels...[0m
[38;5;159m[Genesis] [12:10:05] [INFO] Building visualizer...[0m
  [ep 0/1, attempt 49] step 1/300  terminated=False  truncated=False
  [ep 0/1, attempt 49] step 101/300  terminated=False  truncated=False
  [ep 0/1, attempt 49] step 201/300  terminated=False  truncated=False
  [ep 0/1, attempt 49] step 300/300  terminated=False  truncated=True
  [WARNING] Episode 0 attempt 49 truncated without success. Discarding and retrying...
  [Success Rate] overall: 0.0% (0/49) | moving avg (last 49): 0.0%
[38;5;159m[Genesis] [12:11:47] [INFO] Scene [38;5;121m[3m<9d6242e>[0m[38;5;159m created.[0m
[38;5;159m[Genesis] [12:11:47] [INFO] Adding [38;5;121m<gs.RigidEntity>[0m[38;5;159m. idx: [38;5;121m0[0m[38;5;159m, uid: [38;5;121m[3m<8e6cbe8>[0m[38;5;159m, morph: [38;5;121m<gs.morphs.URDF(file='/mnt4/gck/maniladder/maniladder/assets/urdf/panda_leaphand/panda_leaphand.urdf')>[0m[38;5;159m, material: [38;5;121m<gs.materials.Rigid>[0m[38;5;159m.[0m
[38;5;159m[Genesis] [12:11:50] [INFO] Applying offset to base link's pose with user provided value in morph.[0m
[38;5;159m[Genesis] [12:11:52] [INFO] Adding [38;5;121m<gs.RigidEntity>[0m[38;5;159m. idx: [38;5;121m1[0m[38;5;159m, uid: [38;5;121m[3m<6a45ff7>[0m[38;5;159m, morph: [38;5;121m<gs.morphs.Mesh(file='/mnt4/gck/maniladder/maniladder/assets/models/table.glb')>[0m[38;5;159m, material: [38;5;121m<gs.materials.Rigid>[0m[38;5;159m.[0m
[38;5;226m[Genesis] [12:11:52] [WARNING] GLTF is using y-up while Genesis uses z-up. Please set parse_glb_with_zup=True in morph options if you find the mesh is 90-degree rotated. We will set parse_glb_with_zup=True and rotate glb mesh by default later and gradually enforce this option.[0m
/data/gck/miniconda3/envs/maniladder/lib/python3.10/site-packages/pygltflib/__init__.py:830: UserWarning: pygltflib currently does not remove image data from the buffer when converting to data uri.Please open an issue at https://gitlab.com/dodgyville/pygltflib/issues
  warnings.warn("pygltflib currently does not remove image data "
[38;5;159m[Genesis] [12:11:52] [INFO] Adding [38;5;121m<gs.RigidEntity>[0m[38;5;159m. idx: [38;5;121m2[0m[38;5;159m, uid: [38;5;121m[3m<8166e63>[0m[38;5;159m, morph: [38;5;121m<gs.morphs.Box>[0m[38;5;159m, material: [38;5;121m<gs.materials.Rigid>[0m[38;5;159m.[0m
[38;5;159m[Genesis] [12:11:52] [INFO] Adding [38;5;121m<gs.RigidEntity>[0m[38;5;159m. idx: [38;5;121m3[0m[38;5;159m, uid: [38;5;121m[3m<47daf2c>[0m[38;5;159m, morph: [38;5;121m<gs.morphs.Plane>[0m[38;5;159m, material: [38;5;121m<gs.materials.Rigid>[0m[38;5;159m.[0m
[38;5;159m[Genesis] [12:11:52] [INFO] Adding [38;5;121m<gs.RigidEntity>[0m[38;5;159m. idx: [38;5;121m4[0m[38;5;159m, uid: [38;5;121m[3m<8d233a1>[0m[38;5;159m, morph: [38;5;121m<gs.morphs.Box>[0m[38;5;159m, material: [38;5;121m<gs.materials.Rigid>[0m[38;5;159m.[0m
[38;5;159m[Genesis] [12:11:52] [INFO] Adding [38;5;121m<gs.RigidEntity>[0m[38;5;159m. idx: [38;5;121m5[0m[38;5;159m, uid: [38;5;121m[3m<cd7c621>[0m[38;5;159m, morph: [38;5;121m<gs.morphs.Box>[0m[38;5;159m, material: [38;5;121m<gs.materials.Rigid>[0m[38;5;159m.[0m
[38;5;159m[Genesis] [12:11:52] [INFO] Adding [38;5;121m<gs.RigidEntity>[0m[38;5;159m. idx: [38;5;121m6[0m[38;5;159m, uid: [38;5;121m[3m<d4e6f1d>[0m[38;5;159m, morph: [38;5;121m<gs.morphs.Box>[0m[38;5;159m, material: [38;5;121m<gs.materials.Rigid>[0m[38;5;159m.[0m
[38;5;159m[Genesis] [12:11:52] [INFO] Adding [38;5;121m<gs.RigidEntity>[0m[38;5;159m. idx: [38;5;121m7[0m[38;5;159m, uid: [38;5;121m[3m<c15ab62>[0m[38;5;159m, morph: [38;5;121m<gs.morphs.Box>[0m[38;5;159m, material: [38;5;121m<gs.materials.Rigid>[0m[38;5;159m.[0m
[38;5;159m[Genesis] [12:11:52] [INFO] Adding [38;5;121m<gs.RigidEntity>[0m[38;5;159m. idx: [38;5;121m8[0m[38;5;159m, uid: [38;5;121m[3m<7a141b8>[0m[38;5;159m, morph: [38;5;121m<gs.morphs.Box>[0m[38;5;159m, material: [38;5;121m<gs.materials.Rigid>[0m[38;5;159m.[0m
[38;5;159m[Genesis] [12:11:52] [INFO] Adding [38;5;121m<gs.RigidEntity>[0m[38;5;159m. idx: [38;5;121m9[0m[38;5;159m, uid: [38;5;121m[3m<b9cb2eb>[0m[38;5;159m, morph: [38;5;121m<gs.morphs.Box>[0m[38;5;159m, material: [38;5;121m<gs.materials.Rigid>[0m[38;5;159m.[0m
[38;5;159m[Genesis] [12:11:52] [INFO] Adding [38;5;121m<gs.RigidEntity>[0m[38;5;159m. idx: [38;5;121m10[0m[38;5;159m, uid: [38;5;121m[3m<a736f0b>[0m[38;5;159m, morph: [38;5;121m<gs.morphs.Box>[0m[38;5;159m, material: [38;5;121m<gs.materials.Rigid>[0m[38;5;159m.[0m
[38;5;159m[Genesis] [12:11:52] [INFO] Adding [38;5;121m<gs.RigidEntity>[0m[38;5;159m. idx: [38;5;121m11[0m[38;5;159m, uid: [38;5;121m[3m<b6af34f>[0m[38;5;159m, morph: [38;5;121m<gs.morphs.Box>[0m[38;5;159m, material: [38;5;121m<gs.materials.Rigid>[0m[38;5;159m.[0m
[38;5;159m[Genesis] [12:11:52] [INFO] Adding [38;5;121m<gs.RigidEntity>[0m[38;5;159m. idx: [38;5;121m12[0m[38;5;159m, uid: [38;5;121m[3m<2e94e4d>[0m[38;5;159m, morph: [38;5;121m<gs.morphs.Mesh(file='/mnt4/gck/maniladder/maniladder/assets/meshes/deformable/toy_box/moon.obj')>[0m[38;5;159m, material: [38;5;121m<gs.materials.Rigid>[0m[38;5;159m.[0m
[38;5;159m[Genesis] [12:11:52] [INFO] Convex hull is not accurate enough for collision detection (1.087). Falling back to more expensive convex decomposition (see FileMorph options).[0m
[38;5;159m[Genesis] [12:11:52] [INFO] Preprocessing geom idx [38;5;121m[4m88[0m[38;5;159m.[0m
[38;5;159m[Genesis] [12:11:52] [INFO] Preprocessing geom idx [38;5;121m[4m89[0m[38;5;159m.[0m
[38;5;159m[Genesis] [12:11:52] [INFO] Preprocessing geom idx [38;5;121m[4m90[0m[38;5;159m.[0m
[38;5;159m[Genesis] [12:11:52] [INFO] Preprocessing geom idx [38;5;121m[4m91[0m[38;5;159m.[0m
[38;5;159m[Genesis] [12:11:53] [INFO] Adding [38;5;121m<gs.RigidEntity>[0m[38;5;159m. idx: [38;5;121m13[0m[38;5;159m, uid: [38;5;121m[3m<b3d9bba>[0m[38;5;159m, morph: [38;5;121m<gs.morphs.Mesh(file='/mnt4/gck/maniladder/maniladder/assets/meshes/deformable/toy_box/heart.obj')>[0m[38;5;159m, material: [38;5;121m<gs.materials.Rigid>[0m[38;5;159m.[0m
[38;5;159m[Genesis] [12:11:53] [INFO] Preprocessing geom idx [38;5;121m[4m92[0m[38;5;159m.[0m
[38;5;159m[Genesis] [12:11:53] [INFO] Adding [38;5;121m<gs.MPMEntity>[0m[38;5;159m. idx: [38;5;121m14[0m[38;5;159m, uid: [38;5;121m[3m<db67580>[0m[38;5;159m, morph: [38;5;121m<gs.morphs.Mesh(file='/mnt4/gck/maniladder/maniladder/assets/meshes/deformable/toy_box/cyl.obj')>[0m[38;5;159m, material: [38;5;121m<gs.materials.MPM.Elastic>[0m[38;5;159m.[0m
[38;5;159m[Genesis] [12:11:53] [INFO] Sampling particles with [38;5;121mpbs-32[0m[38;5;159m sampler and generating `.ptc` file:[0m
[38;5;159m[Genesis] [12:11:58] [INFO] Sampled [38;5;121m[4m1,721[0m[38;5;159m particles.[0m
[38;5;159m[Genesis] [12:11:58] [INFO] Adding [38;5;121m<gs.RigidEntity>[0m[38;5;159m. idx: [38;5;121m15[0m[38;5;159m, uid: [38;5;121m[3m<715fb84>[0m[38;5;159m, morph: [38;5;121m<gs.morphs.Mesh(file='/mnt4/gck/maniladder/maniladder/assets/meshes/deformable/toy_box/sphere.obj')>[0m[38;5;159m, material: [38;5;121m<gs.materials.Rigid>[0m[38;5;159m.[0m
[38;5;159m[Genesis] [12:11:58] [INFO] Preprocessing geom idx [38;5;121m[4m93[0m[38;5;159m.[0m
[38;5;159m[Genesis] [12:11:58] [INFO] Adding [38;5;121m<gs.RigidEntity>[0m[38;5;159m. idx: [38;5;121m16[0m[38;5;159m, uid: [38;5;121m[3m<1461409>[0m[38;5;159m, morph: [38;5;121m<gs.morphs.Mesh(file='/mnt4/gck/maniladder/maniladder/assets/meshes/deformable/toy_box/cone.obj')>[0m[38;5;159m, material: [38;5;121m<gs.materials.Rigid>[0m[38;5;159m.[0m
[38;5;159m[Genesis] [12:11:58] [INFO] Preprocessing geom idx [38;5;121m[4m94[0m[38;5;159m.[0m
[38;5;159m[Genesis] [12:11:58] [INFO] Building scene [38;5;121m[3m<9d6242e>[0m[38;5;159m...[0m
[38;5;226m[Genesis] [12:12:02] [WARNING] Reference robot position exceeds joint limits.[0m
[38;5;226m[Genesis] [12:12:03] [WARNING] max_collision_pairs 300 is smaller than the theoretical maximal possible pairs 3900, it uses less memory but might lead to missing some collision pairs if there are too many collision pairs[0m
[38;5;226m[Genesis] [12:12:11] [WARNING] Kernel compilation takes longer when running MPM solver in CPIC mode. Please be patient.[0m
[38;5;226m[Genesis] [12:12:12] [WARNING] Current `substep_dt` (0.002) is greater than suggested_dt (0.0003125, calculated based on `grid_density`). Simulation might be unstable.[0m
[38;5;159m[Genesis] [12:12:12] [INFO] Compiling simulation kernels...[0m
[38;5;159m[Genesis] [12:13:42] [INFO] Building visualizer...[0m
  [ep 0/1, attempt 50] step 1/300  terminated=False  truncated=False
  [ep 0/1, attempt 50] step 101/300  terminated=False  truncated=False
  [ep 0/1, attempt 50] step 201/300  terminated=False  truncated=False
  [ep 0/1, attempt 50] step 300/300  terminated=False  truncated=True
  [WARNING] Episode 0 attempt 50 truncated without success. Discarding and retrying...
  [Success Rate] overall: 0.0% (0/50) | moving avg (last 50): 0.0%
Traceback (most recent call last):
  File "/mnt4/gck/maniladder/scripts/generate_demos.py", line 472, in <module>
    main()
  File "/mnt4/gck/maniladder/scripts/generate_demos.py", line 437, in main
    raise RuntimeError(
RuntimeError: PickSoft-v1 did not succeed within --max_attempts=50

[38;5;9m[Genesis] [12:16:12] [ERROR] RuntimeError: PickSoft-v1 did not succeed within --max_attempts=50[0m
[38;5;159m[Genesis] [12:16:12] [INFO] 💤 Exiting Genesis and caching compiled kernels...[0m
[W 09/29/26 12:16:12.814 3902699] [offline_cache.h:run@186] Lock /home/gck/.cache/gstaichi/ticache/kernel_compilation_manager/ticache.lock failed. You can run 'ti cache clean -p /home/gck/.cache/gstaichi/ticache/kernel_compilation_manager' and try again.
[W 09/29/26 12:16:13.015 3902699] [kernel_compilation_manager.cpp:dump@104] Lock /home/gck/.cache/gstaichi/ticache/kernel_compilation_manager/ticache.lock failed. Please run 'ti cache clean -p /home/gck/.cache/gstaichi/ticache/kernel_compilation_manager' and try again.
[W 09/29/26 12:16:17.821 3902699] [ptx_cache.cpp:dump@92] Lock /home/gck/.cache/gstaichi/ticache/ptx_cache/ptxcache.lock failed. Please run 'ti cache clean -p /home/gck/.cache/gstaichi/ticache/ptx_cache' and try again.
