[38;5;159m[Genesis] [08:38:05] [INFO] [38;5;121m╭───────────────────────────────────────────────╮[0m[38;5;159m[0m
[38;5;159m[Genesis] [08:38:05] [INFO] [38;5;121m│┈┉┈┉┈┉┈┉┈┉┈┉┈┉┈┉┈┉┈[0m[38;5;159m [38;5;121m[1m[3mGenesis[0m[38;5;159m [38;5;121m┈┉┈┉┈┉┈┉┈┉┈┉┈┉┈┉┈┉┈│[0m[38;5;159m[0m
[38;5;159m[Genesis] [08:38:05] [INFO] [38;5;121m╰───────────────────────────────────────────────╯[0m[38;5;159m[0m
[W 09/29/26 08:38:05.967 3916793] [ptx_cache.cpp:PtxCache@73] Lock /home/gck/.cache/gstaichi/ticache/ptx_cache/ptxcache.lock failed. Please run 'ti cache clean -p /home/gck/.cache/gstaichi/ticache/ptx_cache' and try again.
[38;5;159m[Genesis] [08:38:06] [INFO] Running on [38;5;121m[4m[NVIDIA A100-SXM4-80GB][0m[38;5;159m with backend [38;5;121m[4mgs.cuda[0m[38;5;159m. Device memory: [38;5;121m[4m79.25[0m[38;5;159m GB.[0m
[38;5;159m[Genesis] [08:38:06] [INFO] 🚀 Genesis initialized. 🔖 version: [38;5;121m[4m0.3.6[0m[38;5;159m, 🎨 theme: [38;5;121m[4mdark[0m[38;5;159m, 🌱 seed: [38;5;121m[4mNone[0m[38;5;159m, 🐛 debug: [38;5;121m[4mFalse[0m[38;5;159m, 📏 precision: [38;5;121m[4m32[0m[38;5;159m, 🏎️ performance: [38;5;121m[4mFalse[0m[38;5;159m, 💬 verbose: [38;5;121m[4mINFO[0m[38;5;159m[0m
[38;5;159m[Genesis] [08:38:08] [INFO] Scene [38;5;121m[3m<f4a5bfe>[0m[38;5;159m created.[0m
[38;5;159m[Genesis] [08:38:08] [INFO] Adding [38;5;121m<gs.RigidEntity>[0m[38;5;159m. idx: [38;5;121m0[0m[38;5;159m, uid: [38;5;121m[3m<8f517d6>[0m[38;5;159m, morph: [38;5;121m<gs.morphs.MJCF(file='/mnt4/gck/maniladder/maniladder/assets/xml/franka_emika_panda/panda.xml')>[0m[38;5;159m, material: [38;5;121m<gs.materials.Rigid>[0m[38;5;159m.[0m
[38;5;226m[Genesis] [08:38:08] [WARNING] (MJCF) Approximating tendon by joint actuator for `finger_joint1`[0m
[38;5;226m[Genesis] [08:38:08] [WARNING] (MJCF) Actuator control gain and bias parameters cannot be reduced to a unique PD control position gain. Using max between gain and bias for joint `finger_joint1`.[0m
[38;5;226m[Genesis] [08:38:08] [WARNING] (MJCF) Approximating tendon by joint actuator for `finger_joint2`[0m
[38;5;226m[Genesis] [08:38:08] [WARNING] (MJCF) Actuator control gain and bias parameters cannot be reduced to a unique PD control position gain. Using max between gain and bias for joint `finger_joint2`.[0m
[38;5;159m[Genesis] [08:38:08] [INFO] Applying offset to base link's pose with user provided value in morph.[0m
[38;5;159m[Genesis] [08:38:08] [INFO] Adding [38;5;121m<gs.RigidEntity>[0m[38;5;159m. idx: [38;5;121m1[0m[38;5;159m, uid: [38;5;121m[3m<2eff7c3>[0m[38;5;159m, morph: [38;5;121m<gs.morphs.Mesh(file='/mnt4/gck/maniladder/maniladder/assets/models/table.glb')>[0m[38;5;159m, material: [38;5;121m<gs.materials.Rigid>[0m[38;5;159m.[0m
[38;5;226m[Genesis] [08:38:08] [WARNING] GLTF is using y-up while Genesis uses z-up. Please set parse_glb_with_zup=True in morph options if you find the mesh is 90-degree rotated. We will set parse_glb_with_zup=True and rotate glb mesh by default later and gradually enforce this option.[0m
/data/gck/miniconda3/envs/maniladder/lib/python3.10/site-packages/pygltflib/__init__.py:830: UserWarning: pygltflib currently does not remove image data from the buffer when converting to data uri.Please open an issue at https://gitlab.com/dodgyville/pygltflib/issues
  warnings.warn("pygltflib currently does not remove image data "
[38;5;159m[Genesis] [08:38:08] [INFO] Adding [38;5;121m<gs.RigidEntity>[0m[38;5;159m. idx: [38;5;121m2[0m[38;5;159m, uid: [38;5;121m[3m<25414e7>[0m[38;5;159m, morph: [38;5;121m<gs.morphs.Box>[0m[38;5;159m, material: [38;5;121m<gs.materials.Rigid>[0m[38;5;159m.[0m
[38;5;159m[Genesis] [08:38:09] [INFO] Adding [38;5;121m<gs.RigidEntity>[0m[38;5;159m. idx: [38;5;121m3[0m[38;5;159m, uid: [38;5;121m[3m<e53d2a8>[0m[38;5;159m, morph: [38;5;121m<gs.morphs.Plane>[0m[38;5;159m, material: [38;5;121m<gs.materials.Rigid>[0m[38;5;159m.[0m
[38;5;159m[Genesis] [08:38:09] [INFO] Adding [38;5;121m<gs.RigidEntity>[0m[38;5;159m. idx: [38;5;121m4[0m[38;5;159m, uid: [38;5;121m[3m<ce37530>[0m[38;5;159m, morph: [38;5;121m<gs.morphs.Box>[0m[38;5;159m, material: [38;5;121m<gs.materials.Rigid>[0m[38;5;159m.[0m
[38;5;159m[Genesis] [08:38:09] [INFO] Adding [38;5;121m<gs.RigidEntity>[0m[38;5;159m. idx: [38;5;121m5[0m[38;5;159m, uid: [38;5;121m[3m<0527b40>[0m[38;5;159m, morph: [38;5;121m<gs.morphs.Box>[0m[38;5;159m, material: [38;5;121m<gs.materials.Rigid>[0m[38;5;159m.[0m
[38;5;159m[Genesis] [08:38:09] [INFO] Adding [38;5;121m<gs.RigidEntity>[0m[38;5;159m. idx: [38;5;121m6[0m[38;5;159m, uid: [38;5;121m[3m<d725644>[0m[38;5;159m, morph: [38;5;121m<gs.morphs.Box>[0m[38;5;159m, material: [38;5;121m<gs.materials.Rigid>[0m[38;5;159m.[0m
[38;5;159m[Genesis] [08:38:09] [INFO] Adding [38;5;121m<gs.RigidEntity>[0m[38;5;159m. idx: [38;5;121m7[0m[38;5;159m, uid: [38;5;121m[3m<24186fe>[0m[38;5;159m, morph: [38;5;121m<gs.morphs.MJCF(file='/mnt4/gck/maniladder/maniladder/assets/xml/deformable/separate_rope.xml')>[0m[38;5;159m, material: [38;5;121m<gs.materials.Rigid>[0m[38;5;159m.[0m
[38;5;159m[Genesis] [08:38:09] [INFO] Applying offset to base link's pose with user provided value in morph.[0m
[38;5;159m[Genesis] [08:38:09] [INFO] Applying offset to base link's pose with user provided value in morph.[0m
[38;5;159m[Genesis] [08:38:10] [INFO] Building scene [38;5;121m[3m<f4a5bfe>[0m[38;5;159m...[0m
[W 09/29/26 08:38:10.602 3916793] [kernel_compilation_manager.cpp:KernelCompilationManager@69] Lock /home/gck/.cache/gstaichi/ticache/kernel_compilation_manager/ticache.lock failed. Please run 'ti cache clean -p /home/gck/.cache/gstaichi/ticache/kernel_compilation_manager' and try again.
[38;5;226m[Genesis] [08:38:13] [WARNING] Reference robot position exceeds joint limits.[0m
[38;5;226m[Genesis] [08:38:14] [WARNING] Constraint solver time constant should be greater than 2*substep_dt. timeconst is changed from `0.005` to `0.02`). Decrease simulation timestep or increase timeconst to avoid altering the original value.[0m
[38;5;226m[Genesis] [08:38:15] [WARNING] max_collision_pairs 300 is smaller than the theoretical maximal possible pairs 1292, it uses less memory but might lead to missing some collision pairs if there are too many collision pairs[0m
[38;5;159m[Genesis] [08:38:24] [INFO] Compiling simulation kernels...[0m
[38;5;159m[Genesis] [08:39:00] [INFO] Building visualizer...[0m
/data/gck/miniconda3/envs/maniladder/lib/python3.10/site-packages/torch/utils/_device.py:109: UserWarning: The given NumPy array is not writable, and PyTorch does not support non-writable tensors. This means writing to this tensor will result in undefined behavior. You may want to copy the array to protect its data or make it writable before converting it to a tensor. This type of warning will be suppressed for the rest of this program. (Triggered internally at /pytorch/torch/csrc/utils/tensor_numpy.cpp:213.)
  return func(*args, **kwargs)
Action space: Box(-1.0, 1.0, (7,), float32)
Generating 1 orbit video-only demos → /mnt/gck_website/maniladder.github.io/generated_demos/SeparateTwoRopesEnv-v1
DEBUG: Record home pose. pos=[-9.310940e-02 -5.333056e-10  5.902821e-01], euler=[ 3.1415927e+00 -5.9604641e-08  1.9571388e-07]
[Ep 2/5 | Step    0] Phase: -1 | Cross: 1.0 | MeanDist: 0.018m | Straight A/B: 0.327 / 0.488 | Sep: ❌
[DEBUG] Rope B is on top of rope A
DEBUG: [Phase -1] Picked from Cat 1 (Ideal), closest to sweet spot.
DEBUG: [Phase -1] Locking target: Rope 1, Node 12 | Dist to Center: 0.177m | 净空: 0.022m
  [ep 0/1, attempt 1] step 1/2000  terminated=False  truncated=False
[Ep 2/5 | Step    1] Phase: -1 | Cross: 1.0 | MeanDist: 0.018m | Straight A/B: 0.327 / 0.488 | Sep: ❌
[DEBUG] Rope B is on top of rope A
DEBUG: [Phase -1] Picked from Cat 1 (Ideal), closest to sweet spot.
DEBUG: [Phase -1] Locking target: Rope 1, Node 12 | Dist to Center: 0.178m | 净空: 0.022m
[Ep 2/5 | Step    2] Phase: -1 | Cross: 1.0 | MeanDist: 0.018m | Straight A/B: 0.327 / 0.489 | Sep: ❌
[DEBUG] Rope B is on top of rope A
DEBUG: [Phase -1] Picked from Cat 1 (Ideal), closest to sweet spot.
DEBUG: [Phase -1] Locking target: Rope 1, Node 12 | Dist to Center: 0.178m | 净空: 0.022m
[Ep 2/5 | Step    3] Phase: -1 | Cross: 1.0 | MeanDist: 0.018m | Straight A/B: 0.327 / 0.489 | Sep: ❌
[DEBUG] Rope B is on top of rope A
DEBUG: [Phase -1] Picked from Cat 1 (Ideal), closest to sweet spot.
DEBUG: [Phase -1] Locking target: Rope 1, Node 12 | Dist to Center: 0.178m | 净空: 0.022m
[Ep 2/5 | Step    4] Phase: -1 | Cross: 1.0 | MeanDist: 0.018m | Straight A/B: 0.327 / 0.489 | Sep: ❌
[DEBUG] Rope B is on top of rope A
DEBUG: [Phase -1] Picked from Cat 1 (Ideal), closest to sweet spot.
DEBUG: [Phase -1] Locking target: Rope 1, Node 12 | Dist to Center: 0.179m | 净空: 0.022m
[Ep 2/5 | Step    5] Phase: -1 | Cross: 1.0 | MeanDist: 0.018m | Straight A/B: 0.327 / 0.490 | Sep: ❌
[DEBUG] Rope B is on top of rope A
DEBUG: [Phase -1] Picked from Cat 1 (Ideal), closest to sweet spot.
DEBUG: [Phase -1] Locking target: Rope 1, Node 12 | Dist to Center: 0.179m | 净空: 0.022m
[Ep 2/5 | Step    6] Phase: -1 | Cross: 1.0 | MeanDist: 0.018m | Straight A/B: 0.327 / 0.490 | Sep: ❌
[DEBUG] Rope B is on top of rope A
DEBUG: [Phase -1] Picked from Cat 1 (Ideal), closest to sweet spot.
DEBUG: [Phase -1] Locking target: Rope 1, Node 12 | Dist to Center: 0.179m | 净空: 0.022m
[Ep 2/5 | Step    7] Phase: -1 | Cross: 1.0 | MeanDist: 0.018m | Straight A/B: 0.327 / 0.490 | Sep: ❌
[DEBUG] Rope B is on top of rope A
DEBUG: [Phase -1] Picked from Cat 1 (Ideal), closest to sweet spot.
DEBUG: [Phase -1] Locking target: Rope 1, Node 12 | Dist to Center: 0.179m | 净空: 0.022m
[Ep 2/5 | Step    8] Phase: -1 | Cross: 1.0 | MeanDist: 0.018m | Straight A/B: 0.328 / 0.490 | Sep: ❌
[DEBUG] Rope B is on top of rope A
DEBUG: [Phase -1] Picked from Cat 1 (Ideal), closest to sweet spot.
DEBUG: [Phase -1] Locking target: Rope 1, Node 12 | Dist to Center: 0.179m | 净空: 0.022m
[Ep 2/5 | Step    9] Phase: -1 | Cross: 1.0 | MeanDist: 0.018m | Straight A/B: 0.328 / 0.434 | Sep: ❌
[DEBUG] Rope B is on top of rope A
DEBUG: [Phase -1] Picked from Cat 1 (Ideal), closest to sweet spot.
DEBUG: [Phase -1] Locking target: Rope 1, Node 12 | Dist to Center: 0.179m | 净空: 0.022m
[Ep 2/5 | Step   10] Phase: -1 | Cross: 1.0 | MeanDist: 0.018m | Straight A/B: 0.328 / 0.434 | Sep: ❌
[DEBUG] Rope B is on top of rope A
DEBUG: [Phase -1] Picked from Cat 1 (Ideal), closest to sweet spot.
DEBUG: [Phase -1] Locking target: Rope 1, Node 12 | Dist to Center: 0.179m | 净空: 0.023m
[Ep 2/5 | Step   11] Phase: 0  | Cross: 1.0 | MeanDist: 0.018m | Straight A/B: 0.328 / 0.434 | Sep: ❌
[Ep 2/5 | Step   12] Phase: 0  | Cross: 1.0 | MeanDist: 0.018m | Straight A/B: 0.328 / 0.434 | Sep: ❌
[Ep 2/5 | Step   13] Phase: 0  | Cross: 1.0 | MeanDist: 0.018m | Straight A/B: 0.328 / 0.434 | Sep: ❌
[Ep 2/5 | Step   14] Phase: 0  | Cross: 1.0 | MeanDist: 0.018m | Straight A/B: 0.328 / 0.434 | Sep: ❌
[Ep 2/5 | Step   15] Phase: 0  | Cross: 1.0 | MeanDist: 0.018m | Straight A/B: 0.329 / 0.434 | Sep: ❌
[Ep 2/5 | Step   16] Phase: 0  | Cross: 1.0 | MeanDist: 0.018m | Straight A/B: 0.341 / 0.434 | Sep: ❌
[Ep 2/5 | Step   17] Phase: 0  | Cross: 1.0 | MeanDist: 0.018m | Straight A/B: 0.341 / 0.434 | Sep: ❌
[Ep 2/5 | Step   18] Phase: 0  | Cross: 1.0 | MeanDist: 0.018m | Straight A/B: 0.342 / 0.434 | Sep: ❌
[Ep 2/5 | Step   19] Phase: 0  | Cross: 1.0 | MeanDist: 0.018m | Straight A/B: 0.342 / 0.434 | Sep: ❌
[Ep 2/5 | Step   20] Phase: 0  | Cross: 1.0 | MeanDist: 0.018m | Straight A/B: 0.342 / 0.434 | Sep: ❌
[Ep 2/5 | Step   21] Phase: 0  | Cross: 1.0 | MeanDist: 0.018m | Straight A/B: 0.342 / 0.435 | Sep: ❌
[Ep 2/5 | Step   22] Phase: 0  | Cross: 1.0 | MeanDist: 0.018m | Straight A/B: 0.342 / 0.435 | Sep: ❌
[Ep 2/5 | Step   23] Phase: 0  | Cross: 1.0 | MeanDist: 0.018m | Straight A/B: 0.343 / 0.435 | Sep: ❌
[Ep 2/5 | Step   24] Phase: 0  | Cross: 1.0 | MeanDist: 0.018m | Straight A/B: 0.343 / 0.435 | Sep: ❌
[Ep 2/5 | Step   25] Phase: 0  | Cross: 1.0 | MeanDist: 0.018m | Straight A/B: 0.343 / 0.435 | Sep: ❌
[Ep 2/5 | Step   26] Phase: 0  | Cross: 1.0 | MeanDist: 0.018m | Straight A/B: 0.372 / 0.435 | Sep: ❌
[Ep 2/5 | Step   27] Phase: 0  | Cross: 1.0 | MeanDist: 0.018m | Straight A/B: 0.372 / 0.435 | Sep: ❌
[Ep 2/5 | Step   28] Phase: 0  | Cross: 1.0 | MeanDist: 0.018m | Straight A/B: 0.372 / 0.435 | Sep: ❌
[Ep 2/5 | Step   29] Phase: 0  | Cross: 1.0 | MeanDist: 0.018m | Straight A/B: 0.372 / 0.435 | Sep: ❌
[Ep 2/5 | Step   30] Phase: 0  | Cross: 1.0 | MeanDist: 0.018m | Straight A/B: 0.373 / 0.436 | Sep: ❌
[Ep 2/5 | Step   31] Phase: 0  | Cross: 1.0 | MeanDist: 0.018m | Straight A/B: 0.373 / 0.436 | Sep: ❌
[Ep 2/5 | Step   32] Phase: 0  | Cross: 1.0 | MeanDist: 0.018m | Straight A/B: 0.373 / 0.436 | Sep: ❌
[Ep 2/5 | Step   33] Phase: 0  | Cross: 1.0 | MeanDist: 0.018m | Straight A/B: 0.373 / 0.436 | Sep: ❌
[Ep 2/5 | Step   34] Phase: 0  | Cross: 1.0 | MeanDist: 0.018m | Straight A/B: 0.373 / 0.436 | Sep: ❌
[Ep 2/5 | Step   35] Phase: 0  | Cross: 1.0 | MeanDist: 0.018m | Straight A/B: 0.373 / 0.436 | Sep: ❌
[Ep 2/5 | Step   36] Phase: 0  | Cross: 1.0 | MeanDist: 0.018m | Straight A/B: 0.374 / 0.436 | Sep: ❌
[Ep 2/5 | Step   37] Phase: 0  | Cross: 1.0 | MeanDist: 0.018m | Straight A/B: 0.374 / 0.437 | Sep: ❌
[Ep 2/5 | Step   38] Phase: 0  | Cross: 1.0 | MeanDist: 0.018m | Straight A/B: 0.374 / 0.437 | Sep: ❌
[Ep 2/5 | Step   39] Phase: 0  | Cross: 1.0 | MeanDist: 0.018m | Straight A/B: 0.374 / 0.437 | Sep: ❌
[Ep 2/5 | Step   40] Phase: 0  | Cross: 1.0 | MeanDist: 0.018m | Straight A/B: 0.374 / 0.437 | Sep: ❌
[Ep 2/5 | Step   41] Phase: 0  | Cross: 1.0 | MeanDist: 0.018m | Straight A/B: 0.374 / 0.437 | Sep: ❌
[Ep 2/5 | Step   42] Phase: 0  | Cross: 1.0 | MeanDist: 0.018m | Straight A/B: 0.374 / 0.437 | Sep: ❌
[Ep 2/5 | Step   43] Phase: 0  | Cross: 1.0 | MeanDist: 0.018m | Straight A/B: 0.374 / 0.438 | Sep: ❌
[Ep 2/5 | Step   44] Phase: 0  | Cross: 1.0 | MeanDist: 0.018m | Straight A/B: 0.374 / 0.438 | Sep: ❌
[Ep 2/5 | Step   45] Phase: 0  | Cross: 1.0 | MeanDist: 0.018m | Straight A/B: 0.375 / 0.438 | Sep: ❌
[Ep 2/5 | Step   46] Phase: 0  | Cross: 1.0 | MeanDist: 0.018m | Straight A/B: 0.375 / 0.438 | Sep: ❌
[Ep 2/5 | Step   47] Phase: 0  | Cross: 1.0 | MeanDist: 0.018m | Straight A/B: 0.375 / 0.438 | Sep: ❌
[Ep 2/5 | Step   48] Phase: 0  | Cross: 1.0 | MeanDist: 0.018m | Straight A/B: 0.375 / 0.439 | Sep: ❌
[Ep 2/5 | Step   49] Phase: 0  | Cross: 1.0 | MeanDist: 0.018m | Straight A/B: 0.375 / 0.439 | Sep: ❌
[Ep 2/5 | Step   50] Phase: 0  | Cross: 1.0 | MeanDist: 0.018m | Straight A/B: 0.375 / 0.439 | Sep: ❌
DEBUG: aligned. Error: -0.050. Moving to Phase 1.
[Ep 2/5 | Step   51] Phase: 1  | Cross: 1.0 | MeanDist: 0.019m | Straight A/B: 0.358 / 0.439 | Sep: ❌
[Ep 2/5 | Step   52] Phase: 1  | Cross: 1.0 | MeanDist: 0.019m | Straight A/B: 0.358 / 0.405 | Sep: ❌
[Ep 2/5 | Step   53] Phase: 1  | Cross: 1.0 | MeanDist: 0.019m | Straight A/B: 0.358 / 0.405 | Sep: ❌
[Ep 2/5 | Step   54] Phase: 1  | Cross: 1.0 | MeanDist: 0.019m | Straight A/B: 0.358 / 0.405 | Sep: ❌
[Ep 2/5 | Step   55] Phase: 1  | Cross: 1.0 | MeanDist: 0.019m | Straight A/B: 0.358 / 0.405 | Sep: ❌
[Ep 2/5 | Step   56] Phase: 1  | Cross: 1.0 | MeanDist: 0.019m | Straight A/B: 0.358 / 0.405 | Sep: ❌
[Ep 2/5 | Step   57] Phase: 1  | Cross: 1.0 | MeanDist: 0.019m | Straight A/B: 0.358 / 0.406 | Sep: ❌
[Ep 2/5 | Step   58] Phase: 1  | Cross: 1.0 | MeanDist: 0.019m | Straight A/B: 0.358 / 0.406 | Sep: ❌
[Ep 2/5 | Step   59] Phase: 1  | Cross: 1.0 | MeanDist: 0.019m | Straight A/B: 0.359 / 0.406 | Sep: ❌
[Ep 2/5 | Step   60] Phase: 1  | Cross: 1.0 | MeanDist: 0.019m | Straight A/B: 0.359 / 0.406 | Sep: ❌
[Ep 2/5 | Step   61] Phase: 1  | Cross: 1.0 | MeanDist: 0.019m | Straight A/B: 0.359 / 0.406 | Sep: ❌
[Ep 2/5 | Step   62] Phase: 1  | Cross: 1.0 | MeanDist: 0.019m | Straight A/B: 0.359 / 0.406 | Sep: ❌
[Ep 2/5 | Step   63] Phase: 1  | Cross: 1.0 | MeanDist: 0.019m | Straight A/B: 0.359 / 0.407 | Sep: ❌
[Ep 2/5 | Step   64] Phase: 1  | Cross: 1.0 | MeanDist: 0.019m | Straight A/B: 0.359 / 0.407 | Sep: ❌
[Ep 2/5 | Step   65] Phase: 1  | Cross: 1.0 | MeanDist: 0.019m | Straight A/B: 0.359 / 0.407 | Sep: ❌
[Ep 2/5 | Step   66] Phase: 1  | Cross: 1.0 | MeanDist: 0.019m | Straight A/B: 0.359 / 0.407 | Sep: ❌
[Ep 2/5 | Step   67] Phase: 1  | Cross: 1.0 | MeanDist: 0.019m | Straight A/B: 0.359 / 0.407 | Sep: ❌
[Ep 2/5 | Step   68] Phase: 1  | Cross: 1.0 | MeanDist: 0.019m | Straight A/B: 0.359 / 0.407 | Sep: ❌
[Ep 2/5 | Step   69] Phase: 1  | Cross: 1.0 | MeanDist: 0.019m | Straight A/B: 0.360 / 0.408 | Sep: ❌
[Ep 2/5 | Step   70] Phase: 1  | Cross: 1.0 | MeanDist: 0.019m | Straight A/B: 0.360 / 0.408 | Sep: ❌
[Ep 2/5 | Step   71] Phase: 1  | Cross: 1.0 | MeanDist: 0.019m | Straight A/B: 0.360 / 0.408 | Sep: ❌
[Ep 2/5 | Step   72] Phase: 1  | Cross: 1.0 | MeanDist: 0.019m | Straight A/B: 0.360 / 0.408 | Sep: ❌
[Ep 2/5 | Step   73] Phase: 1  | Cross: 1.0 | MeanDist: 0.019m | Straight A/B: 0.360 / 0.408 | Sep: ❌
[Ep 2/5 | Step   74] Phase: 1  | Cross: 1.0 | MeanDist: 0.019m | Straight A/B: 0.360 / 0.408 | Sep: ❌
[Ep 2/5 | Step   75] Phase: 1  | Cross: 1.0 | MeanDist: 0.019m | Straight A/B: 0.360 / 0.408 | Sep: ❌
[Ep 2/5 | Step   76] Phase: 1  | Cross: 1.0 | MeanDist: 0.019m | Straight A/B: 0.360 / 0.409 | Sep: ❌
[Ep 2/5 | Step   77] Phase: 2  | Cross: 1.0 | MeanDist: 0.019m | Straight A/B: 0.360 / 0.409 | Sep: ❌
[Ep 2/5 | Step   78] Phase: 2  | Cross: 1.0 | MeanDist: 0.019m | Straight A/B: 0.360 / 0.409 | Sep: ❌
[Ep 2/5 | Step   79] Phase: 2  | Cross: 1.0 | MeanDist: 0.019m | Straight A/B: 0.360 / 0.409 | Sep: ❌
[Ep 2/5 | Step   80] Phase: 2  | Cross: 1.0 | MeanDist: 0.019m | Straight A/B: 0.360 / 0.409 | Sep: ❌
[Ep 2/5 | Step   81] Phase: 2  | Cross: 1.0 | MeanDist: 0.019m | Straight A/B: 0.360 / 0.409 | Sep: ❌
[Ep 2/5 | Step   82] Phase: 2  | Cross: 1.0 | MeanDist: 0.019m | Straight A/B: 0.361 / 0.410 | Sep: ❌
[Ep 2/5 | Step   83] Phase: 2  | Cross: 1.0 | MeanDist: 0.019m | Straight A/B: 0.361 / 0.410 | Sep: ❌
[Ep 2/5 | Step   84] Phase: 2  | Cross: 1.0 | MeanDist: 0.019m | Straight A/B: 0.361 / 0.410 | Sep: ❌
[Ep 2/5 | Step   85] Phase: 2  | Cross: 1.0 | MeanDist: 0.019m | Straight A/B: 0.361 / 0.410 | Sep: ❌
[Ep 2/5 | Step   86] Phase: 2  | Cross: 1.0 | MeanDist: 0.019m | Straight A/B: 0.361 / 0.410 | Sep: ❌
[Ep 2/5 | Step   87] Phase: 2  | Cross: 1.0 | MeanDist: 0.019m | Straight A/B: 0.361 / 0.410 | Sep: ❌
[Ep 2/5 | Step   88] Phase: 2  | Cross: 1.0 | MeanDist: 0.019m | Straight A/B: 0.361 / 0.411 | Sep: ❌
[Ep 2/5 | Step   89] Phase: 2  | Cross: 1.0 | MeanDist: 0.019m | Straight A/B: 0.361 / 0.411 | Sep: ❌
[Ep 2/5 | Step   90] Phase: 2  | Cross: 1.0 | MeanDist: 0.019m | Straight A/B: 0.361 / 0.411 | Sep: ❌
[Ep 2/5 | Step   91] Phase: 2  | Cross: 1.0 | MeanDist: 0.019m | Straight A/B: 0.361 / 0.411 | Sep: ❌
[Ep 2/5 | Step   92] Phase: 2  | Cross: 1.0 | MeanDist: 0.019m | Straight A/B: 0.361 / 0.411 | Sep: ❌
[Ep 2/5 | Step   93] Phase: 2  | Cross: 1.0 | MeanDist: 0.019m | Straight A/B: 0.361 / 0.411 | Sep: ❌
[Ep 2/5 | Step   94] Phase: 2  | Cross: 1.0 | MeanDist: 0.019m | Straight A/B: 0.361 / 0.411 | Sep: ❌
[Ep 2/5 | Step   95] Phase: 2  | Cross: 1.0 | MeanDist: 0.019m | Straight A/B: 0.362 / 0.412 | Sep: ❌
[Ep 2/5 | Step   96] Phase: 2  | Cross: 1.0 | MeanDist: 0.019m | Straight A/B: 0.362 / 0.412 | Sep: ❌
[Ep 2/5 | Step   97] Phase: 2  | Cross: 1.0 | MeanDist: 0.019m | Straight A/B: 0.362 / 0.412 | Sep: ❌
[Ep 2/5 | Step   98] Phase: 2  | Cross: 1.0 | MeanDist: 0.019m | Straight A/B: 0.362 / 0.412 | Sep: ❌
[Ep 2/5 | Step   99] Phase: 2  | Cross: 1.0 | MeanDist: 0.019m | Straight A/B: 0.362 / 0.412 | Sep: ❌
[Ep 2/5 | Step  100] Phase: 2  | Cross: 1.0 | MeanDist: 0.019m | Straight A/B: 0.362 / 0.412 | Sep: ❌
  [ep 0/1, attempt 1] step 101/2000  terminated=False  truncated=False
[Ep 2/5 | Step  101] Phase: 2  | Cross: 1.0 | MeanDist: 0.019m | Straight A/B: 0.362 / 0.413 | Sep: ❌
[Ep 2/5 | Step  102] Phase: 2  | Cross: 1.0 | MeanDist: 0.019m | Straight A/B: 0.362 / 0.413 | Sep: ❌
[Ep 2/5 | Step  103] Phase: 2  | Cross: 1.0 | MeanDist: 0.019m | Straight A/B: 0.362 / 0.413 | Sep: ❌
[Ep 2/5 | Step  104] Phase: 2  | Cross: 1.0 | MeanDist: 0.019m | Straight A/B: 0.362 / 0.413 | Sep: ❌
[Ep 2/5 | Step  105] Phase: 2  | Cross: 1.0 | MeanDist: 0.019m | Straight A/B: 0.362 / 0.413 | Sep: ❌
[Ep 2/5 | Step  106] Phase: 2  | Cross: 1.0 | MeanDist: 0.019m | Straight A/B: 0.362 / 0.413 | Sep: ❌
[Ep 2/5 | Step  107] Phase: 2  | Cross: 1.0 | MeanDist: 0.019m | Straight A/B: 0.362 / 0.413 | Sep: ❌
[Ep 2/5 | Step  108] Phase: 2  | Cross: 1.0 | MeanDist: 0.019m | Straight A/B: 0.362 / 0.414 | Sep: ❌
[Ep 2/5 | Step  109] Phase: 2  | Cross: 1.0 | MeanDist: 0.019m | Straight A/B: 0.362 / 0.414 | Sep: ❌
[Ep 2/5 | Step  110] Phase: 2  | Cross: 1.0 | MeanDist: 0.019m | Straight A/B: 0.362 / 0.414 | Sep: ❌
[Ep 2/5 | Step  111] Phase: 2  | Cross: 1.0 | MeanDist: 0.019m | Straight A/B: 0.362 / 0.414 | Sep: ❌
[Ep 2/5 | Step  112] Phase: 2  | Cross: 1.0 | MeanDist: 0.019m | Straight A/B: 0.362 / 0.414 | Sep: ❌
[Ep 2/5 | Step  113] Phase: 2  | Cross: 1.0 | MeanDist: 0.019m | Straight A/B: 0.362 / 0.414 | Sep: ❌
[Ep 2/5 | Step  114] Phase: 2  | Cross: 1.0 | MeanDist: 0.019m | Straight A/B: 0.363 / 0.414 | Sep: ❌
[Ep 2/5 | Step  115] Phase: 2  | Cross: 1.0 | MeanDist: 0.019m | Straight A/B: 0.363 / 0.415 | Sep: ❌
[Ep 2/5 | Step  116] Phase: 2  | Cross: 1.0 | MeanDist: 0.019m | Straight A/B: 0.363 / 0.415 | Sep: ❌
[Ep 2/5 | Step  117] Phase: 2  | Cross: 1.0 | MeanDist: 0.019m | Straight A/B: 0.363 / 0.415 | Sep: ❌
[Ep 2/5 | Step  118] Phase: 2  | Cross: 1.0 | MeanDist: 0.019m | Straight A/B: 0.363 / 0.415 | Sep: ❌
[Ep 2/5 | Step  119] Phase: 2  | Cross: 1.0 | MeanDist: 0.019m | Straight A/B: 0.363 / 0.415 | Sep: ❌
[Ep 2/5 | Step  120] Phase: 2  | Cross: 1.0 | MeanDist: 0.019m | Straight A/B: 0.363 / 0.415 | Sep: ❌
[Ep 2/5 | Step  121] Phase: 2  | Cross: 1.0 | MeanDist: 0.019m | Straight A/B: 0.363 / 0.415 | Sep: ❌
[Ep 2/5 | Step  122] Phase: 2  | Cross: 1.0 | MeanDist: 0.019m | Straight A/B: 0.363 / 0.415 | Sep: ❌
[Ep 2/5 | Step  123] Phase: 2  | Cross: 1.0 | MeanDist: 0.019m | Straight A/B: 0.363 / 0.416 | Sep: ❌
[Ep 2/5 | Step  124] Phase: 2  | Cross: 1.0 | MeanDist: 0.019m | Straight A/B: 0.363 / 0.416 | Sep: ❌
[Ep 2/5 | Step  125] Phase: 2  | Cross: 1.0 | MeanDist: 0.019m | Straight A/B: 0.363 / 0.416 | Sep: ❌
[Ep 2/5 | Step  126] Phase: 2  | Cross: 1.0 | MeanDist: 0.019m | Straight A/B: 0.363 / 0.416 | Sep: ❌
[Ep 2/5 | Step  127] Phase: 2  | Cross: 1.0 | MeanDist: 0.019m | Straight A/B: 0.363 / 0.416 | Sep: ❌
[Ep 2/5 | Step  128] Phase: 2  | Cross: 1.0 | MeanDist: 0.019m | Straight A/B: 0.369 / 0.416 | Sep: ❌
[Ep 2/5 | Step  129] Phase: 2  | Cross: 1.0 | MeanDist: 0.019m | Straight A/B: 0.414 / 0.417 | Sep: ❌
[Ep 2/5 | Step  130] Phase: 2  | Cross: 1.0 | MeanDist: 0.019m | Straight A/B: 0.417 / 0.419 | Sep: ❌
[Ep 2/5 | Step  131] Phase: 3  | Cross: 1.0 | MeanDist: 0.019m | Straight A/B: 0.432 / 0.423 | Sep: ❌
[Ep 2/5 | Step  132] Phase: 3  | Cross: 2.0 | MeanDist: 0.020m | Straight A/B: 0.423 / 0.433 | Sep: ❌
[Ep 2/5 | Step  133] Phase: 3  | Cross: 2.0 | MeanDist: 0.022m | Straight A/B: 0.471 / 0.453 | Sep: ❌
[Ep 2/5 | Step  134] Phase: 3  | Cross: 2.0 | MeanDist: 0.021m | Straight A/B: 0.463 / 0.412 | Sep: ❌
[Ep 2/5 | Step  135] Phase: 3  | Cross: 2.0 | MeanDist: 0.021m | Straight A/B: 0.463 / 0.435 | Sep: ❌
[Ep 2/5 | Step  136] Phase: 3  | Cross: 2.0 | MeanDist: 0.020m | Straight A/B: 0.502 / 0.423 | Sep: ❌
[Ep 2/5 | Step  137] Phase: 3  | Cross: 2.0 | MeanDist: 0.019m | Straight A/B: 0.505 / 0.418 | Sep: ❌
[Ep 2/5 | Step  138] Phase: 3  | Cross: 1.0 | MeanDist: 0.019m | Straight A/B: 0.507 / 0.431 | Sep: ❌
[Ep 2/5 | Step  139] Phase: 3  | Cross: 1.0 | MeanDist: 0.019m | Straight A/B: 0.508 / 0.391 | Sep: ❌
[Ep 2/5 | Step  140] Phase: 3  | Cross: 1.0 | MeanDist: 0.019m | Straight A/B: 0.509 / 0.393 | Sep: ❌
[Ep 2/5 | Step  141] Phase: 3  | Cross: 1.0 | MeanDist: 0.019m | Straight A/B: 0.509 / 0.393 | Sep: ❌
[Ep 2/5 | Step  142] Phase: 3  | Cross: 1.0 | MeanDist: 0.019m | Straight A/B: 0.510 / 0.394 | Sep: ❌
[Ep 2/5 | Step  143] Phase: 3  | Cross: 1.0 | MeanDist: 0.019m | Straight A/B: 0.510 / 0.394 | Sep: ❌
[Ep 2/5 | Step  144] Phase: 3  | Cross: 1.0 | MeanDist: 0.019m | Straight A/B: 0.510 / 0.394 | Sep: ❌
[Ep 2/5 | Step  145] Phase: 3  | Cross: 1.0 | MeanDist: 0.019m | Straight A/B: 0.510 / 0.395 | Sep: ❌
[Ep 2/5 | Step  146] Phase: 3  | Cross: 1.0 | MeanDist: 0.019m | Straight A/B: 0.510 / 0.395 | Sep: ❌
[Ep 2/5 | Step  147] Phase: 3  | Cross: 1.0 | MeanDist: 0.019m | Straight A/B: 0.510 / 0.395 | Sep: ❌
[Ep 2/5 | Step  148] Phase: 3  | Cross: 1.0 | MeanDist: 0.019m | Straight A/B: 0.510 / 0.395 | Sep: ❌
[Ep 2/5 | Step  149] Phase: 3  | Cross: 1.0 | MeanDist: 0.019m | Straight A/B: 0.510 / 0.395 | Sep: ❌
[Ep 2/5 | Step  150] Phase: 3  | Cross: 1.0 | MeanDist: 0.019m | Straight A/B: 0.510 / 0.395 | Sep: ❌
[Ep 2/5 | Step  151] Phase: 3  | Cross: 1.0 | MeanDist: 0.019m | Straight A/B: 0.510 / 0.395 | Sep: ❌
[Ep 2/5 | Step  152] Phase: 4  | Cross: 1.0 | MeanDist: 0.019m | Straight A/B: 0.510 / 0.395 | Sep: ❌
[Ep 2/5 | Step  153] Phase: 4  | Cross: 1.0 | MeanDist: 0.019m | Straight A/B: 0.511 / 0.395 | Sep: ❌
[Ep 2/5 | Step  154] Phase: 4  | Cross: 1.0 | MeanDist: 0.019m | Straight A/B: 0.511 / 0.397 | Sep: ❌
[Ep 2/5 | Step  155] Phase: 4  | Cross: 1.0 | MeanDist: 0.019m | Straight A/B: 0.511 / 0.399 | Sep: ❌
[Ep 2/5 | Step  156] Phase: 4  | Cross: 1.0 | MeanDist: 0.019m | Straight A/B: 0.511 / 0.402 | Sep: ❌
[Ep 2/5 | Step  157] Phase: 4  | Cross: 1.0 | MeanDist: 0.019m | Straight A/B: 0.511 / 0.406 | Sep: ❌
[Ep 2/5 | Step  158] Phase: 4  | Cross: 1.0 | MeanDist: 0.019m | Straight A/B: 0.511 / 0.410 | Sep: ❌
[Ep 2/5 | Step  159] Phase: 4  | Cross: 1.0 | MeanDist: 0.019m | Straight A/B: 0.511 / 0.397 | Sep: ❌
[Ep 2/5 | Step  160] Phase: 4  | Cross: 1.0 | MeanDist: 0.019m | Straight A/B: 0.511 / 0.402 | Sep: ❌
[Ep 2/5 | Step  161] Phase: 4  | Cross: 1.0 | MeanDist: 0.019m | Straight A/B: 0.511 / 0.408 | Sep: ❌
[Ep 2/5 | Step  162] Phase: 4  | Cross: 1.0 | MeanDist: 0.018m | Straight A/B: 0.512 / 0.417 | Sep: ❌
[Ep 2/5 | Step  163] Phase: 4  | Cross: 1.0 | MeanDist: 0.018m | Straight A/B: 0.512 / 0.425 | Sep: ❌
[Ep 2/5 | Step  164] Phase: 4  | Cross: 1.0 | MeanDist: 0.018m | Straight A/B: 0.513 / 0.433 | Sep: ❌
[Ep 2/5 | Step  165] Phase: 4  | Cross: 2.0 | MeanDist: 0.018m | Straight A/B: 0.514 / 0.441 | Sep: ❌
[Ep 2/5 | Step  166] Phase: 4  | Cross: 2.0 | MeanDist: 0.017m | Straight A/B: 0.515 / 0.471 | Sep: ❌
[Ep 2/5 | Step  167] Phase: 4  | Cross: 1.0 | MeanDist: 0.017m | Straight A/B: 0.516 / 0.452 | Sep: ❌
[Ep 2/5 | Step  168] Phase: 4  | Cross: 1.0 | MeanDist: 0.017m | Straight A/B: 0.518 / 0.462 | Sep: ❌
[Ep 2/5 | Step  169] Phase: 4  | Cross: 1.0 | MeanDist: 0.017m | Straight A/B: 0.519 / 0.473 | Sep: ❌
[Ep 2/5 | Step  170] Phase: 4  | Cross: 1.0 | MeanDist: 0.017m | Straight A/B: 0.520 / 0.485 | Sep: ❌
[Ep 2/5 | Step  171] Phase: 4  | Cross: 1.0 | MeanDist: 0.017m | Straight A/B: 0.522 / 0.494 | Sep: ❌
[Ep 2/5 | Step  172] Phase: 4  | Cross: 1.0 | MeanDist: 0.017m | Straight A/B: 0.523 / 0.505 | Sep: ❌
[Ep 2/5 | Step  173] Phase: 4  | Cross: 1.0 | MeanDist: 0.017m | Straight A/B: 0.524 / 0.515 | Sep: ❌
[Ep 2/5 | Step  174] Phase: 4  | Cross: 1.0 | MeanDist: 0.017m | Straight A/B: 0.525 / 0.524 | Sep: ❌
[Ep 2/5 | Step  175] Phase: 4  | Cross: 2.0 | MeanDist: 0.017m | Straight A/B: 0.526 / 0.532 | Sep: ❌
[Ep 2/5 | Step  176] Phase: 4  | Cross: 2.0 | MeanDist: 0.017m | Straight A/B: 0.527 / 0.539 | Sep: ❌
[Ep 2/5 | Step  177] Phase: 4  | Cross: 1.0 | MeanDist: 0.017m | Straight A/B: 0.528 / 0.545 | Sep: ❌
[Ep 2/5 | Step  178] Phase: 4  | Cross: 1.0 | MeanDist: 0.018m | Straight A/B: 0.529 / 0.550 | Sep: ❌
[Ep 2/5 | Step  179] Phase: 4  | Cross: 1.0 | MeanDist: 0.018m | Straight A/B: 0.530 / 0.580 | Sep: ❌
[Ep 2/5 | Step  180] Phase: 4  | Cross: 1.0 | MeanDist: 0.018m | Straight A/B: 0.531 / 0.586 | Sep: ❌
[Ep 2/5 | Step  181] Phase: 4  | Cross: 1.0 | MeanDist: 0.018m | Straight A/B: 0.531 / 0.591 | Sep: ❌
[Ep 2/5 | Step  182] Phase: 4  | Cross: 2.0 | MeanDist: 0.018m | Straight A/B: 0.532 / 0.595 | Sep: ❌
[Ep 2/5 | Step  183] Phase: 4  | Cross: 2.0 | MeanDist: 0.018m | Straight A/B: 0.533 / 0.599 | Sep: ❌
[Ep 2/5 | Step  184] Phase: 4  | Cross: 2.0 | MeanDist: 0.018m | Straight A/B: 0.533 / 0.603 | Sep: ❌
[Ep 2/5 | Step  185] Phase: 4  | Cross: 1.0 | MeanDist: 0.018m | Straight A/B: 0.534 / 0.660 | Sep: ❌
[Ep 2/5 | Step  186] Phase: 4  | Cross: 1.0 | MeanDist: 0.018m | Straight A/B: 0.535 / 0.668 | Sep: ❌
[Ep 2/5 | Step  187] Phase: 4  | Cross: 1.0 | MeanDist: 0.019m | Straight A/B: 0.535 / 0.674 | Sep: ❌
[Ep 2/5 | Step  188] Phase: 4  | Cross: 1.0 | MeanDist: 0.019m | Straight A/B: 0.536 / 0.677 | Sep: ❌
[Ep 2/5 | Step  189] Phase: 4  | Cross: 1.0 | MeanDist: 0.019m | Straight A/B: 0.537 / 0.590 | Sep: ❌
[Ep 2/5 | Step  190] Phase: 4  | Cross: 1.0 | MeanDist: 0.020m | Straight A/B: 0.538 / 0.580 | Sep: ❌
[Ep 2/5 | Step  191] Phase: 4  | Cross: 1.0 | MeanDist: 0.020m | Straight A/B: 0.539 / 0.360 | Sep: ❌
[Ep 2/5 | Step  192] Phase: 4  | Cross: 2.0 | MeanDist: 0.020m | Straight A/B: 0.539 / 0.317 | Sep: ❌
[Ep 2/5 | Step  193] Phase: 4  | Cross: 2.0 | MeanDist: 0.019m | Straight A/B: 0.540 / 0.306 | Sep: ❌
[Ep 2/5 | Step  194] Phase: 4  | Cross: 2.0 | MeanDist: 0.019m | Straight A/B: 0.540 / 0.295 | Sep: ❌
[Ep 2/5 | Step  195] Phase: 4  | Cross: 2.0 | MeanDist: 0.019m | Straight A/B: 0.541 / 0.249 | Sep: ❌
[Ep 2/5 | Step  196] Phase: 4  | Cross: 2.0 | MeanDist: 0.019m | Straight A/B: 0.542 / 0.236 | Sep: ❌
[Ep 2/5 | Step  197] Phase: 4  | Cross: 2.0 | MeanDist: 0.018m | Straight A/B: 0.543 / 0.191 | Sep: ❌
[Ep 2/5 | Step  198] Phase: 4  | Cross: 2.0 | MeanDist: 0.018m | Straight A/B: 0.545 / 0.354 | Sep: ❌
[Ep 2/5 | Step  199] Phase: 4  | Cross: 2.0 | MeanDist: 0.018m | Straight A/B: 0.546 / 0.430 | Sep: ❌
[Ep 2/5 | Step  200] Phase: 4  | Cross: 2.0 | MeanDist: 0.018m | Straight A/B: 0.548 / 0.451 | Sep: ❌
  [ep 0/1, attempt 1] step 201/2000  terminated=False  truncated=False
[Ep 2/5 | Step  201] Phase: 4  | Cross: 2.0 | MeanDist: 0.018m | Straight A/B: 0.549 / 0.445 | Sep: ❌
[Ep 2/5 | Step  202] Phase: 4  | Cross: 2.0 | MeanDist: 0.018m | Straight A/B: 0.535 / 0.440 | Sep: ❌
[Ep 2/5 | Step  203] Phase: 4  | Cross: 2.0 | MeanDist: 0.018m | Straight A/B: 0.551 / 0.574 | Sep: ❌
[Ep 2/5 | Step  204] Phase: 4  | Cross: 2.0 | MeanDist: 0.018m | Straight A/B: 0.552 / 0.359 | Sep: ❌
[Ep 2/5 | Step  205] Phase: 4  | Cross: 2.0 | MeanDist: 0.018m | Straight A/B: 0.491 / 0.352 | Sep: ❌
[Ep 2/5 | Step  206] Phase: 5  | Cross: 2.0 | MeanDist: 0.018m | Straight A/B: 0.491 / 0.384 | Sep: ❌
[Ep 2/5 | Step  207] Phase: 5  | Cross: 2.0 | MeanDist: 0.018m | Straight A/B: 0.491 / 0.381 | Sep: ❌
[Ep 2/5 | Step  208] Phase: 5  | Cross: 2.0 | MeanDist: 0.017m | Straight A/B: 0.491 / 0.422 | Sep: ❌
[Ep 2/5 | Step  209] Phase: 5  | Cross: 2.0 | MeanDist: 0.017m | Straight A/B: 0.491 / 0.419 | Sep: ❌
[Ep 2/5 | Step  210] Phase: 5  | Cross: 2.0 | MeanDist: 0.017m | Straight A/B: 0.491 / 0.418 | Sep: ❌
[Ep 2/5 | Step  211] Phase: 5  | Cross: 2.0 | MeanDist: 0.017m | Straight A/B: 0.492 / 0.417 | Sep: ❌
[Ep 2/5 | Step  212] Phase: 5  | Cross: 2.0 | MeanDist: 0.017m | Straight A/B: 0.492 / 0.417 | Sep: ❌
[Ep 2/5 | Step  213] Phase: 5  | Cross: 2.0 | MeanDist: 0.017m | Straight A/B: 0.492 / 0.417 | Sep: ❌
[Ep 2/5 | Step  214] Phase: 5  | Cross: 2.0 | MeanDist: 0.017m | Straight A/B: 0.492 / 0.416 | Sep: ❌
[Ep 2/5 | Step  215] Phase: 5  | Cross: 2.0 | MeanDist: 0.017m | Straight A/B: 0.492 / 0.416 | Sep: ❌
[Ep 2/5 | Step  216] Phase: 5  | Cross: 2.0 | MeanDist: 0.016m | Straight A/B: 0.492 / 0.416 | Sep: ❌
[Ep 2/5 | Step  217] Phase: 5  | Cross: 2.0 | MeanDist: 0.016m | Straight A/B: 0.492 / 0.416 | Sep: ❌
[Ep 2/5 | Step  218] Phase: 5  | Cross: 2.0 | MeanDist: 0.016m | Straight A/B: 0.492 / 0.416 | Sep: ❌
[Ep 2/5 | Step  219] Phase: 5  | Cross: 2.0 | MeanDist: 0.016m | Straight A/B: 0.492 / 0.416 | Sep: ❌
[Ep 2/5 | Step  220] Phase: 5  | Cross: 2.0 | MeanDist: 0.016m | Straight A/B: 0.491 / 0.415 | Sep: ❌
[Ep 2/5 | Step  221] Phase: 5  | Cross: 2.0 | MeanDist: 0.016m | Straight A/B: 0.491 / 0.414 | Sep: ❌
[Ep 2/5 | Step  222] Phase: 6  | Cross: 2.0 | MeanDist: 0.016m | Straight A/B: 0.491 / 0.461 | Sep: ❌
DEBUG: [Phase 6] Local escape field enabled. Tangle core: [0.02180358 0.17622395], Escape direction: [ 0.66340989 -0.74825618]
DEBUG: [Phase 6] Target set at: [ 0.18597253 -0.01209804] (pull_dist: 0.24m)
[Ep 2/5 | Step  223] Phase: 6  | Cross: 1.0 | MeanDist: 0.016m | Straight A/B: 0.492 / 0.799 | Sep: ❌
[Ep 2/5 | Step  224] Phase: 6  | Cross: 1.0 | MeanDist: 0.017m | Straight A/B: 0.492 / 0.800 | Sep: ❌
[Ep 2/5 | Step  225] Phase: 6  | Cross: 1.0 | MeanDist: 0.018m | Straight A/B: 0.493 / 0.799 | Sep: ❌
[Ep 2/5 | Step  226] Phase: 6  | Cross: 1.0 | MeanDist: 0.018m | Straight A/B: 0.493 / 0.740 | Sep: ❌
[Ep 2/5 | Step  227] Phase: 6  | Cross: 1.0 | MeanDist: 0.018m | Straight A/B: 0.494 / 0.744 | Sep: ❌
[Ep 2/5 | Step  228] Phase: 6  | Cross: 1.0 | MeanDist: 0.020m | Straight A/B: 0.494 / 0.743 | Sep: ❌
[Ep 2/5 | Step  229] Phase: 6  | Cross: 1.0 | MeanDist: 0.021m | Straight A/B: 0.495 / 0.747 | Sep: ❌
[Ep 2/5 | Step  230] Phase: 6  | Cross: 1.0 | MeanDist: 0.023m | Straight A/B: 0.495 / 0.752 | Sep: ❌
[Ep 2/5 | Step  231] Phase: 6  | Cross: 1.0 | MeanDist: 0.025m | Straight A/B: 0.495 / 0.739 | Sep: ❌
[Ep 2/5 | Step  232] Phase: 6  | Cross: 1.0 | MeanDist: 0.027m | Straight A/B: 0.495 / 0.744 | Sep: ❌
[Ep 2/5 | Step  233] Phase: 6  | Cross: 1.0 | MeanDist: 0.029m | Straight A/B: 0.496 / 0.750 | Sep: ❌
[Ep 2/5 | Step  234] Phase: 6  | Cross: 2.0 | MeanDist: 0.031m | Straight A/B: 0.497 / 0.755 | Sep: ❌
[Ep 2/5 | Step  235] Phase: 6  | Cross: 2.0 | MeanDist: 0.033m | Straight A/B: 0.499 / 0.761 | Sep: ❌
[Ep 2/5 | Step  236] Phase: 6  | Cross: 2.0 | MeanDist: 0.035m | Straight A/B: 0.501 / 0.766 | Sep: ❌
[Ep 2/5 | Step  237] Phase: 6  | Cross: 2.0 | MeanDist: 0.037m | Straight A/B: 0.503 / 0.771 | Sep: ❌
[Ep 2/5 | Step  238] Phase: 6  | Cross: 2.0 | MeanDist: 0.039m | Straight A/B: 0.506 / 0.776 | Sep: ❌
[Ep 2/5 | Step  239] Phase: 6  | Cross: 2.0 | MeanDist: 0.041m | Straight A/B: 0.509 / 0.781 | Sep: ❌
[Ep 2/5 | Step  240] Phase: 6  | Cross: 2.0 | MeanDist: 0.044m | Straight A/B: 0.512 / 0.784 | Sep: ❌
[Ep 2/5 | Step  241] Phase: 6  | Cross: 2.0 | MeanDist: 0.046m | Straight A/B: 0.453 / 0.788 | Sep: ❌
[Ep 2/5 | Step  242] Phase: 6  | Cross: 2.0 | MeanDist: 0.048m | Straight A/B: 0.456 / 0.791 | Sep: ❌
[Ep 2/5 | Step  243] Phase: 6  | Cross: 2.0 | MeanDist: 0.050m | Straight A/B: 0.459 / 0.793 | Sep: ❌
[Ep 2/5 | Step  244] Phase: 6  | Cross: 2.0 | MeanDist: 0.053m | Straight A/B: 0.461 / 0.797 | Sep: ❌
[Ep 2/5 | Step  245] Phase: 6  | Cross: 3.0 | MeanDist: 0.056m | Straight A/B: 0.461 / 0.799 | Sep: ❌
[Ep 2/5 | Step  246] Phase: 6  | Cross: 2.0 | MeanDist: 0.059m | Straight A/B: 0.463 / 0.804 | Sep: ❌
[Ep 2/5 | Step  247] Phase: 6  | Cross: 1.0 | MeanDist: 0.062m | Straight A/B: 0.464 / 0.808 | Sep: ❌
[Ep 2/5 | Step  248] Phase: 6  | Cross: 1.0 | MeanDist: 0.064m | Straight A/B: 0.465 / 0.812 | Sep: ❌
[Ep 2/5 | Step  249] Phase: 6  | Cross: 1.0 | MeanDist: 0.067m | Straight A/B: 0.464 / 0.817 | Sep: ❌
DEBUG: [Phase 6] Pull target reached. Release.
[Ep 2/5 | Step  250] Phase: 8  | Cross: 1.0 | MeanDist: 0.068m | Straight A/B: 0.463 / 0.820 | Sep: ❌
[Ep 2/5 | Step  251] Phase: 8  | Cross: 1.0 | MeanDist: 0.071m | Straight A/B: 0.462 / 0.818 | Sep: ❌
[Ep 2/5 | Step  252] Phase: 8  | Cross: 1.0 | MeanDist: 0.077m | Straight A/B: 0.462 / 0.819 | Sep: ❌
[Ep 2/5 | Step  253] Phase: 8  | Cross: 1.0 | MeanDist: 0.085m | Straight A/B: 0.462 / 0.823 | Sep: ❌
[Ep 2/5 | Step  254] Phase: 8  | Cross: 1.0 | MeanDist: 0.095m | Straight A/B: 0.460 / 0.829 | Sep: ❌
[Ep 2/5 | Step  255] Phase: 8  | Cross: 1.0 | MeanDist: 0.105m | Straight A/B: 0.460 / 0.843 | Sep: ❌
[Ep 2/5 | Step  256] Phase: 8  | Cross: 1.0 | MeanDist: 0.111m | Straight A/B: 0.459 / 0.862 | Sep: ❌
[Ep 2/5 | Step  257] Phase: 8  | Cross: 1.0 | MeanDist: 0.111m | Straight A/B: 0.459 / 0.865 | Sep: ❌
[Ep 2/5 | Step  258] Phase: 8  | Cross: 1.0 | MeanDist: 0.110m | Straight A/B: 0.461 / 0.866 | Sep: ❌
[Ep 2/5 | Step  259] Phase: 8  | Cross: 1.0 | MeanDist: 0.110m | Straight A/B: 0.455 / 0.868 | Sep: ❌
[Ep 2/5 | Step  260] Phase: 8  | Cross: 1.0 | MeanDist: 0.110m | Straight A/B: 0.458 / 0.868 | Sep: ❌
[Ep 2/5 | Step  261] Phase: 8  | Cross: 1.0 | MeanDist: 0.110m | Straight A/B: 0.460 / 0.869 | Sep: ❌
[Ep 2/5 | Step  262] Phase: 8  | Cross: 1.0 | MeanDist: 0.111m | Straight A/B: 0.462 / 0.871 | Sep: ❌
[Ep 2/5 | Step  263] Phase: 8  | Cross: 2.0 | MeanDist: 0.111m | Straight A/B: 0.463 / 0.873 | Sep: ❌
[Ep 2/5 | Step  264] Phase: 8  | Cross: 2.0 | MeanDist: 0.111m | Straight A/B: 0.464 / 0.874 | Sep: ❌
[Ep 2/5 | Step  265] Phase: 8  | Cross: 2.0 | MeanDist: 0.111m | Straight A/B: 0.465 / 0.875 | Sep: ❌
[Ep 2/5 | Step  266] Phase: 8  | Cross: 2.0 | MeanDist: 0.111m | Straight A/B: 0.465 / 0.876 | Sep: ❌
[Ep 2/5 | Step  267] Phase: 8  | Cross: 1.0 | MeanDist: 0.111m | Straight A/B: 0.465 / 0.877 | Sep: ❌
[Ep 2/5 | Step  268] Phase: 8  | Cross: 1.0 | MeanDist: 0.111m | Straight A/B: 0.465 / 0.878 | Sep: ❌
[Ep 2/5 | Step  269] Phase: 8  | Cross: 1.0 | MeanDist: 0.111m | Straight A/B: 0.465 / 0.879 | Sep: ❌
[Ep 2/5 | Step  270] Phase: 8  | Cross: 1.0 | MeanDist: 0.111m | Straight A/B: 0.465 / 0.880 | Sep: ❌
[Ep 2/5 | Step  271] Phase: 8  | Cross: 1.0 | MeanDist: 0.111m | Straight A/B: 0.465 / 0.881 | Sep: ❌
[Ep 2/5 | Step  272] Phase: 8  | Cross: 1.0 | MeanDist: 0.111m | Straight A/B: 0.465 / 0.882 | Sep: ❌
[Ep 2/5 | Step  273] Phase: 8  | Cross: 1.0 | MeanDist: 0.111m | Straight A/B: 0.465 / 0.882 | Sep: ❌
[Ep 2/5 | Step  274] Phase: 8  | Cross: 1.0 | MeanDist: 0.111m | Straight A/B: 0.465 / 0.882 | Sep: ❌
[Ep 2/5 | Step  275] Phase: 8  | Cross: 1.0 | MeanDist: 0.111m | Straight A/B: 0.465 / 0.882 | Sep: ❌
[Ep 2/5 | Step  276] Phase: 8  | Cross: 1.0 | MeanDist: 0.111m | Straight A/B: 0.465 / 0.882 | Sep: ❌
[Ep 2/5 | Step  277] Phase: 8  | Cross: 1.0 | MeanDist: 0.111m | Straight A/B: 0.465 / 0.882 | Sep: ❌
[Ep 2/5 | Step  278] Phase: 8  | Cross: 1.0 | MeanDist: 0.111m | Straight A/B: 0.465 / 0.882 | Sep: ❌
[Ep 2/5 | Step  279] Phase: 8  | Cross: 1.0 | MeanDist: 0.111m | Straight A/B: 0.465 / 0.882 | Sep: ❌
[Ep 2/5 | Step  280] Phase: 8  | Cross: 1.0 | MeanDist: 0.111m | Straight A/B: 0.465 / 0.882 | Sep: ❌
[Ep 2/5 | Step  281] Phase: 8  | Cross: 1.0 | MeanDist: 0.111m | Straight A/B: 0.464 / 0.882 | Sep: ❌
[Ep 2/5 | Step  282] Phase: 8  | Cross: 1.0 | MeanDist: 0.111m | Straight A/B: 0.464 / 0.882 | Sep: ❌
[Ep 2/5 | Step  283] Phase: 8  | Cross: 1.0 | MeanDist: 0.111m | Straight A/B: 0.464 / 0.882 | Sep: ❌
[Ep 2/5 | Step  284] Phase: 8  | Cross: 1.0 | MeanDist: 0.111m | Straight A/B: 0.464 / 0.882 | Sep: ❌
[Ep 2/5 | Step  285] Phase: 8  | Cross: 1.0 | MeanDist: 0.111m | Straight A/B: 0.464 / 0.882 | Sep: ❌
[Ep 2/5 | Step  286] Phase: 8  | Cross: 1.0 | MeanDist: 0.111m | Straight A/B: 0.464 / 0.882 | Sep: ❌
[Ep 2/5 | Step  287] Phase: 8  | Cross: 1.0 | MeanDist: 0.110m | Straight A/B: 0.464 / 0.882 | Sep: ❌
[Ep 2/5 | Step  288] Phase: 8  | Cross: 1.0 | MeanDist: 0.110m | Straight A/B: 0.464 / 0.882 | Sep: ❌
[Ep 2/5 | Step  289] Phase: 8  | Cross: 1.0 | MeanDist: 0.110m | Straight A/B: 0.464 / 0.882 | Sep: ❌
[Ep 2/5 | Step  290] Phase: 8  | Cross: 1.0 | MeanDist: 0.110m | Straight A/B: 0.463 / 0.882 | Sep: ❌
DEBUG: [Phase 8] 落地检查失败 (crossings: 1.0, straightA: 0.463, straightB: 0.882)。判定未完成，打回重做。
[Ep 2/5 | Step  291] Phase: -1 | Cross: 1.0 | MeanDist: 0.110m | Straight A/B: 0.463 / 0.882 | Sep: ❌
[DEBUG] Rope A is on top of rope B
DEBUG: [Phase -1] Picked from Cat 1 (Ideal), closest to sweet spot.
DEBUG: [Phase -1] Locking target: Rope 0, Node 1 | Dist to Center: 0.163m | 净空: 0.026m
[Ep 2/5 | Step  292] Phase: -1 | Cross: 1.0 | MeanDist: 0.110m | Straight A/B: 0.463 / 0.882 | Sep: ❌
[DEBUG] Rope A is on top of rope B
DEBUG: [Phase -1] Picked from Cat 1 (Ideal), closest to sweet spot.
DEBUG: [Phase -1] Locking target: Rope 0, Node 1 | Dist to Center: 0.163m | 净空: 0.026m
[Ep 2/5 | Step  293] Phase: -1 | Cross: 1.0 | MeanDist: 0.110m | Straight A/B: 0.463 / 0.882 | Sep: ❌
[DEBUG] Rope A is on top of rope B
DEBUG: [Phase -1] Picked from Cat 1 (Ideal), closest to sweet spot.
DEBUG: [Phase -1] Locking target: Rope 0, Node 1 | Dist to Center: 0.163m | 净空: 0.026m
[Ep 2/5 | Step  294] Phase: -1 | Cross: 1.0 | MeanDist: 0.110m | Straight A/B: 0.463 / 0.883 | Sep: ❌
[DEBUG] Rope A is on top of rope B
DEBUG: [Phase -1] Picked from Cat 1 (Ideal), closest to sweet spot.
DEBUG: [Phase -1] Locking target: Rope 0, Node 1 | Dist to Center: 0.163m | 净空: 0.026m
[Ep 2/5 | Step  295] Phase: -1 | Cross: 1.0 | MeanDist: 0.110m | Straight A/B: 0.463 / 0.883 | Sep: ❌
[DEBUG] Rope A is on top of rope B
DEBUG: [Phase -1] Picked from Cat 1 (Ideal), closest to sweet spot.
DEBUG: [Phase -1] Locking target: Rope 0, Node 1 | Dist to Center: 0.163m | 净空: 0.026m
[Ep 2/5 | Step  296] Phase: -1 | Cross: 1.0 | MeanDist: 0.110m | Straight A/B: 0.463 / 0.883 | Sep: ❌
[DEBUG] Rope A is on top of rope B
DEBUG: [Phase -1] Picked from Cat 1 (Ideal), closest to sweet spot.
DEBUG: [Phase -1] Locking target: Rope 0, Node 1 | Dist to Center: 0.163m | 净空: 0.026m
[Ep 2/5 | Step  297] Phase: -1 | Cross: 1.0 | MeanDist: 0.110m | Straight A/B: 0.463 / 0.883 | Sep: ❌
[DEBUG] Rope A is on top of rope B
DEBUG: [Phase -1] Picked from Cat 1 (Ideal), closest to sweet spot.
DEBUG: [Phase -1] Locking target: Rope 0, Node 1 | Dist to Center: 0.163m | 净空: 0.026m
[Ep 2/5 | Step  298] Phase: -1 | Cross: 1.0 | MeanDist: 0.110m | Straight A/B: 0.463 / 0.883 | Sep: ❌
[DEBUG] Rope A is on top of rope B
DEBUG: [Phase -1] Picked from Cat 1 (Ideal), closest to sweet spot.
DEBUG: [Phase -1] Locking target: Rope 0, Node 1 | Dist to Center: 0.163m | 净空: 0.026m
[Ep 2/5 | Step  299] Phase: -1 | Cross: 1.0 | MeanDist: 0.110m | Straight A/B: 0.463 / 0.883 | Sep: ❌
[DEBUG] Rope A is on top of rope B
DEBUG: [Phase -1] Picked from Cat 1 (Ideal), closest to sweet spot.
DEBUG: [Phase -1] Locking target: Rope 0, Node 1 | Dist to Center: 0.163m | 净空: 0.026m
[Ep 2/5 | Step  300] Phase: -1 | Cross: 1.0 | MeanDist: 0.110m | Straight A/B: 0.462 / 0.883 | Sep: ❌
[DEBUG] Rope A is on top of rope B
DEBUG: [Phase -1] Picked from Cat 1 (Ideal), closest to sweet spot.
DEBUG: [Phase -1] Locking target: Rope 0, Node 1 | Dist to Center: 0.163m | 净空: 0.026m
  [ep 0/1, attempt 1] step 301/2000  terminated=False  truncated=False
[Ep 2/5 | Step  301] Phase: -1 | Cross: 1.0 | MeanDist: 0.110m | Straight A/B: 0.462 / 0.883 | Sep: ❌
[DEBUG] Rope A is on top of rope B
DEBUG: [Phase -1] Picked from Cat 1 (Ideal), closest to sweet spot.
DEBUG: [Phase -1] Locking target: Rope 0, Node 1 | Dist to Center: 0.163m | 净空: 0.026m
[Ep 2/5 | Step  302] Phase: 0  | Cross: 1.0 | MeanDist: 0.110m | Straight A/B: 0.462 / 0.883 | Sep: ❌
[Ep 2/5 | Step  303] Phase: 0  | Cross: 1.0 | MeanDist: 0.110m | Straight A/B: 0.462 / 0.883 | Sep: ❌
[Ep 2/5 | Step  304] Phase: 0  | Cross: 1.0 | MeanDist: 0.110m | Straight A/B: 0.462 / 0.883 | Sep: ❌
[Ep 2/5 | Step  305] Phase: 0  | Cross: 1.0 | MeanDist: 0.110m | Straight A/B: 0.462 / 0.883 | Sep: ❌
[Ep 2/5 | Step  306] Phase: 0  | Cross: 1.0 | MeanDist: 0.110m | Straight A/B: 0.462 / 0.883 | Sep: ❌
[Ep 2/5 | Step  307] Phase: 0  | Cross: 1.0 | MeanDist: 0.110m | Straight A/B: 0.461 / 0.883 | Sep: ❌
[Ep 2/5 | Step  308] Phase: 0  | Cross: 1.0 | MeanDist: 0.110m | Straight A/B: 0.461 / 0.883 | Sep: ❌
[Ep 2/5 | Step  309] Phase: 0  | Cross: 1.0 | MeanDist: 0.110m | Straight A/B: 0.461 / 0.883 | Sep: ❌
[Ep 2/5 | Step  310] Phase: 0  | Cross: 1.0 | MeanDist: 0.110m | Straight A/B: 0.461 / 0.883 | Sep: ❌
[Ep 2/5 | Step  311] Phase: 0  | Cross: 1.0 | MeanDist: 0.110m | Straight A/B: 0.461 / 0.883 | Sep: ❌
[Ep 2/5 | Step  312] Phase: 0  | Cross: 1.0 | MeanDist: 0.110m | Straight A/B: 0.461 / 0.883 | Sep: ❌
[Ep 2/5 | Step  313] Phase: 0  | Cross: 1.0 | MeanDist: 0.110m | Straight A/B: 0.461 / 0.883 | Sep: ❌
[Ep 2/5 | Step  314] Phase: 0  | Cross: 1.0 | MeanDist: 0.110m | Straight A/B: 0.460 / 0.883 | Sep: ❌
[Ep 2/5 | Step  315] Phase: 0  | Cross: 1.0 | MeanDist: 0.110m | Straight A/B: 0.460 / 0.883 | Sep: ❌
[Ep 2/5 | Step  316] Phase: 0  | Cross: 1.0 | MeanDist: 0.110m | Straight A/B: 0.460 / 0.883 | Sep: ❌
[Ep 2/5 | Step  317] Phase: 0  | Cross: 1.0 | MeanDist: 0.110m | Straight A/B: 0.460 / 0.883 | Sep: ❌
[Ep 2/5 | Step  318] Phase: 0  | Cross: 1.0 | MeanDist: 0.110m | Straight A/B: 0.460 / 0.883 | Sep: ❌
[Ep 2/5 | Step  319] Phase: 0  | Cross: 1.0 | MeanDist: 0.110m | Straight A/B: 0.460 / 0.883 | Sep: ❌
[Ep 2/5 | Step  320] Phase: 0  | Cross: 1.0 | MeanDist: 0.110m | Straight A/B: 0.459 / 0.883 | Sep: ❌
[Ep 2/5 | Step  321] Phase: 0  | Cross: 1.0 | MeanDist: 0.110m | Straight A/B: 0.459 / 0.883 | Sep: ❌
[Ep 2/5 | Step  322] Phase: 0  | Cross: 1.0 | MeanDist: 0.110m | Straight A/B: 0.459 / 0.883 | Sep: ❌
[Ep 2/5 | Step  323] Phase: 0  | Cross: 1.0 | MeanDist: 0.110m | Straight A/B: 0.432 / 0.883 | Sep: ❌
[Ep 2/5 | Step  324] Phase: 0  | Cross: 1.0 | MeanDist: 0.110m | Straight A/B: 0.432 / 0.883 | Sep: ❌
[Ep 2/5 | Step  325] Phase: 0  | Cross: 1.0 | MeanDist: 0.110m | Straight A/B: 0.432 / 0.884 | Sep: ❌
[Ep 2/5 | Step  326] Phase: 0  | Cross: 1.0 | MeanDist: 0.110m | Straight A/B: 0.432 / 0.884 | Sep: ❌
[Ep 2/5 | Step  327] Phase: 0  | Cross: 1.0 | MeanDist: 0.110m | Straight A/B: 0.432 / 0.884 | Sep: ❌
[Ep 2/5 | Step  328] Phase: 0  | Cross: 1.0 | MeanDist: 0.110m | Straight A/B: 0.432 / 0.884 | Sep: ❌
[Ep 2/5 | Step  329] Phase: 0  | Cross: 1.0 | MeanDist: 0.109m | Straight A/B: 0.432 / 0.884 | Sep: ❌
[Ep 2/5 | Step  330] Phase: 0  | Cross: 1.0 | MeanDist: 0.109m | Straight A/B: 0.432 / 0.884 | Sep: ❌
[Ep 2/5 | Step  331] Phase: 0  | Cross: 1.0 | MeanDist: 0.109m | Straight A/B: 0.432 / 0.884 | Sep: ❌
[Ep 2/5 | Step  332] Phase: 0  | Cross: 1.0 | MeanDist: 0.109m | Straight A/B: 0.432 / 0.884 | Sep: ❌
[Ep 2/5 | Step  333] Phase: 0  | Cross: 1.0 | MeanDist: 0.109m | Straight A/B: 0.432 / 0.884 | Sep: ❌
[Ep 2/5 | Step  334] Phase: 0  | Cross: 1.0 | MeanDist: 0.109m | Straight A/B: 0.432 / 0.884 | Sep: ❌
[Ep 2/5 | Step  335] Phase: 0  | Cross: 1.0 | MeanDist: 0.109m | Straight A/B: 0.432 / 0.884 | Sep: ❌
[Ep 2/5 | Step  336] Phase: 0  | Cross: 1.0 | MeanDist: 0.109m | Straight A/B: 0.432 / 0.884 | Sep: ❌
[Ep 2/5 | Step  337] Phase: 0  | Cross: 1.0 | MeanDist: 0.109m | Straight A/B: 0.432 / 0.884 | Sep: ❌
[Ep 2/5 | Step  338] Phase: 0  | Cross: 1.0 | MeanDist: 0.109m | Straight A/B: 0.432 / 0.884 | Sep: ❌
[Ep 2/5 | Step  339] Phase: 0  | Cross: 1.0 | MeanDist: 0.109m | Straight A/B: 0.432 / 0.884 | Sep: ❌
[Ep 2/5 | Step  340] Phase: 0  | Cross: 1.0 | MeanDist: 0.109m | Straight A/B: 0.432 / 0.884 | Sep: ❌
[Ep 2/5 | Step  341] Phase: 0  | Cross: 1.0 | MeanDist: 0.109m | Straight A/B: 0.432 / 0.884 | Sep: ❌
[Ep 2/5 | Step  342] Phase: 0  | Cross: 1.0 | MeanDist: 0.109m | Straight A/B: 0.432 / 0.884 | Sep: ❌
[Ep 2/5 | Step  343] Phase: 0  | Cross: 1.0 | MeanDist: 0.109m | Straight A/B: 0.432 / 0.884 | Sep: ❌
[Ep 2/5 | Step  344] Phase: 0  | Cross: 1.0 | MeanDist: 0.109m | Straight A/B: 0.432 / 0.885 | Sep: ❌
[Ep 2/5 | Step  345] Phase: 0  | Cross: 1.0 | MeanDist: 0.109m | Straight A/B: 0.432 / 0.885 | Sep: ❌
[Ep 2/5 | Step  346] Phase: 0  | Cross: 1.0 | MeanDist: 0.109m | Straight A/B: 0.432 / 0.885 | Sep: ❌
[Ep 2/5 | Step  347] Phase: 0  | Cross: 1.0 | MeanDist: 0.109m | Straight A/B: 0.432 / 0.885 | Sep: ❌
[Ep 2/5 | Step  348] Phase: 0  | Cross: 1.0 | MeanDist: 0.109m | Straight A/B: 0.432 / 0.885 | Sep: ❌
[Ep 2/5 | Step  349] Phase: 0  | Cross: 1.0 | MeanDist: 0.109m | Straight A/B: 0.432 / 0.885 | Sep: ❌
[Ep 2/5 | Step  350] Phase: 0  | Cross: 1.0 | MeanDist: 0.109m | Straight A/B: 0.432 / 0.885 | Sep: ❌
[Ep 2/5 | Step  351] Phase: 0  | Cross: 1.0 | MeanDist: 0.109m | Straight A/B: 0.432 / 0.885 | Sep: ❌
[Ep 2/5 | Step  352] Phase: 0  | Cross: 1.0 | MeanDist: 0.109m | Straight A/B: 0.432 / 0.885 | Sep: ❌
[Ep 2/5 | Step  353] Phase: 0  | Cross: 1.0 | MeanDist: 0.109m | Straight A/B: 0.432 / 0.885 | Sep: ❌
[Ep 2/5 | Step  354] Phase: 0  | Cross: 1.0 | MeanDist: 0.109m | Straight A/B: 0.432 / 0.885 | Sep: ❌
[Ep 2/5 | Step  355] Phase: 0  | Cross: 1.0 | MeanDist: 0.109m | Straight A/B: 0.432 / 0.885 | Sep: ❌
[Ep 2/5 | Step  356] Phase: 0  | Cross: 1.0 | MeanDist: 0.109m | Straight A/B: 0.432 / 0.885 | Sep: ❌
[Ep 2/5 | Step  357] Phase: 0  | Cross: 1.0 | MeanDist: 0.109m | Straight A/B: 0.432 / 0.885 | Sep: ❌
[Ep 2/5 | Step  358] Phase: 0  | Cross: 1.0 | MeanDist: 0.109m | Straight A/B: 0.432 / 0.885 | Sep: ❌
[Ep 2/5 | Step  359] Phase: 0  | Cross: 1.0 | MeanDist: 0.109m | Straight A/B: 0.432 / 0.885 | Sep: ❌
[Ep 2/5 | Step  360] Phase: 0  | Cross: 1.0 | MeanDist: 0.109m | Straight A/B: 0.432 / 0.886 | Sep: ❌
[Ep 2/5 | Step  361] Phase: 0  | Cross: 1.0 | MeanDist: 0.109m | Straight A/B: 0.432 / 0.886 | Sep: ❌
[Ep 2/5 | Step  362] Phase: 0  | Cross: 1.0 | MeanDist: 0.109m | Straight A/B: 0.432 / 0.886 | Sep: ❌
[Ep 2/5 | Step  363] Phase: 0  | Cross: 1.0 | MeanDist: 0.109m | Straight A/B: 0.432 / 0.886 | Sep: ❌
[Ep 2/5 | Step  364] Phase: 0  | Cross: 1.0 | MeanDist: 0.109m | Straight A/B: 0.432 / 0.886 | Sep: ❌
[Ep 2/5 | Step  365] Phase: 0  | Cross: 1.0 | MeanDist: 0.109m | Straight A/B: 0.432 / 0.886 | Sep: ❌
[Ep 2/5 | Step  366] Phase: 0  | Cross: 1.0 | MeanDist: 0.109m | Straight A/B: 0.432 / 0.886 | Sep: ❌
[Ep 2/5 | Step  367] Phase: 0  | Cross: 1.0 | MeanDist: 0.109m | Straight A/B: 0.432 / 0.886 | Sep: ❌
[Ep 2/5 | Step  368] Phase: 0  | Cross: 1.0 | MeanDist: 0.109m | Straight A/B: 0.432 / 0.886 | Sep: ❌
[Ep 2/5 | Step  369] Phase: 0  | Cross: 1.0 | MeanDist: 0.109m | Straight A/B: 0.432 / 0.886 | Sep: ❌
[Ep 2/5 | Step  370] Phase: 0  | Cross: 1.0 | MeanDist: 0.109m | Straight A/B: 0.431 / 0.886 | Sep: ❌
[Ep 2/5 | Step  371] Phase: 0  | Cross: 1.0 | MeanDist: 0.109m | Straight A/B: 0.431 / 0.886 | Sep: ❌
[Ep 2/5 | Step  372] Phase: 0  | Cross: 1.0 | MeanDist: 0.109m | Straight A/B: 0.431 / 0.886 | Sep: ❌
[Ep 2/5 | Step  373] Phase: 0  | Cross: 1.0 | MeanDist: 0.109m | Straight A/B: 0.431 / 0.887 | Sep: ❌
[Ep 2/5 | Step  374] Phase: 0  | Cross: 1.0 | MeanDist: 0.109m | Straight A/B: 0.431 / 0.887 | Sep: ❌
[Ep 2/5 | Step  375] Phase: 0  | Cross: 1.0 | MeanDist: 0.109m | Straight A/B: 0.431 / 0.887 | Sep: ❌
[Ep 2/5 | Step  376] Phase: 0  | Cross: 1.0 | MeanDist: 0.109m | Straight A/B: 0.431 / 0.887 | Sep: ❌
[Ep 2/5 | Step  377] Phase: 0  | Cross: 1.0 | MeanDist: 0.109m | Straight A/B: 0.431 / 0.887 | Sep: ❌
[Ep 2/5 | Step  378] Phase: 0  | Cross: 1.0 | MeanDist: 0.109m | Straight A/B: 0.431 / 0.887 | Sep: ❌
[Ep 2/5 | Step  379] Phase: 0  | Cross: 1.0 | MeanDist: 0.109m | Straight A/B: 0.431 / 0.887 | Sep: ❌
[Ep 2/5 | Step  380] Phase: 0  | Cross: 1.0 | MeanDist: 0.108m | Straight A/B: 0.431 / 0.887 | Sep: ❌
[Ep 2/5 | Step  381] Phase: 0  | Cross: 1.0 | MeanDist: 0.108m | Straight A/B: 0.431 / 0.887 | Sep: ❌
[Ep 2/5 | Step  382] Phase: 0  | Cross: 1.0 | MeanDist: 0.108m | Straight A/B: 0.431 / 0.887 | Sep: ❌
[Ep 2/5 | Step  383] Phase: 0  | Cross: 1.0 | MeanDist: 0.108m | Straight A/B: 0.431 / 0.887 | Sep: ❌
[Ep 2/5 | Step  384] Phase: 0  | Cross: 1.0 | MeanDist: 0.108m | Straight A/B: 0.431 / 0.887 | Sep: ❌
[Ep 2/5 | Step  385] Phase: 0  | Cross: 1.0 | MeanDist: 0.108m | Straight A/B: 0.431 / 0.887 | Sep: ❌
[Ep 2/5 | Step  386] Phase: 0  | Cross: 1.0 | MeanDist: 0.108m | Straight A/B: 0.431 / 0.887 | Sep: ❌
[Ep 2/5 | Step  387] Phase: 0  | Cross: 1.0 | MeanDist: 0.108m | Straight A/B: 0.431 / 0.887 | Sep: ❌
[Ep 2/5 | Step  388] Phase: 0  | Cross: 1.0 | MeanDist: 0.108m | Straight A/B: 0.431 / 0.887 | Sep: ❌
[Ep 2/5 | Step  389] Phase: 0  | Cross: 1.0 | MeanDist: 0.108m | Straight A/B: 0.431 / 0.888 | Sep: ❌
[Ep 2/5 | Step  390] Phase: 0  | Cross: 1.0 | MeanDist: 0.108m | Straight A/B: 0.431 / 0.888 | Sep: ❌
[Ep 2/5 | Step  391] Phase: 0  | Cross: 1.0 | MeanDist: 0.108m | Straight A/B: 0.431 / 0.888 | Sep: ❌
[Ep 2/5 | Step  392] Phase: 0  | Cross: 1.0 | MeanDist: 0.108m | Straight A/B: 0.431 / 0.888 | Sep: ❌
DEBUG: aligned. Error: 0.038. Moving to Phase 1.
[Ep 2/5 | Step  393] Phase: 1  | Cross: 1.0 | MeanDist: 0.108m | Straight A/B: 0.431 / 0.888 | Sep: ❌
[Ep 2/5 | Step  394] Phase: 1  | Cross: 1.0 | MeanDist: 0.108m | Straight A/B: 0.431 / 0.888 | Sep: ❌
[Ep 2/5 | Step  395] Phase: 1  | Cross: 1.0 | MeanDist: 0.108m | Straight A/B: 0.431 / 0.888 | Sep: ❌
[Ep 2/5 | Step  396] Phase: 1  | Cross: 1.0 | MeanDist: 0.108m | Straight A/B: 0.430 / 0.888 | Sep: ❌
[Ep 2/5 | Step  397] Phase: 1  | Cross: 1.0 | MeanDist: 0.108m | Straight A/B: 0.430 / 0.888 | Sep: ❌
[Ep 2/5 | Step  398] Phase: 1  | Cross: 1.0 | MeanDist: 0.108m | Straight A/B: 0.430 / 0.888 | Sep: ❌
[Ep 2/5 | Step  399] Phase: 1  | Cross: 1.0 | MeanDist: 0.108m | Straight A/B: 0.430 / 0.888 | Sep: ❌
[Ep 2/5 | Step  400] Phase: 1  | Cross: 1.0 | MeanDist: 0.108m | Straight A/B: 0.430 / 0.888 | Sep: ❌
  [ep 0/1, attempt 1] step 401/2000  terminated=False  truncated=False
[Ep 2/5 | Step  401] Phase: 1  | Cross: 1.0 | MeanDist: 0.108m | Straight A/B: 0.430 / 0.888 | Sep: ❌
[Ep 2/5 | Step  402] Phase: 1  | Cross: 1.0 | MeanDist: 0.108m | Straight A/B: 0.430 / 0.888 | Sep: ❌
[Ep 2/5 | Step  403] Phase: 1  | Cross: 1.0 | MeanDist: 0.108m | Straight A/B: 0.430 / 0.888 | Sep: ❌
[Ep 2/5 | Step  404] Phase: 1  | Cross: 1.0 | MeanDist: 0.108m | Straight A/B: 0.430 / 0.888 | Sep: ❌
[Ep 2/5 | Step  405] Phase: 1  | Cross: 1.0 | MeanDist: 0.108m | Straight A/B: 0.430 / 0.888 | Sep: ❌
[Ep 2/5 | Step  406] Phase: 1  | Cross: 1.0 | MeanDist: 0.108m | Straight A/B: 0.430 / 0.888 | Sep: ❌
[Ep 2/5 | Step  407] Phase: 1  | Cross: 1.0 | MeanDist: 0.108m | Straight A/B: 0.430 / 0.888 | Sep: ❌
[Ep 2/5 | Step  408] Phase: 1  | Cross: 1.0 | MeanDist: 0.108m | Straight A/B: 0.430 / 0.888 | Sep: ❌
[Ep 2/5 | Step  409] Phase: 1  | Cross: 1.0 | MeanDist: 0.108m | Straight A/B: 0.430 / 0.888 | Sep: ❌
[Ep 2/5 | Step  410] Phase: 1  | Cross: 1.0 | MeanDist: 0.108m | Straight A/B: 0.430 / 0.888 | Sep: ❌
[Ep 2/5 | Step  411] Phase: 1  | Cross: 1.0 | MeanDist: 0.108m | Straight A/B: 0.430 / 0.888 | Sep: ❌
[Ep 2/5 | Step  412] Phase: 2  | Cross: 1.0 | MeanDist: 0.108m | Straight A/B: 0.430 / 0.888 | Sep: ❌
[Ep 2/5 | Step  413] Phase: 2  | Cross: 1.0 | MeanDist: 0.108m | Straight A/B: 0.430 / 0.888 | Sep: ❌
[Ep 2/5 | Step  414] Phase: 2  | Cross: 1.0 | MeanDist: 0.108m | Straight A/B: 0.430 / 0.888 | Sep: ❌
[Ep 2/5 | Step  415] Phase: 2  | Cross: 1.0 | MeanDist: 0.108m | Straight A/B: 0.430 / 0.888 | Sep: ❌
[Ep 2/5 | Step  416] Phase: 2  | Cross: 1.0 | MeanDist: 0.108m | Straight A/B: 0.430 / 0.888 | Sep: ❌
[Ep 2/5 | Step  417] Phase: 2  | Cross: 1.0 | MeanDist: 0.108m | Straight A/B: 0.430 / 0.888 | Sep: ❌
[Ep 2/5 | Step  418] Phase: 2  | Cross: 1.0 | MeanDist: 0.108m | Straight A/B: 0.430 / 0.888 | Sep: ❌
[Ep 2/5 | Step  419] Phase: 2  | Cross: 1.0 | MeanDist: 0.108m | Straight A/B: 0.430 / 0.888 | Sep: ❌
[Ep 2/5 | Step  420] Phase: 2  | Cross: 1.0 | MeanDist: 0.108m | Straight A/B: 0.430 / 0.888 | Sep: ❌
[Ep 2/5 | Step  421] Phase: 2  | Cross: 1.0 | MeanDist: 0.108m | Straight A/B: 0.430 / 0.888 | Sep: ❌
[Ep 2/5 | Step  422] Phase: 2  | Cross: 1.0 | MeanDist: 0.108m | Straight A/B: 0.430 / 0.888 | Sep: ❌
[Ep 2/5 | Step  423] Phase: 2  | Cross: 1.0 | MeanDist: 0.108m | Straight A/B: 0.430 / 0.888 | Sep: ❌
[Ep 2/5 | Step  424] Phase: 2  | Cross: 1.0 | MeanDist: 0.108m | Straight A/B: 0.430 / 0.888 | Sep: ❌
[Ep 2/5 | Step  425] Phase: 2  | Cross: 1.0 | MeanDist: 0.108m | Straight A/B: 0.430 / 0.888 | Sep: ❌
[Ep 2/5 | Step  426] Phase: 2  | Cross: 1.0 | MeanDist: 0.108m | Straight A/B: 0.430 / 0.888 | Sep: ❌
[Ep 2/5 | Step  427] Phase: 2  | Cross: 1.0 | MeanDist: 0.108m | Straight A/B: 0.430 / 0.888 | Sep: ❌
[Ep 2/5 | Step  428] Phase: 2  | Cross: 1.0 | MeanDist: 0.108m | Straight A/B: 0.430 / 0.888 | Sep: ❌
[Ep 2/5 | Step  429] Phase: 2  | Cross: 1.0 | MeanDist: 0.108m | Straight A/B: 0.430 / 0.888 | Sep: ❌
[Ep 2/5 | Step  430] Phase: 2  | Cross: 1.0 | MeanDist: 0.108m | Straight A/B: 0.430 / 0.888 | Sep: ❌
[Ep 2/5 | Step  431] Phase: 2  | Cross: 1.0 | MeanDist: 0.108m | Straight A/B: 0.430 / 0.888 | Sep: ❌
[Ep 2/5 | Step  432] Phase: 2  | Cross: 1.0 | MeanDist: 0.108m | Straight A/B: 0.430 / 0.888 | Sep: ❌
[Ep 2/5 | Step  433] Phase: 2  | Cross: 1.0 | MeanDist: 0.108m | Straight A/B: 0.430 / 0.888 | Sep: ❌
[Ep 2/5 | Step  434] Phase: 2  | Cross: 1.0 | MeanDist: 0.108m | Straight A/B: 0.430 / 0.888 | Sep: ❌
[Ep 2/5 | Step  435] Phase: 2  | Cross: 1.0 | MeanDist: 0.108m | Straight A/B: 0.430 / 0.888 | Sep: ❌
[Ep 2/5 | Step  436] Phase: 2  | Cross: 1.0 | MeanDist: 0.108m | Straight A/B: 0.430 / 0.888 | Sep: ❌
[Ep 2/5 | Step  437] Phase: 2  | Cross: 1.0 | MeanDist: 0.108m | Straight A/B: 0.430 / 0.888 | Sep: ❌
[Ep 2/5 | Step  438] Phase: 2  | Cross: 1.0 | MeanDist: 0.108m | Straight A/B: 0.430 / 0.888 | Sep: ❌
[Ep 2/5 | Step  439] Phase: 2  | Cross: 1.0 | MeanDist: 0.108m | Straight A/B: 0.430 / 0.888 | Sep: ❌
[Ep 2/5 | Step  440] Phase: 2  | Cross: 1.0 | MeanDist: 0.108m | Straight A/B: 0.430 / 0.888 | Sep: ❌
[Ep 2/5 | Step  441] Phase: 2  | Cross: 1.0 | MeanDist: 0.108m | Straight A/B: 0.430 / 0.888 | Sep: ❌
[Ep 2/5 | Step  442] Phase: 2  | Cross: 1.0 | MeanDist: 0.108m | Straight A/B: 0.430 / 0.888 | Sep: ❌
[Ep 2/5 | Step  443] Phase: 2  | Cross: 1.0 | MeanDist: 0.108m | Straight A/B: 0.430 / 0.888 | Sep: ❌
[Ep 2/5 | Step  444] Phase: 2  | Cross: 1.0 | MeanDist: 0.108m | Straight A/B: 0.430 / 0.888 | Sep: ❌
[Ep 2/5 | Step  445] Phase: 2  | Cross: 1.0 | MeanDist: 0.108m | Straight A/B: 0.430 / 0.888 | Sep: ❌
[Ep 2/5 | Step  446] Phase: 2  | Cross: 1.0 | MeanDist: 0.108m | Straight A/B: 0.430 / 0.889 | Sep: ❌
[Ep 2/5 | Step  447] Phase: 2  | Cross: 1.0 | MeanDist: 0.108m | Straight A/B: 0.430 / 0.889 | Sep: ❌
[Ep 2/5 | Step  448] Phase: 2  | Cross: 1.0 | MeanDist: 0.108m | Straight A/B: 0.430 / 0.889 | Sep: ❌
[Ep 2/5 | Step  449] Phase: 2  | Cross: 1.0 | MeanDist: 0.108m | Straight A/B: 0.430 / 0.889 | Sep: ❌
[Ep 2/5 | Step  450] Phase: 2  | Cross: 1.0 | MeanDist: 0.108m | Straight A/B: 0.430 / 0.889 | Sep: ❌
[Ep 2/5 | Step  451] Phase: 2  | Cross: 1.0 | MeanDist: 0.109m | Straight A/B: 0.430 / 0.889 | Sep: ❌
[Ep 2/5 | Step  452] Phase: 3  | Cross: 1.0 | MeanDist: 0.109m | Straight A/B: 0.430 / 0.888 | Sep: ❌
[Ep 2/5 | Step  453] Phase: 3  | Cross: 1.0 | MeanDist: 0.109m | Straight A/B: 0.430 / 0.888 | Sep: ❌
[Ep 2/5 | Step  454] Phase: 3  | Cross: 1.0 | MeanDist: 0.109m | Straight A/B: 0.430 / 0.888 | Sep: ❌
[Ep 2/5 | Step  455] Phase: 3  | Cross: 1.0 | MeanDist: 0.112m | Straight A/B: 0.402 / 0.888 | Sep: ❌
[Ep 2/5 | Step  456] Phase: 3  | Cross: 1.0 | MeanDist: 0.114m | Straight A/B: 0.414 / 0.888 | Sep: ❌
[Ep 2/5 | Step  457] Phase: 3  | Cross: 1.0 | MeanDist: 0.114m | Straight A/B: 0.419 / 0.888 | Sep: ❌
[Ep 2/5 | Step  458] Phase: 3  | Cross: 1.0 | MeanDist: 0.115m | Straight A/B: 0.393 / 0.888 | Sep: ❌
[Ep 2/5 | Step  459] Phase: 3  | Cross: 1.0 | MeanDist: 0.115m | Straight A/B: 0.393 / 0.888 | Sep: ❌
[Ep 2/5 | Step  460] Phase: 3  | Cross: 1.0 | MeanDist: 0.114m | Straight A/B: 0.392 / 0.888 | Sep: ❌
[Ep 2/5 | Step  461] Phase: 3  | Cross: 1.0 | MeanDist: 0.114m | Straight A/B: 0.392 / 0.888 | Sep: ❌
[Ep 2/5 | Step  462] Phase: 3  | Cross: 1.0 | MeanDist: 0.113m | Straight A/B: 0.396 / 0.887 | Sep: ❌
[Ep 2/5 | Step  463] Phase: 3  | Cross: 1.0 | MeanDist: 0.113m | Straight A/B: 0.401 / 0.887 | Sep: ❌
[Ep 2/5 | Step  464] Phase: 3  | Cross: 1.0 | MeanDist: 0.112m | Straight A/B: 0.406 / 0.886 | Sep: ❌
[Ep 2/5 | Step  465] Phase: 3  | Cross: 1.0 | MeanDist: 0.112m | Straight A/B: 0.410 / 0.886 | Sep: ❌
[Ep 2/5 | Step  466] Phase: 3  | Cross: 1.0 | MeanDist: 0.111m | Straight A/B: 0.413 / 0.886 | Sep: ❌
[Ep 2/5 | Step  467] Phase: 3  | Cross: 1.0 | MeanDist: 0.111m | Straight A/B: 0.416 / 0.886 | Sep: ❌
[Ep 2/5 | Step  468] Phase: 3  | Cross: 1.0 | MeanDist: 0.111m | Straight A/B: 0.418 / 0.886 | Sep: ❌
[Ep 2/5 | Step  469] Phase: 3  | Cross: 1.0 | MeanDist: 0.111m | Straight A/B: 0.421 / 0.886 | Sep: ❌
[Ep 2/5 | Step  470] Phase: 3  | Cross: 1.0 | MeanDist: 0.111m | Straight A/B: 0.423 / 0.886 | Sep: ❌
[Ep 2/5 | Step  471] Phase: 3  | Cross: 1.0 | MeanDist: 0.111m | Straight A/B: 0.425 / 0.886 | Sep: ❌
[Ep 2/5 | Step  472] Phase: 3  | Cross: 1.0 | MeanDist: 0.111m | Straight A/B: 0.426 / 0.885 | Sep: ❌
[Ep 2/5 | Step  473] Phase: 4  | Cross: 1.0 | MeanDist: 0.111m | Straight A/B: 0.427 / 0.885 | Sep: ❌
[Ep 2/5 | Step  474] Phase: 4  | Cross: 1.0 | MeanDist: 0.110m | Straight A/B: 0.430 / 0.885 | Sep: ❌
[Ep 2/5 | Step  475] Phase: 4  | Cross: 1.0 | MeanDist: 0.110m | Straight A/B: 0.433 / 0.884 | Sep: ❌
[Ep 2/5 | Step  476] Phase: 4  | Cross: 1.0 | MeanDist: 0.110m | Straight A/B: 0.437 / 0.883 | Sep: ❌
[Ep 2/5 | Step  477] Phase: 4  | Cross: 1.0 | MeanDist: 0.109m | Straight A/B: 0.438 / 0.882 | Sep: ❌
[Ep 2/5 | Step  478] Phase: 4  | Cross: 1.0 | MeanDist: 0.109m | Straight A/B: 0.438 / 0.880 | Sep: ❌
[Ep 2/5 | Step  479] Phase: 4  | Cross: 1.0 | MeanDist: 0.108m | Straight A/B: 0.528 / 0.877 | Sep: ❌
[Ep 2/5 | Step  480] Phase: 4  | Cross: 1.0 | MeanDist: 0.108m | Straight A/B: 0.527 / 0.875 | Sep: ❌
[Ep 2/5 | Step  481] Phase: 4  | Cross: 1.0 | MeanDist: 0.107m | Straight A/B: 0.525 / 0.872 | Sep: ❌
[Ep 2/5 | Step  482] Phase: 4  | Cross: 1.0 | MeanDist: 0.106m | Straight A/B: 0.524 / 0.868 | Sep: ❌
[Ep 2/5 | Step  483] Phase: 4  | Cross: 1.0 | MeanDist: 0.106m | Straight A/B: 0.552 / 0.865 | Sep: ❌
[Ep 2/5 | Step  484] Phase: 4  | Cross: 1.0 | MeanDist: 0.105m | Straight A/B: 0.547 / 0.861 | Sep: ❌
[Ep 2/5 | Step  485] Phase: 4  | Cross: 1.0 | MeanDist: 0.104m | Straight A/B: 0.542 / 0.856 | Sep: ❌
[Ep 2/5 | Step  486] Phase: 4  | Cross: 1.0 | MeanDist: 0.104m | Straight A/B: 0.537 / 0.852 | Sep: ❌
[Ep 2/5 | Step  487] Phase: 4  | Cross: 1.0 | MeanDist: 0.103m | Straight A/B: 0.531 / 0.847 | Sep: ❌
[Ep 2/5 | Step  488] Phase: 4  | Cross: 1.0 | MeanDist: 0.103m | Straight A/B: 0.525 / 0.841 | Sep: ❌
[Ep 2/5 | Step  489] Phase: 4  | Cross: 1.0 | MeanDist: 0.102m | Straight A/B: 0.518 / 0.835 | Sep: ❌
[Ep 2/5 | Step  490] Phase: 4  | Cross: 1.0 | MeanDist: 0.101m | Straight A/B: 0.509 / 0.830 | Sep: ❌
[Ep 2/5 | Step  491] Phase: 4  | Cross: 1.0 | MeanDist: 0.100m | Straight A/B: 0.364 / 0.824 | Sep: ❌
[Ep 2/5 | Step  492] Phase: 4  | Cross: 1.0 | MeanDist: 0.099m | Straight A/B: 0.356 / 0.818 | Sep: ❌
[Ep 2/5 | Step  493] Phase: 4  | Cross: 1.0 | MeanDist: 0.098m | Straight A/B: 0.317 / 0.813 | Sep: ❌
[Ep 2/5 | Step  494] Phase: 4  | Cross: 1.0 | MeanDist: 0.097m | Straight A/B: 0.309 / 0.808 | Sep: ❌
[Ep 2/5 | Step  495] Phase: 4  | Cross: 1.0 | MeanDist: 0.095m | Straight A/B: 0.303 / 0.803 | Sep: ❌
[Ep 2/5 | Step  496] Phase: 4  | Cross: 1.0 | MeanDist: 0.095m | Straight A/B: 0.252 / 0.797 | Sep: ❌
[Ep 2/5 | Step  497] Phase: 4  | Cross: 1.0 | MeanDist: 0.095m | Straight A/B: 0.265 / 0.793 | Sep: ❌
[Ep 2/5 | Step  498] Phase: 4  | Cross: 1.0 | MeanDist: 0.094m | Straight A/B: 0.176 / 0.795 | Sep: ❌
[Ep 2/5 | Step  499] Phase: 4  | Cross: 1.0 | MeanDist: 0.094m | Straight A/B: 0.174 / 0.797 | Sep: ❌
[Ep 2/5 | Step  500] Phase: 4  | Cross: 1.0 | MeanDist: 0.093m | Straight A/B: 0.173 / 0.799 | Sep: ❌
  [ep 0/1, attempt 1] step 501/2000  terminated=False  truncated=False
[Ep 2/5 | Step  501] Phase: 4  | Cross: 1.0 | MeanDist: 0.093m | Straight A/B: 0.172 / 0.801 | Sep: ❌
[Ep 2/5 | Step  502] Phase: 4  | Cross: 1.0 | MeanDist: 0.092m | Straight A/B: 0.136 / 0.803 | Sep: ❌
[Ep 2/5 | Step  503] Phase: 4  | Cross: 1.0 | MeanDist: 0.092m | Straight A/B: 0.136 / 0.805 | Sep: ❌
[Ep 2/5 | Step  504] Phase: 4  | Cross: 1.0 | MeanDist: 0.091m | Straight A/B: 0.135 / 0.806 | Sep: ❌
[Ep 2/5 | Step  505] Phase: 4  | Cross: 1.0 | MeanDist: 0.091m | Straight A/B: 0.134 / 0.808 | Sep: ❌
[Ep 2/5 | Step  506] Phase: 4  | Cross: 1.0 | MeanDist: 0.090m | Straight A/B: 0.134 / 0.810 | Sep: ❌
[Ep 2/5 | Step  507] Phase: 4  | Cross: 1.0 | MeanDist: 0.090m | Straight A/B: 0.133 / 0.812 | Sep: ❌
[Ep 2/5 | Step  508] Phase: 4  | Cross: 1.0 | MeanDist: 0.090m | Straight A/B: 0.133 / 0.813 | Sep: ❌
[Ep 2/5 | Step  509] Phase: 4  | Cross: 1.0 | MeanDist: 0.089m | Straight A/B: 0.132 / 0.814 | Sep: ❌
[Ep 2/5 | Step  510] Phase: 4  | Cross: 1.0 | MeanDist: 0.089m | Straight A/B: 0.132 / 0.816 | Sep: ❌
[Ep 2/5 | Step  511] Phase: 4  | Cross: 1.0 | MeanDist: 0.089m | Straight A/B: 0.146 / 0.817 | Sep: ❌
[Ep 2/5 | Step  512] Phase: 4  | Cross: 1.0 | MeanDist: 0.088m | Straight A/B: 0.178 / 0.818 | Sep: ❌
[Ep 2/5 | Step  513] Phase: 4  | Cross: 1.0 | MeanDist: 0.088m | Straight A/B: 0.178 / 0.820 | Sep: ❌
[Ep 2/5 | Step  514] Phase: 4  | Cross: 1.0 | MeanDist: 0.088m | Straight A/B: 0.166 / 0.821 | Sep: ❌
[Ep 2/5 | Step  515] Phase: 4  | Cross: 1.0 | MeanDist: 0.088m | Straight A/B: 0.165 / 0.822 | Sep: ❌
[Ep 2/5 | Step  516] Phase: 4  | Cross: 1.0 | MeanDist: 0.088m | Straight A/B: 0.164 / 0.823 | Sep: ❌
[Ep 2/5 | Step  517] Phase: 4  | Cross: 1.0 | MeanDist: 0.088m | Straight A/B: 0.164 / 0.824 | Sep: ❌
[Ep 2/5 | Step  518] Phase: 4  | Cross: 1.0 | MeanDist: 0.087m | Straight A/B: 0.114 / 0.825 | Sep: ❌
[Ep 2/5 | Step  519] Phase: 4  | Cross: 1.0 | MeanDist: 0.087m | Straight A/B: 0.113 / 0.826 | Sep: ❌
[Ep 2/5 | Step  520] Phase: 4  | Cross: 1.0 | MeanDist: 0.087m | Straight A/B: 0.113 / 0.827 | Sep: ❌
[Ep 2/5 | Step  521] Phase: 4  | Cross: 1.0 | MeanDist: 0.087m | Straight A/B: 0.113 / 0.827 | Sep: ❌
[Ep 2/5 | Step  522] Phase: 4  | Cross: 1.0 | MeanDist: 0.087m | Straight A/B: 0.112 / 0.827 | Sep: ❌
[Ep 2/5 | Step  523] Phase: 4  | Cross: 1.0 | MeanDist: 0.087m | Straight A/B: 0.112 / 0.827 | Sep: ❌
[Ep 2/5 | Step  524] Phase: 4  | Cross: 1.0 | MeanDist: 0.087m | Straight A/B: 0.112 / 0.828 | Sep: ❌
[Ep 2/5 | Step  525] Phase: 4  | Cross: 1.0 | MeanDist: 0.087m | Straight A/B: 0.111 / 0.828 | Sep: ❌
[Ep 2/5 | Step  526] Phase: 4  | Cross: 1.0 | MeanDist: 0.087m | Straight A/B: 0.111 / 0.828 | Sep: ❌
[Ep 2/5 | Step  527] Phase: 4  | Cross: 1.0 | MeanDist: 0.087m | Straight A/B: 0.111 / 0.828 | Sep: ❌
[Ep 2/5 | Step  528] Phase: 4  | Cross: 1.0 | MeanDist: 0.087m | Straight A/B: 0.110 / 0.829 | Sep: ❌
[Ep 2/5 | Step  529] Phase: 5  | Cross: 1.0 | MeanDist: 0.087m | Straight A/B: 0.110 / 0.829 | Sep: ❌
[Ep 2/5 | Step  530] Phase: 5  | Cross: 1.0 | MeanDist: 0.087m | Straight A/B: 0.110 / 0.829 | Sep: ❌
[Ep 2/5 | Step  531] Phase: 5  | Cross: 1.0 | MeanDist: 0.087m | Straight A/B: 0.110 / 0.829 | Sep: ❌
[Ep 2/5 | Step  532] Phase: 5  | Cross: 1.0 | MeanDist: 0.087m | Straight A/B: 0.109 / 0.829 | Sep: ❌
[Ep 2/5 | Step  533] Phase: 5  | Cross: 1.0 | MeanDist: 0.087m | Straight A/B: 0.109 / 0.830 | Sep: ❌
[Ep 2/5 | Step  534] Phase: 5  | Cross: 1.0 | MeanDist: 0.087m | Straight A/B: 0.109 / 0.830 | Sep: ❌
[Ep 2/5 | Step  535] Phase: 5  | Cross: 1.0 | MeanDist: 0.087m | Straight A/B: 0.108 / 0.830 | Sep: ❌
[Ep 2/5 | Step  536] Phase: 5  | Cross: 1.0 | MeanDist: 0.087m | Straight A/B: 0.108 / 0.830 | Sep: ❌
[Ep 2/5 | Step  537] Phase: 5  | Cross: 1.0 | MeanDist: 0.087m | Straight A/B: 0.108 / 0.830 | Sep: ❌
[Ep 2/5 | Step  538] Phase: 5  | Cross: 1.0 | MeanDist: 0.087m | Straight A/B: 0.110 / 0.830 | Sep: ❌
[Ep 2/5 | Step  539] Phase: 5  | Cross: 1.0 | MeanDist: 0.087m | Straight A/B: 0.149 / 0.831 | Sep: ❌
[Ep 2/5 | Step  540] Phase: 5  | Cross: 1.0 | MeanDist: 0.087m | Straight A/B: 0.149 / 0.831 | Sep: ❌
[Ep 2/5 | Step  541] Phase: 5  | Cross: 1.0 | MeanDist: 0.087m | Straight A/B: 0.149 / 0.831 | Sep: ❌
[Ep 2/5 | Step  542] Phase: 5  | Cross: 1.0 | MeanDist: 0.087m | Straight A/B: 0.148 / 0.831 | Sep: ❌
[Ep 2/5 | Step  543] Phase: 5  | Cross: 1.0 | MeanDist: 0.087m | Straight A/B: 0.148 / 0.831 | Sep: ❌
[Ep 2/5 | Step  544] Phase: 5  | Cross: 1.0 | MeanDist: 0.087m | Straight A/B: 0.148 / 0.832 | Sep: ❌
[Ep 2/5 | Step  545] Phase: 6  | Cross: 1.0 | MeanDist: 0.087m | Straight A/B: 0.129 / 0.832 | Sep: ❌
DEBUG: [Phase 6] Local escape field enabled. Tangle core: [0.08245034 0.14093046], Escape direction: [-0.60141149  0.79893943]
DEBUG: [Phase 6] Target set at: [-0.05000002  0.55      ] (pull_dist: 0.22m)
[Ep 2/5 | Step  546] Phase: 6  | Cross: 1.0 | MeanDist: 0.092m | Straight A/B: 0.129 / 0.832 | Sep: ❌
[Ep 2/5 | Step  547] Phase: 6  | Cross: 1.0 | MeanDist: 0.099m | Straight A/B: 0.144 / 0.832 | Sep: ❌
[Ep 2/5 | Step  548] Phase: 6  | Cross: 2.0 | MeanDist: 0.106m | Straight A/B: 0.143 / 0.832 | Sep: ❌
[Ep 2/5 | Step  549] Phase: 6  | Cross: 2.0 | MeanDist: 0.113m | Straight A/B: 0.149 / 0.833 | Sep: ❌
[Ep 2/5 | Step  550] Phase: 6  | Cross: 1.0 | MeanDist: 0.120m | Straight A/B: 0.114 / 0.833 | Sep: ❌
[Ep 2/5 | Step  551] Phase: 6  | Cross: 1.0 | MeanDist: 0.127m | Straight A/B: 0.114 / 0.833 | Sep: ❌
[Ep 2/5 | Step  552] Phase: 6  | Cross: 0.0 | MeanDist: 0.135m | Straight A/B: 0.114 / 0.833 | Sep: ❌
[Ep 2/5 | Step  553] Phase: 6  | Cross: 0.0 | MeanDist: 0.141m | Straight A/B: 0.104 / 0.833 | Sep: ❌
[Ep 2/5 | Step  554] Phase: 6  | Cross: 0.0 | MeanDist: 0.149m | Straight A/B: 0.127 / 0.834 | Sep: ❌
[Ep 2/5 | Step  555] Phase: 6  | Cross: 0.0 | MeanDist: 0.156m | Straight A/B: 0.094 / 0.834 | Sep: ❌
[Ep 2/5 | Step  556] Phase: 6  | Cross: 0.0 | MeanDist: 0.163m | Straight A/B: 0.094 / 0.834 | Sep: ❌
[Ep 2/5 | Step  557] Phase: 6  | Cross: 0.0 | MeanDist: 0.171m | Straight A/B: 0.094 / 0.834 | Sep: ❌
[Ep 2/5 | Step  558] Phase: 6  | Cross: 0.0 | MeanDist: 0.179m | Straight A/B: 0.093 / 0.834 | Sep: ❌
[Ep 2/5 | Step  559] Phase: 6  | Cross: 0.0 | MeanDist: 0.187m | Straight A/B: 0.093 / 0.834 | Sep: ❌
[Ep 2/5 | Step  560] Phase: 6  | Cross: 0.0 | MeanDist: 0.195m | Straight A/B: 0.093 / 0.835 | Sep: ❌
[Ep 2/5 | Step  561] Phase: 6  | Cross: 0.0 | MeanDist: 0.203m | Straight A/B: 0.111 / 0.835 | Sep: ❌
[Ep 2/5 | Step  562] Phase: 6  | Cross: 0.0 | MeanDist: 0.210m | Straight A/B: 0.155 / 0.835 | Sep: ❌
[Ep 2/5 | Step  563] Phase: 6  | Cross: 0.0 | MeanDist: 0.217m | Straight A/B: 0.169 / 0.835 | Sep: ❌
[Ep 2/5 | Step  564] Phase: 6  | Cross: 0.0 | MeanDist: 0.223m | Straight A/B: 0.168 / 0.835 | Sep: ❌
[Ep 2/5 | Step  565] Phase: 6  | Cross: 0.0 | MeanDist: 0.228m | Straight A/B: 0.167 / 0.836 | Sep: ❌
[Ep 2/5 | Step  566] Phase: 6  | Cross: 0.0 | MeanDist: 0.233m | Straight A/B: 0.127 / 0.836 | Sep: ❌
[Ep 2/5 | Step  567] Phase: 6  | Cross: 0.0 | MeanDist: 0.238m | Straight A/B: 0.127 / 0.836 | Sep: ❌
[Ep 2/5 | Step  568] Phase: 6  | Cross: 0.0 | MeanDist: 0.242m | Straight A/B: 0.118 / 0.836 | Sep: ❌
[Ep 2/5 | Step  569] Phase: 6  | Cross: 0.0 | MeanDist: 0.247m | Straight A/B: 0.117 / 0.836 | Sep: ❌
[Ep 2/5 | Step  570] Phase: 6  | Cross: 0.0 | MeanDist: 0.251m | Straight A/B: 0.146 / 0.836 | Sep: ❌
[Ep 2/5 | Step  571] Phase: 6  | Cross: 0.0 | MeanDist: 0.256m | Straight A/B: 0.165 / 0.837 | Sep: ❌
[Ep 2/5 | Step  572] Phase: 6  | Cross: 0.0 | MeanDist: 0.260m | Straight A/B: 0.165 / 0.837 | Sep: ❌
[Ep 2/5 | Step  573] Phase: 6  | Cross: 0.0 | MeanDist: 0.265m | Straight A/B: 0.165 / 0.837 | Sep: ❌
[Ep 2/5 | Step  574] Phase: 6  | Cross: 0.0 | MeanDist: 0.269m | Straight A/B: 0.165 / 0.837 | Sep: ❌
[Ep 2/5 | Step  575] Phase: 6  | Cross: 0.0 | MeanDist: 0.274m | Straight A/B: 0.156 / 0.837 | Sep: ❌
[Ep 2/5 | Step  576] Phase: 6  | Cross: 0.0 | MeanDist: 0.278m | Straight A/B: 0.181 / 0.837 | Sep: ❌
[Ep 2/5 | Step  577] Phase: 6  | Cross: 0.0 | MeanDist: 0.281m | Straight A/B: 0.182 / 0.838 | Sep: ❌
[Ep 2/5 | Step  578] Phase: 6  | Cross: 0.0 | MeanDist: 0.285m | Straight A/B: 0.133 / 0.838 | Sep: ❌
[Ep 2/5 | Step  579] Phase: 6  | Cross: 0.0 | MeanDist: 0.289m | Straight A/B: 0.167 / 0.838 | Sep: ❌
[Ep 2/5 | Step  580] Phase: 6  | Cross: 0.0 | MeanDist: 0.293m | Straight A/B: 0.141 / 0.838 | Sep: ❌
[Ep 2/5 | Step  581] Phase: 6  | Cross: 0.0 | MeanDist: 0.297m | Straight A/B: 0.214 / 0.838 | Sep: ❌
[Ep 2/5 | Step  582] Phase: 6  | Cross: 0.0 | MeanDist: 0.303m | Straight A/B: 0.186 / 0.838 | Sep: ❌
[Ep 2/5 | Step  583] Phase: 6  | Cross: 0.0 | MeanDist: 0.308m | Straight A/B: 0.179 / 0.838 | Sep: ❌
[Ep 2/5 | Step  584] Phase: 6  | Cross: 0.0 | MeanDist: 0.313m | Straight A/B: 0.173 / 0.839 | Sep: ❌
[Ep 2/5 | Step  585] Phase: 6  | Cross: 0.0 | MeanDist: 0.316m | Straight A/B: 0.177 / 0.839 | Sep: ❌
[Ep 2/5 | Step  586] Phase: 6  | Cross: 0.0 | MeanDist: 0.319m | Straight A/B: 0.214 / 0.839 | Sep: ❌
[Ep 2/5 | Step  587] Phase: 6  | Cross: 0.0 | MeanDist: 0.323m | Straight A/B: 0.206 / 0.839 | Sep: ❌
[Ep 2/5 | Step  588] Phase: 6  | Cross: 0.0 | MeanDist: 0.326m | Straight A/B: 0.198 / 0.839 | Sep: ❌
[Ep 2/5 | Step  589] Phase: 6  | Cross: 0.0 | MeanDist: 0.331m | Straight A/B: 0.158 / 0.839 | Sep: ❌
[Ep 2/5 | Step  590] Phase: 6  | Cross: 0.0 | MeanDist: 0.335m | Straight A/B: 0.154 / 0.839 | Sep: ❌
[Ep 2/5 | Step  591] Phase: 6  | Cross: 0.0 | MeanDist: 0.340m | Straight A/B: 0.148 / 0.840 | Sep: ❌
[Ep 2/5 | Step  592] Phase: 6  | Cross: 0.0 | MeanDist: 0.346m | Straight A/B: 0.142 / 0.840 | Sep: ❌
[Ep 2/5 | Step  593] Phase: 6  | Cross: 0.0 | MeanDist: 0.351m | Straight A/B: 0.124 / 0.840 | Sep: ❌
[Ep 2/5 | Step  594] Phase: 6  | Cross: 0.0 | MeanDist: 0.357m | Straight A/B: 0.154 / 0.840 | Sep: ❌
[Ep 2/5 | Step  595] Phase: 6  | Cross: 0.0 | MeanDist: 0.363m | Straight A/B: 0.149 / 0.840 | Sep: ❌
[Ep 2/5 | Step  596] Phase: 6  | Cross: 0.0 | MeanDist: 0.370m | Straight A/B: 0.146 / 0.840 | Sep: ❌
[Ep 2/5 | Step  597] Phase: 6  | Cross: 0.0 | MeanDist: 0.376m | Straight A/B: 0.142 / 0.840 | Sep: ❌
[Ep 2/5 | Step  598] Phase: 6  | Cross: 0.0 | MeanDist: 0.383m | Straight A/B: 0.145 / 0.840 | Sep: ❌
[Ep 2/5 | Step  599] Phase: 6  | Cross: 0.0 | MeanDist: 0.389m | Straight A/B: 0.119 / 0.841 | Sep: ❌
[Ep 2/5 | Step  600] Phase: 6  | Cross: 0.0 | MeanDist: 0.395m | Straight A/B: 0.107 / 0.841 | Sep: ❌
  [ep 0/1, attempt 1] step 601/2000  terminated=False  truncated=False
[Ep 2/5 | Step  601] Phase: 6  | Cross: 0.0 | MeanDist: 0.402m | Straight A/B: 0.105 / 0.841 | Sep: ❌
[Ep 2/5 | Step  602] Phase: 6  | Cross: 0.0 | MeanDist: 0.408m | Straight A/B: 0.103 / 0.841 | Sep: ❌
[Ep 2/5 | Step  603] Phase: 6  | Cross: 0.0 | MeanDist: 0.414m | Straight A/B: 0.095 / 0.841 | Sep: ❌
[Ep 2/5 | Step  604] Phase: 6  | Cross: 0.0 | MeanDist: 0.420m | Straight A/B: 0.093 / 0.841 | Sep: ❌
[Ep 2/5 | Step  605] Phase: 6  | Cross: 0.0 | MeanDist: 0.425m | Straight A/B: 0.092 / 0.841 | Sep: ❌
[Ep 2/5 | Step  606] Phase: 6  | Cross: 0.0 | MeanDist: 0.431m | Straight A/B: 0.091 / 0.841 | Sep: ❌
[Ep 2/5 | Step  607] Phase: 6  | Cross: 0.0 | MeanDist: 0.437m | Straight A/B: 0.105 / 0.841 | Sep: ❌
[Ep 2/5 | Step  608] Phase: 6  | Cross: 0.0 | MeanDist: 0.442m | Straight A/B: 0.104 / 0.841 | Sep: ❌
[Ep 2/5 | Step  609] Phase: 6  | Cross: 0.0 | MeanDist: 0.447m | Straight A/B: 0.088 / 0.842 | Sep: ❌
[Ep 2/5 | Step  610] Phase: 6  | Cross: 0.0 | MeanDist: 0.452m | Straight A/B: 0.095 / 0.842 | Sep: ❌
[Ep 2/5 | Step  611] Phase: 6  | Cross: 0.0 | MeanDist: 0.458m | Straight A/B: 0.087 / 0.842 | Sep: ❌
[Ep 2/5 | Step  612] Phase: 6  | Cross: 0.0 | MeanDist: 0.463m | Straight A/B: 0.087 / 0.842 | Sep: ❌
[Ep 2/5 | Step  613] Phase: 6  | Cross: 0.0 | MeanDist: 0.469m | Straight A/B: 0.194 / 0.842 | Sep: ❌
[Ep 2/5 | Step  614] Phase: 6  | Cross: 0.0 | MeanDist: 0.474m | Straight A/B: 0.199 / 0.842 | Sep: ❌
[Ep 2/5 | Step  615] Phase: 6  | Cross: 0.0 | MeanDist: 0.480m | Straight A/B: 0.199 / 0.842 | Sep: ❌
[Ep 2/5 | Step  616] Phase: 6  | Cross: 0.0 | MeanDist: 0.486m | Straight A/B: 0.186 / 0.842 | Sep: ❌
DEBUG: [Phase 6] Pull target reached. Release.
[Ep 2/5 | Step  617] Phase: 8  | Cross: 0.0 | MeanDist: 0.492m | Straight A/B: 0.187 / 0.842 | Sep: ❌
[Ep 2/5 | Step  618] Phase: 8  | Cross: 0.0 | MeanDist: 0.497m | Straight A/B: 0.216 / 0.842 | Sep: ❌
[Ep 2/5 | Step  619] Phase: 8  | Cross: 0.0 | MeanDist: 0.502m | Straight A/B: 0.144 / 0.842 | Sep: ❌
[Ep 2/5 | Step  620] Phase: 8  | Cross: 0.0 | MeanDist: 0.507m | Straight A/B: 0.171 / 0.842 | Sep: ❌
[Ep 2/5 | Step  621] Phase: 8  | Cross: 0.0 | MeanDist: 0.511m | Straight A/B: 0.244 / 0.842 | Sep: ❌
[Ep 2/5 | Step  622] Phase: 8  | Cross: 0.0 | MeanDist: 0.509m | Straight A/B: 0.279 / 0.842 | Sep: ❌
[Ep 2/5 | Step  623] Phase: 8  | Cross: 0.0 | MeanDist: 0.510m | Straight A/B: 0.348 / 0.842 | Sep: ❌
[Ep 2/5 | Step  624] Phase: 8  | Cross: 0.0 | MeanDist: 0.510m | Straight A/B: 0.627 / 0.842 | Sep: ❌
[Ep 2/5 | Step  625] Phase: 8  | Cross: 0.0 | MeanDist: 0.510m | Straight A/B: 0.591 / 0.842 | Sep: ❌
[Ep 2/5 | Step  626] Phase: 8  | Cross: 0.0 | MeanDist: 0.512m | Straight A/B: 0.536 / 0.842 | Sep: ❌
[Ep 2/5 | Step  627] Phase: 8  | Cross: 0.0 | MeanDist: 0.526m | Straight A/B: 0.501 / 0.842 | Sep: ❌
[Ep 2/5 | Step  628] Phase: 8  | Cross: 0.0 | MeanDist: 0.527m | Straight A/B: 0.458 / 0.842 | Sep: ❌
[Ep 2/5 | Step  629] Phase: 8  | Cross: 0.0 | MeanDist: 0.528m | Straight A/B: 0.567 / 0.842 | Sep: ❌
[Ep 2/5 | Step  630] Phase: 8  | Cross: 0.0 | MeanDist: 0.531m | Straight A/B: 0.568 / 0.842 | Sep: ❌
[Ep 2/5 | Step  631] Phase: 8  | Cross: 0.0 | MeanDist: 0.532m | Straight A/B: 0.571 / 0.842 | Sep: ❌
[Ep 2/5 | Step  632] Phase: 8  | Cross: 0.0 | MeanDist: 0.531m | Straight A/B: 0.573 / 0.842 | Sep: ❌
[Ep 2/5 | Step  633] Phase: 8  | Cross: 0.0 | MeanDist: 0.531m | Straight A/B: 0.576 / 0.842 | Sep: ❌
[Ep 2/5 | Step  634] Phase: 8  | Cross: 0.0 | MeanDist: 0.530m | Straight A/B: 0.578 / 0.842 | Sep: ❌
[Ep 2/5 | Step  635] Phase: 8  | Cross: 0.0 | MeanDist: 0.530m | Straight A/B: 0.585 / 0.842 | Sep: ❌
[Ep 2/5 | Step  636] Phase: 8  | Cross: 0.0 | MeanDist: 0.530m | Straight A/B: 0.586 / 0.842 | Sep: ❌
[Ep 2/5 | Step  637] Phase: 8  | Cross: 0.0 | MeanDist: 0.531m | Straight A/B: 0.588 / 0.842 | Sep: ❌
[Ep 2/5 | Step  638] Phase: 8  | Cross: 0.0 | MeanDist: 0.531m | Straight A/B: 0.590 / 0.842 | Sep: ❌
[Ep 2/5 | Step  639] Phase: 8  | Cross: 0.0 | MeanDist: 0.531m | Straight A/B: 0.592 / 0.842 | Sep: ❌
[Ep 2/5 | Step  640] Phase: 8  | Cross: 0.0 | MeanDist: 0.531m | Straight A/B: 0.594 / 0.842 | Sep: ❌
[Ep 2/5 | Step  641] Phase: 8  | Cross: 0.0 | MeanDist: 0.531m | Straight A/B: 0.596 / 0.842 | Sep: ❌
[Ep 2/5 | Step  642] Phase: 8  | Cross: 0.0 | MeanDist: 0.531m | Straight A/B: 0.598 / 0.842 | Sep: ❌
[Ep 2/5 | Step  643] Phase: 8  | Cross: 0.0 | MeanDist: 0.531m | Straight A/B: 0.600 / 0.842 | Sep: ❌
[Ep 2/5 | Step  644] Phase: 8  | Cross: 0.0 | MeanDist: 0.531m | Straight A/B: 0.602 / 0.842 | Sep: ❌
[Ep 2/5 | Step  645] Phase: 8  | Cross: 0.0 | MeanDist: 0.531m | Straight A/B: 0.604 / 0.842 | Sep: ❌
[Ep 2/5 | Step  646] Phase: 8  | Cross: 0.0 | MeanDist: 0.530m | Straight A/B: 0.607 / 0.842 | Sep: ❌
[Ep 2/5 | Step  647] Phase: 8  | Cross: 0.0 | MeanDist: 0.530m | Straight A/B: 0.609 / 0.842 | Sep: ❌
[Ep 2/5 | Step  648] Phase: 8  | Cross: 0.0 | MeanDist: 0.530m | Straight A/B: 0.612 / 0.842 | Sep: ❌
[Ep 2/5 | Step  649] Phase: 8  | Cross: 0.0 | MeanDist: 0.530m | Straight A/B: 0.614 / 0.842 | Sep: ❌
[Ep 2/5 | Step  650] Phase: 8  | Cross: 0.0 | MeanDist: 0.530m | Straight A/B: 0.617 / 0.842 | Sep: ❌
[Ep 2/5 | Step  651] Phase: 8  | Cross: 0.0 | MeanDist: 0.530m | Straight A/B: 0.619 / 0.842 | Sep: ❌
[Ep 2/5 | Step  652] Phase: 8  | Cross: 0.0 | MeanDist: 0.530m | Straight A/B: 0.622 / 0.842 | Sep: ❌
[Ep 2/5 | Step  653] Phase: 8  | Cross: 0.0 | MeanDist: 0.530m | Straight A/B: 0.624 / 0.842 | Sep: ❌
[Ep 2/5 | Step  654] Phase: 8  | Cross: 0.0 | MeanDist: 0.530m | Straight A/B: 0.627 / 0.842 | Sep: ❌
[Ep 2/5 | Step  655] Phase: 8  | Cross: 0.0 | MeanDist: 0.529m | Straight A/B: 0.629 / 0.842 | Sep: ❌
[Ep 2/5 | Step  656] Phase: 8  | Cross: 0.0 | MeanDist: 0.529m | Straight A/B: 0.632 / 0.842 | Sep: ❌
[Ep 2/5 | Step  657] Phase: 8  | Cross: 0.0 | MeanDist: 0.529m | Straight A/B: 0.634 / 0.842 | Sep: ❌
DEBUG: [Phase 8] 落地检查失败 (crossings: 0.0, straightA: 0.634, straightB: 0.842)。判定未完成，打回重做。
[Ep 2/5 | Step  658] Phase: -1 | Cross: 0.0 | MeanDist: 0.528m | Straight A/B: 0.637 / 0.842 | Sep: ❌
DEBUG: [Phase -1] Picked from Cat 5 (Last resort: outside safe arc), closest to sweet spot.
DEBUG: [Phase -1] Locking target: Rope 0, Node 12 | Dist to Center: 0.605m | 净空: 0.444m
[Ep 2/5 | Step  659] Phase: -1 | Cross: 0.0 | MeanDist: 0.528m | Straight A/B: 0.639 / 0.842 | Sep: ❌
DEBUG: [Phase -1] Picked from Cat 5 (Last resort: outside safe arc), closest to sweet spot.
DEBUG: [Phase -1] Locking target: Rope 0, Node 12 | Dist to Center: 0.605m | 净空: 0.444m
[Ep 2/5 | Step  660] Phase: -1 | Cross: 0.0 | MeanDist: 0.528m | Straight A/B: 0.642 / 0.842 | Sep: ❌
DEBUG: [Phase -1] Picked from Cat 5 (Last resort: outside safe arc), closest to sweet spot.
DEBUG: [Phase -1] Locking target: Rope 0, Node 12 | Dist to Center: 0.605m | 净空: 0.444m
[Ep 2/5 | Step  661] Phase: -1 | Cross: 0.0 | MeanDist: 0.527m | Straight A/B: 0.644 / 0.842 | Sep: ❌
DEBUG: [Phase -1] Picked from Cat 1 (Ideal), closest to sweet spot.
DEBUG: [Phase -1] Locking target: Rope 0, Node 1 | Dist to Center: 0.550m | 净空: 0.404m
[Ep 2/5 | Step  662] Phase: -1 | Cross: 0.0 | MeanDist: 0.527m | Straight A/B: 0.646 / 0.842 | Sep: ❌
DEBUG: [Phase -1] Picked from Cat 1 (Ideal), closest to sweet spot.
DEBUG: [Phase -1] Locking target: Rope 0, Node 1 | Dist to Center: 0.548m | 净空: 0.403m
[Ep 2/5 | Step  663] Phase: -1 | Cross: 0.0 | MeanDist: 0.526m | Straight A/B: 0.648 / 0.842 | Sep: ❌
DEBUG: [Phase -1] Picked from Cat 1 (Ideal), closest to sweet spot.
DEBUG: [Phase -1] Locking target: Rope 0, Node 1 | Dist to Center: 0.547m | 净空: 0.401m
[Ep 2/5 | Step  664] Phase: -1 | Cross: 0.0 | MeanDist: 0.526m | Straight A/B: 0.650 / 0.842 | Sep: ❌
DEBUG: [Phase -1] Picked from Cat 1 (Ideal), closest to sweet spot.
DEBUG: [Phase -1] Locking target: Rope 0, Node 1 | Dist to Center: 0.546m | 净空: 0.400m
[Ep 2/5 | Step  665] Phase: -1 | Cross: 0.0 | MeanDist: 0.525m | Straight A/B: 0.651 / 0.842 | Sep: ❌
DEBUG: [Phase -1] Picked from Cat 1 (Ideal), closest to sweet spot.
DEBUG: [Phase -1] Locking target: Rope 0, Node 1 | Dist to Center: 0.545m | 净空: 0.399m
[Ep 2/5 | Step  666] Phase: -1 | Cross: 0.0 | MeanDist: 0.525m | Straight A/B: 0.653 / 0.842 | Sep: ❌
DEBUG: [Phase -1] Picked from Cat 1 (Ideal), closest to sweet spot.
DEBUG: [Phase -1] Locking target: Rope 0, Node 1 | Dist to Center: 0.543m | 净空: 0.398m
[Ep 2/5 | Step  667] Phase: -1 | Cross: 0.0 | MeanDist: 0.524m | Straight A/B: 0.654 / 0.842 | Sep: ❌
DEBUG: [Phase -1] Picked from Cat 1 (Ideal), closest to sweet spot.
DEBUG: [Phase -1] Locking target: Rope 0, Node 1 | Dist to Center: 0.542m | 净空: 0.396m
[Ep 2/5 | Step  668] Phase: -1 | Cross: 0.0 | MeanDist: 0.524m | Straight A/B: 0.655 / 0.842 | Sep: ❌
DEBUG: [Phase -1] Picked from Cat 1 (Ideal), closest to sweet spot.
DEBUG: [Phase -1] Locking target: Rope 0, Node 1 | Dist to Center: 0.541m | 净空: 0.395m
[Ep 2/5 | Step  669] Phase: 0  | Cross: 0.0 | MeanDist: 0.524m | Straight A/B: 0.656 / 0.842 | Sep: ❌
[Ep 2/5 | Step  670] Phase: 0  | Cross: 0.0 | MeanDist: 0.524m | Straight A/B: 0.655 / 0.842 | Sep: ❌
[Ep 2/5 | Step  671] Phase: 0  | Cross: 0.0 | MeanDist: 0.524m | Straight A/B: 0.655 / 0.842 | Sep: ❌
[Ep 2/5 | Step  672] Phase: 0  | Cross: 0.0 | MeanDist: 0.524m | Straight A/B: 0.655 / 0.842 | Sep: ❌
[Ep 2/5 | Step  673] Phase: 0  | Cross: 0.0 | MeanDist: 0.524m | Straight A/B: 0.655 / 0.842 | Sep: ❌
[Ep 2/5 | Step  674] Phase: 0  | Cross: 0.0 | MeanDist: 0.524m | Straight A/B: 0.655 / 0.842 | Sep: ❌
[Ep 2/5 | Step  675] Phase: 0  | Cross: 0.0 | MeanDist: 0.524m | Straight A/B: 0.654 / 0.842 | Sep: ❌
[Ep 2/5 | Step  676] Phase: 0  | Cross: 0.0 | MeanDist: 0.524m | Straight A/B: 0.654 / 0.842 | Sep: ❌
[Ep 2/5 | Step  677] Phase: 0  | Cross: 0.0 | MeanDist: 0.524m | Straight A/B: 0.654 / 0.842 | Sep: ❌
[Ep 2/5 | Step  678] Phase: 0  | Cross: 0.0 | MeanDist: 0.524m | Straight A/B: 0.654 / 0.842 | Sep: ❌
[Ep 2/5 | Step  679] Phase: 0  | Cross: 0.0 | MeanDist: 0.524m | Straight A/B: 0.654 / 0.842 | Sep: ❌
[Ep 2/5 | Step  680] Phase: 0  | Cross: 0.0 | MeanDist: 0.524m | Straight A/B: 0.589 / 0.842 | Sep: ❌
DEBUG: aligned. Error: 0.049. Moving to Phase 1.
[Ep 2/5 | Step  681] Phase: 1  | Cross: 0.0 | MeanDist: 0.524m | Straight A/B: 0.589 / 0.842 | Sep: ❌
[Ep 2/5 | Step  682] Phase: 2  | Cross: 0.0 | MeanDist: 0.524m | Straight A/B: 0.590 / 0.842 | Sep: ❌
[Ep 2/5 | Step  683] Phase: 2  | Cross: 0.0 | MeanDist: 0.524m | Straight A/B: 0.590 / 0.842 | Sep: ❌
[Ep 2/5 | Step  684] Phase: 2  | Cross: 0.0 | MeanDist: 0.524m | Straight A/B: 0.590 / 0.842 | Sep: ❌
[Ep 2/5 | Step  685] Phase: 2  | Cross: 0.0 | MeanDist: 0.524m | Straight A/B: 0.591 / 0.842 | Sep: ❌
[Ep 2/5 | Step  686] Phase: 2  | Cross: 0.0 | MeanDist: 0.524m | Straight A/B: 0.591 / 0.842 | Sep: ❌
[Ep 2/5 | Step  687] Phase: 2  | Cross: 0.0 | MeanDist: 0.524m | Straight A/B: 0.591 / 0.842 | Sep: ❌
[Ep 2/5 | Step  688] Phase: 2  | Cross: 0.0 | MeanDist: 0.524m | Straight A/B: 0.591 / 0.842 | Sep: ❌
[Ep 2/5 | Step  689] Phase: 2  | Cross: 0.0 | MeanDist: 0.524m | Straight A/B: 0.592 / 0.842 | Sep: ❌
[Ep 2/5 | Step  690] Phase: 2  | Cross: 0.0 | MeanDist: 0.524m | Straight A/B: 0.592 / 0.842 | Sep: ❌
[Ep 2/5 | Step  691] Phase: 2  | Cross: 0.0 | MeanDist: 0.524m | Straight A/B: 0.592 / 0.842 | Sep: ❌
[Ep 2/5 | Step  692] Phase: 2  | Cross: 0.0 | MeanDist: 0.524m | Straight A/B: 0.593 / 0.842 | Sep: ❌
[Ep 2/5 | Step  693] Phase: 2  | Cross: 0.0 | MeanDist: 0.524m | Straight A/B: 0.593 / 0.842 | Sep: ❌
[Ep 2/5 | Step  694] Phase: 2  | Cross: 0.0 | MeanDist: 0.524m | Straight A/B: 0.593 / 0.842 | Sep: ❌
[Ep 2/5 | Step  695] Phase: 2  | Cross: 0.0 | MeanDist: 0.524m | Straight A/B: 0.593 / 0.842 | Sep: ❌
[Ep 2/5 | Step  696] Phase: 2  | Cross: 0.0 | MeanDist: 0.524m | Straight A/B: 0.594 / 0.842 | Sep: ❌
[Ep 2/5 | Step  697] Phase: 2  | Cross: 0.0 | MeanDist: 0.524m | Straight A/B: 0.594 / 0.842 | Sep: ❌
[Ep 2/5 | Step  698] Phase: 2  | Cross: 0.0 | MeanDist: 0.524m | Straight A/B: 0.594 / 0.842 | Sep: ❌
[Ep 2/5 | Step  699] Phase: 2  | Cross: 0.0 | MeanDist: 0.524m | Straight A/B: 0.595 / 0.842 | Sep: ❌
[Ep 2/5 | Step  700] Phase: 2  | Cross: 0.0 | MeanDist: 0.524m | Straight A/B: 0.595 / 0.842 | Sep: ❌
  [ep 0/1, attempt 1] step 701/2000  terminated=False  truncated=False
[Ep 2/5 | Step  701] Phase: 2  | Cross: 0.0 | MeanDist: 0.524m | Straight A/B: 0.595 / 0.842 | Sep: ❌
[Ep 2/5 | Step  702] Phase: 2  | Cross: 0.0 | MeanDist: 0.524m | Straight A/B: 0.596 / 0.842 | Sep: ❌
[Ep 2/5 | Step  703] Phase: 2  | Cross: 0.0 | MeanDist: 0.524m | Straight A/B: 0.596 / 0.842 | Sep: ❌
[Ep 2/5 | Step  704] Phase: 2  | Cross: 0.0 | MeanDist: 0.524m | Straight A/B: 0.596 / 0.842 | Sep: ❌
[Ep 2/5 | Step  705] Phase: 2  | Cross: 0.0 | MeanDist: 0.524m | Straight A/B: 0.596 / 0.842 | Sep: ❌
[Ep 2/5 | Step  706] Phase: 2  | Cross: 0.0 | MeanDist: 0.524m | Straight A/B: 0.597 / 0.842 | Sep: ❌
[Ep 2/5 | Step  707] Phase: 2  | Cross: 0.0 | MeanDist: 0.524m | Straight A/B: 0.597 / 0.842 | Sep: ❌
[Ep 2/5 | Step  708] Phase: 2  | Cross: 0.0 | MeanDist: 0.524m | Straight A/B: 0.597 / 0.842 | Sep: ❌
[Ep 2/5 | Step  709] Phase: 2  | Cross: 0.0 | MeanDist: 0.524m | Straight A/B: 0.598 / 0.842 | Sep: ❌
[Ep 2/5 | Step  710] Phase: 2  | Cross: 0.0 | MeanDist: 0.524m | Straight A/B: 0.598 / 0.842 | Sep: ❌
[Ep 2/5 | Step  711] Phase: 2  | Cross: 0.0 | MeanDist: 0.524m | Straight A/B: 0.598 / 0.842 | Sep: ❌
[Ep 2/5 | Step  712] Phase: 2  | Cross: 0.0 | MeanDist: 0.524m | Straight A/B: 0.598 / 0.842 | Sep: ❌
[Ep 2/5 | Step  713] Phase: 2  | Cross: 0.0 | MeanDist: 0.524m | Straight A/B: 0.599 / 0.842 | Sep: ❌
[Ep 2/5 | Step  714] Phase: 2  | Cross: 0.0 | MeanDist: 0.524m | Straight A/B: 0.599 / 0.842 | Sep: ❌
[Ep 2/5 | Step  715] Phase: 2  | Cross: 0.0 | MeanDist: 0.524m | Straight A/B: 0.599 / 0.842 | Sep: ❌
[Ep 2/5 | Step  716] Phase: 2  | Cross: 0.0 | MeanDist: 0.524m | Straight A/B: 0.600 / 0.842 | Sep: ❌
[Ep 2/5 | Step  717] Phase: 2  | Cross: 0.0 | MeanDist: 0.524m | Straight A/B: 0.600 / 0.842 | Sep: ❌
[Ep 2/5 | Step  718] Phase: 2  | Cross: 0.0 | MeanDist: 0.524m | Straight A/B: 0.600 / 0.842 | Sep: ❌
[Ep 2/5 | Step  719] Phase: 2  | Cross: 0.0 | MeanDist: 0.524m | Straight A/B: 0.600 / 0.842 | Sep: ❌
[Ep 2/5 | Step  720] Phase: 2  | Cross: 0.0 | MeanDist: 0.524m | Straight A/B: 0.601 / 0.842 | Sep: ❌
[Ep 2/5 | Step  721] Phase: 2  | Cross: 0.0 | MeanDist: 0.524m | Straight A/B: 0.601 / 0.842 | Sep: ❌
[Ep 2/5 | Step  722] Phase: 2  | Cross: 0.0 | MeanDist: 0.524m | Straight A/B: 0.601 / 0.842 | Sep: ❌
[Ep 2/5 | Step  723] Phase: 2  | Cross: 0.0 | MeanDist: 0.524m | Straight A/B: 0.602 / 0.842 | Sep: ❌
[Ep 2/5 | Step  724] Phase: 2  | Cross: 0.0 | MeanDist: 0.524m | Straight A/B: 0.602 / 0.842 | Sep: ❌
[Ep 2/5 | Step  725] Phase: 2  | Cross: 0.0 | MeanDist: 0.524m | Straight A/B: 0.602 / 0.842 | Sep: ❌
[Ep 2/5 | Step  726] Phase: 2  | Cross: 0.0 | MeanDist: 0.524m | Straight A/B: 0.602 / 0.842 | Sep: ❌
[Ep 2/5 | Step  727] Phase: 2  | Cross: 0.0 | MeanDist: 0.524m | Straight A/B: 0.603 / 0.842 | Sep: ❌
[Ep 2/5 | Step  728] Phase: 2  | Cross: 0.0 | MeanDist: 0.524m | Straight A/B: 0.603 / 0.842 | Sep: ❌
[Ep 2/5 | Step  729] Phase: 2  | Cross: 0.0 | MeanDist: 0.524m | Straight A/B: 0.603 / 0.842 | Sep: ❌
[Ep 2/5 | Step  730] Phase: 2  | Cross: 0.0 | MeanDist: 0.524m | Straight A/B: 0.604 / 0.842 | Sep: ❌
[Ep 2/5 | Step  731] Phase: 2  | Cross: 0.0 | MeanDist: 0.524m | Straight A/B: 0.604 / 0.842 | Sep: ❌
[Ep 2/5 | Step  732] Phase: 2  | Cross: 0.0 | MeanDist: 0.524m | Straight A/B: 0.658 / 0.842 | Sep: ❌
[Ep 2/5 | Step  733] Phase: 2  | Cross: 0.0 | MeanDist: 0.524m | Straight A/B: 0.670 / 0.842 | Sep: ❌
[Ep 2/5 | Step  734] Phase: 2  | Cross: 0.0 | MeanDist: 0.524m | Straight A/B: 0.675 / 0.842 | Sep: ❌
[Ep 2/5 | Step  735] Phase: 2  | Cross: 0.0 | MeanDist: 0.524m | Straight A/B: 0.612 / 0.842 | Sep: ❌
[Ep 2/5 | Step  736] Phase: 2  | Cross: 0.0 | MeanDist: 0.524m | Straight A/B: 0.612 / 0.842 | Sep: ❌
[Ep 2/5 | Step  737] Phase: 2  | Cross: 0.0 | MeanDist: 0.524m | Straight A/B: 0.611 / 0.842 | Sep: ❌
[Ep 2/5 | Step  738] Phase: 3  | Cross: 0.0 | MeanDist: 0.525m | Straight A/B: 0.607 / 0.842 | Sep: ❌
[Ep 2/5 | Step  739] Phase: 3  | Cross: 0.0 | MeanDist: 0.527m | Straight A/B: 0.600 / 0.842 | Sep: ❌
[Ep 2/5 | Step  740] Phase: 3  | Cross: 0.0 | MeanDist: 0.527m | Straight A/B: 0.598 / 0.842 | Sep: ❌
[Ep 2/5 | Step  741] Phase: 3  | Cross: 0.0 | MeanDist: 0.527m | Straight A/B: 0.550 / 0.842 | Sep: ❌
[Ep 2/5 | Step  742] Phase: 3  | Cross: 0.0 | MeanDist: 0.528m | Straight A/B: 0.606 / 0.842 | Sep: ❌
[Ep 2/5 | Step  743] Phase: 3  | Cross: 0.0 | MeanDist: 0.528m | Straight A/B: 0.610 / 0.842 | Sep: ❌
[Ep 2/5 | Step  744] Phase: 3  | Cross: 0.0 | MeanDist: 0.528m | Straight A/B: 0.614 / 0.842 | Sep: ❌
[Ep 2/5 | Step  745] Phase: 3  | Cross: 0.0 | MeanDist: 0.528m | Straight A/B: 0.618 / 0.842 | Sep: ❌
[Ep 2/5 | Step  746] Phase: 3  | Cross: 0.0 | MeanDist: 0.529m | Straight A/B: 0.620 / 0.842 | Sep: ❌
[Ep 2/5 | Step  747] Phase: 3  | Cross: 0.0 | MeanDist: 0.529m | Straight A/B: 0.620 / 0.842 | Sep: ❌
[Ep 2/5 | Step  748] Phase: 3  | Cross: 0.0 | MeanDist: 0.529m | Straight A/B: 0.624 / 0.842 | Sep: ❌
[Ep 2/5 | Step  749] Phase: 3  | Cross: 0.0 | MeanDist: 0.529m | Straight A/B: 0.624 / 0.842 | Sep: ❌
[Ep 2/5 | Step  750] Phase: 3  | Cross: 0.0 | MeanDist: 0.529m | Straight A/B: 0.625 / 0.842 | Sep: ❌
[Ep 2/5 | Step  751] Phase: 3  | Cross: 0.0 | MeanDist: 0.529m | Straight A/B: 0.625 / 0.842 | Sep: ❌
[Ep 2/5 | Step  752] Phase: 3  | Cross: 0.0 | MeanDist: 0.529m | Straight A/B: 0.625 / 0.842 | Sep: ❌
[Ep 2/5 | Step  753] Phase: 3  | Cross: 0.0 | MeanDist: 0.529m | Straight A/B: 0.626 / 0.842 | Sep: ❌
[Ep 2/5 | Step  754] Phase: 3  | Cross: 0.0 | MeanDist: 0.529m | Straight A/B: 0.626 / 0.842 | Sep: ❌
[Ep 2/5 | Step  755] Phase: 3  | Cross: 0.0 | MeanDist: 0.529m | Straight A/B: 0.627 / 0.842 | Sep: ❌
[Ep 2/5 | Step  756] Phase: 3  | Cross: 0.0 | MeanDist: 0.529m | Straight A/B: 0.627 / 0.842 | Sep: ❌
[Ep 2/5 | Step  757] Phase: 3  | Cross: 0.0 | MeanDist: 0.529m | Straight A/B: 0.627 / 0.842 | Sep: ❌
[Ep 2/5 | Step  758] Phase: 3  | Cross: 0.0 | MeanDist: 0.529m | Straight A/B: 0.627 / 0.842 | Sep: ❌
[Ep 2/5 | Step  759] Phase: 4  | Cross: 0.0 | MeanDist: 0.529m | Straight A/B: 0.627 / 0.842 | Sep: ❌
[Ep 2/5 | Step  760] Phase: 4  | Cross: 0.0 | MeanDist: 0.529m | Straight A/B: 0.629 / 0.842 | Sep: ❌
[Ep 2/5 | Step  761] Phase: 4  | Cross: 0.0 | MeanDist: 0.529m | Straight A/B: 0.630 / 0.842 | Sep: ❌
[Ep 2/5 | Step  762] Phase: 4  | Cross: 0.0 | MeanDist: 0.529m | Straight A/B: 0.627 / 0.842 | Sep: ❌
[Ep 2/5 | Step  763] Phase: 4  | Cross: 0.0 | MeanDist: 0.529m | Straight A/B: 0.629 / 0.842 | Sep: ❌
[Ep 2/5 | Step  764] Phase: 4  | Cross: 0.0 | MeanDist: 0.529m | Straight A/B: 0.630 / 0.842 | Sep: ❌
[Ep 2/5 | Step  765] Phase: 4  | Cross: 0.0 | MeanDist: 0.529m | Straight A/B: 0.632 / 0.842 | Sep: ❌
[Ep 2/5 | Step  766] Phase: 4  | Cross: 0.0 | MeanDist: 0.529m | Straight A/B: 0.635 / 0.842 | Sep: ❌
[Ep 2/5 | Step  767] Phase: 4  | Cross: 0.0 | MeanDist: 0.529m | Straight A/B: 0.637 / 0.842 | Sep: ❌
[Ep 2/5 | Step  768] Phase: 4  | Cross: 0.0 | MeanDist: 0.529m | Straight A/B: 0.673 / 0.842 | Sep: ❌
[Ep 2/5 | Step  769] Phase: 4  | Cross: 0.0 | MeanDist: 0.528m | Straight A/B: 0.676 / 0.842 | Sep: ❌
[Ep 2/5 | Step  770] Phase: 4  | Cross: 0.0 | MeanDist: 0.528m | Straight A/B: 0.679 / 0.842 | Sep: ❌
[Ep 2/5 | Step  771] Phase: 4  | Cross: 0.0 | MeanDist: 0.528m | Straight A/B: 0.682 / 0.842 | Sep: ❌
[Ep 2/5 | Step  772] Phase: 4  | Cross: 0.0 | MeanDist: 0.527m | Straight A/B: 0.686 / 0.842 | Sep: ❌
[Ep 2/5 | Step  773] Phase: 4  | Cross: 0.0 | MeanDist: 0.527m | Straight A/B: 0.689 / 0.842 | Sep: ❌
[Ep 2/5 | Step  774] Phase: 4  | Cross: 0.0 | MeanDist: 0.526m | Straight A/B: 0.691 / 0.842 | Sep: ❌
[Ep 2/5 | Step  775] Phase: 4  | Cross: 0.0 | MeanDist: 0.526m | Straight A/B: 0.691 / 0.842 | Sep: ❌
[Ep 2/5 | Step  776] Phase: 4  | Cross: 0.0 | MeanDist: 0.525m | Straight A/B: 0.690 / 0.842 | Sep: ❌
[Ep 2/5 | Step  777] Phase: 4  | Cross: 0.0 | MeanDist: 0.525m | Straight A/B: 0.721 / 0.842 | Sep: ❌
[Ep 2/5 | Step  778] Phase: 4  | Cross: 0.0 | MeanDist: 0.524m | Straight A/B: 0.720 / 0.842 | Sep: ❌
[Ep 2/5 | Step  779] Phase: 4  | Cross: 0.0 | MeanDist: 0.524m | Straight A/B: 0.720 / 0.842 | Sep: ❌
[Ep 2/5 | Step  780] Phase: 4  | Cross: 0.0 | MeanDist: 0.523m | Straight A/B: 0.655 / 0.842 | Sep: ❌
[Ep 2/5 | Step  781] Phase: 4  | Cross: 0.0 | MeanDist: 0.523m | Straight A/B: 0.657 / 0.842 | Sep: ❌
[Ep 2/5 | Step  782] Phase: 4  | Cross: 0.0 | MeanDist: 0.522m | Straight A/B: 0.660 / 0.842 | Sep: ❌
[Ep 2/5 | Step  783] Phase: 4  | Cross: 0.0 | MeanDist: 0.521m | Straight A/B: 0.662 / 0.842 | Sep: ❌
[Ep 2/5 | Step  784] Phase: 4  | Cross: 0.0 | MeanDist: 0.520m | Straight A/B: 0.670 / 0.842 | Sep: ❌
[Ep 2/5 | Step  785] Phase: 4  | Cross: 0.0 | MeanDist: 0.520m | Straight A/B: 0.674 / 0.842 | Sep: ❌
[Ep 2/5 | Step  786] Phase: 4  | Cross: 0.0 | MeanDist: 0.519m | Straight A/B: 0.683 / 0.842 | Sep: ❌
[Ep 2/5 | Step  787] Phase: 4  | Cross: 0.0 | MeanDist: 0.518m | Straight A/B: 0.687 / 0.842 | Sep: ❌
[Ep 2/5 | Step  788] Phase: 4  | Cross: 0.0 | MeanDist: 0.517m | Straight A/B: 0.696 / 0.842 | Sep: ❌
[Ep 2/5 | Step  789] Phase: 4  | Cross: 0.0 | MeanDist: 0.516m | Straight A/B: 0.706 / 0.842 | Sep: ❌
[Ep 2/5 | Step  790] Phase: 4  | Cross: 0.0 | MeanDist: 0.516m | Straight A/B: 0.715 / 0.842 | Sep: ❌
[Ep 2/5 | Step  791] Phase: 4  | Cross: 0.0 | MeanDist: 0.515m | Straight A/B: 0.766 / 0.842 | Sep: ❌
[Ep 2/5 | Step  792] Phase: 4  | Cross: 0.0 | MeanDist: 0.515m | Straight A/B: 0.771 / 0.842 | Sep: ❌
[Ep 2/5 | Step  793] Phase: 4  | Cross: 0.0 | MeanDist: 0.515m | Straight A/B: 0.779 / 0.842 | Sep: ❌
[Ep 2/5 | Step  794] Phase: 4  | Cross: 0.0 | MeanDist: 0.515m | Straight A/B: 0.824 / 0.842 | Sep: ❌
[Ep 2/5 | Step  795] Phase: 4  | Cross: 0.0 | MeanDist: 0.514m | Straight A/B: 0.697 / 0.842 | Sep: ❌
[Ep 2/5 | Step  796] Phase: 4  | Cross: 0.0 | MeanDist: 0.514m | Straight A/B: 0.707 / 0.842 | Sep: ❌
[Ep 2/5 | Step  797] Phase: 4  | Cross: 0.0 | MeanDist: 0.513m | Straight A/B: 0.718 / 0.842 | Sep: ❌
[Ep 2/5 | Step  798] Phase: 4  | Cross: 0.0 | MeanDist: 0.512m | Straight A/B: 0.517 / 0.842 | Sep: ❌
[Ep 2/5 | Step  799] Phase: 4  | Cross: 0.0 | MeanDist: 0.510m | Straight A/B: 1.141 / 0.842 | Sep: ❌
[Ep 2/5 | Step  800] Phase: 4  | Cross: 0.0 | MeanDist: 0.509m | Straight A/B: 1.118 / 0.842 | Sep: ❌
  [ep 0/1, attempt 1] step 801/2000  terminated=False  truncated=False
[Ep 2/5 | Step  801] Phase: 4  | Cross: 0.0 | MeanDist: 0.507m | Straight A/B: 0.669 / 0.842 | Sep: ❌
[Ep 2/5 | Step  802] Phase: 4  | Cross: 0.0 | MeanDist: 0.505m | Straight A/B: 0.340 / 0.842 | Sep: ❌
[Ep 2/5 | Step  803] Phase: 4  | Cross: 0.0 | MeanDist: 0.503m | Straight A/B: 0.067 / 0.842 | Sep: ❌
[Ep 2/5 | Step  804] Phase: 4  | Cross: 0.0 | MeanDist: 0.497m | Straight A/B: 0.054 / 0.842 | Sep: ❌
[Ep 2/5 | Step  805] Phase: 4  | Cross: 0.0 | MeanDist: 0.492m | Straight A/B: 0.067 / 0.842 | Sep: ❌
[Ep 2/5 | Step  806] Phase: 4  | Cross: 0.0 | MeanDist: 0.487m | Straight A/B: 0.085 / 0.842 | Sep: ❌
[Ep 2/5 | Step  807] Phase: 4  | Cross: 0.0 | MeanDist: 0.485m | Straight A/B: 0.100 / 0.842 | Sep: ❌
[Ep 2/5 | Step  808] Phase: 4  | Cross: 0.0 | MeanDist: 0.484m | Straight A/B: 0.129 / 0.842 | Sep: ❌
[Ep 2/5 | Step  809] Phase: 4  | Cross: 0.0 | MeanDist: 0.483m | Straight A/B: 0.196 / 0.842 | Sep: ❌
[Ep 2/5 | Step  810] Phase: 4  | Cross: 0.0 | MeanDist: 0.484m | Straight A/B: 0.172 / 0.842 | Sep: ❌
[Ep 2/5 | Step  811] Phase: 4  | Cross: 0.0 | MeanDist: 0.486m | Straight A/B: 0.172 / 0.842 | Sep: ❌
[Ep 2/5 | Step  812] Phase: 4  | Cross: 0.0 | MeanDist: 0.489m | Straight A/B: 0.129 / 0.842 | Sep: ❌
[Ep 2/5 | Step  813] Phase: 4  | Cross: 0.0 | MeanDist: 0.492m | Straight A/B: 0.194 / 0.842 | Sep: ❌
[Ep 2/5 | Step  814] Phase: 5  | Cross: 0.0 | MeanDist: 0.496m | Straight A/B: 0.126 / 0.842 | Sep: ❌
[Ep 2/5 | Step  815] Phase: 5  | Cross: 0.0 | MeanDist: 0.498m | Straight A/B: 0.109 / 0.842 | Sep: ❌
[Ep 2/5 | Step  816] Phase: 5  | Cross: 0.0 | MeanDist: 0.497m | Straight A/B: 0.108 / 0.842 | Sep: ❌
[Ep 2/5 | Step  817] Phase: 5  | Cross: 0.0 | MeanDist: 0.497m | Straight A/B: 0.129 / 0.842 | Sep: ❌
[Ep 2/5 | Step  818] Phase: 5  | Cross: 0.0 | MeanDist: 0.497m | Straight A/B: 0.120 / 0.842 | Sep: ❌
[Ep 2/5 | Step  819] Phase: 5  | Cross: 0.0 | MeanDist: 0.497m | Straight A/B: 0.119 / 0.842 | Sep: ❌
[Ep 2/5 | Step  820] Phase: 5  | Cross: 0.0 | MeanDist: 0.497m | Straight A/B: 0.135 / 0.842 | Sep: ❌
[Ep 2/5 | Step  821] Phase: 5  | Cross: 0.0 | MeanDist: 0.498m | Straight A/B: 0.134 / 0.842 | Sep: ❌
[Ep 2/5 | Step  822] Phase: 5  | Cross: 0.0 | MeanDist: 0.498m | Straight A/B: 0.143 / 0.842 | Sep: ❌
[Ep 2/5 | Step  823] Phase: 5  | Cross: 0.0 | MeanDist: 0.499m | Straight A/B: 0.143 / 0.842 | Sep: ❌
[Ep 2/5 | Step  824] Phase: 5  | Cross: 0.0 | MeanDist: 0.499m | Straight A/B: 0.118 / 0.842 | Sep: ❌
[Ep 2/5 | Step  825] Phase: 5  | Cross: 0.0 | MeanDist: 0.499m | Straight A/B: 0.118 / 0.842 | Sep: ❌
[Ep 2/5 | Step  826] Phase: 5  | Cross: 0.0 | MeanDist: 0.499m | Straight A/B: 0.125 / 0.842 | Sep: ❌
[Ep 2/5 | Step  827] Phase: 5  | Cross: 0.0 | MeanDist: 0.499m | Straight A/B: 0.125 / 0.842 | Sep: ❌
[Ep 2/5 | Step  828] Phase: 5  | Cross: 0.0 | MeanDist: 0.498m | Straight A/B: 0.118 / 0.842 | Sep: ❌
[Ep 2/5 | Step  829] Phase: 5  | Cross: 0.0 | MeanDist: 0.497m | Straight A/B: 0.142 / 0.842 | Sep: ❌
[Ep 2/5 | Step  830] Phase: 6  | Cross: 0.0 | MeanDist: 0.497m | Straight A/B: 0.143 / 0.842 | Sep: ❌
DEBUG: [Phase 6] Local escape field enabled. Tangle core: [0.043157   0.15474336], Escape direction: [-0.98054528 -0.19629304]
DEBUG: [Phase 6] Target set at: [-0.05000002  0.55      ] (pull_dist: 0.15m)
DEBUG: [Phase 6] Pull target reached. Release.
[Ep 2/5 | Step  831] Phase: 8  | Cross: 0.0 | MeanDist: 0.496m | Straight A/B: 0.180 / 0.842 | Sep: ❌
[Ep 2/5 | Step  832] Phase: 8  | Cross: 0.0 | MeanDist: 0.493m | Straight A/B: 0.183 / 0.842 | Sep: ❌
[Ep 2/5 | Step  833] Phase: 8  | Cross: 0.0 | MeanDist: 0.485m | Straight A/B: 0.184 / 0.842 | Sep: ❌
[Ep 2/5 | Step  834] Phase: 8  | Cross: 0.0 | MeanDist: 0.476m | Straight A/B: 0.175 / 0.842 | Sep: ❌
[Ep 2/5 | Step  835] Phase: 8  | Cross: 0.0 | MeanDist: 0.471m | Straight A/B: 0.227 / 0.842 | Sep: ❌
[Ep 2/5 | Step  836] Phase: 8  | Cross: 0.0 | MeanDist: 0.471m | Straight A/B: 0.224 / 0.842 | Sep: ❌
[Ep 2/5 | Step  837] Phase: 8  | Cross: 0.0 | MeanDist: 0.474m | Straight A/B: 0.213 / 0.842 | Sep: ❌
[Ep 2/5 | Step  838] Phase: 8  | Cross: 0.0 | MeanDist: 0.476m | Straight A/B: 0.247 / 0.842 | Sep: ❌
[Ep 2/5 | Step  839] Phase: 8  | Cross: 0.0 | MeanDist: 0.480m | Straight A/B: 0.286 / 0.842 | Sep: ❌
[Ep 2/5 | Step  840] Phase: 8  | Cross: 0.0 | MeanDist: 0.486m | Straight A/B: 0.290 / 0.842 | Sep: ❌
[Ep 2/5 | Step  841] Phase: 8  | Cross: 0.0 | MeanDist: 0.493m | Straight A/B: 0.411 / 0.842 | Sep: ❌
[Ep 2/5 | Step  842] Phase: 8  | Cross: 0.0 | MeanDist: 0.502m | Straight A/B: 0.449 / 0.842 | Sep: ❌
[Ep 2/5 | Step  843] Phase: 8  | Cross: 0.0 | MeanDist: 0.513m | Straight A/B: 0.531 / 0.842 | Sep: ❌
[Ep 2/5 | Step  844] Phase: 8  | Cross: 0.0 | MeanDist: 0.524m | Straight A/B: 0.648 / 0.842 | Sep: ❌
[Ep 2/5 | Step  845] Phase: 8  | Cross: 0.0 | MeanDist: 0.523m | Straight A/B: 0.650 / 0.842 | Sep: ❌
[Ep 2/5 | Step  846] Phase: 8  | Cross: 0.0 | MeanDist: 0.523m | Straight A/B: 0.656 / 0.842 | Sep: ❌
[Ep 2/5 | Step  847] Phase: 8  | Cross: 0.0 | MeanDist: 0.523m | Straight A/B: 0.660 / 0.842 | Sep: ❌
[Ep 2/5 | Step  848] Phase: 8  | Cross: 0.0 | MeanDist: 0.523m | Straight A/B: 0.657 / 0.842 | Sep: ❌
[Ep 2/5 | Step  849] Phase: 8  | Cross: 0.0 | MeanDist: 0.523m | Straight A/B: 0.656 / 0.842 | Sep: ❌
[Ep 2/5 | Step  850] Phase: 8  | Cross: 0.0 | MeanDist: 0.523m | Straight A/B: 0.655 / 0.842 | Sep: ❌
[Ep 2/5 | Step  851] Phase: 8  | Cross: 0.0 | MeanDist: 0.523m | Straight A/B: 0.653 / 0.842 | Sep: ❌
[Ep 2/5 | Step  852] Phase: 8  | Cross: 0.0 | MeanDist: 0.523m | Straight A/B: 0.652 / 0.842 | Sep: ❌
[Ep 2/5 | Step  853] Phase: 8  | Cross: 0.0 | MeanDist: 0.523m | Straight A/B: 0.649 / 0.842 | Sep: ❌
[Ep 2/5 | Step  854] Phase: 8  | Cross: 0.0 | MeanDist: 0.523m | Straight A/B: 0.647 / 0.842 | Sep: ❌
[Ep 2/5 | Step  855] Phase: 8  | Cross: 0.0 | MeanDist: 0.523m | Straight A/B: 0.647 / 0.842 | Sep: ❌
[Ep 2/5 | Step  856] Phase: 8  | Cross: 0.0 | MeanDist: 0.523m | Straight A/B: 0.646 / 0.842 | Sep: ❌
[Ep 2/5 | Step  857] Phase: 8  | Cross: 0.0 | MeanDist: 0.524m | Straight A/B: 0.646 / 0.842 | Sep: ❌
[Ep 2/5 | Step  858] Phase: 8  | Cross: 0.0 | MeanDist: 0.524m | Straight A/B: 0.646 / 0.842 | Sep: ❌
[Ep 2/5 | Step  859] Phase: 8  | Cross: 0.0 | MeanDist: 0.524m | Straight A/B: 0.646 / 0.842 | Sep: ❌
[Ep 2/5 | Step  860] Phase: 8  | Cross: 0.0 | MeanDist: 0.524m | Straight A/B: 0.646 / 0.842 | Sep: ❌
[Ep 2/5 | Step  861] Phase: 8  | Cross: 0.0 | MeanDist: 0.524m | Straight A/B: 0.646 / 0.842 | Sep: ❌
[Ep 2/5 | Step  862] Phase: 8  | Cross: 0.0 | MeanDist: 0.524m | Straight A/B: 0.646 / 0.842 | Sep: ❌
[Ep 2/5 | Step  863] Phase: 8  | Cross: 0.0 | MeanDist: 0.524m | Straight A/B: 0.595 / 0.842 | Sep: ❌
[Ep 2/5 | Step  864] Phase: 8  | Cross: 0.0 | MeanDist: 0.524m | Straight A/B: 0.595 / 0.842 | Sep: ❌
[Ep 2/5 | Step  865] Phase: 8  | Cross: 0.0 | MeanDist: 0.524m | Straight A/B: 0.596 / 0.842 | Sep: ❌
[Ep 2/5 | Step  866] Phase: 8  | Cross: 0.0 | MeanDist: 0.524m | Straight A/B: 0.596 / 0.842 | Sep: ❌
[Ep 2/5 | Step  867] Phase: 8  | Cross: 0.0 | MeanDist: 0.524m | Straight A/B: 0.596 / 0.842 | Sep: ❌
[Ep 2/5 | Step  868] Phase: 8  | Cross: 0.0 | MeanDist: 0.524m | Straight A/B: 0.596 / 0.842 | Sep: ❌
[Ep 2/5 | Step  869] Phase: 8  | Cross: 0.0 | MeanDist: 0.524m | Straight A/B: 0.596 / 0.842 | Sep: ❌
[Ep 2/5 | Step  870] Phase: 8  | Cross: 0.0 | MeanDist: 0.524m | Straight A/B: 0.596 / 0.842 | Sep: ❌
[Ep 2/5 | Step  871] Phase: 8  | Cross: 0.0 | MeanDist: 0.524m | Straight A/B: 0.596 / 0.842 | Sep: ❌
DEBUG: [Phase 8] 落地检查失败 (crossings: 0.0, straightA: 0.596, straightB: 0.842)。判定未完成，打回重做。
[Ep 2/5 | Step  872] Phase: -1 | Cross: 0.0 | MeanDist: 0.524m | Straight A/B: 0.596 / 0.842 | Sep: ❌
DEBUG: [Phase -1] Picked from Cat 5 (Last resort: outside safe arc), closest to sweet spot.
DEBUG: [Phase -1] Locking target: Rope 0, Node 12 | Dist to Center: 0.594m | 净空: 0.447m
[Ep 2/5 | Step  873] Phase: -1 | Cross: 0.0 | MeanDist: 0.524m | Straight A/B: 0.596 / 0.842 | Sep: ❌
DEBUG: [Phase -1] Picked from Cat 5 (Last resort: outside safe arc), closest to sweet spot.
DEBUG: [Phase -1] Locking target: Rope 0, Node 12 | Dist to Center: 0.594m | 净空: 0.447m
[Ep 2/5 | Step  874] Phase: -1 | Cross: 0.0 | MeanDist: 0.524m | Straight A/B: 0.596 / 0.842 | Sep: ❌
DEBUG: [Phase -1] Picked from Cat 5 (Last resort: outside safe arc), closest to sweet spot.
DEBUG: [Phase -1] Locking target: Rope 0, Node 12 | Dist to Center: 0.594m | 净空: 0.447m
[Ep 2/5 | Step  875] Phase: -1 | Cross: 0.0 | MeanDist: 0.524m | Straight A/B: 0.596 / 0.842 | Sep: ❌
DEBUG: [Phase -1] Picked from Cat 5 (Last resort: outside safe arc), closest to sweet spot.
DEBUG: [Phase -1] Locking target: Rope 0, Node 12 | Dist to Center: 0.594m | 净空: 0.447m
[Ep 2/5 | Step  876] Phase: -1 | Cross: 0.0 | MeanDist: 0.524m | Straight A/B: 0.596 / 0.842 | Sep: ❌
DEBUG: [Phase -1] Picked from Cat 5 (Last resort: outside safe arc), closest to sweet spot.
DEBUG: [Phase -1] Locking target: Rope 0, Node 12 | Dist to Center: 0.594m | 净空: 0.447m
[Ep 2/5 | Step  877] Phase: -1 | Cross: 0.0 | MeanDist: 0.524m | Straight A/B: 0.596 / 0.842 | Sep: ❌
DEBUG: [Phase -1] Picked from Cat 5 (Last resort: outside safe arc), closest to sweet spot.
DEBUG: [Phase -1] Locking target: Rope 0, Node 12 | Dist to Center: 0.594m | 净空: 0.447m
[Ep 2/5 | Step  878] Phase: -1 | Cross: 0.0 | MeanDist: 0.524m | Straight A/B: 0.596 / 0.842 | Sep: ❌
DEBUG: [Phase -1] Picked from Cat 5 (Last resort: outside safe arc), closest to sweet spot.
DEBUG: [Phase -1] Locking target: Rope 0, Node 12 | Dist to Center: 0.594m | 净空: 0.447m
[Ep 2/5 | Step  879] Phase: -1 | Cross: 0.0 | MeanDist: 0.524m | Straight A/B: 0.596 / 0.842 | Sep: ❌
DEBUG: [Phase -1] Picked from Cat 5 (Last resort: outside safe arc), closest to sweet spot.
DEBUG: [Phase -1] Locking target: Rope 0, Node 12 | Dist to Center: 0.594m | 净空: 0.447m
[Ep 2/5 | Step  880] Phase: -1 | Cross: 0.0 | MeanDist: 0.524m | Straight A/B: 0.596 / 0.842 | Sep: ❌
DEBUG: [Phase -1] Picked from Cat 5 (Last resort: outside safe arc), closest to sweet spot.
DEBUG: [Phase -1] Locking target: Rope 0, Node 12 | Dist to Center: 0.594m | 净空: 0.447m
[Ep 2/5 | Step  881] Phase: -1 | Cross: 0.0 | MeanDist: 0.524m | Straight A/B: 0.596 / 0.842 | Sep: ❌
DEBUG: [Phase -1] Picked from Cat 5 (Last resort: outside safe arc), closest to sweet spot.
DEBUG: [Phase -1] Locking target: Rope 0, Node 12 | Dist to Center: 0.594m | 净空: 0.447m
[Ep 2/5 | Step  882] Phase: -1 | Cross: 0.0 | MeanDist: 0.524m | Straight A/B: 0.596 / 0.842 | Sep: ❌
DEBUG: [Phase -1] Picked from Cat 5 (Last resort: outside safe arc), closest to sweet spot.
DEBUG: [Phase -1] Locking target: Rope 0, Node 12 | Dist to Center: 0.594m | 净空: 0.447m
[Ep 2/5 | Step  883] Phase: 0  | Cross: 0.0 | MeanDist: 0.524m | Straight A/B: 0.596 / 0.842 | Sep: ❌
[Ep 2/5 | Step  884] Phase: 0  | Cross: 0.0 | MeanDist: 0.524m | Straight A/B: 0.597 / 0.842 | Sep: ❌
[Ep 2/5 | Step  885] Phase: 0  | Cross: 0.0 | MeanDist: 0.524m | Straight A/B: 0.597 / 0.842 | Sep: ❌
[Ep 2/5 | Step  886] Phase: 0  | Cross: 0.0 | MeanDist: 0.524m | Straight A/B: 0.597 / 0.842 | Sep: ❌
[Ep 2/5 | Step  887] Phase: 0  | Cross: 0.0 | MeanDist: 0.524m | Straight A/B: 0.597 / 0.842 | Sep: ❌
[Ep 2/5 | Step  888] Phase: 0  | Cross: 0.0 | MeanDist: 0.524m | Straight A/B: 0.597 / 0.842 | Sep: ❌
[Ep 2/5 | Step  889] Phase: 0  | Cross: 0.0 | MeanDist: 0.524m | Straight A/B: 0.597 / 0.842 | Sep: ❌
[Ep 2/5 | Step  890] Phase: 0  | Cross: 0.0 | MeanDist: 0.524m | Straight A/B: 0.597 / 0.842 | Sep: ❌
[Ep 2/5 | Step  891] Phase: 0  | Cross: 0.0 | MeanDist: 0.524m | Straight A/B: 0.597 / 0.842 | Sep: ❌
[Ep 2/5 | Step  892] Phase: 0  | Cross: 0.0 | MeanDist: 0.524m | Straight A/B: 0.597 / 0.842 | Sep: ❌
[Ep 2/5 | Step  893] Phase: 0  | Cross: 0.0 | MeanDist: 0.524m | Straight A/B: 0.597 / 0.842 | Sep: ❌
[Ep 2/5 | Step  894] Phase: 0  | Cross: 0.0 | MeanDist: 0.524m | Straight A/B: 0.597 / 0.842 | Sep: ❌
[Ep 2/5 | Step  895] Phase: 0  | Cross: 0.0 | MeanDist: 0.524m | Straight A/B: 0.597 / 0.842 | Sep: ❌
[Ep 2/5 | Step  896] Phase: 0  | Cross: 0.0 | MeanDist: 0.524m | Straight A/B: 0.597 / 0.842 | Sep: ❌
[Ep 2/5 | Step  897] Phase: 0  | Cross: 0.0 | MeanDist: 0.524m | Straight A/B: 0.597 / 0.842 | Sep: ❌
DEBUG: aligned. Error: -0.033. Moving to Phase 1.
[Ep 2/5 | Step  898] Phase: 1  | Cross: 0.0 | MeanDist: 0.524m | Straight A/B: 0.597 / 0.842 | Sep: ❌
[Ep 2/5 | Step  899] Phase: 1  | Cross: 0.0 | MeanDist: 0.524m | Straight A/B: 0.597 / 0.842 | Sep: ❌
[Ep 2/5 | Step  900] Phase: 1  | Cross: 0.0 | MeanDist: 0.524m | Straight A/B: 0.597 / 0.842 | Sep: ❌
  [ep 0/1, attempt 1] step 901/2000  terminated=False  truncated=False
[Ep 2/5 | Step  901] Phase: 1  | Cross: 0.0 | MeanDist: 0.524m | Straight A/B: 0.596 / 0.842 | Sep: ❌
[Ep 2/5 | Step  902] Phase: 1  | Cross: 0.0 | MeanDist: 0.524m | Straight A/B: 0.596 / 0.842 | Sep: ❌
[Ep 2/5 | Step  903] Phase: 1  | Cross: 0.0 | MeanDist: 0.524m | Straight A/B: 0.596 / 0.842 | Sep: ❌
[Ep 2/5 | Step  904] Phase: 1  | Cross: 0.0 | MeanDist: 0.524m | Straight A/B: 0.596 / 0.842 | Sep: ❌
[Ep 2/5 | Step  905] Phase: 1  | Cross: 0.0 | MeanDist: 0.524m | Straight A/B: 0.596 / 0.842 | Sep: ❌
[Ep 2/5 | Step  906] Phase: 2  | Cross: 0.0 | MeanDist: 0.524m | Straight A/B: 0.596 / 0.842 | Sep: ❌
[Ep 2/5 | Step  907] Phase: 2  | Cross: 0.0 | MeanDist: 0.524m | Straight A/B: 0.596 / 0.842 | Sep: ❌
[Ep 2/5 | Step  908] Phase: 2  | Cross: 0.0 | MeanDist: 0.524m | Straight A/B: 0.596 / 0.842 | Sep: ❌
[Ep 2/5 | Step  909] Phase: 2  | Cross: 0.0 | MeanDist: 0.524m | Straight A/B: 0.596 / 0.842 | Sep: ❌
[Ep 2/5 | Step  910] Phase: 2  | Cross: 0.0 | MeanDist: 0.524m | Straight A/B: 0.596 / 0.842 | Sep: ❌
[Ep 2/5 | Step  911] Phase: 2  | Cross: 0.0 | MeanDist: 0.524m | Straight A/B: 0.596 / 0.842 | Sep: ❌
[Ep 2/5 | Step  912] Phase: 2  | Cross: 0.0 | MeanDist: 0.524m | Straight A/B: 0.596 / 0.842 | Sep: ❌
[Ep 2/5 | Step  913] Phase: 2  | Cross: 0.0 | MeanDist: 0.524m | Straight A/B: 0.596 / 0.842 | Sep: ❌
[Ep 2/5 | Step  914] Phase: 2  | Cross: 0.0 | MeanDist: 0.524m | Straight A/B: 0.596 / 0.842 | Sep: ❌
[Ep 2/5 | Step  915] Phase: 2  | Cross: 0.0 | MeanDist: 0.524m | Straight A/B: 0.596 / 0.842 | Sep: ❌
[Ep 2/5 | Step  916] Phase: 2  | Cross: 0.0 | MeanDist: 0.524m | Straight A/B: 0.596 / 0.842 | Sep: ❌
[Ep 2/5 | Step  917] Phase: 2  | Cross: 0.0 | MeanDist: 0.524m | Straight A/B: 0.596 / 0.842 | Sep: ❌
[Ep 2/5 | Step  918] Phase: 2  | Cross: 0.0 | MeanDist: 0.524m | Straight A/B: 0.596 / 0.842 | Sep: ❌
[Ep 2/5 | Step  919] Phase: 2  | Cross: 0.0 | MeanDist: 0.524m | Straight A/B: 0.596 / 0.842 | Sep: ❌
[Ep 2/5 | Step  920] Phase: 2  | Cross: 0.0 | MeanDist: 0.524m | Straight A/B: 0.596 / 0.842 | Sep: ❌
[Ep 2/5 | Step  921] Phase: 2  | Cross: 0.0 | MeanDist: 0.524m | Straight A/B: 0.596 / 0.842 | Sep: ❌
[Ep 2/5 | Step  922] Phase: 2  | Cross: 0.0 | MeanDist: 0.524m | Straight A/B: 0.596 / 0.842 | Sep: ❌
[Ep 2/5 | Step  923] Phase: 2  | Cross: 0.0 | MeanDist: 0.524m | Straight A/B: 0.596 / 0.842 | Sep: ❌
[Ep 2/5 | Step  924] Phase: 2  | Cross: 0.0 | MeanDist: 0.524m | Straight A/B: 0.596 / 0.842 | Sep: ❌
[Ep 2/5 | Step  925] Phase: 2  | Cross: 0.0 | MeanDist: 0.524m | Straight A/B: 0.596 / 0.842 | Sep: ❌
[Ep 2/5 | Step  926] Phase: 2  | Cross: 0.0 | MeanDist: 0.524m | Straight A/B: 0.596 / 0.842 | Sep: ❌
[Ep 2/5 | Step  927] Phase: 2  | Cross: 0.0 | MeanDist: 0.524m | Straight A/B: 0.596 / 0.842 | Sep: ❌
[Ep 2/5 | Step  928] Phase: 2  | Cross: 0.0 | MeanDist: 0.524m | Straight A/B: 0.596 / 0.842 | Sep: ❌
[Ep 2/5 | Step  929] Phase: 2  | Cross: 0.0 | MeanDist: 0.524m | Straight A/B: 0.596 / 0.842 | Sep: ❌
[Ep 2/5 | Step  930] Phase: 2  | Cross: 0.0 | MeanDist: 0.524m | Straight A/B: 0.596 / 0.842 | Sep: ❌
[Ep 2/5 | Step  931] Phase: 2  | Cross: 0.0 | MeanDist: 0.524m | Straight A/B: 0.596 / 0.842 | Sep: ❌
[Ep 2/5 | Step  932] Phase: 2  | Cross: 0.0 | MeanDist: 0.524m | Straight A/B: 0.596 / 0.842 | Sep: ❌
[Ep 2/5 | Step  933] Phase: 2  | Cross: 0.0 | MeanDist: 0.524m | Straight A/B: 0.596 / 0.842 | Sep: ❌
[Ep 2/5 | Step  934] Phase: 2  | Cross: 0.0 | MeanDist: 0.524m | Straight A/B: 0.596 / 0.842 | Sep: ❌
[Ep 2/5 | Step  935] Phase: 2  | Cross: 0.0 | MeanDist: 0.524m | Straight A/B: 0.596 / 0.842 | Sep: ❌
[Ep 2/5 | Step  936] Phase: 2  | Cross: 0.0 | MeanDist: 0.524m | Straight A/B: 0.596 / 0.842 | Sep: ❌
[Ep 2/5 | Step  937] Phase: 2  | Cross: 0.0 | MeanDist: 0.524m | Straight A/B: 0.596 / 0.842 | Sep: ❌
[Ep 2/5 | Step  938] Phase: 2  | Cross: 0.0 | MeanDist: 0.524m | Straight A/B: 0.596 / 0.842 | Sep: ❌
[Ep 2/5 | Step  939] Phase: 2  | Cross: 0.0 | MeanDist: 0.524m | Straight A/B: 0.596 / 0.842 | Sep: ❌
[Ep 2/5 | Step  940] Phase: 2  | Cross: 0.0 | MeanDist: 0.524m | Straight A/B: 0.596 / 0.842 | Sep: ❌
[Ep 2/5 | Step  941] Phase: 2  | Cross: 0.0 | MeanDist: 0.524m | Straight A/B: 0.596 / 0.842 | Sep: ❌
[Ep 2/5 | Step  942] Phase: 2  | Cross: 0.0 | MeanDist: 0.524m | Straight A/B: 0.596 / 0.842 | Sep: ❌
[Ep 2/5 | Step  943] Phase: 2  | Cross: 0.0 | MeanDist: 0.524m | Straight A/B: 0.596 / 0.842 | Sep: ❌
[Ep 2/5 | Step  944] Phase: 2  | Cross: 0.0 | MeanDist: 0.524m | Straight A/B: 0.596 / 0.842 | Sep: ❌
[Ep 2/5 | Step  945] Phase: 2  | Cross: 0.0 | MeanDist: 0.524m | Straight A/B: 0.596 / 0.842 | Sep: ❌
[Ep 2/5 | Step  946] Phase: 2  | Cross: 0.0 | MeanDist: 0.524m | Straight A/B: 0.596 / 0.842 | Sep: ❌
[Ep 2/5 | Step  947] Phase: 2  | Cross: 0.0 | MeanDist: 0.524m | Straight A/B: 0.596 / 0.842 | Sep: ❌
[Ep 2/5 | Step  948] Phase: 2  | Cross: 0.0 | MeanDist: 0.524m | Straight A/B: 0.596 / 0.842 | Sep: ❌
[Ep 2/5 | Step  949] Phase: 2  | Cross: 0.0 | MeanDist: 0.524m | Straight A/B: 0.596 / 0.842 | Sep: ❌
[Ep 2/5 | Step  950] Phase: 2  | Cross: 0.0 | MeanDist: 0.524m | Straight A/B: 0.596 / 0.842 | Sep: ❌
[Ep 2/5 | Step  951] Phase: 2  | Cross: 0.0 | MeanDist: 0.524m | Straight A/B: 0.596 / 0.842 | Sep: ❌
[Ep 2/5 | Step  952] Phase: 2  | Cross: 0.0 | MeanDist: 0.524m | Straight A/B: 0.596 / 0.842 | Sep: ❌
[Ep 2/5 | Step  953] Phase: 2  | Cross: 0.0 | MeanDist: 0.524m | Straight A/B: 0.596 / 0.842 | Sep: ❌
[Ep 2/5 | Step  954] Phase: 2  | Cross: 0.0 | MeanDist: 0.524m | Straight A/B: 0.596 / 0.842 | Sep: ❌
[Ep 2/5 | Step  955] Phase: 2  | Cross: 0.0 | MeanDist: 0.524m | Straight A/B: 0.596 / 0.842 | Sep: ❌
[Ep 2/5 | Step  956] Phase: 3  | Cross: 0.0 | MeanDist: 0.524m | Straight A/B: 0.596 / 0.842 | Sep: ❌
[Ep 2/5 | Step  957] Phase: 3  | Cross: 0.0 | MeanDist: 0.524m | Straight A/B: 0.596 / 0.842 | Sep: ❌
[Ep 2/5 | Step  958] Phase: 3  | Cross: 0.0 | MeanDist: 0.524m | Straight A/B: 0.596 / 0.842 | Sep: ❌
[Ep 2/5 | Step  959] Phase: 3  | Cross: 0.0 | MeanDist: 0.525m | Straight A/B: 0.595 / 0.842 | Sep: ❌
[Ep 2/5 | Step  960] Phase: 3  | Cross: 0.0 | MeanDist: 0.525m | Straight A/B: 0.595 / 0.842 | Sep: ❌
[Ep 2/5 | Step  961] Phase: 3  | Cross: 0.0 | MeanDist: 0.525m | Straight A/B: 0.594 / 0.842 | Sep: ❌
[Ep 2/5 | Step  962] Phase: 3  | Cross: 0.0 | MeanDist: 0.525m | Straight A/B: 0.594 / 0.842 | Sep: ❌
[Ep 2/5 | Step  963] Phase: 3  | Cross: 0.0 | MeanDist: 0.526m | Straight A/B: 0.594 / 0.842 | Sep: ❌
[Ep 2/5 | Step  964] Phase: 3  | Cross: 0.0 | MeanDist: 0.526m | Straight A/B: 0.594 / 0.842 | Sep: ❌
[Ep 2/5 | Step  965] Phase: 3  | Cross: 0.0 | MeanDist: 0.526m | Straight A/B: 0.594 / 0.842 | Sep: ❌
[Ep 2/5 | Step  966] Phase: 3  | Cross: 0.0 | MeanDist: 0.526m | Straight A/B: 0.593 / 0.842 | Sep: ❌
[Ep 2/5 | Step  967] Phase: 3  | Cross: 0.0 | MeanDist: 0.526m | Straight A/B: 0.593 / 0.842 | Sep: ❌
[Ep 2/5 | Step  968] Phase: 3  | Cross: 0.0 | MeanDist: 0.526m | Straight A/B: 0.593 / 0.842 | Sep: ❌
[Ep 2/5 | Step  969] Phase: 3  | Cross: 0.0 | MeanDist: 0.526m | Straight A/B: 0.593 / 0.842 | Sep: ❌
[Ep 2/5 | Step  970] Phase: 3  | Cross: 0.0 | MeanDist: 0.526m | Straight A/B: 0.593 / 0.842 | Sep: ❌
[Ep 2/5 | Step  971] Phase: 3  | Cross: 0.0 | MeanDist: 0.526m | Straight A/B: 0.593 / 0.842 | Sep: ❌
[Ep 2/5 | Step  972] Phase: 3  | Cross: 0.0 | MeanDist: 0.526m | Straight A/B: 0.593 / 0.842 | Sep: ❌
[Ep 2/5 | Step  973] Phase: 3  | Cross: 0.0 | MeanDist: 0.526m | Straight A/B: 0.593 / 0.842 | Sep: ❌
[Ep 2/5 | Step  974] Phase: 3  | Cross: 0.0 | MeanDist: 0.526m | Straight A/B: 0.593 / 0.842 | Sep: ❌
[Ep 2/5 | Step  975] Phase: 3  | Cross: 0.0 | MeanDist: 0.526m | Straight A/B: 0.593 / 0.842 | Sep: ❌
[Ep 2/5 | Step  976] Phase: 3  | Cross: 0.0 | MeanDist: 0.526m | Straight A/B: 0.593 / 0.842 | Sep: ❌
[Ep 2/5 | Step  977] Phase: 4  | Cross: 0.0 | MeanDist: 0.526m | Straight A/B: 0.593 / 0.842 | Sep: ❌
[Ep 2/5 | Step  978] Phase: 4  | Cross: 0.0 | MeanDist: 0.526m | Straight A/B: 0.593 / 0.842 | Sep: ❌
[Ep 2/5 | Step  979] Phase: 4  | Cross: 0.0 | MeanDist: 0.526m | Straight A/B: 0.593 / 0.842 | Sep: ❌
[Ep 2/5 | Step  980] Phase: 4  | Cross: 0.0 | MeanDist: 0.526m | Straight A/B: 0.592 / 0.842 | Sep: ❌
[Ep 2/5 | Step  981] Phase: 4  | Cross: 0.0 | MeanDist: 0.526m | Straight A/B: 0.591 / 0.842 | Sep: ❌
[Ep 2/5 | Step  982] Phase: 4  | Cross: 0.0 | MeanDist: 0.527m | Straight A/B: 0.590 / 0.842 | Sep: ❌
[Ep 2/5 | Step  983] Phase: 4  | Cross: 0.0 | MeanDist: 0.527m | Straight A/B: 0.589 / 0.842 | Sep: ❌
[Ep 2/5 | Step  984] Phase: 4  | Cross: 0.0 | MeanDist: 0.528m | Straight A/B: 0.587 / 0.842 | Sep: ❌
[Ep 2/5 | Step  985] Phase: 4  | Cross: 0.0 | MeanDist: 0.528m | Straight A/B: 0.585 / 0.842 | Sep: ❌
[Ep 2/5 | Step  986] Phase: 4  | Cross: 0.0 | MeanDist: 0.529m | Straight A/B: 0.583 / 0.842 | Sep: ❌
[Ep 2/5 | Step  987] Phase: 4  | Cross: 0.0 | MeanDist: 0.530m | Straight A/B: 0.581 / 0.842 | Sep: ❌
[Ep 2/5 | Step  988] Phase: 4  | Cross: 0.0 | MeanDist: 0.531m | Straight A/B: 0.579 / 0.842 | Sep: ❌
[Ep 2/5 | Step  989] Phase: 4  | Cross: 0.0 | MeanDist: 0.532m | Straight A/B: 0.576 / 0.842 | Sep: ❌
[Ep 2/5 | Step  990] Phase: 4  | Cross: 0.0 | MeanDist: 0.533m | Straight A/B: 0.573 / 0.842 | Sep: ❌
[Ep 2/5 | Step  991] Phase: 4  | Cross: 0.0 | MeanDist: 0.534m | Straight A/B: 0.571 / 0.842 | Sep: ❌
[Ep 2/5 | Step  992] Phase: 4  | Cross: 0.0 | MeanDist: 0.535m | Straight A/B: 0.568 / 0.842 | Sep: ❌
[Ep 2/5 | Step  993] Phase: 4  | Cross: 0.0 | MeanDist: 0.536m | Straight A/B: 0.565 / 0.842 | Sep: ❌
[Ep 2/5 | Step  994] Phase: 4  | Cross: 0.0 | MeanDist: 0.537m | Straight A/B: 0.562 / 0.842 | Sep: ❌
[Ep 2/5 | Step  995] Phase: 4  | Cross: 0.0 | MeanDist: 0.538m | Straight A/B: 0.559 / 0.842 | Sep: ❌
[Ep 2/5 | Step  996] Phase: 4  | Cross: 0.0 | MeanDist: 0.540m | Straight A/B: 0.556 / 0.842 | Sep: ❌
[Ep 2/5 | Step  997] Phase: 4  | Cross: 0.0 | MeanDist: 0.541m | Straight A/B: 0.554 / 0.842 | Sep: ❌
[Ep 2/5 | Step  998] Phase: 4  | Cross: 0.0 | MeanDist: 0.542m | Straight A/B: 0.551 / 0.842 | Sep: ❌
[Ep 2/5 | Step  999] Phase: 4  | Cross: 0.0 | MeanDist: 0.544m | Straight A/B: 0.548 / 0.842 | Sep: ❌
[Ep 2/5 | Step 1000] Phase: 4  | Cross: 0.0 | MeanDist: 0.545m | Straight A/B: 0.545 / 0.842 | Sep: ❌
  [ep 0/1, attempt 1] step 1001/2000  terminated=False  truncated=False
[Ep 2/5 | Step 1001] Phase: 4  | Cross: 0.0 | MeanDist: 0.546m | Straight A/B: 0.543 / 0.842 | Sep: ❌
[Ep 2/5 | Step 1002] Phase: 4  | Cross: 0.0 | MeanDist: 0.548m | Straight A/B: 0.540 / 0.842 | Sep: ❌
[Ep 2/5 | Step 1003] Phase: 4  | Cross: 0.0 | MeanDist: 0.549m | Straight A/B: 0.537 / 0.842 | Sep: ❌
[Ep 2/5 | Step 1004] Phase: 4  | Cross: 0.0 | MeanDist: 0.551m | Straight A/B: 0.535 / 0.842 | Sep: ❌
[Ep 2/5 | Step 1005] Phase: 4  | Cross: 0.0 | MeanDist: 0.552m | Straight A/B: 0.533 / 0.842 | Sep: ❌
[Ep 2/5 | Step 1006] Phase: 4  | Cross: 0.0 | MeanDist: 0.554m | Straight A/B: 0.530 / 0.842 | Sep: ❌
[Ep 2/5 | Step 1007] Phase: 4  | Cross: 0.0 | MeanDist: 0.555m | Straight A/B: 0.528 / 0.842 | Sep: ❌
[Ep 2/5 | Step 1008] Phase: 4  | Cross: 0.0 | MeanDist: 0.557m | Straight A/B: 0.526 / 0.842 | Sep: ❌
[Ep 2/5 | Step 1009] Phase: 4  | Cross: 0.0 | MeanDist: 0.558m | Straight A/B: 0.524 / 0.842 | Sep: ❌
[Ep 2/5 | Step 1010] Phase: 4  | Cross: 0.0 | MeanDist: 0.560m | Straight A/B: 0.523 / 0.842 | Sep: ❌
[Ep 2/5 | Step 1011] Phase: 4  | Cross: 0.0 | MeanDist: 0.561m | Straight A/B: 0.521 / 0.842 | Sep: ❌
[Ep 2/5 | Step 1012] Phase: 4  | Cross: 0.0 | MeanDist: 0.563m | Straight A/B: 0.611 / 0.842 | Sep: ❌
[Ep 2/5 | Step 1013] Phase: 4  | Cross: 0.0 | MeanDist: 0.565m | Straight A/B: 0.610 / 0.842 | Sep: ❌
[Ep 2/5 | Step 1014] Phase: 4  | Cross: 0.0 | MeanDist: 0.566m | Straight A/B: 0.609 / 0.842 | Sep: ❌
[Ep 2/5 | Step 1015] Phase: 4  | Cross: 0.0 | MeanDist: 0.568m | Straight A/B: 0.546 / 0.842 | Sep: ❌
[Ep 2/5 | Step 1016] Phase: 4  | Cross: 0.0 | MeanDist: 0.570m | Straight A/B: 0.543 / 0.842 | Sep: ❌
[Ep 2/5 | Step 1017] Phase: 4  | Cross: 0.0 | MeanDist: 0.571m | Straight A/B: 0.540 / 0.842 | Sep: ❌
[Ep 2/5 | Step 1018] Phase: 4  | Cross: 0.0 | MeanDist: 0.573m | Straight A/B: 0.331 / 0.842 | Sep: ❌
[Ep 2/5 | Step 1019] Phase: 4  | Cross: 0.0 | MeanDist: 0.575m | Straight A/B: 0.393 / 0.842 | Sep: ❌
[Ep 2/5 | Step 1020] Phase: 4  | Cross: 0.0 | MeanDist: 0.577m | Straight A/B: 0.415 / 0.842 | Sep: ❌
[Ep 2/5 | Step 1021] Phase: 4  | Cross: 0.0 | MeanDist: 0.578m | Straight A/B: 0.378 / 0.842 | Sep: ❌
[Ep 2/5 | Step 1022] Phase: 4  | Cross: 0.0 | MeanDist: 0.579m | Straight A/B: 0.234 / 0.842 | Sep: ❌
[Ep 2/5 | Step 1023] Phase: 4  | Cross: 0.0 | MeanDist: 0.580m | Straight A/B: 0.242 / 0.842 | Sep: ❌
[Ep 2/5 | Step 1024] Phase: 4  | Cross: 0.0 | MeanDist: 0.581m | Straight A/B: 0.266 / 0.842 | Sep: ❌
[Ep 2/5 | Step 1025] Phase: 4  | Cross: 0.0 | MeanDist: 0.581m | Straight A/B: 0.268 / 0.842 | Sep: ❌
[Ep 2/5 | Step 1026] Phase: 4  | Cross: 0.0 | MeanDist: 0.582m | Straight A/B: 0.373 / 0.842 | Sep: ❌
[Ep 2/5 | Step 1027] Phase: 4  | Cross: 0.0 | MeanDist: 0.582m | Straight A/B: 0.376 / 0.842 | Sep: ❌
[Ep 2/5 | Step 1028] Phase: 4  | Cross: 0.0 | MeanDist: 0.582m | Straight A/B: 0.379 / 0.842 | Sep: ❌
[Ep 2/5 | Step 1029] Phase: 4  | Cross: 0.0 | MeanDist: 0.581m | Straight A/B: 0.382 / 0.842 | Sep: ❌
[Ep 2/5 | Step 1030] Phase: 4  | Cross: 0.0 | MeanDist: 0.581m | Straight A/B: 0.385 / 0.842 | Sep: ❌
[Ep 2/5 | Step 1031] Phase: 4  | Cross: 0.0 | MeanDist: 0.580m | Straight A/B: 0.387 / 0.842 | Sep: ❌
[Ep 2/5 | Step 1032] Phase: 4  | Cross: 0.0 | MeanDist: 0.580m | Straight A/B: 0.365 / 0.842 | Sep: ❌
[Ep 2/5 | Step 1033] Phase: 5  | Cross: 0.0 | MeanDist: 0.579m | Straight A/B: 0.367 / 0.842 | Sep: ❌
[Ep 2/5 | Step 1034] Phase: 5  | Cross: 0.0 | MeanDist: 0.579m | Straight A/B: 0.367 / 0.842 | Sep: ❌
[Ep 2/5 | Step 1035] Phase: 5  | Cross: 0.0 | MeanDist: 0.578m | Straight A/B: 0.367 / 0.842 | Sep: ❌
[Ep 2/5 | Step 1036] Phase: 5  | Cross: 0.0 | MeanDist: 0.578m | Straight A/B: 0.368 / 0.842 | Sep: ❌
[Ep 2/5 | Step 1037] Phase: 5  | Cross: 0.0 | MeanDist: 0.578m | Straight A/B: 0.368 / 0.842 | Sep: ❌
[Ep 2/5 | Step 1038] Phase: 5  | Cross: 0.0 | MeanDist: 0.577m | Straight A/B: 0.369 / 0.842 | Sep: ❌
[Ep 2/5 | Step 1039] Phase: 5  | Cross: 0.0 | MeanDist: 0.577m | Straight A/B: 0.369 / 0.842 | Sep: ❌
[Ep 2/5 | Step 1040] Phase: 5  | Cross: 0.0 | MeanDist: 0.577m | Straight A/B: 0.370 / 0.842 | Sep: ❌
[Ep 2/5 | Step 1041] Phase: 5  | Cross: 0.0 | MeanDist: 0.577m | Straight A/B: 0.370 / 0.842 | Sep: ❌
[Ep 2/5 | Step 1042] Phase: 5  | Cross: 0.0 | MeanDist: 0.577m | Straight A/B: 0.370 / 0.842 | Sep: ❌
[Ep 2/5 | Step 1043] Phase: 5  | Cross: 0.0 | MeanDist: 0.577m | Straight A/B: 0.370 / 0.842 | Sep: ❌
[Ep 2/5 | Step 1044] Phase: 5  | Cross: 0.0 | MeanDist: 0.576m | Straight A/B: 0.370 / 0.842 | Sep: ❌
[Ep 2/5 | Step 1045] Phase: 5  | Cross: 0.0 | MeanDist: 0.576m | Straight A/B: 0.370 / 0.842 | Sep: ❌
[Ep 2/5 | Step 1046] Phase: 5  | Cross: 0.0 | MeanDist: 0.576m | Straight A/B: 0.370 / 0.842 | Sep: ❌
[Ep 2/5 | Step 1047] Phase: 5  | Cross: 0.0 | MeanDist: 0.576m | Straight A/B: 0.370 / 0.842 | Sep: ❌
[Ep 2/5 | Step 1048] Phase: 5  | Cross: 0.0 | MeanDist: 0.576m | Straight A/B: 0.370 / 0.842 | Sep: ❌
[Ep 2/5 | Step 1049] Phase: 6  | Cross: 0.0 | MeanDist: 0.576m | Straight A/B: 0.370 / 0.842 | Sep: ❌
DEBUG: [Phase 6] Local escape field enabled. Tangle core: [0.04316738 0.15473516], Escape direction: [-0.9986564  -0.05182077]
DEBUG: [Phase 6] Target set at: [-0.05000002  0.55      ] (pull_dist: 0.15m)
[Ep 2/5 | Step 1050] Phase: 6  | Cross: 0.0 | MeanDist: 0.574m | Straight A/B: 0.373 / 0.842 | Sep: ❌
[Ep 2/5 | Step 1051] Phase: 6  | Cross: 0.0 | MeanDist: 0.571m | Straight A/B: 0.375 / 0.842 | Sep: ❌
[Ep 2/5 | Step 1052] Phase: 6  | Cross: 0.0 | MeanDist: 0.567m | Straight A/B: 0.378 / 0.842 | Sep: ❌
[Ep 2/5 | Step 1053] Phase: 6  | Cross: 0.0 | MeanDist: 0.562m | Straight A/B: 0.906 / 0.842 | Sep: ❌
DEBUG: [Phase 6] Soft goal reached (mean_nn: 0.562).
[Ep 2/5 | Step 1054] Phase: 8  | Cross: 0.0 | MeanDist: 0.560m | Straight A/B: 0.891 / 0.842 | Sep: ✅
[Ep 2/5 | Step 1055] Phase: 8  | Cross: 0.0 | MeanDist: 0.555m | Straight A/B: 0.324 / 0.842 | Sep: ❌
[Ep 2/5 | Step 1056] Phase: 8  | Cross: 0.0 | MeanDist: 0.542m | Straight A/B: 0.287 / 0.842 | Sep: ❌
[Ep 2/5 | Step 1057] Phase: 8  | Cross: 0.0 | MeanDist: 0.522m | Straight A/B: 0.293 / 0.842 | Sep: ❌
[Ep 2/5 | Step 1058] Phase: 8  | Cross: 0.0 | MeanDist: 0.498m | Straight A/B: 0.438 / 0.842 | Sep: ❌
[Ep 2/5 | Step 1059] Phase: 8  | Cross: 0.0 | MeanDist: 0.470m | Straight A/B: 0.596 / 0.842 | Sep: ❌
[Ep 2/5 | Step 1060] Phase: 8  | Cross: 0.0 | MeanDist: 0.439m | Straight A/B: 0.655 / 0.842 | Sep: ❌
[Ep 2/5 | Step 1061] Phase: 8  | Cross: 0.0 | MeanDist: 0.407m | Straight A/B: 0.541 / 0.842 | Sep: ❌
[Ep 2/5 | Step 1062] Phase: 8  | Cross: 0.0 | MeanDist: 0.380m | Straight A/B: 0.754 / 0.842 | Sep: ✅
[Ep 2/5 | Step 1063] Phase: 8  | Cross: 0.0 | MeanDist: 0.368m | Straight A/B: 0.794 / 0.842 | Sep: ✅
[Ep 2/5 | Step 1064] Phase: 8  | Cross: 0.0 | MeanDist: 0.367m | Straight A/B: 0.785 / 0.842 | Sep: ✅
[Ep 2/5 | Step 1065] Phase: 8  | Cross: 0.0 | MeanDist: 0.370m | Straight A/B: 0.776 / 0.842 | Sep: ✅
[Ep 2/5 | Step 1066] Phase: 8  | Cross: 0.0 | MeanDist: 0.369m | Straight A/B: 0.792 / 0.842 | Sep: ✅
[Ep 2/5 | Step 1067] Phase: 8  | Cross: 0.0 | MeanDist: 0.370m | Straight A/B: 0.793 / 0.842 | Sep: ✅
[Ep 2/5 | Step 1068] Phase: 8  | Cross: 0.0 | MeanDist: 0.370m | Straight A/B: 0.793 / 0.842 | Sep: ✅
[Ep 2/5 | Step 1069] Phase: 8  | Cross: 0.0 | MeanDist: 0.370m | Straight A/B: 0.793 / 0.842 | Sep: ✅
[Ep 2/5 | Step 1070] Phase: 8  | Cross: 0.0 | MeanDist: 0.370m | Straight A/B: 0.794 / 0.842 | Sep: ✅
[Ep 2/5 | Step 1071] Phase: 8  | Cross: 0.0 | MeanDist: 0.370m | Straight A/B: 0.794 / 0.842 | Sep: ✅
[Ep 2/5 | Step 1072] Phase: 8  | Cross: 0.0 | MeanDist: 0.370m | Straight A/B: 0.795 / 0.842 | Sep: ✅
[Ep 2/5 | Step 1073] Phase: 8  | Cross: 0.0 | MeanDist: 0.370m | Straight A/B: 0.795 / 0.842 | Sep: ✅
[Ep 2/5 | Step 1074] Phase: 8  | Cross: 0.0 | MeanDist: 0.370m | Straight A/B: 0.796 / 0.842 | Sep: ✅
[Ep 2/5 | Step 1075] Phase: 8  | Cross: 0.0 | MeanDist: 0.370m | Straight A/B: 0.796 / 0.842 | Sep: ✅

=======================================================
📊 [Episode Report] 双绳分离透视面板 | Step: 1076/2000
=======================================================
🪢 物理交叉点: 0.0 (要求: 0.0)
📏 平均间距: 0.370m (要求 >= 0.15m)
🥇 绳 A 直线度: 0.796 (要求: >= 0.70)
🥈 绳 B 直线度: 0.842 (要求: >= 0.70)
🤖 机械臂状态: 已释放 (合法)
✂️ 底层分离判定: ✅ 是 (True)
-------------------------------------------------------
🏆 终局裁定: ✅ 绝对成功 (SUCCESS)
=======================================================

  [ep 0/1, attempt 1] step 1077/2000  terminated=True  truncated=False
  [ep 0, attempt 1] Success at step 1077, collected 30 extra steps.
  [Success Rate] overall: 100.0% (1/1) | moving avg (last 1): 100.0%
[ManiLadder Camera] stop_recording target=/mnt/gck_website/maniladder.github.io/generated_demos/SeparateTwoRopesEnv-v1/videos/orbit_camera_ep0.mp4
[38;5;159m[Genesis] [09:01:36] [INFO] Saving video to [38;5;121m"/mnt/gck_website/maniladder.github.io/generated_demos/SeparateTwoRopesEnv-v1/videos/orbit_camera_ep0.mp4"[0m[38;5;159m...[0m
[38;5;159m[Genesis] [09:01:43] [INFO] Video saved.[0m
  Saved video: /mnt/gck_website/maniladder.github.io/generated_demos/SeparateTwoRopesEnv-v1/videos/orbit_camera_ep0.mp4 exists=True
  Videos for episode 0 saved to /mnt/gck_website/maniladder.github.io/generated_demos/SeparateTwoRopesEnv-v1/videos

============================================================
Done. 1 demo trajectories (traj_0..traj_0) saved to /mnt/gck_website/maniladder.github.io/generated_demos
Final   [Success Rate] overall: 100.0% (1/1) | moving avg (last 1): 100.0%
============================================================
[38;5;159m[Genesis] [09:01:43] [INFO] 💤 Exiting Genesis and caching compiled kernels...[0m
[W 09/29/26 09:01:43.869 3916793] [offline_cache.h:run@186] Lock /home/gck/.cache/gstaichi/ticache/kernel_compilation_manager/ticache.lock failed. You can run 'ti cache clean -p /home/gck/.cache/gstaichi/ticache/kernel_compilation_manager' and try again.
[W 09/29/26 09:01:44.070 3916793] [kernel_compilation_manager.cpp:dump@104] Lock /home/gck/.cache/gstaichi/ticache/kernel_compilation_manager/ticache.lock failed. Please run 'ti cache clean -p /home/gck/.cache/gstaichi/ticache/kernel_compilation_manager' and try again.
[W 09/29/26 09:01:44.318 3916793] [ptx_cache.cpp:dump@92] Lock /home/gck/.cache/gstaichi/ticache/ptx_cache/ptxcache.lock failed. Please run 'ti cache clean -p /home/gck/.cache/gstaichi/ticache/ptx_cache' and try again.
