[38;5;159m[Genesis] [08:55:06] [INFO] [38;5;121m╭───────────────────────────────────────────────╮[0m[38;5;159m[0m
[38;5;159m[Genesis] [08:55:06] [INFO] [38;5;121m│┈┉┈┉┈┉┈┉┈┉┈┉┈┉┈┉┈┉┈[0m[38;5;159m [38;5;121m[1m[3mGenesis[0m[38;5;159m [38;5;121m┈┉┈┉┈┉┈┉┈┉┈┉┈┉┈┉┈┉┈│[0m[38;5;159m[0m
[38;5;159m[Genesis] [08:55:06] [INFO] [38;5;121m╰───────────────────────────────────────────────╯[0m[38;5;159m[0m
[W 09/29/26 08:55:07.462 4061840] [ptx_cache.cpp:PtxCache@73] Lock /home/gck/.cache/gstaichi/ticache/ptx_cache/ptxcache.lock failed. Please run 'ti cache clean -p /home/gck/.cache/gstaichi/ticache/ptx_cache' and try again.
[38;5;159m[Genesis] [08:55:07] [INFO] Running on [38;5;121m[4m[NVIDIA A100-SXM4-80GB][0m[38;5;159m with backend [38;5;121m[4mgs.cuda[0m[38;5;159m. Device memory: [38;5;121m[4m79.25[0m[38;5;159m GB.[0m
[38;5;159m[Genesis] [08:55:07] [INFO] 🚀 Genesis initialized. 🔖 version: [38;5;121m[4m0.3.6[0m[38;5;159m, 🎨 theme: [38;5;121m[4mdark[0m[38;5;159m, 🌱 seed: [38;5;121m[4mNone[0m[38;5;159m, 🐛 debug: [38;5;121m[4mFalse[0m[38;5;159m, 📏 precision: [38;5;121m[4m32[0m[38;5;159m, 🏎️ performance: [38;5;121m[4mFalse[0m[38;5;159m, 💬 verbose: [38;5;121m[4mINFO[0m[38;5;159m[0m
[38;5;159m[Genesis] [08:55:09] [INFO] Scene [38;5;121m[3m<cb7c5d5>[0m[38;5;159m created.[0m
[38;5;159m[Genesis] [08:55:09] [INFO] Adding [38;5;121m<gs.RigidEntity>[0m[38;5;159m. idx: [38;5;121m0[0m[38;5;159m, uid: [38;5;121m[3m<f393367>[0m[38;5;159m, morph: [38;5;121m<gs.morphs.MJCF(file='/mnt4/gck/maniladder/maniladder/assets/xml/franka_emika_panda/panda.xml')>[0m[38;5;159m, material: [38;5;121m<gs.materials.Rigid>[0m[38;5;159m.[0m
[38;5;226m[Genesis] [08:55:10] [WARNING] (MJCF) Approximating tendon by joint actuator for `finger_joint1`[0m
[38;5;226m[Genesis] [08:55:10] [WARNING] (MJCF) Actuator control gain and bias parameters cannot be reduced to a unique PD control position gain. Using max between gain and bias for joint `finger_joint1`.[0m
[38;5;226m[Genesis] [08:55:10] [WARNING] (MJCF) Approximating tendon by joint actuator for `finger_joint2`[0m
[38;5;226m[Genesis] [08:55:10] [WARNING] (MJCF) Actuator control gain and bias parameters cannot be reduced to a unique PD control position gain. Using max between gain and bias for joint `finger_joint2`.[0m
[38;5;159m[Genesis] [08:55:10] [INFO] Applying offset to base link's pose with user provided value in morph.[0m
[32m2026-09-29 08:55:10,435 - maniladder  - INFO - only loading the first pose of the given initial pose Pose(raw_pose=tensor([[-0.2000,  0.0000,  0.0000,  0.0000,  0.0000,  3.1416]],
       device='cuda:0')), parallel loading has not been implemented yet.[0m
[38;5;159m[Genesis] [08:55:10] [INFO] Adding [38;5;121m<gs.RigidEntity>[0m[38;5;159m. idx: [38;5;121m1[0m[38;5;159m, uid: [38;5;121m[3m<344f956>[0m[38;5;159m, morph: [38;5;121m<gs.morphs.Mesh(file='/mnt4/gck/maniladder/maniladder/assets/models/table.glb')>[0m[38;5;159m, material: [38;5;121m<gs.materials.Rigid>[0m[38;5;159m.[0m
[38;5;226m[Genesis] [08:55:10] [WARNING] GLTF is using y-up while Genesis uses z-up. Please set parse_glb_with_zup=True in morph options if you find the mesh is 90-degree rotated. We will set parse_glb_with_zup=True and rotate glb mesh by default later and gradually enforce this option.[0m
/data/gck/miniconda3/envs/maniladder/lib/python3.10/site-packages/pygltflib/__init__.py:830: UserWarning: pygltflib currently does not remove image data from the buffer when converting to data uri.Please open an issue at https://gitlab.com/dodgyville/pygltflib/issues
  warnings.warn("pygltflib currently does not remove image data "
[38;5;159m[Genesis] [08:55:10] [INFO] Adding [38;5;121m<gs.RigidEntity>[0m[38;5;159m. idx: [38;5;121m2[0m[38;5;159m, uid: [38;5;121m[3m<7dadbef>[0m[38;5;159m, morph: [38;5;121m<gs.morphs.Box>[0m[38;5;159m, material: [38;5;121m<gs.materials.Rigid>[0m[38;5;159m.[0m
[38;5;159m[Genesis] [08:55:10] [INFO] Adding [38;5;121m<gs.RigidEntity>[0m[38;5;159m. idx: [38;5;121m3[0m[38;5;159m, uid: [38;5;121m[3m<2c74c14>[0m[38;5;159m, morph: [38;5;121m<gs.morphs.Plane>[0m[38;5;159m, material: [38;5;121m<gs.materials.Rigid>[0m[38;5;159m.[0m
[38;5;159m[Genesis] [08:55:10] [INFO] Adding [38;5;121m<gs.RigidEntity>[0m[38;5;159m. idx: [38;5;121m4[0m[38;5;159m, uid: [38;5;121m[3m<14849f4>[0m[38;5;159m, morph: [38;5;121m<gs.morphs.Box>[0m[38;5;159m, material: [38;5;121m<gs.materials.Rigid>[0m[38;5;159m.[0m
[38;5;159m[Genesis] [08:55:10] [INFO] Adding [38;5;121m<gs.RigidEntity>[0m[38;5;159m. idx: [38;5;121m5[0m[38;5;159m, uid: [38;5;121m[3m<2280757>[0m[38;5;159m, morph: [38;5;121m<gs.morphs.Box>[0m[38;5;159m, material: [38;5;121m<gs.materials.Rigid>[0m[38;5;159m.[0m
[38;5;159m[Genesis] [08:55:10] [INFO] Adding [38;5;121m<gs.RigidEntity>[0m[38;5;159m. idx: [38;5;121m6[0m[38;5;159m, uid: [38;5;121m[3m<f747328>[0m[38;5;159m, morph: [38;5;121m<gs.morphs.Box>[0m[38;5;159m, material: [38;5;121m<gs.materials.Rigid>[0m[38;5;159m.[0m
[38;5;159m[Genesis] [08:55:10] [INFO] Adding [38;5;121m<gs.RigidEntity>[0m[38;5;159m. idx: [38;5;121m7[0m[38;5;159m, uid: [38;5;121m[3m<861c8db>[0m[38;5;159m, morph: [38;5;121m<gs.morphs.Mesh(file='/mnt4/gck/maniladder/maniladder/assets/meshes/deformable/helix_groove_cylinder.obj')>[0m[38;5;159m, material: [38;5;121m<gs.materials.Rigid>[0m[38;5;159m.[0m
[38;5;159m[Genesis] [08:55:10] [INFO] Adding [38;5;121m<gs.RigidEntity>[0m[38;5;159m. idx: [38;5;121m8[0m[38;5;159m, uid: [38;5;121m[3m<98c4588>[0m[38;5;159m, morph: [38;5;121m<gs.morphs.MJCF(file='/mnt4/gck/maniladder/maniladder/assets/xml/deformable/wrap_rope.xml')>[0m[38;5;159m, material: [38;5;121m<gs.materials.Rigid>[0m[38;5;159m.[0m
[38;5;159m[Genesis] [08:55:11] [INFO] Applying offset to base link's pose with user provided value in morph.[0m
[38;5;159m[Genesis] [08:55:11] [INFO] Building scene [38;5;121m[3m<cb7c5d5>[0m[38;5;159m...[0m
[W 09/29/26 08:55:11.526 4061840] [kernel_compilation_manager.cpp:KernelCompilationManager@69] Lock /home/gck/.cache/gstaichi/ticache/kernel_compilation_manager/ticache.lock failed. Please run 'ti cache clean -p /home/gck/.cache/gstaichi/ticache/kernel_compilation_manager' and try again.
[38;5;226m[Genesis] [08:55:14] [WARNING] Reference robot position exceeds joint limits.[0m
[38;5;226m[Genesis] [08:55:14] [WARNING] Constraint solver time constant should be greater than 2*substep_dt. timeconst is changed from `0.005` to `0.02`). Decrease simulation timestep or increase timeconst to avoid altering the original value.[0m
[38;5;226m[Genesis] [08:55:15] [WARNING] max_collision_pairs 300 is smaller than the theoretical maximal possible pairs 704, it uses less memory but might lead to missing some collision pairs if there are too many collision pairs[0m
[38;5;159m[Genesis] [08:55:23] [INFO] Compiling simulation kernels...[0m
[38;5;159m[Genesis] [08:55:55] [INFO] Building visualizer...[0m
/data/gck/miniconda3/envs/maniladder/lib/python3.10/site-packages/torch/utils/_device.py:109: UserWarning: The given NumPy array is not writable, and PyTorch does not support non-writable tensors. This means writing to this tensor will result in undefined behavior. You may want to copy the array to protect its data or make it writable before converting it to a tensor. This type of warning will be suppressed for the rest of this program. (Triggered internally at /pytorch/torch/csrc/utils/tensor_numpy.cpp:213.)
  return func(*args, **kwargs)
Action space: Box(-1.0, 1.0, (7,), float32)
Generating 1 orbit video-only demos → /mnt/gck_website/maniladder.github.io/generated_demos/WrapRope-v1
  [ep 0/1, attempt 1] step 1/530  terminated=False  truncated=False
[Step  11] Phase: 0  | Turn: 1/1 | Angle: 0.0°/360.0° | Progress: 0.0% | Inside: 0.00 | End OK: False
[Step  12] Phase: 0  | Turn: 1/1 | Angle: 0.0°/360.0° | Progress: 0.0% | Inside: 0.00 | End OK: False
[Step  13] Phase: 0  | Turn: 1/1 | Angle: 0.0°/360.0° | Progress: 0.0% | Inside: 0.00 | End OK: False
[Step  14] Phase: 0  | Turn: 1/1 | Angle: 0.0°/360.0° | Progress: 0.0% | Inside: 0.00 | End OK: False
[Step  15] Phase: 0  | Turn: 1/1 | Angle: 0.0°/360.0° | Progress: 0.0% | Inside: 0.00 | End OK: False
[Step  16] Phase: 0  | Turn: 1/1 | Angle: 0.0°/360.0° | Progress: 0.0% | Inside: 0.00 | End OK: False
[Step  17] Phase: 0  | Turn: 1/1 | Angle: 0.0°/360.0° | Progress: 0.0% | Inside: 0.00 | End OK: False
[Step  18] Phase: 0  | Turn: 1/1 | Angle: 0.0°/360.0° | Progress: 0.0% | Inside: 0.00 | End OK: False
[Step  19] Phase: 0  | Turn: 1/1 | Angle: 0.0°/360.0° | Progress: 0.0% | Inside: 0.00 | End OK: False
[Step  20] Phase: 0  | Turn: 1/1 | Angle: 0.0°/360.0° | Progress: 0.0% | Inside: 0.00 | End OK: False
[Step  21] Phase: 0  | Turn: 1/1 | Angle: 0.0°/360.0° | Progress: 0.0% | Inside: 0.00 | End OK: False
[Step  22] Phase: 0  | Turn: 1/1 | Angle: 0.0°/360.0° | Progress: 0.0% | Inside: 0.00 | End OK: False
[Step  23] Phase: 1  | Turn: 1/1 | Angle: 0.0°/360.0° | Progress: 0.0% | Inside: 0.00 | End OK: False
[Step  24] Phase: 1  | Turn: 1/1 | Angle: 0.0°/360.0° | Progress: 0.0% | Inside: 0.00 | End OK: False
[Step  25] Phase: 1  | Turn: 1/1 | Angle: 0.0°/360.0° | Progress: 0.0% | Inside: 0.00 | End OK: False
[Step  26] Phase: 1  | Turn: 1/1 | Angle: 0.0°/360.0° | Progress: 0.0% | Inside: 0.00 | End OK: False
[Step  27] Phase: 1  | Turn: 1/1 | Angle: 0.0°/360.0° | Progress: 0.0% | Inside: 0.00 | End OK: False
[Step  28] Phase: 1  | Turn: 1/1 | Angle: 0.0°/360.0° | Progress: 0.0% | Inside: 0.00 | End OK: False
[Step  29] Phase: 1  | Turn: 1/1 | Angle: 0.0°/360.0° | Progress: 0.0% | Inside: 0.00 | End OK: False
[Step  30] Phase: 1  | Turn: 1/1 | Angle: 0.0°/360.0° | Progress: 0.0% | Inside: 0.00 | End OK: False
[Step  31] Phase: 1  | Turn: 1/1 | Angle: 0.0°/360.0° | Progress: 0.0% | Inside: 0.00 | End OK: False
[Step  32] Phase: 1  | Turn: 1/1 | Angle: 0.0°/360.0° | Progress: 0.0% | Inside: 0.00 | End OK: False
[Step  33] Phase: 1  | Turn: 1/1 | Angle: 0.0°/360.0° | Progress: 0.0% | Inside: 0.00 | End OK: False
[Step  34] Phase: 1  | Turn: 1/1 | Angle: 0.0°/360.0° | Progress: 0.0% | Inside: 0.00 | End OK: False
[Step  35] Phase: 1  | Turn: 1/1 | Angle: 0.0°/360.0° | Progress: 0.0% | Inside: 0.00 | End OK: False
[Step  36] Phase: 1  | Turn: 1/1 | Angle: 0.0°/360.0° | Progress: 0.0% | Inside: 0.00 | End OK: False
[Step  37] Phase: 1  | Turn: 1/1 | Angle: 0.0°/360.0° | Progress: 0.0% | Inside: 0.00 | End OK: False
[Step  38] Phase: 1  | Turn: 1/1 | Angle: 0.0°/360.0° | Progress: 0.0% | Inside: 0.00 | End OK: False
[Step  39] Phase: 1  | Turn: 1/1 | Angle: 0.0°/360.0° | Progress: 0.0% | Inside: 0.00 | End OK: False
[Step  40] Phase: 1  | Turn: 1/1 | Angle: 0.0°/360.0° | Progress: 0.0% | Inside: 0.00 | End OK: False
[Step  41] Phase: 1  | Turn: 1/1 | Angle: 0.0°/360.0° | Progress: 0.0% | Inside: 0.00 | End OK: False
[Step  42] Phase: 1  | Turn: 1/1 | Angle: 0.0°/360.0° | Progress: 0.0% | Inside: 0.00 | End OK: False
[Step  43] Phase: 1  | Turn: 1/1 | Angle: 0.0°/360.0° | Progress: 0.0% | Inside: 0.00 | End OK: False
[Step  44] Phase: 1  | Turn: 1/1 | Angle: 0.0°/360.0° | Progress: 0.0% | Inside: 0.00 | End OK: False
[Step  45] Phase: 1  | Turn: 1/1 | Angle: 0.0°/360.0° | Progress: 0.0% | Inside: 0.00 | End OK: False
[Step  46] Phase: 1  | Turn: 1/1 | Angle: 0.0°/360.0° | Progress: 0.0% | Inside: 0.00 | End OK: False
[Step  47] Phase: 1  | Turn: 1/1 | Angle: 0.0°/360.0° | Progress: 0.0% | Inside: 0.00 | End OK: False
[Step  48] Phase: 1  | Turn: 1/1 | Angle: 0.0°/360.0° | Progress: 0.0% | Inside: 0.00 | End OK: False
[Step  49] Phase: 1  | Turn: 1/1 | Angle: 0.0°/360.0° | Progress: 0.0% | Inside: 0.00 | End OK: False
[Step  50] Phase: 1  | Turn: 1/1 | Angle: 0.0°/360.0° | Progress: 0.0% | Inside: 0.00 | End OK: False
[Step  51] Phase: 1  | Turn: 1/1 | Angle: 0.0°/360.0° | Progress: 0.0% | Inside: 0.00 | End OK: False
[Step  52] Phase: 1  | Turn: 1/1 | Angle: 0.0°/360.0° | Progress: 0.0% | Inside: 0.00 | End OK: False
[Step  53] Phase: 1  | Turn: 1/1 | Angle: 0.0°/360.0° | Progress: 0.0% | Inside: 0.00 | End OK: False
[Step  54] Phase: 1  | Turn: 1/1 | Angle: 0.0°/360.0° | Progress: 0.0% | Inside: 0.00 | End OK: False
[Step  55] Phase: 1  | Turn: 1/1 | Angle: 0.0°/360.0° | Progress: 0.0% | Inside: 0.00 | End OK: False
[Step  56] Phase: 1  | Turn: 1/1 | Angle: 0.0°/360.0° | Progress: 0.0% | Inside: 0.00 | End OK: False
[Step  57] Phase: 1  | Turn: 1/1 | Angle: 0.0°/360.0° | Progress: 0.0% | Inside: 0.00 | End OK: False
[Step  58] Phase: 1  | Turn: 1/1 | Angle: 0.0°/360.0° | Progress: 0.0% | Inside: 0.00 | End OK: False
[Step  59] Phase: 1  | Turn: 1/1 | Angle: 0.0°/360.0° | Progress: 0.0% | Inside: 0.00 | End OK: False
[Step  60] Phase: 1  | Turn: 1/1 | Angle: 0.0°/360.0° | Progress: 0.0% | Inside: 0.00 | End OK: False
[Step  61] Phase: 1  | Turn: 1/1 | Angle: 0.0°/360.0° | Progress: 0.0% | Inside: 0.00 | End OK: False
[Step  62] Phase: 1  | Turn: 1/1 | Angle: 0.0°/360.0° | Progress: 0.0% | Inside: 0.00 | End OK: False
[Step  63] Phase: 1  | Turn: 1/1 | Angle: 0.0°/360.0° | Progress: 0.0% | Inside: 0.00 | End OK: False
[Step  64] Phase: 1  | Turn: 1/1 | Angle: 0.0°/360.0° | Progress: 0.0% | Inside: 0.00 | End OK: False
[Step  65] Phase: 1  | Turn: 1/1 | Angle: 0.0°/360.0° | Progress: 0.0% | Inside: 0.00 | End OK: False
[Step  66] Phase: 1  | Turn: 1/1 | Angle: 0.0°/360.0° | Progress: 0.0% | Inside: 0.00 | End OK: False
[Step  67] Phase: 1  | Turn: 1/1 | Angle: 0.0°/360.0° | Progress: 0.0% | Inside: 0.00 | End OK: False
[Step  68] Phase: 1  | Turn: 1/1 | Angle: 0.0°/360.0° | Progress: 0.0% | Inside: 0.00 | End OK: False
[Step  69] Phase: 1  | Turn: 1/1 | Angle: 0.0°/360.0° | Progress: 0.0% | Inside: 0.00 | End OK: False
[Step  70] Phase: 1  | Turn: 1/1 | Angle: 0.0°/360.0° | Progress: 0.0% | Inside: 0.00 | End OK: False
[Step  71] Phase: 1  | Turn: 1/1 | Angle: 0.0°/360.0° | Progress: 0.0% | Inside: 0.00 | End OK: False
[Step  72] Phase: 1  | Turn: 1/1 | Angle: 0.0°/360.0° | Progress: 0.0% | Inside: 0.00 | End OK: False
[Step  73] Phase: 1  | Turn: 1/1 | Angle: 0.0°/360.0° | Progress: 0.0% | Inside: 0.00 | End OK: False
[Step  74] Phase: 1  | Turn: 1/1 | Angle: 0.0°/360.0° | Progress: 0.0% | Inside: 0.00 | End OK: False
[Step  75] Phase: 1  | Turn: 1/1 | Angle: 0.0°/360.0° | Progress: 0.0% | Inside: 0.00 | End OK: False
[Step  76] Phase: 1  | Turn: 1/1 | Angle: 0.0°/360.0° | Progress: 0.0% | Inside: 0.00 | End OK: False
[Step  77] Phase: 1  | Turn: 1/1 | Angle: 0.0°/360.0° | Progress: 0.0% | Inside: 0.00 | End OK: False
[Step  78] Phase: 1  | Turn: 1/1 | Angle: 0.0°/360.0° | Progress: 0.0% | Inside: 0.00 | End OK: False
[Step  79] Phase: 1  | Turn: 1/1 | Angle: 0.0°/360.0° | Progress: 0.0% | Inside: 0.00 | End OK: False
[Step  80] Phase: 1  | Turn: 1/1 | Angle: 0.0°/360.0° | Progress: 0.0% | Inside: 0.00 | End OK: False
[Step  81] Phase: 1  | Turn: 1/1 | Angle: 0.0°/360.0° | Progress: 0.0% | Inside: 0.00 | End OK: False
[Step  82] Phase: 1  | Turn: 1/1 | Angle: 0.0°/360.0° | Progress: 0.0% | Inside: 0.00 | End OK: False
[Step  83] Phase: 1  | Turn: 1/1 | Angle: 0.0°/360.0° | Progress: 0.0% | Inside: 0.00 | End OK: False
[Step  84] Phase: 1  | Turn: 1/1 | Angle: 0.0°/360.0° | Progress: 0.0% | Inside: 0.00 | End OK: False
[Step  85] Phase: 1  | Turn: 1/1 | Angle: 0.0°/360.0° | Progress: 0.0% | Inside: 0.00 | End OK: False
[Step  86] Phase: 1  | Turn: 1/1 | Angle: 0.0°/360.0° | Progress: 0.0% | Inside: 0.00 | End OK: False
[Step  87] Phase: 1  | Turn: 1/1 | Angle: 0.0°/360.0° | Progress: 0.0% | Inside: 0.00 | End OK: False
[Step  88] Phase: 1  | Turn: 1/1 | Angle: 0.0°/360.0° | Progress: 0.0% | Inside: 0.00 | End OK: False
[Step  89] Phase: 1  | Turn: 1/1 | Angle: 0.0°/360.0° | Progress: 0.0% | Inside: 0.00 | End OK: False
[Step  90] Phase: 1  | Turn: 1/1 | Angle: 0.0°/360.0° | Progress: 0.0% | Inside: 0.00 | End OK: False
[Step  91] Phase: 1  | Turn: 1/1 | Angle: 0.0°/360.0° | Progress: 0.0% | Inside: 0.00 | End OK: False
[Step  92] Phase: 1  | Turn: 1/1 | Angle: 0.0°/360.0° | Progress: 0.0% | Inside: 0.00 | End OK: False
[Step  93] Phase: 1  | Turn: 1/1 | Angle: 0.0°/360.0° | Progress: 0.0% | Inside: 0.00 | End OK: False
[Step  94] Phase: 2  | Turn: 1/1 | Angle: 0.0°/360.0° | Progress: 0.0% | Inside: 0.00 | End OK: False
[Step  95] Phase: 2  | Turn: 1/1 | Angle: 0.0°/360.0° | Progress: 0.0% | Inside: 0.00 | End OK: False
[Step  96] Phase: 2  | Turn: 1/1 | Angle: 0.0°/360.0° | Progress: 0.0% | Inside: 0.00 | End OK: False
[Step  97] Phase: 2  | Turn: 1/1 | Angle: 0.0°/360.0° | Progress: 0.0% | Inside: 0.00 | End OK: False
[Step  98] Phase: 2  | Turn: 1/1 | Angle: 107.4°/360.0° | Progress: 29.8% | Inside: 0.00 | End OK: False
[Step  99] Phase: 2  | Turn: 1/1 | Angle: 93.5°/360.0° | Progress: 26.0% | Inside: 0.00 | End OK: False
[Step 100] Phase: 2  | Turn: 1/1 | Angle: 92.0°/360.0° | Progress: 25.6% | Inside: 0.00 | End OK: False
  [ep 0/1, attempt 1] step 101/530  terminated=False  truncated=False
[Step 101] Phase: 2  | Turn: 1/1 | Angle: 91.3°/360.0° | Progress: 25.4% | Inside: 0.00 | End OK: False
[Step 102] Phase: 2  | Turn: 1/1 | Angle: 90.9°/360.0° | Progress: 25.3% | Inside: 0.00 | End OK: False
[Step 103] Phase: 2  | Turn: 1/1 | Angle: 91.7°/360.0° | Progress: 25.5% | Inside: 0.00 | End OK: False
[Step 104] Phase: 2  | Turn: 1/1 | Angle: 15.3°/360.0° | Progress: 4.2% | Inside: 0.00 | End OK: False
[Step 105] Phase: 2  | Turn: 1/1 | Angle: 15.5°/360.0° | Progress: 4.3% | Inside: 0.00 | End OK: False
[Step 106] Phase: 2  | Turn: 1/1 | Angle: 17.9°/360.0° | Progress: 5.0% | Inside: 0.00 | End OK: False
[Step 107] Phase: 2  | Turn: 1/1 | Angle: 17.7°/360.0° | Progress: 4.9% | Inside: 0.00 | End OK: False
[Step 108] Phase: 2  | Turn: 1/1 | Angle: 20.6°/360.0° | Progress: 5.7% | Inside: 0.00 | End OK: False
[Step 109] Phase: 2  | Turn: 1/1 | Angle: 21.9°/360.0° | Progress: 6.1% | Inside: 0.00 | End OK: False
[Step 110] Phase: 2  | Turn: 1/1 | Angle: 22.1°/360.0° | Progress: 6.1% | Inside: 0.00 | End OK: False
[Step 111] Phase: 2  | Turn: 1/1 | Angle: 23.4°/360.0° | Progress: 6.5% | Inside: 0.00 | End OK: False
[Step 112] Phase: 2  | Turn: 1/1 | Angle: 24.4°/360.0° | Progress: 6.8% | Inside: 0.00 | End OK: False
[Step 113] Phase: 2  | Turn: 1/1 | Angle: 27.3°/360.0° | Progress: 7.6% | Inside: 0.00 | End OK: False
[Step 114] Phase: 2  | Turn: 1/1 | Angle: 31.1°/360.0° | Progress: 8.6% | Inside: 0.00 | End OK: False
[Step 115] Phase: 3  | Turn: 1/1 | Angle: 32.7°/360.0° | Progress: 9.1% | Inside: 0.00 | End OK: False
[Step 116] Phase: 3  | Turn: 1/1 | Angle: 20.4°/360.0° | Progress: 5.7% | Inside: 0.00 | End OK: False
[Step 117] Phase: 3  | Turn: 1/1 | Angle: 4.7°/360.0° | Progress: 1.3% | Inside: 0.00 | End OK: False
[Step 118] Phase: 3  | Turn: 1/1 | Angle: 0.0°/360.0° | Progress: 0.0% | Inside: 0.00 | End OK: False
[Step 119] Phase: 3  | Turn: 1/1 | Angle: 0.0°/360.0° | Progress: 0.0% | Inside: 0.00 | End OK: False
[Step 120] Phase: 3  | Turn: 1/1 | Angle: 0.0°/360.0° | Progress: 0.0% | Inside: 0.00 | End OK: False
[Step 121] Phase: 3  | Turn: 1/1 | Angle: 0.0°/360.0° | Progress: 0.0% | Inside: 0.00 | End OK: False
[Step 122] Phase: 3  | Turn: 1/1 | Angle: 0.0°/360.0° | Progress: 0.0% | Inside: 0.00 | End OK: False
[Step 123] Phase: 3  | Turn: 1/1 | Angle: 0.0°/360.0° | Progress: 0.0% | Inside: 0.00 | End OK: False
[Step 124] Phase: 3  | Turn: 1/1 | Angle: 0.0°/360.0° | Progress: 0.0% | Inside: 0.00 | End OK: False
[Step 125] Phase: 3  | Turn: 1/1 | Angle: 0.0°/360.0° | Progress: 0.0% | Inside: 0.00 | End OK: False
[Step 126] Phase: 3  | Turn: 1/1 | Angle: 0.0°/360.0° | Progress: 0.0% | Inside: 0.00 | End OK: False
[Step 127] Phase: 3  | Turn: 1/1 | Angle: 0.0°/360.0° | Progress: 0.0% | Inside: 0.00 | End OK: False
[Step 128] Phase: 3  | Turn: 1/1 | Angle: 0.0°/360.0° | Progress: 0.0% | Inside: 0.00 | End OK: False
[Step 129] Phase: 3  | Turn: 1/1 | Angle: 0.0°/360.0° | Progress: 0.0% | Inside: 0.00 | End OK: False
[Step 130] Phase: 3  | Turn: 1/1 | Angle: 0.0°/360.0° | Progress: 0.0% | Inside: 0.00 | End OK: False
[Step 131] Phase: 3  | Turn: 1/1 | Angle: 0.0°/360.0° | Progress: 0.0% | Inside: 0.00 | End OK: False
[Step 132] Phase: 3  | Turn: 1/1 | Angle: 0.0°/360.0° | Progress: 0.0% | Inside: 0.00 | End OK: False
[Step 133] Phase: 3  | Turn: 1/1 | Angle: 0.0°/360.0° | Progress: 0.0% | Inside: 0.00 | End OK: False
[Step 134] Phase: 3  | Turn: 1/1 | Angle: 0.0°/360.0° | Progress: 0.0% | Inside: 0.00 | End OK: False
[Step 135] Phase: 3  | Turn: 1/1 | Angle: 0.0°/360.0° | Progress: 0.0% | Inside: 0.00 | End OK: False
[Step 136] Phase: 3  | Turn: 1/1 | Angle: 0.0°/360.0° | Progress: 0.0% | Inside: 0.00 | End OK: False
[Step 137] Phase: 3  | Turn: 1/1 | Angle: 0.0°/360.0° | Progress: 0.0% | Inside: 0.00 | End OK: False
[Step 138] Phase: 3  | Turn: 1/1 | Angle: 0.0°/360.0° | Progress: 0.0% | Inside: 0.00 | End OK: False
[Step 139] Phase: 3  | Turn: 1/1 | Angle: 0.0°/360.0° | Progress: 0.0% | Inside: 0.00 | End OK: False
[Step 140] Phase: 3  | Turn: 1/1 | Angle: 0.0°/360.0° | Progress: 0.0% | Inside: 0.00 | End OK: False
[Step 141] Phase: 3  | Turn: 1/1 | Angle: 0.0°/360.0° | Progress: 0.0% | Inside: 0.00 | End OK: False
[Step 142] Phase: 3  | Turn: 1/1 | Angle: 0.0°/360.0° | Progress: 0.0% | Inside: 0.00 | End OK: False
[Step 143] Phase: 3  | Turn: 1/1 | Angle: 0.0°/360.0° | Progress: 0.0% | Inside: 0.00 | End OK: False
[Step 144] Phase: 3  | Turn: 1/1 | Angle: 0.0°/360.0° | Progress: 0.0% | Inside: 0.00 | End OK: False
[Step 145] Phase: 3  | Turn: 1/1 | Angle: 0.0°/360.0° | Progress: 0.0% | Inside: 0.00 | End OK: False
[Step 146] Phase: 3  | Turn: 1/1 | Angle: 0.0°/360.0° | Progress: 0.0% | Inside: 0.00 | End OK: False
[Step 147] Phase: 3  | Turn: 1/1 | Angle: 0.0°/360.0° | Progress: 0.0% | Inside: 0.00 | End OK: False
[Step 148] Phase: 3  | Turn: 1/1 | Angle: 0.0°/360.0° | Progress: 0.0% | Inside: 0.00 | End OK: False
[Step 149] Phase: 3  | Turn: 1/1 | Angle: 0.0°/360.0° | Progress: 0.0% | Inside: 0.00 | End OK: False
[Step 150] Phase: 3  | Turn: 1/1 | Angle: 0.0°/360.0° | Progress: 0.0% | Inside: 0.00 | End OK: False
[Step 151] Phase: 3  | Turn: 1/1 | Angle: 0.0°/360.0° | Progress: 0.0% | Inside: 0.00 | End OK: False
[Step 152] Phase: 3  | Turn: 1/1 | Angle: 0.0°/360.0° | Progress: 0.0% | Inside: 0.00 | End OK: False
[Step 153] Phase: 3  | Turn: 1/1 | Angle: 0.0°/360.0° | Progress: 0.0% | Inside: 0.00 | End OK: False
[Step 154] Phase: 3  | Turn: 1/1 | Angle: 0.0°/360.0° | Progress: 0.0% | Inside: 0.00 | End OK: False
[Step 155] Phase: 3  | Turn: 1/1 | Angle: 0.0°/360.0° | Progress: 0.0% | Inside: 0.00 | End OK: False
[Step 156] Phase: 3  | Turn: 1/1 | Angle: 0.0°/360.0° | Progress: 0.0% | Inside: 0.00 | End OK: False
[Step 157] Phase: 3  | Turn: 1/1 | Angle: 0.0°/360.0° | Progress: 0.0% | Inside: 0.00 | End OK: False
[Step 158] Phase: 3  | Turn: 1/1 | Angle: 0.0°/360.0° | Progress: 0.0% | Inside: 0.00 | End OK: False
[Step 159] Phase: 3  | Turn: 1/1 | Angle: 0.0°/360.0° | Progress: 0.0% | Inside: 0.00 | End OK: False
[Step 160] Phase: 3  | Turn: 1/1 | Angle: 0.0°/360.0° | Progress: 0.0% | Inside: 0.00 | End OK: False
[Step 161] Phase: 3  | Turn: 1/1 | Angle: 0.0°/360.0° | Progress: 0.0% | Inside: 0.00 | End OK: False
[Step 162] Phase: 3  | Turn: 1/1 | Angle: 0.0°/360.0° | Progress: 0.0% | Inside: 0.00 | End OK: False
[Step 163] Phase: 3  | Turn: 1/1 | Angle: 0.0°/360.0° | Progress: 0.0% | Inside: 0.00 | End OK: False
[Step 164] Phase: 3  | Turn: 1/1 | Angle: 0.0°/360.0° | Progress: 0.0% | Inside: 0.00 | End OK: False
[Step 165] Phase: 3  | Turn: 1/1 | Angle: 0.0°/360.0° | Progress: 0.0% | Inside: 0.00 | End OK: False
[Step 166] Phase: 4  | Turn: 1/1 | Angle: 0.0°/360.0° | Progress: 0.0% | Inside: 0.00 | End OK: False
[Step 167] Phase: 4  | Turn: 1/1 | Angle: 0.0°/360.0° | Progress: 0.0% | Inside: 0.00 | End OK: False
[Step 168] Phase: 4  | Turn: 1/1 | Angle: 0.0°/360.0° | Progress: 0.0% | Inside: 0.00 | End OK: False
[Step 169] Phase: 4  | Turn: 1/1 | Angle: 0.0°/360.0° | Progress: 0.0% | Inside: 0.00 | End OK: False
[Step 170] Phase: 4  | Turn: 1/1 | Angle: 0.0°/360.0° | Progress: 0.0% | Inside: 0.00 | End OK: False
[Step 171] Phase: 4  | Turn: 1/1 | Angle: 0.0°/360.0° | Progress: 0.0% | Inside: 0.00 | End OK: False
[Step 172] Phase: 4  | Turn: 1/1 | Angle: 0.0°/360.0° | Progress: 0.0% | Inside: 0.00 | End OK: False
[Step 173] Phase: 4  | Turn: 1/1 | Angle: 0.0°/360.0° | Progress: 0.0% | Inside: 0.00 | End OK: False
[Step 174] Phase: 4  | Turn: 1/1 | Angle: 0.0°/360.0° | Progress: 0.0% | Inside: 0.00 | End OK: False
[Step 175] Phase: 4  | Turn: 1/1 | Angle: 0.0°/360.0° | Progress: 0.0% | Inside: 0.00 | End OK: False
[Step 176] Phase: 4  | Turn: 1/1 | Angle: 0.0°/360.0° | Progress: 0.0% | Inside: 0.00 | End OK: False
[Step 177] Phase: 5  | Turn: 1/1 | Angle: 0.0°/360.0° | Progress: 0.0% | Inside: 0.00 | End OK: False
[Step 178] Phase: 5  | Turn: 1/1 | Angle: 0.0°/360.0° | Progress: 0.0% | Inside: 0.00 | End OK: False
[Step 179] Phase: 5  | Turn: 1/1 | Angle: 0.0°/360.0° | Progress: 0.0% | Inside: 0.00 | End OK: False
[Step 180] Phase: 5  | Turn: 1/1 | Angle: 0.0°/360.0° | Progress: 0.0% | Inside: 0.00 | End OK: False
[Step 181] Phase: 5  | Turn: 1/1 | Angle: 0.0°/360.0° | Progress: 0.0% | Inside: 0.00 | End OK: False
[Step 182] Phase: 5  | Turn: 1/1 | Angle: 0.0°/360.0° | Progress: 0.0% | Inside: 0.00 | End OK: False
[Step 183] Phase: 5  | Turn: 1/1 | Angle: 0.0°/360.0° | Progress: 0.0% | Inside: 0.00 | End OK: False
[Step 184] Phase: 5  | Turn: 1/1 | Angle: 0.0°/360.0° | Progress: 0.0% | Inside: 0.00 | End OK: False
[Step 185] Phase: 5  | Turn: 1/1 | Angle: 0.0°/360.0° | Progress: 0.0% | Inside: 0.00 | End OK: False
[Step 186] Phase: 5  | Turn: 1/1 | Angle: 0.0°/360.0° | Progress: 0.0% | Inside: 0.00 | End OK: False
[Step 187] Phase: 5  | Turn: 1/1 | Angle: 0.0°/360.0° | Progress: 0.0% | Inside: 0.00 | End OK: False
[Step 188] Phase: 5  | Turn: 1/1 | Angle: 0.0°/360.0° | Progress: 0.0% | Inside: 0.00 | End OK: False
[Step 189] Phase: 5  | Turn: 1/1 | Angle: 0.0°/360.0° | Progress: 0.0% | Inside: 0.00 | End OK: False
[Step 190] Phase: 5  | Turn: 1/1 | Angle: 0.0°/360.0° | Progress: 0.0% | Inside: 0.00 | End OK: False
[Step 191] Phase: 5  | Turn: 1/1 | Angle: 0.0°/360.0° | Progress: 0.0% | Inside: 0.00 | End OK: False
[Step 192] Phase: 5  | Turn: 1/1 | Angle: 0.0°/360.0° | Progress: 0.0% | Inside: 0.00 | End OK: False
[Step 193] Phase: 5  | Turn: 1/1 | Angle: 0.0°/360.0° | Progress: 0.0% | Inside: 0.00 | End OK: False
[Step 194] Phase: 5  | Turn: 1/1 | Angle: 0.0°/360.0° | Progress: 0.0% | Inside: 0.00 | End OK: False
[Step 195] Phase: 5  | Turn: 1/1 | Angle: 0.0°/360.0° | Progress: 0.0% | Inside: 0.00 | End OK: False
[Step 196] Phase: 5  | Turn: 1/1 | Angle: 0.0°/360.0° | Progress: 0.0% | Inside: 0.00 | End OK: False
[Step 197] Phase: 5  | Turn: 1/1 | Angle: 0.0°/360.0° | Progress: 0.0% | Inside: 0.00 | End OK: False
[Step 198] Phase: 5  | Turn: 1/1 | Angle: 0.0°/360.0° | Progress: 0.0% | Inside: 0.00 | End OK: False
[Step 199] Phase: 5  | Turn: 1/1 | Angle: 0.0°/360.0° | Progress: 0.0% | Inside: 0.00 | End OK: False
[Step 200] Phase: 5  | Turn: 1/1 | Angle: 0.0°/360.0° | Progress: 0.0% | Inside: 0.00 | End OK: False
  [ep 0/1, attempt 1] step 201/530  terminated=False  truncated=False
[Step 201] Phase: 5  | Turn: 1/1 | Angle: 0.0°/360.0° | Progress: 0.0% | Inside: 0.00 | End OK: False
[Step 202] Phase: 5  | Turn: 1/1 | Angle: 0.0°/360.0° | Progress: 0.0% | Inside: 0.00 | End OK: False
[Step 203] Phase: 5  | Turn: 1/1 | Angle: 0.0°/360.0° | Progress: 0.0% | Inside: 0.00 | End OK: False
[Step 204] Phase: 5  | Turn: 1/1 | Angle: 0.0°/360.0° | Progress: 0.0% | Inside: 0.07 | End OK: False
[Step 205] Phase: 5  | Turn: 1/1 | Angle: 0.0°/360.0° | Progress: 0.0% | Inside: 0.07 | End OK: False
[Step 206] Phase: 5  | Turn: 1/1 | Angle: 0.0°/360.0° | Progress: 0.0% | Inside: 0.07 | End OK: False
[Step 207] Phase: 5  | Turn: 1/1 | Angle: 0.0°/360.0° | Progress: 0.0% | Inside: 0.07 | End OK: False
[Step 208] Phase: 5  | Turn: 1/1 | Angle: 0.0°/360.0° | Progress: 0.0% | Inside: 0.07 | End OK: False
[Step 209] Phase: 5  | Turn: 1/1 | Angle: 0.0°/360.0° | Progress: 0.0% | Inside: 0.07 | End OK: False
[Step 210] Phase: 5  | Turn: 1/1 | Angle: 0.0°/360.0° | Progress: 0.0% | Inside: 0.07 | End OK: False
[Step 211] Phase: 5  | Turn: 1/1 | Angle: 0.0°/360.0° | Progress: 0.0% | Inside: 0.07 | End OK: False
[Step 212] Phase: 5  | Turn: 1/1 | Angle: 0.0°/360.0° | Progress: 0.0% | Inside: 0.07 | End OK: False
[Step 213] Phase: 5  | Turn: 1/1 | Angle: 0.0°/360.0° | Progress: 0.0% | Inside: 0.07 | End OK: False
[Step 214] Phase: 5  | Turn: 1/1 | Angle: 0.0°/360.0° | Progress: 0.0% | Inside: 0.07 | End OK: False
[Step 215] Phase: 5  | Turn: 1/1 | Angle: 0.0°/360.0° | Progress: 0.0% | Inside: 0.14 | End OK: False
[Step 216] Phase: 5  | Turn: 1/1 | Angle: 0.0°/360.0° | Progress: 0.0% | Inside: 0.14 | End OK: False
[Step 217] Phase: 5  | Turn: 1/1 | Angle: 0.0°/360.0° | Progress: 0.0% | Inside: 0.14 | End OK: False
[Step 218] Phase: 5  | Turn: 1/1 | Angle: 0.0°/360.0° | Progress: 0.0% | Inside: 0.14 | End OK: False
[Step 219] Phase: 5  | Turn: 1/1 | Angle: 0.0°/360.0° | Progress: 0.0% | Inside: 0.14 | End OK: False
[Step 220] Phase: 5  | Turn: 1/1 | Angle: 0.0°/360.0° | Progress: 0.0% | Inside: 0.14 | End OK: False
[Step 221] Phase: 5  | Turn: 1/1 | Angle: 0.0°/360.0° | Progress: 0.0% | Inside: 0.14 | End OK: False
[Step 222] Phase: 5  | Turn: 1/1 | Angle: 0.0°/360.0° | Progress: 0.0% | Inside: 0.14 | End OK: False
[Step 223] Phase: 5  | Turn: 1/1 | Angle: 0.0°/360.0° | Progress: 0.0% | Inside: 0.14 | End OK: False
[Step 224] Phase: 5  | Turn: 1/1 | Angle: 0.0°/360.0° | Progress: 0.0% | Inside: 0.14 | End OK: False
[Step 225] Phase: 5  | Turn: 1/1 | Angle: 0.0°/360.0° | Progress: 0.0% | Inside: 0.07 | End OK: False
[Step 226] Phase: 5  | Turn: 1/1 | Angle: 0.0°/360.0° | Progress: 0.0% | Inside: 0.14 | End OK: False
[Step 227] Phase: 5  | Turn: 1/1 | Angle: 0.0°/360.0° | Progress: 0.0% | Inside: 0.14 | End OK: False
[Step 228] Phase: 5  | Turn: 1/1 | Angle: 0.0°/360.0° | Progress: 0.0% | Inside: 0.14 | End OK: False
[Step 229] Phase: 5  | Turn: 1/1 | Angle: 0.0°/360.0° | Progress: 0.0% | Inside: 0.14 | End OK: False
[Step 230] Phase: 5  | Turn: 1/1 | Angle: 0.0°/360.0° | Progress: 0.0% | Inside: 0.14 | End OK: False
[Step 231] Phase: 5  | Turn: 1/1 | Angle: 0.0°/360.0° | Progress: 0.0% | Inside: 0.14 | End OK: False
[Step 232] Phase: 5  | Turn: 1/1 | Angle: 0.0°/360.0° | Progress: 0.0% | Inside: 0.14 | End OK: False
[Step 233] Phase: 5  | Turn: 1/1 | Angle: 0.0°/360.0° | Progress: 0.0% | Inside: 0.14 | End OK: False
[Step 234] Phase: 5  | Turn: 1/1 | Angle: 0.0°/360.0° | Progress: 0.0% | Inside: 0.14 | End OK: False
[Step 235] Phase: 5  | Turn: 1/1 | Angle: 0.0°/360.0° | Progress: 0.0% | Inside: 0.14 | End OK: False
[Step 236] Phase: 5  | Turn: 1/1 | Angle: 0.0°/360.0° | Progress: 0.0% | Inside: 0.14 | End OK: False
[Step 237] Phase: 5  | Turn: 1/1 | Angle: 0.0°/360.0° | Progress: 0.0% | Inside: 0.14 | End OK: False
[Step 238] Phase: 5  | Turn: 1/1 | Angle: 0.0°/360.0° | Progress: 0.0% | Inside: 0.14 | End OK: False
[Step 239] Phase: 5  | Turn: 1/1 | Angle: 0.0°/360.0° | Progress: 0.0% | Inside: 0.14 | End OK: False
[Step 240] Phase: 5  | Turn: 1/1 | Angle: 0.0°/360.0° | Progress: 0.0% | Inside: 0.14 | End OK: False
[Step 241] Phase: 5  | Turn: 1/1 | Angle: 0.0°/360.0° | Progress: 0.0% | Inside: 0.14 | End OK: False
[Step 242] Phase: 5  | Turn: 1/1 | Angle: 0.0°/360.0° | Progress: 0.0% | Inside: 0.14 | End OK: True
[Step 243] Phase: 5  | Turn: 1/1 | Angle: 0.0°/360.0° | Progress: 0.0% | Inside: 0.14 | End OK: True
[Step 244] Phase: 5  | Turn: 1/1 | Angle: 0.0°/360.0° | Progress: 0.0% | Inside: 0.14 | End OK: True
[Step 245] Phase: 5  | Turn: 1/1 | Angle: 0.0°/360.0° | Progress: 0.0% | Inside: 0.21 | End OK: True
[Step 246] Phase: 5  | Turn: 1/1 | Angle: 0.0°/360.0° | Progress: 0.0% | Inside: 0.14 | End OK: True
[Step 247] Phase: 5  | Turn: 1/1 | Angle: 0.0°/360.0° | Progress: 0.0% | Inside: 0.14 | End OK: True
[Step 248] Phase: 5  | Turn: 1/1 | Angle: 0.0°/360.0° | Progress: 0.0% | Inside: 0.14 | End OK: True
[Step 249] Phase: 6  | Turn: 1/1 | Angle: 0.0°/360.0° | Progress: 0.0% | Inside: 0.14 | End OK: True
[Step 250] Phase: 6  | Turn: 1/1 | Angle: 0.0°/360.0° | Progress: 0.0% | Inside: 0.14 | End OK: True
[Step 251] Phase: 6  | Turn: 1/1 | Angle: 0.0°/360.0° | Progress: 0.0% | Inside: 0.14 | End OK: True
[Step 252] Phase: 6  | Turn: 1/1 | Angle: 0.0°/360.0° | Progress: 0.0% | Inside: 0.14 | End OK: True
[Step 253] Phase: 6  | Turn: 1/1 | Angle: 0.0°/360.0° | Progress: 0.0% | Inside: 0.14 | End OK: True
[Step 254] Phase: 6  | Turn: 1/1 | Angle: 0.0°/360.0° | Progress: 0.0% | Inside: 0.14 | End OK: True
[Step 255] Phase: 6  | Turn: 1/1 | Angle: 0.0°/360.0° | Progress: 0.0% | Inside: 0.21 | End OK: True
[Step 256] Phase: 6  | Turn: 1/1 | Angle: 0.0°/360.0° | Progress: 0.0% | Inside: 0.21 | End OK: True
[Step 257] Phase: 6  | Turn: 1/1 | Angle: 0.0°/360.0° | Progress: 0.0% | Inside: 0.21 | End OK: True
[Step 258] Phase: 6  | Turn: 1/1 | Angle: 0.0°/360.0° | Progress: 0.0% | Inside: 0.21 | End OK: True
[Step 259] Phase: 6  | Turn: 1/1 | Angle: 0.0°/360.0° | Progress: 0.0% | Inside: 0.21 | End OK: True
[Step 260] Phase: 6  | Turn: 1/1 | Angle: 0.0°/360.0° | Progress: 0.0% | Inside: 0.21 | End OK: True
[Step 261] Phase: 6  | Turn: 1/1 | Angle: 0.0°/360.0° | Progress: 0.0% | Inside: 0.21 | End OK: True
[Step 262] Phase: 6  | Turn: 1/1 | Angle: 0.0°/360.0° | Progress: 0.0% | Inside: 0.29 | End OK: True
[Step 263] Phase: 6  | Turn: 1/1 | Angle: 0.0°/360.0° | Progress: 0.0% | Inside: 0.29 | End OK: True
[Step 264] Phase: 6  | Turn: 1/1 | Angle: 0.0°/360.0° | Progress: 0.0% | Inside: 0.29 | End OK: True
[Step 265] Phase: 6  | Turn: 1/1 | Angle: 0.0°/360.0° | Progress: 0.0% | Inside: 0.29 | End OK: True
[Step 266] Phase: 6  | Turn: 1/1 | Angle: 0.0°/360.0° | Progress: 0.0% | Inside: 0.29 | End OK: True
[Step 267] Phase: 6  | Turn: 1/1 | Angle: 0.0°/360.0° | Progress: 0.0% | Inside: 0.29 | End OK: True
[Step 268] Phase: 6  | Turn: 1/1 | Angle: 0.0°/360.0° | Progress: 0.0% | Inside: 0.29 | End OK: True
[Step 269] Phase: 6  | Turn: 1/1 | Angle: 0.0°/360.0° | Progress: 0.0% | Inside: 0.29 | End OK: True
[Step 270] Phase: 6  | Turn: 1/1 | Angle: 0.0°/360.0° | Progress: 0.0% | Inside: 0.29 | End OK: True
[Step 271] Phase: 6  | Turn: 1/1 | Angle: 0.0°/360.0° | Progress: 0.0% | Inside: 0.29 | End OK: True
[Step 272] Phase: 6  | Turn: 1/1 | Angle: 0.0°/360.0° | Progress: 0.0% | Inside: 0.29 | End OK: True
[Step 273] Phase: 6  | Turn: 1/1 | Angle: 0.0°/360.0° | Progress: 0.0% | Inside: 0.29 | End OK: True
[Step 274] Phase: 6  | Turn: 1/1 | Angle: 0.0°/360.0° | Progress: 0.0% | Inside: 0.29 | End OK: True
[Step 275] Phase: 6  | Turn: 1/1 | Angle: 0.0°/360.0° | Progress: 0.0% | Inside: 0.29 | End OK: True
[Step 276] Phase: 6  | Turn: 1/1 | Angle: 0.0°/360.0° | Progress: 0.0% | Inside: 0.29 | End OK: True
[Step 277] Phase: 6  | Turn: 1/1 | Angle: 0.0°/360.0° | Progress: 0.0% | Inside: 0.29 | End OK: True
[Step 278] Phase: 7  | Turn: 1/1 | Angle: 0.0°/360.0° | Progress: 0.0% | Inside: 0.29 | End OK: True
[Step 279] Phase: 7  | Turn: 1/1 | Angle: 0.0°/360.0° | Progress: 0.0% | Inside: 0.29 | End OK: True
[Step 280] Phase: 7  | Turn: 1/1 | Angle: 0.0°/360.0° | Progress: 0.0% | Inside: 0.29 | End OK: True
[Step 281] Phase: 7  | Turn: 1/1 | Angle: 0.0°/360.0° | Progress: 0.0% | Inside: 0.29 | End OK: True
[Step 282] Phase: 7  | Turn: 1/1 | Angle: 0.0°/360.0° | Progress: 0.0% | Inside: 0.29 | End OK: True
[Step 283] Phase: 7  | Turn: 1/1 | Angle: 0.0°/360.0° | Progress: 0.0% | Inside: 0.29 | End OK: True
[Step 284] Phase: 7  | Turn: 1/1 | Angle: 0.0°/360.0° | Progress: 0.0% | Inside: 0.29 | End OK: True
[Step 285] Phase: 7  | Turn: 1/1 | Angle: 0.0°/360.0° | Progress: 0.0% | Inside: 0.29 | End OK: True
[Step 286] Phase: 7  | Turn: 1/1 | Angle: 0.0°/360.0° | Progress: 0.0% | Inside: 0.29 | End OK: True
[Step 287] Phase: 7  | Turn: 1/1 | Angle: 0.0°/360.0° | Progress: 0.0% | Inside: 0.29 | End OK: True
[Step 288] Phase: 7  | Turn: 1/1 | Angle: 0.0°/360.0° | Progress: 0.0% | Inside: 0.29 | End OK: True
[Step 289] Phase: 7  | Turn: 1/1 | Angle: 0.0°/360.0° | Progress: 0.0% | Inside: 0.29 | End OK: True
[Step 290] Phase: 7  | Turn: 1/1 | Angle: 0.0°/360.0° | Progress: 0.0% | Inside: 0.29 | End OK: True
[Step 291] Phase: 7  | Turn: 1/1 | Angle: 0.0°/360.0° | Progress: 0.0% | Inside: 0.29 | End OK: True
[Step 292] Phase: 7  | Turn: 1/1 | Angle: 0.0°/360.0° | Progress: 0.0% | Inside: 0.29 | End OK: True
[Step 293] Phase: 7  | Turn: 1/1 | Angle: 0.0°/360.0° | Progress: 0.0% | Inside: 0.29 | End OK: True
[Step 294] Phase: 7  | Turn: 1/1 | Angle: 0.0°/360.0° | Progress: 0.0% | Inside: 0.29 | End OK: True
[Step 295] Phase: 7  | Turn: 1/1 | Angle: 0.0°/360.0° | Progress: 0.0% | Inside: 0.29 | End OK: True
[Step 296] Phase: 8  | Turn: 1/1 | Angle: 0.0°/360.0° | Progress: 0.0% | Inside: 0.29 | End OK: True
[Step 297] Phase: 8  | Turn: 1/1 | Angle: 0.0°/360.0° | Progress: 0.0% | Inside: 0.29 | End OK: True
[Step 298] Phase: 8  | Turn: 1/1 | Angle: 0.0°/360.0° | Progress: 0.0% | Inside: 0.29 | End OK: True
[Step 299] Phase: 8  | Turn: 1/1 | Angle: 0.0°/360.0° | Progress: 0.0% | Inside: 0.29 | End OK: True
[Step 300] Phase: 8  | Turn: 1/1 | Angle: 0.0°/360.0° | Progress: 0.0% | Inside: 0.29 | End OK: True
  [ep 0/1, attempt 1] step 301/530  terminated=False  truncated=False
[Step 301] Phase: 8  | Turn: 1/1 | Angle: 0.0°/360.0° | Progress: 0.0% | Inside: 0.29 | End OK: True
[Step 302] Phase: 8  | Turn: 1/1 | Angle: 0.0°/360.0° | Progress: 0.0% | Inside: 0.29 | End OK: True
[Step 303] Phase: 8  | Turn: 1/1 | Angle: 0.0°/360.0° | Progress: 0.0% | Inside: 0.29 | End OK: True
[Step 304] Phase: 8  | Turn: 1/1 | Angle: 0.0°/360.0° | Progress: 0.0% | Inside: 0.29 | End OK: True
[Step 305] Phase: 8  | Turn: 1/1 | Angle: 0.0°/360.0° | Progress: 0.0% | Inside: 0.29 | End OK: True
[Step 306] Phase: 8  | Turn: 1/1 | Angle: 0.0°/360.0° | Progress: 0.0% | Inside: 0.29 | End OK: True
[Step 307] Phase: 8  | Turn: 1/1 | Angle: 0.0°/360.0° | Progress: 0.0% | Inside: 0.29 | End OK: True
[Step 308] Phase: 8  | Turn: 1/1 | Angle: 0.0°/360.0° | Progress: 0.0% | Inside: 0.29 | End OK: True
[Step 309] Phase: 8  | Turn: 1/1 | Angle: 0.0°/360.0° | Progress: 0.0% | Inside: 0.29 | End OK: True
[Step 310] Phase: 8  | Turn: 1/1 | Angle: 0.0°/360.0° | Progress: 0.0% | Inside: 0.29 | End OK: True
[Step 311] Phase: 8  | Turn: 1/1 | Angle: 0.0°/360.0° | Progress: 0.0% | Inside: 0.29 | End OK: True
[Step 312] Phase: 8  | Turn: 1/1 | Angle: 0.0°/360.0° | Progress: 0.0% | Inside: 0.29 | End OK: True
[Step 313] Phase: 8  | Turn: 1/1 | Angle: 0.0°/360.0° | Progress: 0.0% | Inside: 0.29 | End OK: True
[Step 314] Phase: 8  | Turn: 1/1 | Angle: 0.0°/360.0° | Progress: 0.0% | Inside: 0.29 | End OK: True
[Step 315] Phase: 8  | Turn: 1/1 | Angle: 0.0°/360.0° | Progress: 0.0% | Inside: 0.29 | End OK: True
[Step 316] Phase: 8  | Turn: 1/1 | Angle: 0.0°/360.0° | Progress: 0.0% | Inside: 0.29 | End OK: True
[Step 317] Phase: 8  | Turn: 1/1 | Angle: 0.0°/360.0° | Progress: 0.0% | Inside: 0.29 | End OK: True
[Step 318] Phase: 8  | Turn: 1/1 | Angle: 0.0°/360.0° | Progress: 0.0% | Inside: 0.29 | End OK: True
[Step 319] Phase: 8  | Turn: 1/1 | Angle: 0.0°/360.0° | Progress: 0.0% | Inside: 0.29 | End OK: True
[Step 320] Phase: 8  | Turn: 1/1 | Angle: 0.0°/360.0° | Progress: 0.0% | Inside: 0.29 | End OK: True
[Step 321] Phase: 8  | Turn: 1/1 | Angle: 0.0°/360.0° | Progress: 0.0% | Inside: 0.29 | End OK: True
[Step 322] Phase: 8  | Turn: 1/1 | Angle: 0.0°/360.0° | Progress: 0.0% | Inside: 0.29 | End OK: True
[Step 323] Phase: 8  | Turn: 1/1 | Angle: 0.0°/360.0° | Progress: 0.0% | Inside: 0.29 | End OK: True
[Step 324] Phase: 8  | Turn: 1/1 | Angle: 0.0°/360.0° | Progress: 0.0% | Inside: 0.29 | End OK: True
[Step 325] Phase: 8  | Turn: 1/1 | Angle: 0.0°/360.0° | Progress: 0.0% | Inside: 0.29 | End OK: True
[Step 326] Phase: 8  | Turn: 1/1 | Angle: 0.0°/360.0° | Progress: 0.0% | Inside: 0.29 | End OK: True
[Step 327] Phase: 8  | Turn: 1/1 | Angle: 0.0°/360.0° | Progress: 0.0% | Inside: 0.29 | End OK: True
[Step 328] Phase: 8  | Turn: 1/1 | Angle: 0.0°/360.0° | Progress: 0.0% | Inside: 0.29 | End OK: True
[Step 329] Phase: 8  | Turn: 1/1 | Angle: 0.0°/360.0° | Progress: 0.0% | Inside: 0.29 | End OK: True
[Step 330] Phase: 8  | Turn: 1/1 | Angle: 0.0°/360.0° | Progress: 0.0% | Inside: 0.29 | End OK: True
[Step 331] Phase: 8  | Turn: 1/1 | Angle: 0.0°/360.0° | Progress: 0.0% | Inside: 0.29 | End OK: True
[Step 332] Phase: 8  | Turn: 1/1 | Angle: 0.0°/360.0° | Progress: 0.0% | Inside: 0.29 | End OK: True
[Step 333] Phase: 8  | Turn: 1/1 | Angle: 0.0°/360.0° | Progress: 0.0% | Inside: 0.29 | End OK: True
[Step 334] Phase: 8  | Turn: 1/1 | Angle: 0.0°/360.0° | Progress: 0.0% | Inside: 0.29 | End OK: True
[Step 335] Phase: 8  | Turn: 1/1 | Angle: 0.0°/360.0° | Progress: 0.0% | Inside: 0.29 | End OK: True
[Step 336] Phase: 8  | Turn: 1/1 | Angle: 0.0°/360.0° | Progress: 0.0% | Inside: 0.29 | End OK: True
[Step 337] Phase: 8  | Turn: 1/1 | Angle: 0.0°/360.0° | Progress: 0.0% | Inside: 0.29 | End OK: True
[Step 338] Phase: 8  | Turn: 1/1 | Angle: 0.0°/360.0° | Progress: 0.0% | Inside: 0.29 | End OK: True
[Step 339] Phase: 8  | Turn: 1/1 | Angle: 0.0°/360.0° | Progress: 0.0% | Inside: 0.29 | End OK: True
[Step 340] Phase: 8  | Turn: 1/1 | Angle: 0.0°/360.0° | Progress: 0.0% | Inside: 0.29 | End OK: True
[Step 341] Phase: 8  | Turn: 1/1 | Angle: 0.0°/360.0° | Progress: 0.0% | Inside: 0.29 | End OK: True
[Step 342] Phase: 8  | Turn: 1/1 | Angle: 0.0°/360.0° | Progress: 0.0% | Inside: 0.29 | End OK: True
[Step 343] Phase: 8  | Turn: 1/1 | Angle: 0.0°/360.0° | Progress: 0.0% | Inside: 0.29 | End OK: True
[Step 344] Phase: 8  | Turn: 1/1 | Angle: 0.0°/360.0° | Progress: 0.0% | Inside: 0.29 | End OK: True
[Step 345] Phase: 8  | Turn: 1/1 | Angle: 0.0°/360.0° | Progress: 0.0% | Inside: 0.29 | End OK: True
[Step 346] Phase: 8  | Turn: 1/1 | Angle: 0.0°/360.0° | Progress: 0.0% | Inside: 0.29 | End OK: True
[Step 347] Phase: 8  | Turn: 1/1 | Angle: 0.0°/360.0° | Progress: 0.0% | Inside: 0.29 | End OK: True
[Step 348] Phase: 8  | Turn: 1/1 | Angle: 0.0°/360.0° | Progress: 0.0% | Inside: 0.29 | End OK: True
[Step 349] Phase: 8  | Turn: 1/1 | Angle: 0.0°/360.0° | Progress: 0.0% | Inside: 0.29 | End OK: True
[Step 350] Phase: 8  | Turn: 1/1 | Angle: 0.0°/360.0° | Progress: 0.0% | Inside: 0.29 | End OK: True
[Step 351] Phase: 8  | Turn: 1/1 | Angle: 0.0°/360.0° | Progress: 0.0% | Inside: 0.29 | End OK: True
[Step 352] Phase: 8  | Turn: 1/1 | Angle: 0.0°/360.0° | Progress: 0.0% | Inside: 0.29 | End OK: True
[Step 353] Phase: 8  | Turn: 1/1 | Angle: 0.0°/360.0° | Progress: 0.0% | Inside: 0.29 | End OK: True
[Step 354] Phase: 8  | Turn: 1/1 | Angle: 0.0°/360.0° | Progress: 0.0% | Inside: 0.29 | End OK: True
[Step 355] Phase: 8  | Turn: 1/1 | Angle: 0.0°/360.0° | Progress: 0.0% | Inside: 0.29 | End OK: True
[Step 356] Phase: 8  | Turn: 1/1 | Angle: 0.0°/360.0° | Progress: 0.0% | Inside: 0.29 | End OK: True
[Step 357] Phase: 8  | Turn: 1/1 | Angle: 0.0°/360.0° | Progress: 0.0% | Inside: 0.29 | End OK: True
[Step 358] Phase: 8  | Turn: 1/1 | Angle: 0.0°/360.0° | Progress: 0.0% | Inside: 0.29 | End OK: True
[Step 359] Phase: 8  | Turn: 1/1 | Angle: 0.0°/360.0° | Progress: 0.0% | Inside: 0.29 | End OK: True
[Step 360] Phase: 9  | Turn: 1/1 | Angle: 0.0°/360.0° | Progress: 0.0% | Inside: 0.29 | End OK: True
[Step 361] Phase: 9  | Turn: 1/1 | Angle: 0.0°/360.0° | Progress: 0.0% | Inside: 0.29 | End OK: True
[Step 362] Phase: 9  | Turn: 1/1 | Angle: 0.0°/360.0° | Progress: 0.0% | Inside: 0.29 | End OK: True
[Step 363] Phase: 9  | Turn: 1/1 | Angle: 0.0°/360.0° | Progress: 0.0% | Inside: 0.29 | End OK: True
[Step 364] Phase: 9  | Turn: 1/1 | Angle: 0.0°/360.0° | Progress: 0.0% | Inside: 0.29 | End OK: True
[Step 365] Phase: 9  | Turn: 1/1 | Angle: 0.0°/360.0° | Progress: 0.0% | Inside: 0.29 | End OK: True
[Step 366] Phase: 9  | Turn: 1/1 | Angle: 0.0°/360.0° | Progress: 0.0% | Inside: 0.29 | End OK: True
[Step 367] Phase: 9  | Turn: 1/1 | Angle: 0.0°/360.0° | Progress: 0.0% | Inside: 0.29 | End OK: True
[Step 368] Phase: 9  | Turn: 1/1 | Angle: 0.0°/360.0° | Progress: 0.0% | Inside: 0.29 | End OK: True
[Step 369] Phase: 9  | Turn: 1/1 | Angle: 0.0°/360.0° | Progress: 0.0% | Inside: 0.29 | End OK: True
[Step 370] Phase: 9  | Turn: 1/1 | Angle: 0.0°/360.0° | Progress: 0.0% | Inside: 0.29 | End OK: True
[Step 371] Phase: 9  | Turn: 1/1 | Angle: 0.0°/360.0° | Progress: 0.0% | Inside: 0.29 | End OK: True
[Step 372] Phase: 9  | Turn: 1/1 | Angle: 0.0°/360.0° | Progress: 0.0% | Inside: 0.29 | End OK: True
[Step 373] Phase: 9  | Turn: 1/1 | Angle: 0.0°/360.0° | Progress: 0.0% | Inside: 0.29 | End OK: True
[Step 374] Phase: 10 | Turn: 1/1 | Angle: 0.0°/360.0° | Progress: 0.0% | Inside: 0.29 | End OK: True
[Step 375] Phase: 10 | Turn: 1/1 | Angle: 0.0°/360.0° | Progress: 0.0% | Inside: 0.29 | End OK: True
[Step 376] Phase: 10 | Turn: 1/1 | Angle: 0.0°/360.0° | Progress: 0.0% | Inside: 0.29 | End OK: True
[Step 377] Phase: 10 | Turn: 1/1 | Angle: 0.0°/360.0° | Progress: 0.0% | Inside: 0.29 | End OK: True
[Step 378] Phase: 10 | Turn: 1/1 | Angle: 0.0°/360.0° | Progress: 0.0% | Inside: 0.29 | End OK: True
[Step 379] Phase: 10 | Turn: 1/1 | Angle: 0.0°/360.0° | Progress: 0.0% | Inside: 0.29 | End OK: True
[Step 380] Phase: 10 | Turn: 1/1 | Angle: 0.0°/360.0° | Progress: 0.0% | Inside: 0.29 | End OK: True
[Step 381] Phase: 10 | Turn: 1/1 | Angle: 0.0°/360.0° | Progress: 0.0% | Inside: 0.29 | End OK: True
[Step 382] Phase: 10 | Turn: 1/1 | Angle: 0.0°/360.0° | Progress: 0.0% | Inside: 0.29 | End OK: True
[Step 383] Phase: 10 | Turn: 1/1 | Angle: 0.0°/360.0° | Progress: 0.0% | Inside: 0.29 | End OK: True
[Step 384] Phase: 10 | Turn: 1/1 | Angle: 0.0°/360.0° | Progress: 0.0% | Inside: 0.29 | End OK: True
[Step 385] Phase: 10 | Turn: 1/1 | Angle: 0.0°/360.0° | Progress: 0.0% | Inside: 0.29 | End OK: True
[Step 386] Phase: 10 | Turn: 1/1 | Angle: 0.0°/360.0° | Progress: 0.0% | Inside: 0.29 | End OK: True
[Step 387] Phase: 10 | Turn: 1/1 | Angle: 0.0°/360.0° | Progress: 0.0% | Inside: 0.29 | End OK: True
[Step 388] Phase: 10 | Turn: 1/1 | Angle: 0.0°/360.0° | Progress: 0.0% | Inside: 0.29 | End OK: True
[Step 389] Phase: 10 | Turn: 1/1 | Angle: 0.0°/360.0° | Progress: 0.0% | Inside: 0.29 | End OK: True
[Step 390] Phase: 10 | Turn: 1/1 | Angle: 0.0°/360.0° | Progress: 0.0% | Inside: 0.29 | End OK: True
[Step 391] Phase: 10 | Turn: 1/1 | Angle: 0.0°/360.0° | Progress: 0.0% | Inside: 0.29 | End OK: True
[Step 392] Phase: 10 | Turn: 1/1 | Angle: 0.0°/360.0° | Progress: 0.0% | Inside: 0.29 | End OK: True
[Step 393] Phase: 10 | Turn: 1/1 | Angle: 0.0°/360.0° | Progress: 0.0% | Inside: 0.29 | End OK: True
[Step 394] Phase: 10 | Turn: 1/1 | Angle: 0.0°/360.0° | Progress: 0.0% | Inside: 0.29 | End OK: True
[Step 395] Phase: 10 | Turn: 1/1 | Angle: 0.0°/360.0° | Progress: 0.0% | Inside: 0.29 | End OK: True
[Step 396] Phase: 10 | Turn: 1/1 | Angle: 0.0°/360.0° | Progress: 0.0% | Inside: 0.29 | End OK: True
[Step 397] Phase: 10 | Turn: 1/1 | Angle: 0.0°/360.0° | Progress: 0.0% | Inside: 0.29 | End OK: True
[Step 398] Phase: 10 | Turn: 1/1 | Angle: 0.0°/360.0° | Progress: 0.0% | Inside: 0.29 | End OK: True
[Step 399] Phase: 10 | Turn: 1/1 | Angle: 0.0°/360.0° | Progress: 0.0% | Inside: 0.29 | End OK: True
[Step 400] Phase: 10 | Turn: 1/1 | Angle: 0.0°/360.0° | Progress: 0.0% | Inside: 0.29 | End OK: True
  [ep 0/1, attempt 1] step 401/530  terminated=False  truncated=False
[Step 401] Phase: 11 | Turn: 1/1 | Angle: 0.0°/360.0° | Progress: 0.0% | Inside: 0.29 | End OK: True
[Step 402] Phase: 11 | Turn: 1/1 | Angle: 0.0°/360.0° | Progress: 0.0% | Inside: 0.29 | End OK: True
[Step 403] Phase: 11 | Turn: 1/1 | Angle: 0.0°/360.0° | Progress: 0.0% | Inside: 0.29 | End OK: True
[Step 404] Phase: 11 | Turn: 1/1 | Angle: 0.0°/360.0° | Progress: 0.0% | Inside: 0.29 | End OK: True
[Step 405] Phase: 11 | Turn: 1/1 | Angle: 0.0°/360.0° | Progress: 0.0% | Inside: 0.29 | End OK: True
[Step 406] Phase: 11 | Turn: 1/1 | Angle: 0.0°/360.0° | Progress: 0.0% | Inside: 0.29 | End OK: True
[Step 407] Phase: 11 | Turn: 1/1 | Angle: 0.0°/360.0° | Progress: 0.0% | Inside: 0.29 | End OK: True
[Step 408] Phase: 11 | Turn: 1/1 | Angle: 0.0°/360.0° | Progress: 0.0% | Inside: 0.29 | End OK: True
[Step 409] Phase: 11 | Turn: 1/1 | Angle: 0.0°/360.0° | Progress: 0.0% | Inside: 0.29 | End OK: True
[Step 410] Phase: 11 | Turn: 1/1 | Angle: 0.0°/360.0° | Progress: 0.0% | Inside: 0.29 | End OK: True
[Step 411] Phase: 11 | Turn: 1/1 | Angle: 0.0°/360.0° | Progress: 0.0% | Inside: 0.29 | End OK: True
[Step 412] Phase: 11 | Turn: 1/1 | Angle: 0.0°/360.0° | Progress: 0.0% | Inside: 0.29 | End OK: True
[Step 413] Phase: 11 | Turn: 1/1 | Angle: 0.0°/360.0° | Progress: 0.0% | Inside: 0.29 | End OK: True
[Step 414] Phase: 11 | Turn: 1/1 | Angle: 0.0°/360.0° | Progress: 0.0% | Inside: 0.29 | End OK: True
[Step 415] Phase: 11 | Turn: 1/1 | Angle: 0.0°/360.0° | Progress: 0.0% | Inside: 0.29 | End OK: True
[Step 416] Phase: 11 | Turn: 1/1 | Angle: 0.0°/360.0° | Progress: 0.0% | Inside: 0.29 | End OK: True
[Step 417] Phase: 11 | Turn: 1/1 | Angle: 0.0°/360.0° | Progress: 0.0% | Inside: 0.29 | End OK: True
[Step 418] Phase: 11 | Turn: 1/1 | Angle: 0.0°/360.0° | Progress: 0.0% | Inside: 0.29 | End OK: True
[Step 419] Phase: 11 | Turn: 1/1 | Angle: 0.0°/360.0° | Progress: 0.0% | Inside: 0.29 | End OK: True
[Step 420] Phase: 11 | Turn: 1/1 | Angle: 0.0°/360.0° | Progress: 0.0% | Inside: 0.29 | End OK: True
[Step 421] Phase: 11 | Turn: 1/1 | Angle: 0.0°/360.0° | Progress: 0.0% | Inside: 0.29 | End OK: True
[Step 422] Phase: 11 | Turn: 1/1 | Angle: 0.0°/360.0° | Progress: 0.0% | Inside: 0.29 | End OK: True
[Step 423] Phase: 11 | Turn: 1/1 | Angle: 0.0°/360.0° | Progress: 0.0% | Inside: 0.29 | End OK: True
[Step 424] Phase: 11 | Turn: 1/1 | Angle: 0.0°/360.0° | Progress: 0.0% | Inside: 0.29 | End OK: True
[Step 425] Phase: 11 | Turn: 1/1 | Angle: 0.0°/360.0° | Progress: 0.0% | Inside: 0.29 | End OK: True
[Step 426] Phase: 11 | Turn: 1/1 | Angle: 0.0°/360.0° | Progress: 0.0% | Inside: 0.29 | End OK: True
[Step 427] Phase: 11 | Turn: 1/1 | Angle: 0.0°/360.0° | Progress: 0.0% | Inside: 0.29 | End OK: True
[Step 428] Phase: 11 | Turn: 1/1 | Angle: 0.0°/360.0° | Progress: 0.0% | Inside: 0.29 | End OK: True
[Step 429] Phase: 11 | Turn: 1/1 | Angle: 0.0°/360.0° | Progress: 0.0% | Inside: 0.29 | End OK: True
[Step 430] Phase: 11 | Turn: 1/1 | Angle: 0.0°/360.0° | Progress: 0.0% | Inside: 0.29 | End OK: True
[Step 431] Phase: 11 | Turn: 1/1 | Angle: 0.0°/360.0° | Progress: 0.0% | Inside: 0.29 | End OK: True
[Step 432] Phase: 11 | Turn: 1/1 | Angle: 0.0°/360.0° | Progress: 0.0% | Inside: 0.29 | End OK: True
[Step 433] Phase: 11 | Turn: 1/1 | Angle: 0.0°/360.0° | Progress: 0.0% | Inside: 0.29 | End OK: True
[Step 434] Phase: 11 | Turn: 1/1 | Angle: 0.0°/360.0° | Progress: 0.0% | Inside: 0.29 | End OK: True
[Step 435] Phase: 11 | Turn: 1/1 | Angle: 0.0°/360.0° | Progress: 0.0% | Inside: 0.29 | End OK: True
[Step 436] Phase: 11 | Turn: 1/1 | Angle: 0.0°/360.0° | Progress: 0.0% | Inside: 0.29 | End OK: True
[Step 437] Phase: 11 | Turn: 1/1 | Angle: 0.0°/360.0° | Progress: 0.0% | Inside: 0.29 | End OK: True
[Step 438] Phase: 11 | Turn: 1/1 | Angle: 0.0°/360.0° | Progress: 0.0% | Inside: 0.29 | End OK: True
[Step 439] Phase: 11 | Turn: 1/1 | Angle: 0.0°/360.0° | Progress: 0.0% | Inside: 0.29 | End OK: True
[Step 440] Phase: 11 | Turn: 1/1 | Angle: 0.0°/360.0° | Progress: 0.0% | Inside: 0.29 | End OK: True
[Step 441] Phase: 11 | Turn: 1/1 | Angle: 0.0°/360.0° | Progress: 0.0% | Inside: 0.29 | End OK: True
[Step 442] Phase: 11 | Turn: 1/1 | Angle: 0.0°/360.0° | Progress: 0.0% | Inside: 0.29 | End OK: True
[Step 443] Phase: 11 | Turn: 1/1 | Angle: 0.0°/360.0° | Progress: 0.0% | Inside: 0.29 | End OK: True
[Step 444] Phase: 11 | Turn: 1/1 | Angle: 0.0°/360.0° | Progress: 0.0% | Inside: 0.29 | End OK: True
[Step 445] Phase: 11 | Turn: 1/1 | Angle: 0.0°/360.0° | Progress: 0.0% | Inside: 0.29 | End OK: True
[Step 446] Phase: 11 | Turn: 1/1 | Angle: 0.0°/360.0° | Progress: 0.0% | Inside: 0.29 | End OK: True
[Step 447] Phase: 11 | Turn: 1/1 | Angle: 0.0°/360.0° | Progress: 0.0% | Inside: 0.29 | End OK: True
[Step 448] Phase: 11 | Turn: 1/1 | Angle: 0.0°/360.0° | Progress: 0.0% | Inside: 0.29 | End OK: True
[Step 449] Phase: 11 | Turn: 1/1 | Angle: 0.0°/360.0° | Progress: 0.0% | Inside: 0.29 | End OK: True
[Step 450] Phase: 11 | Turn: 1/1 | Angle: 0.0°/360.0° | Progress: 0.0% | Inside: 0.29 | End OK: True
[Step 451] Phase: 11 | Turn: 1/1 | Angle: 0.0°/360.0° | Progress: 0.0% | Inside: 0.29 | End OK: True
[Step 452] Phase: 11 | Turn: 1/1 | Angle: 0.0°/360.0° | Progress: 0.0% | Inside: 0.29 | End OK: True
[Step 453] Phase: 11 | Turn: 1/1 | Angle: 0.0°/360.0° | Progress: 0.0% | Inside: 0.29 | End OK: True
[Step 454] Phase: 11 | Turn: 1/1 | Angle: 0.0°/360.0° | Progress: 0.0% | Inside: 0.29 | End OK: True
[Step 455] Phase: 11 | Turn: 1/1 | Angle: 0.0°/360.0° | Progress: 0.0% | Inside: 0.29 | End OK: True
[Step 456] Phase: 11 | Turn: 1/1 | Angle: 0.0°/360.0° | Progress: 0.0% | Inside: 0.29 | End OK: True
[Step 457] Phase: 11 | Turn: 1/1 | Angle: 0.0°/360.0° | Progress: 0.0% | Inside: 0.29 | End OK: True
[Step 458] Phase: 11 | Turn: 1/1 | Angle: 0.0°/360.0° | Progress: 0.0% | Inside: 0.29 | End OK: True
[Step 459] Phase: 11 | Turn: 1/1 | Angle: 0.0°/360.0° | Progress: 0.0% | Inside: 0.29 | End OK: True
[Step 460] Phase: 11 | Turn: 1/1 | Angle: 0.0°/360.0° | Progress: 0.0% | Inside: 0.29 | End OK: True
[Step 461] Phase: 11 | Turn: 1/1 | Angle: 0.0°/360.0° | Progress: 0.0% | Inside: 0.29 | End OK: True
[Step 462] Phase: 11 | Turn: 1/1 | Angle: 0.0°/360.0° | Progress: 0.0% | Inside: 0.29 | End OK: True
[Step 463] Phase: 11 | Turn: 1/1 | Angle: 0.0°/360.0° | Progress: 0.0% | Inside: 0.29 | End OK: True
[Step 464] Phase: 11 | Turn: 1/1 | Angle: 0.0°/360.0° | Progress: 0.0% | Inside: 0.29 | End OK: True
[Step 465] Phase: 11 | Turn: 1/1 | Angle: 0.0°/360.0° | Progress: 0.0% | Inside: 0.29 | End OK: True
[Step 466] Phase: 11 | Turn: 1/1 | Angle: 0.0°/360.0° | Progress: 0.0% | Inside: 0.29 | End OK: True
[Step 467] Phase: 11 | Turn: 1/1 | Angle: 0.0°/360.0° | Progress: 0.0% | Inside: 0.29 | End OK: True
[Step 468] Phase: 11 | Turn: 1/1 | Angle: 0.0°/360.0° | Progress: 0.0% | Inside: 0.29 | End OK: True
[Step 469] Phase: 11 | Turn: 1/1 | Angle: 0.0°/360.0° | Progress: 0.0% | Inside: 0.29 | End OK: True
[Step 470] Phase: 11 | Turn: 1/1 | Angle: 0.0°/360.0° | Progress: 0.0% | Inside: 0.29 | End OK: True
[Step 471] Phase: 11 | Turn: 1/1 | Angle: 0.0°/360.0° | Progress: 0.0% | Inside: 0.29 | End OK: True
[Step 472] Phase: 12 | Turn: 1/1 | Angle: 0.0°/360.0° | Progress: 0.0% | Inside: 0.29 | End OK: True
[Step 473] Phase: 12 | Turn: 1/1 | Angle: 0.0°/360.0° | Progress: 0.0% | Inside: 0.29 | End OK: True
[Step 474] Phase: 12 | Turn: 1/1 | Angle: 0.0°/360.0° | Progress: 0.0% | Inside: 0.29 | End OK: True
[Step 475] Phase: 12 | Turn: 1/1 | Angle: 0.0°/360.0° | Progress: 0.0% | Inside: 0.29 | End OK: True
[Step 476] Phase: 12 | Turn: 1/1 | Angle: 0.0°/360.0° | Progress: 0.0% | Inside: 0.29 | End OK: True
[Step 477] Phase: 12 | Turn: 1/1 | Angle: 0.0°/360.0° | Progress: 0.0% | Inside: 0.29 | End OK: True
[Step 478] Phase: 12 | Turn: 1/1 | Angle: 0.0°/360.0° | Progress: 0.0% | Inside: 0.29 | End OK: True
[Step 479] Phase: 12 | Turn: 1/1 | Angle: 0.0°/360.0° | Progress: 0.0% | Inside: 0.29 | End OK: True
[Step 480] Phase: 12 | Turn: 1/1 | Angle: 0.0°/360.0° | Progress: 0.0% | Inside: 0.29 | End OK: True
[Step 481] Phase: 12 | Turn: 1/1 | Angle: 0.0°/360.0° | Progress: 0.0% | Inside: 0.29 | End OK: True
[Step 482] Phase: 12 | Turn: 1/1 | Angle: 0.0°/360.0° | Progress: 0.0% | Inside: 0.29 | End OK: True
[Step 483] Phase: 12 | Turn: 1/1 | Angle: 0.0°/360.0° | Progress: 0.0% | Inside: 0.29 | End OK: True
[Step 484] Phase: 12 | Turn: 1/1 | Angle: 0.0°/360.0° | Progress: 0.0% | Inside: 0.29 | End OK: True
[Step 485] Phase: 12 | Turn: 1/1 | Angle: 0.0°/360.0° | Progress: 0.0% | Inside: 0.29 | End OK: True
[Step 486] Phase: 12 | Turn: 1/1 | Angle: 0.0°/360.0° | Progress: 0.0% | Inside: 0.29 | End OK: True
[Step 487] Phase: 12 | Turn: 1/1 | Angle: 0.0°/360.0° | Progress: 0.0% | Inside: 0.29 | End OK: True
[Step 488] Phase: 12 | Turn: 1/1 | Angle: 0.0°/360.0° | Progress: 0.0% | Inside: 0.29 | End OK: True
[Step 489] Phase: 12 | Turn: 1/1 | Angle: 0.0°/360.0° | Progress: 0.0% | Inside: 0.29 | End OK: True
[Step 490] Phase: 12 | Turn: 1/1 | Angle: 0.0°/360.0° | Progress: 0.0% | Inside: 0.29 | End OK: True
[Step 491] Phase: 12 | Turn: 1/1 | Angle: 0.0°/360.0° | Progress: 0.0% | Inside: 0.29 | End OK: True
[Step 492] Phase: 12 | Turn: 1/1 | Angle: 0.0°/360.0° | Progress: 0.0% | Inside: 0.29 | End OK: True
[Step 493] Phase: 12 | Turn: 1/1 | Angle: 0.0°/360.0° | Progress: 0.0% | Inside: 0.29 | End OK: True
[Step 494] Phase: 12 | Turn: 1/1 | Angle: 0.0°/360.0° | Progress: 0.0% | Inside: 0.29 | End OK: True
[Step 495] Phase: 12 | Turn: 1/1 | Angle: 0.0°/360.0° | Progress: 0.0% | Inside: 0.29 | End OK: True
[Step 496] Phase: 12 | Turn: 1/1 | Angle: 0.0°/360.0° | Progress: 0.0% | Inside: 0.29 | End OK: True
[Step 497] Phase: 12 | Turn: 1/1 | Angle: 0.0°/360.0° | Progress: 0.0% | Inside: 0.29 | End OK: True
[Step 498] Phase: 12 | Turn: 1/1 | Angle: 0.0°/360.0° | Progress: 0.0% | Inside: 0.29 | End OK: True
[Step 499] Phase: 12 | Turn: 1/1 | Angle: 0.0°/360.0° | Progress: 0.0% | Inside: 0.29 | End OK: True
[Step 500] Phase: 12 | Turn: 1/1 | Angle: 0.0°/360.0° | Progress: 0.0% | Inside: 0.29 | End OK: True
  [ep 0/1, attempt 1] step 501/530  terminated=False  truncated=False
[Step 501] Phase: 12 | Turn: 1/1 | Angle: 0.0°/360.0° | Progress: 0.0% | Inside: 0.29 | End OK: True
[Step 502] Phase: 12 | Turn: 1/1 | Angle: 0.0°/360.0° | Progress: 0.0% | Inside: 0.29 | End OK: True
[Step 503] Phase: 12 | Turn: 1/1 | Angle: 0.0°/360.0° | Progress: 0.0% | Inside: 0.29 | End OK: True
[Step 504] Phase: 12 | Turn: 1/1 | Angle: 0.0°/360.0° | Progress: 0.0% | Inside: 0.29 | End OK: True
[Step 505] Phase: 12 | Turn: 1/1 | Angle: 0.0°/360.0° | Progress: 0.0% | Inside: 0.29 | End OK: True
[Step 506] Phase: 12 | Turn: 1/1 | Angle: 0.0°/360.0° | Progress: 0.0% | Inside: 0.29 | End OK: True
[Step 507] Phase: 12 | Turn: 1/1 | Angle: 0.0°/360.0° | Progress: 0.0% | Inside: 0.29 | End OK: True
[Step 508] Phase: 12 | Turn: 1/1 | Angle: 0.0°/360.0° | Progress: 0.0% | Inside: 0.29 | End OK: True
[Step 509] Phase: 12 | Turn: 1/1 | Angle: 0.0°/360.0° | Progress: 0.0% | Inside: 0.29 | End OK: True
[Step 510] Phase: 12 | Turn: 1/1 | Angle: 0.0°/360.0° | Progress: 0.0% | Inside: 0.29 | End OK: True
[Step 511] Phase: 12 | Turn: 1/1 | Angle: 0.0°/360.0° | Progress: 0.0% | Inside: 0.29 | End OK: True
[Step 512] Phase: 12 | Turn: 1/1 | Angle: 0.0°/360.0° | Progress: 0.0% | Inside: 0.29 | End OK: True
[Step 513] Phase: 12 | Turn: 1/1 | Angle: 0.0°/360.0° | Progress: 0.0% | Inside: 0.29 | End OK: True
[Step 514] Phase: 12 | Turn: 1/1 | Angle: 0.0°/360.0° | Progress: 0.0% | Inside: 0.29 | End OK: True
[Step 515] Phase: 12 | Turn: 1/1 | Angle: 0.0°/360.0° | Progress: 0.0% | Inside: 0.29 | End OK: True
[Step 516] Phase: 12 | Turn: 1/1 | Angle: 0.0°/360.0° | Progress: 0.0% | Inside: 0.29 | End OK: True
[Step 517] Phase: 12 | Turn: 1/1 | Angle: 0.0°/360.0° | Progress: 0.0% | Inside: 0.29 | End OK: True
[Step 518] Phase: 12 | Turn: 1/1 | Angle: 0.0°/360.0° | Progress: 0.0% | Inside: 0.29 | End OK: True
[Step 519] Phase: 12 | Turn: 1/1 | Angle: 0.0°/360.0° | Progress: 0.0% | Inside: 0.29 | End OK: True
[Step 520] Phase: 12 | Turn: 1/1 | Angle: 0.0°/360.0° | Progress: 0.0% | Inside: 0.29 | End OK: True
[Step 521] Phase: 12 | Turn: 1/1 | Angle: 0.0°/360.0° | Progress: 0.0% | Inside: 0.29 | End OK: True
[Step 522] Phase: 12 | Turn: 1/1 | Angle: 0.0°/360.0° | Progress: 0.0% | Inside: 0.29 | End OK: True
[Step 523] Phase: 12 | Turn: 1/1 | Angle: 0.0°/360.0° | Progress: 0.0% | Inside: 0.29 | End OK: True
[Step 524] Phase: 12 | Turn: 1/1 | Angle: 0.0°/360.0° | Progress: 0.0% | Inside: 0.29 | End OK: True
[Step 525] Phase: 12 | Turn: 1/1 | Angle: 0.0°/360.0° | Progress: 0.0% | Inside: 0.29 | End OK: True
[Step 526] Phase: 12 | Turn: 1/1 | Angle: 0.0°/360.0° | Progress: 0.0% | Inside: 0.29 | End OK: True
[Step 527] Phase: 12 | Turn: 1/1 | Angle: 0.0°/360.0° | Progress: 0.0% | Inside: 0.29 | End OK: True
[Step 528] Phase: 12 | Turn: 1/1 | Angle: 0.0°/360.0° | Progress: 0.0% | Inside: 0.29 | End OK: True
[Step 529] Phase: 12 | Turn: 1/1 | Angle: 0.0°/360.0° | Progress: 0.0% | Inside: 0.29 | End OK: True
  [ep 0/1, attempt 1] step 530/530  terminated=False  truncated=True
  [WARNING] Episode 0 attempt 1 truncated without success. Discarding and retrying...
  [Success Rate] overall: 0.0% (0/1) | moving avg (last 1): 0.0%
  [ep 0/1, attempt 2] step 1/530  terminated=False  truncated=False
[Step  11] Phase: 0  | Turn: 1/1 | Angle: 0.0°/360.0° | Progress: 0.0% | Inside: 0.00 | End OK: False
[Step  12] Phase: 0  | Turn: 1/1 | Angle: 0.0°/360.0° | Progress: 0.0% | Inside: 0.00 | End OK: False
[Step  13] Phase: 0  | Turn: 1/1 | Angle: 0.0°/360.0° | Progress: 0.0% | Inside: 0.00 | End OK: False
[Step  14] Phase: 0  | Turn: 1/1 | Angle: 0.0°/360.0° | Progress: 0.0% | Inside: 0.00 | End OK: False
[Step  15] Phase: 0  | Turn: 1/1 | Angle: 0.0°/360.0° | Progress: 0.0% | Inside: 0.00 | End OK: False
[Step  16] Phase: 0  | Turn: 1/1 | Angle: 0.0°/360.0° | Progress: 0.0% | Inside: 0.00 | End OK: False
[Step  17] Phase: 0  | Turn: 1/1 | Angle: 0.0°/360.0° | Progress: 0.0% | Inside: 0.00 | End OK: False
[Step  18] Phase: 0  | Turn: 1/1 | Angle: 0.0°/360.0° | Progress: 0.0% | Inside: 0.00 | End OK: False
[Step  19] Phase: 0  | Turn: 1/1 | Angle: 0.0°/360.0° | Progress: 0.0% | Inside: 0.00 | End OK: False
[Step  20] Phase: 0  | Turn: 1/1 | Angle: 0.0°/360.0° | Progress: 0.0% | Inside: 0.00 | End OK: False
[Step  21] Phase: 0  | Turn: 1/1 | Angle: 0.0°/360.0° | Progress: 0.0% | Inside: 0.00 | End OK: False
[Step  22] Phase: 0  | Turn: 1/1 | Angle: 0.0°/360.0° | Progress: 0.0% | Inside: 0.00 | End OK: False
[Step  23] Phase: 0  | Turn: 1/1 | Angle: 0.0°/360.0° | Progress: 0.0% | Inside: 0.00 | End OK: False
[Step  24] Phase: 0  | Turn: 1/1 | Angle: 0.0°/360.0° | Progress: 0.0% | Inside: 0.00 | End OK: False
[Step  25] Phase: 0  | Turn: 1/1 | Angle: 0.0°/360.0° | Progress: 0.0% | Inside: 0.00 | End OK: False
[Step  26] Phase: 0  | Turn: 1/1 | Angle: 0.0°/360.0° | Progress: 0.0% | Inside: 0.00 | End OK: False
[Step  27] Phase: 0  | Turn: 1/1 | Angle: 0.0°/360.0° | Progress: 0.0% | Inside: 0.00 | End OK: False
[Step  28] Phase: 0  | Turn: 1/1 | Angle: 0.0°/360.0° | Progress: 0.0% | Inside: 0.00 | End OK: False
[Step  29] Phase: 0  | Turn: 1/1 | Angle: 0.0°/360.0° | Progress: 0.0% | Inside: 0.00 | End OK: False
[Step  30] Phase: 0  | Turn: 1/1 | Angle: 0.0°/360.0° | Progress: 0.0% | Inside: 0.00 | End OK: False
[Step  31] Phase: 1  | Turn: 1/1 | Angle: 0.0°/360.0° | Progress: 0.0% | Inside: 0.00 | End OK: False
[Step  32] Phase: 1  | Turn: 1/1 | Angle: 0.0°/360.0° | Progress: 0.0% | Inside: 0.00 | End OK: False
[Step  33] Phase: 1  | Turn: 1/1 | Angle: 0.0°/360.0° | Progress: 0.0% | Inside: 0.00 | End OK: False
[Step  34] Phase: 1  | Turn: 1/1 | Angle: 0.0°/360.0° | Progress: 0.0% | Inside: 0.00 | End OK: False
[Step  35] Phase: 1  | Turn: 1/1 | Angle: 0.0°/360.0° | Progress: 0.0% | Inside: 0.00 | End OK: False
[Step  36] Phase: 1  | Turn: 1/1 | Angle: 0.0°/360.0° | Progress: 0.0% | Inside: 0.00 | End OK: False
[Step  37] Phase: 1  | Turn: 1/1 | Angle: 0.0°/360.0° | Progress: 0.0% | Inside: 0.00 | End OK: False
[Step  38] Phase: 1  | Turn: 1/1 | Angle: 0.0°/360.0° | Progress: 0.0% | Inside: 0.00 | End OK: False
[Step  39] Phase: 1  | Turn: 1/1 | Angle: 0.0°/360.0° | Progress: 0.0% | Inside: 0.00 | End OK: False
[Step  40] Phase: 1  | Turn: 1/1 | Angle: 0.0°/360.0° | Progress: 0.0% | Inside: 0.00 | End OK: False
[Step  41] Phase: 1  | Turn: 1/1 | Angle: 0.0°/360.0° | Progress: 0.0% | Inside: 0.00 | End OK: False
[Step  42] Phase: 1  | Turn: 1/1 | Angle: 0.0°/360.0° | Progress: 0.0% | Inside: 0.00 | End OK: False
[Step  43] Phase: 1  | Turn: 1/1 | Angle: 0.0°/360.0° | Progress: 0.0% | Inside: 0.00 | End OK: False
[Step  44] Phase: 1  | Turn: 1/1 | Angle: 0.0°/360.0° | Progress: 0.0% | Inside: 0.00 | End OK: False
[Step  45] Phase: 1  | Turn: 1/1 | Angle: 0.0°/360.0° | Progress: 0.0% | Inside: 0.00 | End OK: False
[Step  46] Phase: 1  | Turn: 1/1 | Angle: 0.0°/360.0° | Progress: 0.0% | Inside: 0.00 | End OK: False
[Step  47] Phase: 1  | Turn: 1/1 | Angle: 0.0°/360.0° | Progress: 0.0% | Inside: 0.00 | End OK: False
[Step  48] Phase: 1  | Turn: 1/1 | Angle: 0.0°/360.0° | Progress: 0.0% | Inside: 0.00 | End OK: False
[Step  49] Phase: 1  | Turn: 1/1 | Angle: 0.0°/360.0° | Progress: 0.0% | Inside: 0.00 | End OK: False
[Step  50] Phase: 1  | Turn: 1/1 | Angle: 0.0°/360.0° | Progress: 0.0% | Inside: 0.00 | End OK: False
[Step  51] Phase: 1  | Turn: 1/1 | Angle: 0.0°/360.0° | Progress: 0.0% | Inside: 0.00 | End OK: False
[Step  52] Phase: 1  | Turn: 1/1 | Angle: 0.0°/360.0° | Progress: 0.0% | Inside: 0.00 | End OK: False
[Step  53] Phase: 1  | Turn: 1/1 | Angle: 0.0°/360.0° | Progress: 0.0% | Inside: 0.00 | End OK: False
[Step  54] Phase: 1  | Turn: 1/1 | Angle: 0.0°/360.0° | Progress: 0.0% | Inside: 0.00 | End OK: False
[Step  55] Phase: 1  | Turn: 1/1 | Angle: 0.0°/360.0° | Progress: 0.0% | Inside: 0.00 | End OK: False
[Step  56] Phase: 1  | Turn: 1/1 | Angle: 0.0°/360.0° | Progress: 0.0% | Inside: 0.00 | End OK: False
[Step  57] Phase: 1  | Turn: 1/1 | Angle: 0.0°/360.0° | Progress: 0.0% | Inside: 0.00 | End OK: False
[Step  58] Phase: 1  | Turn: 1/1 | Angle: 0.0°/360.0° | Progress: 0.0% | Inside: 0.00 | End OK: False
[Step  59] Phase: 1  | Turn: 1/1 | Angle: 0.0°/360.0° | Progress: 0.0% | Inside: 0.00 | End OK: False
[Step  60] Phase: 1  | Turn: 1/1 | Angle: 0.0°/360.0° | Progress: 0.0% | Inside: 0.00 | End OK: False
[Step  61] Phase: 1  | Turn: 1/1 | Angle: 0.0°/360.0° | Progress: 0.0% | Inside: 0.00 | End OK: False
[Step  62] Phase: 1  | Turn: 1/1 | Angle: 0.0°/360.0° | Progress: 0.0% | Inside: 0.00 | End OK: False
[Step  63] Phase: 1  | Turn: 1/1 | Angle: 0.0°/360.0° | Progress: 0.0% | Inside: 0.00 | End OK: False
[Step  64] Phase: 1  | Turn: 1/1 | Angle: 0.0°/360.0° | Progress: 0.0% | Inside: 0.00 | End OK: False
[Step  65] Phase: 1  | Turn: 1/1 | Angle: 0.0°/360.0° | Progress: 0.0% | Inside: 0.00 | End OK: False
[Step  66] Phase: 1  | Turn: 1/1 | Angle: 0.0°/360.0° | Progress: 0.0% | Inside: 0.00 | End OK: False
[Step  67] Phase: 1  | Turn: 1/1 | Angle: 0.0°/360.0° | Progress: 0.0% | Inside: 0.00 | End OK: False
[Step  68] Phase: 1  | Turn: 1/1 | Angle: 0.0°/360.0° | Progress: 0.0% | Inside: 0.00 | End OK: False
[Step  69] Phase: 1  | Turn: 1/1 | Angle: 0.0°/360.0° | Progress: 0.0% | Inside: 0.00 | End OK: False
[Step  70] Phase: 1  | Turn: 1/1 | Angle: 0.0°/360.0° | Progress: 0.0% | Inside: 0.00 | End OK: False
[Step  71] Phase: 1  | Turn: 1/1 | Angle: 0.0°/360.0° | Progress: 0.0% | Inside: 0.00 | End OK: False
[Step  72] Phase: 1  | Turn: 1/1 | Angle: 0.0°/360.0° | Progress: 0.0% | Inside: 0.00 | End OK: False
[Step  73] Phase: 1  | Turn: 1/1 | Angle: 0.0°/360.0° | Progress: 0.0% | Inside: 0.00 | End OK: False
[Step  74] Phase: 1  | Turn: 1/1 | Angle: 0.0°/360.0° | Progress: 0.0% | Inside: 0.00 | End OK: False
[Step  75] Phase: 1  | Turn: 1/1 | Angle: 0.0°/360.0° | Progress: 0.0% | Inside: 0.00 | End OK: False
[Step  76] Phase: 1  | Turn: 1/1 | Angle: 0.0°/360.0° | Progress: 0.0% | Inside: 0.00 | End OK: False
[Step  77] Phase: 1  | Turn: 1/1 | Angle: 0.0°/360.0° | Progress: 0.0% | Inside: 0.00 | End OK: False
[Step  78] Phase: 1  | Turn: 1/1 | Angle: 0.0°/360.0° | Progress: 0.0% | Inside: 0.00 | End OK: False
[Step  79] Phase: 1  | Turn: 1/1 | Angle: 0.0°/360.0° | Progress: 0.0% | Inside: 0.00 | End OK: False
[Step  80] Phase: 1  | Turn: 1/1 | Angle: 0.0°/360.0° | Progress: 0.0% | Inside: 0.00 | End OK: False
[Step  81] Phase: 1  | Turn: 1/1 | Angle: 0.0°/360.0° | Progress: 0.0% | Inside: 0.00 | End OK: False
[Step  82] Phase: 1  | Turn: 1/1 | Angle: 0.0°/360.0° | Progress: 0.0% | Inside: 0.00 | End OK: False
[Step  83] Phase: 1  | Turn: 1/1 | Angle: 0.0°/360.0° | Progress: 0.0% | Inside: 0.00 | End OK: False
[Step  84] Phase: 1  | Turn: 1/1 | Angle: 0.0°/360.0° | Progress: 0.0% | Inside: 0.00 | End OK: False
[Step  85] Phase: 1  | Turn: 1/1 | Angle: 0.0°/360.0° | Progress: 0.0% | Inside: 0.00 | End OK: False
[Step  86] Phase: 1  | Turn: 1/1 | Angle: 0.0°/360.0° | Progress: 0.0% | Inside: 0.00 | End OK: False
[Step  87] Phase: 1  | Turn: 1/1 | Angle: 0.0°/360.0° | Progress: 0.0% | Inside: 0.00 | End OK: False
[Step  88] Phase: 1  | Turn: 1/1 | Angle: 0.0°/360.0° | Progress: 0.0% | Inside: 0.00 | End OK: False
[Step  89] Phase: 1  | Turn: 1/1 | Angle: 0.0°/360.0° | Progress: 0.0% | Inside: 0.00 | End OK: False
[Step  90] Phase: 1  | Turn: 1/1 | Angle: 0.0°/360.0° | Progress: 0.0% | Inside: 0.00 | End OK: False
[Step  91] Phase: 1  | Turn: 1/1 | Angle: 0.0°/360.0° | Progress: 0.0% | Inside: 0.00 | End OK: False
[Step  92] Phase: 1  | Turn: 1/1 | Angle: 0.0°/360.0° | Progress: 0.0% | Inside: 0.00 | End OK: False
[Step  93] Phase: 1  | Turn: 1/1 | Angle: 0.0°/360.0° | Progress: 0.0% | Inside: 0.00 | End OK: False
[Step  94] Phase: 2  | Turn: 1/1 | Angle: 0.0°/360.0° | Progress: 0.0% | Inside: 0.00 | End OK: False
[Step  95] Phase: 2  | Turn: 1/1 | Angle: 0.0°/360.0° | Progress: 0.0% | Inside: 0.00 | End OK: False
[Step  96] Phase: 2  | Turn: 1/1 | Angle: 0.0°/360.0° | Progress: 0.0% | Inside: 0.00 | End OK: False
[Step  97] Phase: 2  | Turn: 1/1 | Angle: 56.3°/360.0° | Progress: 15.6% | Inside: 0.00 | End OK: False
[Step  98] Phase: 2  | Turn: 1/1 | Angle: 33.2°/360.0° | Progress: 9.2% | Inside: 0.00 | End OK: False
[Step  99] Phase: 2  | Turn: 1/1 | Angle: 26.7°/360.0° | Progress: 7.4% | Inside: 0.00 | End OK: False
[Step 100] Phase: 2  | Turn: 1/1 | Angle: 24.0°/360.0° | Progress: 6.7% | Inside: 0.00 | End OK: False
  [ep 0/1, attempt 2] step 101/530  terminated=False  truncated=False
[Step 101] Phase: 2  | Turn: 1/1 | Angle: 24.9°/360.0° | Progress: 6.9% | Inside: 0.00 | End OK: False
[Step 102] Phase: 2  | Turn: 1/1 | Angle: 26.8°/360.0° | Progress: 7.4% | Inside: 0.00 | End OK: False
[Step 103] Phase: 2  | Turn: 1/1 | Angle: 27.5°/360.0° | Progress: 7.6% | Inside: 0.00 | End OK: False
[Step 104] Phase: 2  | Turn: 1/1 | Angle: 27.9°/360.0° | Progress: 7.8% | Inside: 0.00 | End OK: False
[Step 105] Phase: 2  | Turn: 1/1 | Angle: 28.1°/360.0° | Progress: 7.8% | Inside: 0.00 | End OK: False
[Step 106] Phase: 2  | Turn: 1/1 | Angle: 29.1°/360.0° | Progress: 8.1% | Inside: 0.00 | End OK: False
[Step 107] Phase: 2  | Turn: 1/1 | Angle: 29.4°/360.0° | Progress: 8.2% | Inside: 0.00 | End OK: False
[Step 108] Phase: 2  | Turn: 1/1 | Angle: 29.6°/360.0° | Progress: 8.2% | Inside: 0.00 | End OK: False
[Step 109] Phase: 2  | Turn: 1/1 | Angle: 30.2°/360.0° | Progress: 8.4% | Inside: 0.00 | End OK: False
[Step 110] Phase: 2  | Turn: 1/1 | Angle: 30.2°/360.0° | Progress: 8.4% | Inside: 0.00 | End OK: False
[Step 111] Phase: 2  | Turn: 1/1 | Angle: 30.0°/360.0° | Progress: 8.3% | Inside: 0.00 | End OK: False
[Step 112] Phase: 2  | Turn: 1/1 | Angle: 30.2°/360.0° | Progress: 8.4% | Inside: 0.00 | End OK: False
[Step 113] Phase: 2  | Turn: 1/1 | Angle: 30.8°/360.0° | Progress: 8.5% | Inside: 0.00 | End OK: False
[Step 114] Phase: 2  | Turn: 1/1 | Angle: 31.5°/360.0° | Progress: 8.7% | Inside: 0.00 | End OK: False
[Step 115] Phase: 3  | Turn: 1/1 | Angle: 31.8°/360.0° | Progress: 8.8% | Inside: 0.00 | End OK: False
[Step 116] Phase: 3  | Turn: 1/1 | Angle: 19.8°/360.0° | Progress: 5.5% | Inside: 0.00 | End OK: False
[Step 117] Phase: 3  | Turn: 1/1 | Angle: 5.0°/360.0° | Progress: 1.4% | Inside: 0.00 | End OK: False
[Step 118] Phase: 3  | Turn: 1/1 | Angle: 0.0°/360.0° | Progress: 0.0% | Inside: 0.00 | End OK: False
[Step 119] Phase: 3  | Turn: 1/1 | Angle: 0.0°/360.0° | Progress: 0.0% | Inside: 0.00 | End OK: False
[Step 120] Phase: 3  | Turn: 1/1 | Angle: 0.0°/360.0° | Progress: 0.0% | Inside: 0.00 | End OK: False
[Step 121] Phase: 3  | Turn: 1/1 | Angle: 0.0°/360.0° | Progress: 0.0% | Inside: 0.00 | End OK: False
[Step 122] Phase: 3  | Turn: 1/1 | Angle: 0.0°/360.0° | Progress: 0.0% | Inside: 0.00 | End OK: False
[Step 123] Phase: 3  | Turn: 1/1 | Angle: 0.0°/360.0° | Progress: 0.0% | Inside: 0.00 | End OK: False
[Step 124] Phase: 3  | Turn: 1/1 | Angle: 0.0°/360.0° | Progress: 0.0% | Inside: 0.00 | End OK: False
[Step 125] Phase: 3  | Turn: 1/1 | Angle: 0.0°/360.0° | Progress: 0.0% | Inside: 0.00 | End OK: False
[Step 126] Phase: 3  | Turn: 1/1 | Angle: 0.0°/360.0° | Progress: 0.0% | Inside: 0.00 | End OK: False
[Step 127] Phase: 3  | Turn: 1/1 | Angle: 0.0°/360.0° | Progress: 0.0% | Inside: 0.00 | End OK: False
[Step 128] Phase: 3  | Turn: 1/1 | Angle: 0.0°/360.0° | Progress: 0.0% | Inside: 0.00 | End OK: False
[Step 129] Phase: 3  | Turn: 1/1 | Angle: 0.0°/360.0° | Progress: 0.0% | Inside: 0.00 | End OK: False
[Step 130] Phase: 3  | Turn: 1/1 | Angle: 0.0°/360.0° | Progress: 0.0% | Inside: 0.00 | End OK: False
[Step 131] Phase: 3  | Turn: 1/1 | Angle: 0.0°/360.0° | Progress: 0.0% | Inside: 0.00 | End OK: False
[Step 132] Phase: 3  | Turn: 1/1 | Angle: 0.0°/360.0° | Progress: 0.0% | Inside: 0.00 | End OK: False
[Step 133] Phase: 3  | Turn: 1/1 | Angle: 0.0°/360.0° | Progress: 0.0% | Inside: 0.00 | End OK: False
[Step 134] Phase: 3  | Turn: 1/1 | Angle: 0.0°/360.0° | Progress: 0.0% | Inside: 0.00 | End OK: False
[Step 135] Phase: 3  | Turn: 1/1 | Angle: 0.0°/360.0° | Progress: 0.0% | Inside: 0.00 | End OK: False
[Step 136] Phase: 3  | Turn: 1/1 | Angle: 0.0°/360.0° | Progress: 0.0% | Inside: 0.00 | End OK: False
[Step 137] Phase: 3  | Turn: 1/1 | Angle: 0.0°/360.0° | Progress: 0.0% | Inside: 0.00 | End OK: False
[Step 138] Phase: 3  | Turn: 1/1 | Angle: 0.0°/360.0° | Progress: 0.0% | Inside: 0.00 | End OK: False
[Step 139] Phase: 3  | Turn: 1/1 | Angle: 0.0°/360.0° | Progress: 0.0% | Inside: 0.00 | End OK: False
[Step 140] Phase: 3  | Turn: 1/1 | Angle: 0.0°/360.0° | Progress: 0.0% | Inside: 0.00 | End OK: False
[Step 141] Phase: 3  | Turn: 1/1 | Angle: 0.0°/360.0° | Progress: 0.0% | Inside: 0.00 | End OK: False
[Step 142] Phase: 3  | Turn: 1/1 | Angle: 0.0°/360.0° | Progress: 0.0% | Inside: 0.00 | End OK: False
[Step 143] Phase: 3  | Turn: 1/1 | Angle: 0.0°/360.0° | Progress: 0.0% | Inside: 0.00 | End OK: False
[Step 144] Phase: 3  | Turn: 1/1 | Angle: 0.0°/360.0° | Progress: 0.0% | Inside: 0.00 | End OK: False
[Step 145] Phase: 3  | Turn: 1/1 | Angle: 0.0°/360.0° | Progress: 0.0% | Inside: 0.00 | End OK: False
[Step 146] Phase: 3  | Turn: 1/1 | Angle: 0.0°/360.0° | Progress: 0.0% | Inside: 0.00 | End OK: False
[Step 147] Phase: 3  | Turn: 1/1 | Angle: 0.0°/360.0° | Progress: 0.0% | Inside: 0.00 | End OK: False
[Step 148] Phase: 3  | Turn: 1/1 | Angle: 0.0°/360.0° | Progress: 0.0% | Inside: 0.00 | End OK: False
[Step 149] Phase: 3  | Turn: 1/1 | Angle: 0.0°/360.0° | Progress: 0.0% | Inside: 0.00 | End OK: False
[Step 150] Phase: 3  | Turn: 1/1 | Angle: 0.0°/360.0° | Progress: 0.0% | Inside: 0.00 | End OK: False
[Step 151] Phase: 3  | Turn: 1/1 | Angle: 0.0°/360.0° | Progress: 0.0% | Inside: 0.00 | End OK: False
[Step 152] Phase: 3  | Turn: 1/1 | Angle: 0.0°/360.0° | Progress: 0.0% | Inside: 0.00 | End OK: False
[Step 153] Phase: 3  | Turn: 1/1 | Angle: 0.0°/360.0° | Progress: 0.0% | Inside: 0.00 | End OK: False
[Step 154] Phase: 3  | Turn: 1/1 | Angle: 0.0°/360.0° | Progress: 0.0% | Inside: 0.00 | End OK: False
[Step 155] Phase: 3  | Turn: 1/1 | Angle: 0.0°/360.0° | Progress: 0.0% | Inside: 0.00 | End OK: False
[Step 156] Phase: 3  | Turn: 1/1 | Angle: 0.0°/360.0° | Progress: 0.0% | Inside: 0.00 | End OK: False
[Step 157] Phase: 3  | Turn: 1/1 | Angle: 0.0°/360.0° | Progress: 0.0% | Inside: 0.00 | End OK: False
[Step 158] Phase: 3  | Turn: 1/1 | Angle: 0.0°/360.0° | Progress: 0.0% | Inside: 0.00 | End OK: False
[Step 159] Phase: 3  | Turn: 1/1 | Angle: 0.0°/360.0° | Progress: 0.0% | Inside: 0.00 | End OK: False
[Step 160] Phase: 3  | Turn: 1/1 | Angle: 0.0°/360.0° | Progress: 0.0% | Inside: 0.00 | End OK: False
[Step 161] Phase: 3  | Turn: 1/1 | Angle: 0.0°/360.0° | Progress: 0.0% | Inside: 0.00 | End OK: False
[Step 162] Phase: 3  | Turn: 1/1 | Angle: 0.0°/360.0° | Progress: 0.0% | Inside: 0.00 | End OK: False
[Step 163] Phase: 3  | Turn: 1/1 | Angle: 0.0°/360.0° | Progress: 0.0% | Inside: 0.00 | End OK: False
[Step 164] Phase: 3  | Turn: 1/1 | Angle: 0.0°/360.0° | Progress: 0.0% | Inside: 0.00 | End OK: False
[Step 165] Phase: 3  | Turn: 1/1 | Angle: 0.0°/360.0° | Progress: 0.0% | Inside: 0.00 | End OK: False
[Step 166] Phase: 4  | Turn: 1/1 | Angle: 0.0°/360.0° | Progress: 0.0% | Inside: 0.00 | End OK: False
[Step 167] Phase: 4  | Turn: 1/1 | Angle: 0.0°/360.0° | Progress: 0.0% | Inside: 0.00 | End OK: False
[Step 168] Phase: 4  | Turn: 1/1 | Angle: 0.0°/360.0° | Progress: 0.0% | Inside: 0.00 | End OK: False
[Step 169] Phase: 4  | Turn: 1/1 | Angle: 0.0°/360.0° | Progress: 0.0% | Inside: 0.00 | End OK: False
[Step 170] Phase: 4  | Turn: 1/1 | Angle: 0.0°/360.0° | Progress: 0.0% | Inside: 0.00 | End OK: False
[Step 171] Phase: 4  | Turn: 1/1 | Angle: 0.0°/360.0° | Progress: 0.0% | Inside: 0.00 | End OK: False
[Step 172] Phase: 4  | Turn: 1/1 | Angle: 0.0°/360.0° | Progress: 0.0% | Inside: 0.00 | End OK: False
[Step 173] Phase: 4  | Turn: 1/1 | Angle: 0.0°/360.0° | Progress: 0.0% | Inside: 0.00 | End OK: False
[Step 174] Phase: 4  | Turn: 1/1 | Angle: 0.0°/360.0° | Progress: 0.0% | Inside: 0.00 | End OK: False
[Step 175] Phase: 4  | Turn: 1/1 | Angle: 0.0°/360.0° | Progress: 0.0% | Inside: 0.00 | End OK: False
[Step 176] Phase: 4  | Turn: 1/1 | Angle: 0.0°/360.0° | Progress: 0.0% | Inside: 0.00 | End OK: False
[Step 177] Phase: 4  | Turn: 1/1 | Angle: 0.0°/360.0° | Progress: 0.0% | Inside: 0.00 | End OK: False
[Step 178] Phase: 4  | Turn: 1/1 | Angle: 0.0°/360.0° | Progress: 0.0% | Inside: 0.00 | End OK: False
[Step 179] Phase: 4  | Turn: 1/1 | Angle: 0.0°/360.0° | Progress: 0.0% | Inside: 0.00 | End OK: False
[Step 180] Phase: 5  | Turn: 1/1 | Angle: 0.0°/360.0° | Progress: 0.0% | Inside: 0.00 | End OK: False
[Step 181] Phase: 5  | Turn: 1/1 | Angle: 0.0°/360.0° | Progress: 0.0% | Inside: 0.00 | End OK: False
[Step 182] Phase: 5  | Turn: 1/1 | Angle: 0.0°/360.0° | Progress: 0.0% | Inside: 0.00 | End OK: False
[Step 183] Phase: 5  | Turn: 1/1 | Angle: 0.0°/360.0° | Progress: 0.0% | Inside: 0.00 | End OK: False
[Step 184] Phase: 5  | Turn: 1/1 | Angle: 0.0°/360.0° | Progress: 0.0% | Inside: 0.00 | End OK: False
[Step 185] Phase: 5  | Turn: 1/1 | Angle: 0.0°/360.0° | Progress: 0.0% | Inside: 0.00 | End OK: False
[Step 186] Phase: 5  | Turn: 1/1 | Angle: 0.0°/360.0° | Progress: 0.0% | Inside: 0.00 | End OK: False
[Step 187] Phase: 5  | Turn: 1/1 | Angle: 0.0°/360.0° | Progress: 0.0% | Inside: 0.00 | End OK: False
[Step 188] Phase: 5  | Turn: 1/1 | Angle: 0.0°/360.0° | Progress: 0.0% | Inside: 0.00 | End OK: False
[Step 189] Phase: 5  | Turn: 1/1 | Angle: 0.0°/360.0° | Progress: 0.0% | Inside: 0.00 | End OK: False
[Step 190] Phase: 5  | Turn: 1/1 | Angle: 0.0°/360.0° | Progress: 0.0% | Inside: 0.00 | End OK: False
[Step 191] Phase: 5  | Turn: 1/1 | Angle: 0.0°/360.0° | Progress: 0.0% | Inside: 0.00 | End OK: False
[Step 192] Phase: 5  | Turn: 1/1 | Angle: 0.0°/360.0° | Progress: 0.0% | Inside: 0.00 | End OK: False
[Step 193] Phase: 5  | Turn: 1/1 | Angle: 0.0°/360.0° | Progress: 0.0% | Inside: 0.00 | End OK: False
[Step 194] Phase: 5  | Turn: 1/1 | Angle: 0.0°/360.0° | Progress: 0.0% | Inside: 0.00 | End OK: False
[Step 195] Phase: 5  | Turn: 1/1 | Angle: 0.0°/360.0° | Progress: 0.0% | Inside: 0.00 | End OK: False
[Step 196] Phase: 5  | Turn: 1/1 | Angle: 0.0°/360.0° | Progress: 0.0% | Inside: 0.00 | End OK: False
[Step 197] Phase: 5  | Turn: 1/1 | Angle: 0.0°/360.0° | Progress: 0.0% | Inside: 0.00 | End OK: False
[Step 198] Phase: 5  | Turn: 1/1 | Angle: 0.0°/360.0° | Progress: 0.0% | Inside: 0.00 | End OK: False
[Step 199] Phase: 5  | Turn: 1/1 | Angle: 0.0°/360.0° | Progress: 0.0% | Inside: 0.00 | End OK: False
[Step 200] Phase: 5  | Turn: 1/1 | Angle: 0.0°/360.0° | Progress: 0.0% | Inside: 0.00 | End OK: False
  [ep 0/1, attempt 2] step 201/530  terminated=False  truncated=False
[Step 201] Phase: 5  | Turn: 1/1 | Angle: 0.0°/360.0° | Progress: 0.0% | Inside: 0.00 | End OK: False
[Step 202] Phase: 5  | Turn: 1/1 | Angle: 0.0°/360.0° | Progress: 0.0% | Inside: 0.00 | End OK: False
[Step 203] Phase: 5  | Turn: 1/1 | Angle: 0.0°/360.0° | Progress: 0.0% | Inside: 0.00 | End OK: False
[Step 204] Phase: 5  | Turn: 1/1 | Angle: 0.0°/360.0° | Progress: 0.0% | Inside: 0.00 | End OK: False
[Step 205] Phase: 5  | Turn: 1/1 | Angle: 0.0°/360.0° | Progress: 0.0% | Inside: 0.00 | End OK: False
[Step 206] Phase: 5  | Turn: 1/1 | Angle: 0.0°/360.0° | Progress: 0.0% | Inside: 0.00 | End OK: False
[Step 207] Phase: 5  | Turn: 1/1 | Angle: 0.0°/360.0° | Progress: 0.0% | Inside: 0.00 | End OK: False
[Step 208] Phase: 5  | Turn: 1/1 | Angle: 0.0°/360.0° | Progress: 0.0% | Inside: 0.00 | End OK: False
[Step 209] Phase: 5  | Turn: 1/1 | Angle: 0.0°/360.0° | Progress: 0.0% | Inside: 0.00 | End OK: False
[Step 210] Phase: 5  | Turn: 1/1 | Angle: 0.0°/360.0° | Progress: 0.0% | Inside: 0.07 | End OK: False
[Step 211] Phase: 5  | Turn: 1/1 | Angle: 0.0°/360.0° | Progress: 0.0% | Inside: 0.07 | End OK: False
[Step 212] Phase: 5  | Turn: 1/1 | Angle: 0.0°/360.0° | Progress: 0.0% | Inside: 0.07 | End OK: False
[Step 213] Phase: 5  | Turn: 1/1 | Angle: 0.0°/360.0° | Progress: 0.0% | Inside: 0.07 | End OK: False
[Step 214] Phase: 5  | Turn: 1/1 | Angle: 0.0°/360.0° | Progress: 0.0% | Inside: 0.07 | End OK: False
[Step 215] Phase: 5  | Turn: 1/1 | Angle: 0.0°/360.0° | Progress: 0.0% | Inside: 0.07 | End OK: False
[Step 216] Phase: 5  | Turn: 1/1 | Angle: 0.0°/360.0° | Progress: 0.0% | Inside: 0.07 | End OK: False
[Step 217] Phase: 5  | Turn: 1/1 | Angle: 0.0°/360.0° | Progress: 0.0% | Inside: 0.07 | End OK: False
[Step 218] Phase: 5  | Turn: 1/1 | Angle: 0.0°/360.0° | Progress: 0.0% | Inside: 0.07 | End OK: False
[Step 219] Phase: 5  | Turn: 1/1 | Angle: 0.0°/360.0° | Progress: 0.0% | Inside: 0.07 | End OK: False
[Step 220] Phase: 5  | Turn: 1/1 | Angle: 0.0°/360.0° | Progress: 0.0% | Inside: 0.07 | End OK: False
[Step 221] Phase: 5  | Turn: 1/1 | Angle: 0.0°/360.0° | Progress: 0.0% | Inside: 0.07 | End OK: False
[Step 222] Phase: 5  | Turn: 1/1 | Angle: 0.0°/360.0° | Progress: 0.0% | Inside: 0.14 | End OK: False
[Step 223] Phase: 5  | Turn: 1/1 | Angle: 0.0°/360.0° | Progress: 0.0% | Inside: 0.14 | End OK: False
[Step 224] Phase: 5  | Turn: 1/1 | Angle: 0.0°/360.0° | Progress: 0.0% | Inside: 0.14 | End OK: False
[Step 225] Phase: 5  | Turn: 1/1 | Angle: 0.0°/360.0° | Progress: 0.0% | Inside: 0.14 | End OK: False
[Step 226] Phase: 5  | Turn: 1/1 | Angle: 0.0°/360.0° | Progress: 0.0% | Inside: 0.14 | End OK: False
[Step 227] Phase: 5  | Turn: 1/1 | Angle: 0.0°/360.0° | Progress: 0.0% | Inside: 0.14 | End OK: False
[Step 228] Phase: 5  | Turn: 1/1 | Angle: 0.0°/360.0° | Progress: 0.0% | Inside: 0.14 | End OK: False
[Step 229] Phase: 5  | Turn: 1/1 | Angle: 0.0°/360.0° | Progress: 0.0% | Inside: 0.14 | End OK: False
[Step 230] Phase: 5  | Turn: 1/1 | Angle: 0.0°/360.0° | Progress: 0.0% | Inside: 0.14 | End OK: False
[Step 231] Phase: 5  | Turn: 1/1 | Angle: 0.0°/360.0° | Progress: 0.0% | Inside: 0.14 | End OK: False
[Step 232] Phase: 5  | Turn: 1/1 | Angle: 0.0°/360.0° | Progress: 0.0% | Inside: 0.14 | End OK: False
[Step 233] Phase: 5  | Turn: 1/1 | Angle: 0.0°/360.0° | Progress: 0.0% | Inside: 0.07 | End OK: False
[Step 234] Phase: 5  | Turn: 1/1 | Angle: 0.0°/360.0° | Progress: 0.0% | Inside: 0.14 | End OK: False
[Step 235] Phase: 5  | Turn: 1/1 | Angle: 0.0°/360.0° | Progress: 0.0% | Inside: 0.14 | End OK: False
[Step 236] Phase: 5  | Turn: 1/1 | Angle: 0.0°/360.0° | Progress: 0.0% | Inside: 0.14 | End OK: False
[Step 237] Phase: 5  | Turn: 1/1 | Angle: 0.0°/360.0° | Progress: 0.0% | Inside: 0.14 | End OK: False
[Step 238] Phase: 5  | Turn: 1/1 | Angle: 0.0°/360.0° | Progress: 0.0% | Inside: 0.14 | End OK: False
[Step 239] Phase: 5  | Turn: 1/1 | Angle: 0.0°/360.0° | Progress: 0.0% | Inside: 0.14 | End OK: False
[Step 240] Phase: 5  | Turn: 1/1 | Angle: 0.0°/360.0° | Progress: 0.0% | Inside: 0.14 | End OK: False
[Step 241] Phase: 5  | Turn: 1/1 | Angle: 0.0°/360.0° | Progress: 0.0% | Inside: 0.14 | End OK: False
[Step 242] Phase: 5  | Turn: 1/1 | Angle: 0.0°/360.0° | Progress: 0.0% | Inside: 0.14 | End OK: False
[Step 243] Phase: 5  | Turn: 1/1 | Angle: 0.0°/360.0° | Progress: 0.0% | Inside: 0.14 | End OK: False
[Step 244] Phase: 5  | Turn: 1/1 | Angle: 0.0°/360.0° | Progress: 0.0% | Inside: 0.21 | End OK: False
[Step 245] Phase: 5  | Turn: 1/1 | Angle: 0.0°/360.0° | Progress: 0.0% | Inside: 0.14 | End OK: False
[Step 246] Phase: 5  | Turn: 1/1 | Angle: 0.0°/360.0° | Progress: 0.0% | Inside: 0.14 | End OK: False
[Step 247] Phase: 5  | Turn: 1/1 | Angle: 0.0°/360.0° | Progress: 0.0% | Inside: 0.14 | End OK: False
[Step 248] Phase: 5  | Turn: 1/1 | Angle: 0.0°/360.0° | Progress: 0.0% | Inside: 0.14 | End OK: True
[Step 249] Phase: 5  | Turn: 1/1 | Angle: 0.0°/360.0° | Progress: 0.0% | Inside: 0.14 | End OK: True
[Step 250] Phase: 5  | Turn: 1/1 | Angle: 0.0°/360.0° | Progress: 0.0% | Inside: 0.14 | End OK: True
[Step 251] Phase: 5  | Turn: 1/1 | Angle: 0.0°/360.0° | Progress: 0.0% | Inside: 0.14 | End OK: True
[Step 252] Phase: 5  | Turn: 1/1 | Angle: 0.0°/360.0° | Progress: 0.0% | Inside: 0.14 | End OK: True
[Step 253] Phase: 5  | Turn: 1/1 | Angle: 0.0°/360.0° | Progress: 0.0% | Inside: 0.14 | End OK: True
[Step 254] Phase: 5  | Turn: 1/1 | Angle: 0.0°/360.0° | Progress: 0.0% | Inside: 0.14 | End OK: True
[Step 255] Phase: 6  | Turn: 1/1 | Angle: 0.0°/360.0° | Progress: 0.0% | Inside: 0.14 | End OK: True
[Step 256] Phase: 6  | Turn: 1/1 | Angle: 0.0°/360.0° | Progress: 0.0% | Inside: 0.14 | End OK: True
[Step 257] Phase: 6  | Turn: 1/1 | Angle: 0.0°/360.0° | Progress: 0.0% | Inside: 0.14 | End OK: True
[Step 258] Phase: 6  | Turn: 1/1 | Angle: 0.0°/360.0° | Progress: 0.0% | Inside: 0.14 | End OK: True
[Step 259] Phase: 6  | Turn: 1/1 | Angle: 0.0°/360.0° | Progress: 0.0% | Inside: 0.21 | End OK: True
[Step 260] Phase: 6  | Turn: 1/1 | Angle: 0.0°/360.0° | Progress: 0.0% | Inside: 0.21 | End OK: True
[Step 261] Phase: 6  | Turn: 1/1 | Angle: 0.0°/360.0° | Progress: 0.0% | Inside: 0.21 | End OK: True
[Step 262] Phase: 6  | Turn: 1/1 | Angle: 0.0°/360.0° | Progress: 0.0% | Inside: 0.21 | End OK: True
[Step 263] Phase: 6  | Turn: 1/1 | Angle: 0.0°/360.0° | Progress: 0.0% | Inside: 0.21 | End OK: True
[Step 264] Phase: 6  | Turn: 1/1 | Angle: 0.0°/360.0° | Progress: 0.0% | Inside: 0.21 | End OK: True
[Step 265] Phase: 6  | Turn: 1/1 | Angle: 0.0°/360.0° | Progress: 0.0% | Inside: 0.21 | End OK: True
[Step 266] Phase: 6  | Turn: 1/1 | Angle: 0.0°/360.0° | Progress: 0.0% | Inside: 0.21 | End OK: True
[Step 267] Phase: 6  | Turn: 1/1 | Angle: 0.0°/360.0° | Progress: 0.0% | Inside: 0.21 | End OK: True
[Step 268] Phase: 6  | Turn: 1/1 | Angle: 0.0°/360.0° | Progress: 0.0% | Inside: 0.21 | End OK: True
[Step 269] Phase: 6  | Turn: 1/1 | Angle: 0.0°/360.0° | Progress: 0.0% | Inside: 0.21 | End OK: True
[Step 270] Phase: 6  | Turn: 1/1 | Angle: 0.0°/360.0° | Progress: 0.0% | Inside: 0.21 | End OK: True
[Step 271] Phase: 6  | Turn: 1/1 | Angle: 0.0°/360.0° | Progress: 0.0% | Inside: 0.21 | End OK: True
[Step 272] Phase: 6  | Turn: 1/1 | Angle: 0.0°/360.0° | Progress: 0.0% | Inside: 0.21 | End OK: True
[Step 273] Phase: 6  | Turn: 1/1 | Angle: 0.0°/360.0° | Progress: 0.0% | Inside: 0.21 | End OK: True
[Step 274] Phase: 6  | Turn: 1/1 | Angle: 0.0°/360.0° | Progress: 0.0% | Inside: 0.21 | End OK: True
[Step 275] Phase: 6  | Turn: 1/1 | Angle: 0.0°/360.0° | Progress: 0.0% | Inside: 0.21 | End OK: True
[Step 276] Phase: 6  | Turn: 1/1 | Angle: 0.0°/360.0° | Progress: 0.0% | Inside: 0.21 | End OK: True
[Step 277] Phase: 6  | Turn: 1/1 | Angle: 0.0°/360.0° | Progress: 0.0% | Inside: 0.21 | End OK: True
[Step 278] Phase: 6  | Turn: 1/1 | Angle: 0.0°/360.0° | Progress: 0.0% | Inside: 0.21 | End OK: True
[Step 279] Phase: 6  | Turn: 1/1 | Angle: 0.0°/360.0° | Progress: 0.0% | Inside: 0.21 | End OK: True
[Step 280] Phase: 6  | Turn: 1/1 | Angle: 0.0°/360.0° | Progress: 0.0% | Inside: 0.21 | End OK: True
[Step 281] Phase: 6  | Turn: 1/1 | Angle: 0.0°/360.0° | Progress: 0.0% | Inside: 0.21 | End OK: True
[Step 282] Phase: 6  | Turn: 1/1 | Angle: 0.0°/360.0° | Progress: 0.0% | Inside: 0.21 | End OK: True
[Step 283] Phase: 6  | Turn: 1/1 | Angle: 0.0°/360.0° | Progress: 0.0% | Inside: 0.21 | End OK: True
[Step 284] Phase: 7  | Turn: 1/1 | Angle: 0.0°/360.0° | Progress: 0.0% | Inside: 0.21 | End OK: True
[Step 285] Phase: 7  | Turn: 1/1 | Angle: 0.0°/360.0° | Progress: 0.0% | Inside: 0.21 | End OK: True
[Step 286] Phase: 7  | Turn: 1/1 | Angle: 0.0°/360.0° | Progress: 0.0% | Inside: 0.21 | End OK: True
[Step 287] Phase: 7  | Turn: 1/1 | Angle: 0.0°/360.0° | Progress: 0.0% | Inside: 0.21 | End OK: True
[Step 288] Phase: 7  | Turn: 1/1 | Angle: 0.0°/360.0° | Progress: 0.0% | Inside: 0.21 | End OK: True
[Step 289] Phase: 7  | Turn: 1/1 | Angle: 0.0°/360.0° | Progress: 0.0% | Inside: 0.21 | End OK: True
[Step 290] Phase: 7  | Turn: 1/1 | Angle: 0.0°/360.0° | Progress: 0.0% | Inside: 0.21 | End OK: True
[Step 291] Phase: 7  | Turn: 1/1 | Angle: 0.0°/360.0° | Progress: 0.0% | Inside: 0.21 | End OK: True
[Step 292] Phase: 7  | Turn: 1/1 | Angle: 0.0°/360.0° | Progress: 0.0% | Inside: 0.21 | End OK: True
[Step 293] Phase: 7  | Turn: 1/1 | Angle: 0.0°/360.0° | Progress: 0.0% | Inside: 0.21 | End OK: True
[Step 294] Phase: 7  | Turn: 1/1 | Angle: 0.0°/360.0° | Progress: 0.0% | Inside: 0.21 | End OK: True
[Step 295] Phase: 7  | Turn: 1/1 | Angle: 0.0°/360.0° | Progress: 0.0% | Inside: 0.21 | End OK: True
[Step 296] Phase: 7  | Turn: 1/1 | Angle: 0.0°/360.0° | Progress: 0.0% | Inside: 0.21 | End OK: True
[Step 297] Phase: 7  | Turn: 1/1 | Angle: 0.0°/360.0° | Progress: 0.0% | Inside: 0.21 | End OK: True
[Step 298] Phase: 7  | Turn: 1/1 | Angle: 0.0°/360.0° | Progress: 0.0% | Inside: 0.21 | End OK: True
[Step 299] Phase: 7  | Turn: 1/1 | Angle: 0.0°/360.0° | Progress: 0.0% | Inside: 0.21 | End OK: True
[Step 300] Phase: 7  | Turn: 1/1 | Angle: 0.0°/360.0° | Progress: 0.0% | Inside: 0.21 | End OK: True
  [ep 0/1, attempt 2] step 301/530  terminated=False  truncated=False
[Step 301] Phase: 7  | Turn: 1/1 | Angle: 0.0°/360.0° | Progress: 0.0% | Inside: 0.21 | End OK: True
[Step 302] Phase: 8  | Turn: 1/1 | Angle: 0.0°/360.0° | Progress: 0.0% | Inside: 0.21 | End OK: True
[Step 303] Phase: 8  | Turn: 1/1 | Angle: 0.0°/360.0° | Progress: 0.0% | Inside: 0.21 | End OK: True
[Step 304] Phase: 8  | Turn: 1/1 | Angle: 0.0°/360.0° | Progress: 0.0% | Inside: 0.21 | End OK: True
[Step 305] Phase: 8  | Turn: 1/1 | Angle: 0.0°/360.0° | Progress: 0.0% | Inside: 0.21 | End OK: True
[Step 306] Phase: 8  | Turn: 1/1 | Angle: 0.0°/360.0° | Progress: 0.0% | Inside: 0.21 | End OK: True
[Step 307] Phase: 8  | Turn: 1/1 | Angle: 0.0°/360.0° | Progress: 0.0% | Inside: 0.21 | End OK: True
[Step 308] Phase: 8  | Turn: 1/1 | Angle: 0.0°/360.0° | Progress: 0.0% | Inside: 0.21 | End OK: True
[Step 309] Phase: 8  | Turn: 1/1 | Angle: 0.0°/360.0° | Progress: 0.0% | Inside: 0.21 | End OK: True
[Step 310] Phase: 8  | Turn: 1/1 | Angle: 0.0°/360.0° | Progress: 0.0% | Inside: 0.21 | End OK: True
[Step 311] Phase: 8  | Turn: 1/1 | Angle: 0.0°/360.0° | Progress: 0.0% | Inside: 0.21 | End OK: True
[Step 312] Phase: 8  | Turn: 1/1 | Angle: 0.0°/360.0° | Progress: 0.0% | Inside: 0.21 | End OK: True
[Step 313] Phase: 8  | Turn: 1/1 | Angle: 0.0°/360.0° | Progress: 0.0% | Inside: 0.21 | End OK: True
[Step 314] Phase: 8  | Turn: 1/1 | Angle: 0.0°/360.0° | Progress: 0.0% | Inside: 0.21 | End OK: True
[Step 315] Phase: 8  | Turn: 1/1 | Angle: 0.0°/360.0° | Progress: 0.0% | Inside: 0.21 | End OK: True
[Step 316] Phase: 8  | Turn: 1/1 | Angle: 0.0°/360.0° | Progress: 0.0% | Inside: 0.21 | End OK: True
[Step 317] Phase: 8  | Turn: 1/1 | Angle: 0.0°/360.0° | Progress: 0.0% | Inside: 0.21 | End OK: True
[Step 318] Phase: 8  | Turn: 1/1 | Angle: 0.0°/360.0° | Progress: 0.0% | Inside: 0.21 | End OK: True
[Step 319] Phase: 8  | Turn: 1/1 | Angle: 0.0°/360.0° | Progress: 0.0% | Inside: 0.21 | End OK: True
[Step 320] Phase: 8  | Turn: 1/1 | Angle: 0.0°/360.0° | Progress: 0.0% | Inside: 0.21 | End OK: True
[Step 321] Phase: 8  | Turn: 1/1 | Angle: 0.0°/360.0° | Progress: 0.0% | Inside: 0.21 | End OK: True
[Step 322] Phase: 8  | Turn: 1/1 | Angle: 0.0°/360.0° | Progress: 0.0% | Inside: 0.21 | End OK: True
[Step 323] Phase: 8  | Turn: 1/1 | Angle: 0.0°/360.0° | Progress: 0.0% | Inside: 0.21 | End OK: True
[Step 324] Phase: 8  | Turn: 1/1 | Angle: 0.0°/360.0° | Progress: 0.0% | Inside: 0.21 | End OK: True
[Step 325] Phase: 8  | Turn: 1/1 | Angle: 0.0°/360.0° | Progress: 0.0% | Inside: 0.21 | End OK: True
[Step 326] Phase: 8  | Turn: 1/1 | Angle: 0.0°/360.0° | Progress: 0.0% | Inside: 0.21 | End OK: True
[Step 327] Phase: 8  | Turn: 1/1 | Angle: 0.0°/360.0° | Progress: 0.0% | Inside: 0.21 | End OK: True
[Step 328] Phase: 8  | Turn: 1/1 | Angle: 0.0°/360.0° | Progress: 0.0% | Inside: 0.21 | End OK: True
[Step 329] Phase: 8  | Turn: 1/1 | Angle: 0.0°/360.0° | Progress: 0.0% | Inside: 0.21 | End OK: True
[Step 330] Phase: 8  | Turn: 1/1 | Angle: 0.0°/360.0° | Progress: 0.0% | Inside: 0.21 | End OK: True
[Step 331] Phase: 8  | Turn: 1/1 | Angle: 0.0°/360.0° | Progress: 0.0% | Inside: 0.21 | End OK: True
[Step 332] Phase: 8  | Turn: 1/1 | Angle: 0.0°/360.0° | Progress: 0.0% | Inside: 0.21 | End OK: True
[Step 333] Phase: 8  | Turn: 1/1 | Angle: 0.0°/360.0° | Progress: 0.0% | Inside: 0.21 | End OK: True
[Step 334] Phase: 8  | Turn: 1/1 | Angle: 0.0°/360.0° | Progress: 0.0% | Inside: 0.21 | End OK: True
[Step 335] Phase: 8  | Turn: 1/1 | Angle: 0.0°/360.0° | Progress: 0.0% | Inside: 0.21 | End OK: True
[Step 336] Phase: 8  | Turn: 1/1 | Angle: 0.0°/360.0° | Progress: 0.0% | Inside: 0.21 | End OK: True
[Step 337] Phase: 8  | Turn: 1/1 | Angle: 0.0°/360.0° | Progress: 0.0% | Inside: 0.21 | End OK: True
[Step 338] Phase: 8  | Turn: 1/1 | Angle: 0.0°/360.0° | Progress: 0.0% | Inside: 0.21 | End OK: True
[Step 339] Phase: 8  | Turn: 1/1 | Angle: 0.0°/360.0° | Progress: 0.0% | Inside: 0.21 | End OK: True
[Step 340] Phase: 8  | Turn: 1/1 | Angle: 0.0°/360.0° | Progress: 0.0% | Inside: 0.21 | End OK: True
[Step 341] Phase: 8  | Turn: 1/1 | Angle: 0.0°/360.0° | Progress: 0.0% | Inside: 0.21 | End OK: True
[Step 342] Phase: 8  | Turn: 1/1 | Angle: 0.0°/360.0° | Progress: 0.0% | Inside: 0.21 | End OK: True
[Step 343] Phase: 8  | Turn: 1/1 | Angle: 0.0°/360.0° | Progress: 0.0% | Inside: 0.21 | End OK: True
[Step 344] Phase: 8  | Turn: 1/1 | Angle: 0.0°/360.0° | Progress: 0.0% | Inside: 0.21 | End OK: True
[Step 345] Phase: 8  | Turn: 1/1 | Angle: 0.0°/360.0° | Progress: 0.0% | Inside: 0.21 | End OK: True
[Step 346] Phase: 8  | Turn: 1/1 | Angle: 0.0°/360.0° | Progress: 0.0% | Inside: 0.21 | End OK: True
[Step 347] Phase: 8  | Turn: 1/1 | Angle: 0.0°/360.0° | Progress: 0.0% | Inside: 0.21 | End OK: True
[Step 348] Phase: 8  | Turn: 1/1 | Angle: 0.0°/360.0° | Progress: 0.0% | Inside: 0.21 | End OK: True
[Step 349] Phase: 8  | Turn: 1/1 | Angle: 0.0°/360.0° | Progress: 0.0% | Inside: 0.21 | End OK: True
[Step 350] Phase: 8  | Turn: 1/1 | Angle: 0.0°/360.0° | Progress: 0.0% | Inside: 0.21 | End OK: True
[Step 351] Phase: 8  | Turn: 1/1 | Angle: 0.0°/360.0° | Progress: 0.0% | Inside: 0.21 | End OK: True
[Step 352] Phase: 8  | Turn: 1/1 | Angle: 0.0°/360.0° | Progress: 0.0% | Inside: 0.21 | End OK: True
[Step 353] Phase: 8  | Turn: 1/1 | Angle: 0.0°/360.0° | Progress: 0.0% | Inside: 0.21 | End OK: True
[Step 354] Phase: 8  | Turn: 1/1 | Angle: 0.0°/360.0° | Progress: 0.0% | Inside: 0.21 | End OK: True
[Step 355] Phase: 8  | Turn: 1/1 | Angle: 0.0°/360.0° | Progress: 0.0% | Inside: 0.21 | End OK: True
[Step 356] Phase: 8  | Turn: 1/1 | Angle: 0.0°/360.0° | Progress: 0.0% | Inside: 0.21 | End OK: True
[Step 357] Phase: 8  | Turn: 1/1 | Angle: 0.0°/360.0° | Progress: 0.0% | Inside: 0.21 | End OK: True
[Step 358] Phase: 8  | Turn: 1/1 | Angle: 0.0°/360.0° | Progress: 0.0% | Inside: 0.21 | End OK: True
[Step 359] Phase: 8  | Turn: 1/1 | Angle: 0.0°/360.0° | Progress: 0.0% | Inside: 0.21 | End OK: True
[Step 360] Phase: 8  | Turn: 1/1 | Angle: 0.0°/360.0° | Progress: 0.0% | Inside: 0.21 | End OK: True
[Step 361] Phase: 8  | Turn: 1/1 | Angle: 0.0°/360.0° | Progress: 0.0% | Inside: 0.21 | End OK: True
[Step 362] Phase: 8  | Turn: 1/1 | Angle: 0.0°/360.0° | Progress: 0.0% | Inside: 0.21 | End OK: True
[Step 363] Phase: 8  | Turn: 1/1 | Angle: 0.0°/360.0° | Progress: 0.0% | Inside: 0.21 | End OK: True
[Step 364] Phase: 8  | Turn: 1/1 | Angle: 0.0°/360.0° | Progress: 0.0% | Inside: 0.21 | End OK: True
[Step 365] Phase: 8  | Turn: 1/1 | Angle: 0.0°/360.0° | Progress: 0.0% | Inside: 0.21 | End OK: True
[Step 366] Phase: 9  | Turn: 1/1 | Angle: 0.0°/360.0° | Progress: 0.0% | Inside: 0.21 | End OK: True
[Step 367] Phase: 9  | Turn: 1/1 | Angle: 0.0°/360.0° | Progress: 0.0% | Inside: 0.21 | End OK: True
[Step 368] Phase: 9  | Turn: 1/1 | Angle: 0.0°/360.0° | Progress: 0.0% | Inside: 0.21 | End OK: True
[Step 369] Phase: 9  | Turn: 1/1 | Angle: 0.0°/360.0° | Progress: 0.0% | Inside: 0.21 | End OK: True
[Step 370] Phase: 9  | Turn: 1/1 | Angle: 0.0°/360.0° | Progress: 0.0% | Inside: 0.21 | End OK: True
[Step 371] Phase: 9  | Turn: 1/1 | Angle: 0.0°/360.0° | Progress: 0.0% | Inside: 0.21 | End OK: True
[Step 372] Phase: 9  | Turn: 1/1 | Angle: 0.0°/360.0° | Progress: 0.0% | Inside: 0.21 | End OK: True
[Step 373] Phase: 9  | Turn: 1/1 | Angle: 0.0°/360.0° | Progress: 0.0% | Inside: 0.21 | End OK: True
[Step 374] Phase: 9  | Turn: 1/1 | Angle: 0.0°/360.0° | Progress: 0.0% | Inside: 0.21 | End OK: True
[Step 375] Phase: 9  | Turn: 1/1 | Angle: 0.0°/360.0° | Progress: 0.0% | Inside: 0.21 | End OK: True
[Step 376] Phase: 9  | Turn: 1/1 | Angle: 0.0°/360.0° | Progress: 0.0% | Inside: 0.21 | End OK: True
[Step 377] Phase: 9  | Turn: 1/1 | Angle: 0.0°/360.0° | Progress: 0.0% | Inside: 0.21 | End OK: True
[Step 378] Phase: 9  | Turn: 1/1 | Angle: 0.0°/360.0° | Progress: 0.0% | Inside: 0.21 | End OK: True
[Step 379] Phase: 9  | Turn: 1/1 | Angle: 0.0°/360.0° | Progress: 0.0% | Inside: 0.21 | End OK: True
[Step 380] Phase: 10 | Turn: 1/1 | Angle: 0.0°/360.0° | Progress: 0.0% | Inside: 0.21 | End OK: True
[Step 381] Phase: 10 | Turn: 1/1 | Angle: 0.0°/360.0° | Progress: 0.0% | Inside: 0.21 | End OK: True
[Step 382] Phase: 10 | Turn: 1/1 | Angle: 0.0°/360.0° | Progress: 0.0% | Inside: 0.21 | End OK: True
[Step 383] Phase: 10 | Turn: 1/1 | Angle: 0.0°/360.0° | Progress: 0.0% | Inside: 0.21 | End OK: True
[Step 384] Phase: 10 | Turn: 1/1 | Angle: 0.0°/360.0° | Progress: 0.0% | Inside: 0.21 | End OK: True
[Step 385] Phase: 10 | Turn: 1/1 | Angle: 0.0°/360.0° | Progress: 0.0% | Inside: 0.21 | End OK: True
[Step 386] Phase: 10 | Turn: 1/1 | Angle: 0.0°/360.0° | Progress: 0.0% | Inside: 0.21 | End OK: True
[Step 387] Phase: 10 | Turn: 1/1 | Angle: 0.0°/360.0° | Progress: 0.0% | Inside: 0.21 | End OK: True
[Step 388] Phase: 10 | Turn: 1/1 | Angle: 0.0°/360.0° | Progress: 0.0% | Inside: 0.21 | End OK: True
[Step 389] Phase: 10 | Turn: 1/1 | Angle: 0.0°/360.0° | Progress: 0.0% | Inside: 0.21 | End OK: True
[Step 390] Phase: 10 | Turn: 1/1 | Angle: 0.0°/360.0° | Progress: 0.0% | Inside: 0.21 | End OK: True
[Step 391] Phase: 10 | Turn: 1/1 | Angle: 0.0°/360.0° | Progress: 0.0% | Inside: 0.21 | End OK: True
[Step 392] Phase: 10 | Turn: 1/1 | Angle: 0.0°/360.0° | Progress: 0.0% | Inside: 0.21 | End OK: True
[Step 393] Phase: 10 | Turn: 1/1 | Angle: 0.0°/360.0° | Progress: 0.0% | Inside: 0.21 | End OK: True
[Step 394] Phase: 10 | Turn: 1/1 | Angle: 0.0°/360.0° | Progress: 0.0% | Inside: 0.21 | End OK: True
[Step 395] Phase: 10 | Turn: 1/1 | Angle: 0.0°/360.0° | Progress: 0.0% | Inside: 0.21 | End OK: True
[Step 396] Phase: 10 | Turn: 1/1 | Angle: 0.0°/360.0° | Progress: 0.0% | Inside: 0.21 | End OK: True
[Step 397] Phase: 10 | Turn: 1/1 | Angle: 0.0°/360.0° | Progress: 0.0% | Inside: 0.21 | End OK: True
[Step 398] Phase: 10 | Turn: 1/1 | Angle: 0.0°/360.0° | Progress: 0.0% | Inside: 0.21 | End OK: True
[Step 399] Phase: 10 | Turn: 1/1 | Angle: 0.0°/360.0° | Progress: 0.0% | Inside: 0.21 | End OK: True
[Step 400] Phase: 10 | Turn: 1/1 | Angle: 0.0°/360.0° | Progress: 0.0% | Inside: 0.21 | End OK: True
  [ep 0/1, attempt 2] step 401/530  terminated=False  truncated=False
[Step 401] Phase: 10 | Turn: 1/1 | Angle: 0.0°/360.0° | Progress: 0.0% | Inside: 0.21 | End OK: True
[Step 402] Phase: 10 | Turn: 1/1 | Angle: 0.0°/360.0° | Progress: 0.0% | Inside: 0.21 | End OK: True
[Step 403] Phase: 10 | Turn: 1/1 | Angle: 0.0°/360.0° | Progress: 0.0% | Inside: 0.21 | End OK: True
[Step 404] Phase: 10 | Turn: 1/1 | Angle: 0.0°/360.0° | Progress: 0.0% | Inside: 0.21 | End OK: True
[Step 405] Phase: 10 | Turn: 1/1 | Angle: 0.0°/360.0° | Progress: 0.0% | Inside: 0.21 | End OK: True
[Step 406] Phase: 10 | Turn: 1/1 | Angle: 0.0°/360.0° | Progress: 0.0% | Inside: 0.21 | End OK: True
[Step 407] Phase: 11 | Turn: 1/1 | Angle: 0.0°/360.0° | Progress: 0.0% | Inside: 0.21 | End OK: True
[Step 408] Phase: 11 | Turn: 1/1 | Angle: 0.0°/360.0° | Progress: 0.0% | Inside: 0.21 | End OK: True
[Step 409] Phase: 11 | Turn: 1/1 | Angle: 0.0°/360.0° | Progress: 0.0% | Inside: 0.21 | End OK: True
[Step 410] Phase: 11 | Turn: 1/1 | Angle: 0.0°/360.0° | Progress: 0.0% | Inside: 0.21 | End OK: True
[Step 411] Phase: 11 | Turn: 1/1 | Angle: 0.0°/360.0° | Progress: 0.0% | Inside: 0.21 | End OK: True
[Step 412] Phase: 11 | Turn: 1/1 | Angle: 0.0°/360.0° | Progress: 0.0% | Inside: 0.21 | End OK: True
[Step 413] Phase: 11 | Turn: 1/1 | Angle: 0.0°/360.0° | Progress: 0.0% | Inside: 0.21 | End OK: True
[Step 414] Phase: 11 | Turn: 1/1 | Angle: 0.0°/360.0° | Progress: 0.0% | Inside: 0.21 | End OK: True
[Step 415] Phase: 11 | Turn: 1/1 | Angle: 0.0°/360.0° | Progress: 0.0% | Inside: 0.21 | End OK: True
[Step 416] Phase: 11 | Turn: 1/1 | Angle: 0.0°/360.0° | Progress: 0.0% | Inside: 0.21 | End OK: True
[Step 417] Phase: 11 | Turn: 1/1 | Angle: 0.0°/360.0° | Progress: 0.0% | Inside: 0.21 | End OK: True
[Step 418] Phase: 11 | Turn: 1/1 | Angle: 0.0°/360.0° | Progress: 0.0% | Inside: 0.21 | End OK: True
[Step 419] Phase: 11 | Turn: 1/1 | Angle: 0.0°/360.0° | Progress: 0.0% | Inside: 0.21 | End OK: True
[Step 420] Phase: 11 | Turn: 1/1 | Angle: 0.0°/360.0° | Progress: 0.0% | Inside: 0.21 | End OK: True
[Step 421] Phase: 11 | Turn: 1/1 | Angle: 0.0°/360.0° | Progress: 0.0% | Inside: 0.21 | End OK: True
[Step 422] Phase: 11 | Turn: 1/1 | Angle: 0.0°/360.0° | Progress: 0.0% | Inside: 0.21 | End OK: True
[Step 423] Phase: 11 | Turn: 1/1 | Angle: 0.0°/360.0° | Progress: 0.0% | Inside: 0.21 | End OK: True
[Step 424] Phase: 11 | Turn: 1/1 | Angle: 0.0°/360.0° | Progress: 0.0% | Inside: 0.21 | End OK: True
[Step 425] Phase: 11 | Turn: 1/1 | Angle: 0.0°/360.0° | Progress: 0.0% | Inside: 0.21 | End OK: True
[Step 426] Phase: 11 | Turn: 1/1 | Angle: 0.0°/360.0° | Progress: 0.0% | Inside: 0.21 | End OK: True
[Step 427] Phase: 11 | Turn: 1/1 | Angle: 0.0°/360.0° | Progress: 0.0% | Inside: 0.21 | End OK: True
[Step 428] Phase: 11 | Turn: 1/1 | Angle: 0.0°/360.0° | Progress: 0.0% | Inside: 0.21 | End OK: True
[Step 429] Phase: 11 | Turn: 1/1 | Angle: 0.0°/360.0° | Progress: 0.0% | Inside: 0.21 | End OK: True
[Step 430] Phase: 11 | Turn: 1/1 | Angle: 0.0°/360.0° | Progress: 0.0% | Inside: 0.21 | End OK: True
[Step 431] Phase: 11 | Turn: 1/1 | Angle: 0.0°/360.0° | Progress: 0.0% | Inside: 0.21 | End OK: True
[Step 432] Phase: 11 | Turn: 1/1 | Angle: 0.0°/360.0° | Progress: 0.0% | Inside: 0.21 | End OK: True
[Step 433] Phase: 11 | Turn: 1/1 | Angle: 0.0°/360.0° | Progress: 0.0% | Inside: 0.21 | End OK: True
[Step 434] Phase: 11 | Turn: 1/1 | Angle: 0.0°/360.0° | Progress: 0.0% | Inside: 0.21 | End OK: True
[Step 435] Phase: 11 | Turn: 1/1 | Angle: 0.0°/360.0° | Progress: 0.0% | Inside: 0.21 | End OK: True
[Step 436] Phase: 11 | Turn: 1/1 | Angle: 0.0°/360.0° | Progress: 0.0% | Inside: 0.21 | End OK: True
[Step 437] Phase: 11 | Turn: 1/1 | Angle: 0.0°/360.0° | Progress: 0.0% | Inside: 0.21 | End OK: True
[Step 438] Phase: 11 | Turn: 1/1 | Angle: 0.0°/360.0° | Progress: 0.0% | Inside: 0.21 | End OK: True
[Step 439] Phase: 11 | Turn: 1/1 | Angle: 0.0°/360.0° | Progress: 0.0% | Inside: 0.21 | End OK: True
[Step 440] Phase: 11 | Turn: 1/1 | Angle: 0.0°/360.0° | Progress: 0.0% | Inside: 0.21 | End OK: True
[Step 441] Phase: 11 | Turn: 1/1 | Angle: 0.0°/360.0° | Progress: 0.0% | Inside: 0.21 | End OK: True
[Step 442] Phase: 11 | Turn: 1/1 | Angle: 0.0°/360.0° | Progress: 0.0% | Inside: 0.21 | End OK: True
[Step 443] Phase: 11 | Turn: 1/1 | Angle: 0.0°/360.0° | Progress: 0.0% | Inside: 0.21 | End OK: True
[Step 444] Phase: 11 | Turn: 1/1 | Angle: 0.0°/360.0° | Progress: 0.0% | Inside: 0.21 | End OK: True
[Step 445] Phase: 11 | Turn: 1/1 | Angle: 0.0°/360.0° | Progress: 0.0% | Inside: 0.21 | End OK: True
[Step 446] Phase: 11 | Turn: 1/1 | Angle: 0.0°/360.0° | Progress: 0.0% | Inside: 0.21 | End OK: True
[Step 447] Phase: 11 | Turn: 1/1 | Angle: 0.0°/360.0° | Progress: 0.0% | Inside: 0.21 | End OK: True
[Step 448] Phase: 11 | Turn: 1/1 | Angle: 0.0°/360.0° | Progress: 0.0% | Inside: 0.21 | End OK: True
[Step 449] Phase: 11 | Turn: 1/1 | Angle: 0.0°/360.0° | Progress: 0.0% | Inside: 0.21 | End OK: True
[Step 450] Phase: 11 | Turn: 1/1 | Angle: 0.0°/360.0° | Progress: 0.0% | Inside: 0.21 | End OK: True
[Step 451] Phase: 11 | Turn: 1/1 | Angle: 0.0°/360.0° | Progress: 0.0% | Inside: 0.21 | End OK: True
[Step 452] Phase: 11 | Turn: 1/1 | Angle: 0.0°/360.0° | Progress: 0.0% | Inside: 0.21 | End OK: True
[Step 453] Phase: 11 | Turn: 1/1 | Angle: 0.0°/360.0° | Progress: 0.0% | Inside: 0.21 | End OK: True
[Step 454] Phase: 11 | Turn: 1/1 | Angle: 0.0°/360.0° | Progress: 0.0% | Inside: 0.21 | End OK: True
[Step 455] Phase: 11 | Turn: 1/1 | Angle: 0.0°/360.0° | Progress: 0.0% | Inside: 0.21 | End OK: True
[Step 456] Phase: 11 | Turn: 1/1 | Angle: 0.0°/360.0° | Progress: 0.0% | Inside: 0.21 | End OK: True
[Step 457] Phase: 11 | Turn: 1/1 | Angle: 0.0°/360.0° | Progress: 0.0% | Inside: 0.21 | End OK: True
[Step 458] Phase: 11 | Turn: 1/1 | Angle: 0.0°/360.0° | Progress: 0.0% | Inside: 0.21 | End OK: True
[Step 459] Phase: 11 | Turn: 1/1 | Angle: 0.0°/360.0° | Progress: 0.0% | Inside: 0.21 | End OK: True
[Step 460] Phase: 11 | Turn: 1/1 | Angle: 0.0°/360.0° | Progress: 0.0% | Inside: 0.21 | End OK: True
[Step 461] Phase: 11 | Turn: 1/1 | Angle: 0.0°/360.0° | Progress: 0.0% | Inside: 0.21 | End OK: True
[Step 462] Phase: 11 | Turn: 1/1 | Angle: 0.0°/360.0° | Progress: 0.0% | Inside: 0.21 | End OK: True
[Step 463] Phase: 11 | Turn: 1/1 | Angle: 0.0°/360.0° | Progress: 0.0% | Inside: 0.21 | End OK: True
[Step 464] Phase: 11 | Turn: 1/1 | Angle: 0.0°/360.0° | Progress: 0.0% | Inside: 0.21 | End OK: True
[Step 465] Phase: 11 | Turn: 1/1 | Angle: 0.0°/360.0° | Progress: 0.0% | Inside: 0.21 | End OK: True
[Step 466] Phase: 11 | Turn: 1/1 | Angle: 0.0°/360.0° | Progress: 0.0% | Inside: 0.21 | End OK: True
[Step 467] Phase: 11 | Turn: 1/1 | Angle: 0.0°/360.0° | Progress: 0.0% | Inside: 0.21 | End OK: True
[Step 468] Phase: 11 | Turn: 1/1 | Angle: 0.0°/360.0° | Progress: 0.0% | Inside: 0.21 | End OK: True
[Step 469] Phase: 11 | Turn: 1/1 | Angle: 0.0°/360.0° | Progress: 0.0% | Inside: 0.21 | End OK: True
[Step 470] Phase: 11 | Turn: 1/1 | Angle: 0.0°/360.0° | Progress: 0.0% | Inside: 0.21 | End OK: True
[Step 471] Phase: 11 | Turn: 1/1 | Angle: 0.0°/360.0° | Progress: 0.0% | Inside: 0.21 | End OK: True
[Step 472] Phase: 11 | Turn: 1/1 | Angle: 0.0°/360.0° | Progress: 0.0% | Inside: 0.21 | End OK: True
[Step 473] Phase: 11 | Turn: 1/1 | Angle: 0.0°/360.0° | Progress: 0.0% | Inside: 0.21 | End OK: True
[Step 474] Phase: 11 | Turn: 1/1 | Angle: 0.0°/360.0° | Progress: 0.0% | Inside: 0.21 | End OK: True
[Step 475] Phase: 11 | Turn: 1/1 | Angle: 0.0°/360.0° | Progress: 0.0% | Inside: 0.21 | End OK: True
[Step 476] Phase: 11 | Turn: 1/1 | Angle: 0.0°/360.0° | Progress: 0.0% | Inside: 0.21 | End OK: True
[Step 477] Phase: 12 | Turn: 1/1 | Angle: 0.0°/360.0° | Progress: 0.0% | Inside: 0.21 | End OK: True
[Step 478] Phase: 12 | Turn: 1/1 | Angle: 0.0°/360.0° | Progress: 0.0% | Inside: 0.21 | End OK: True
[Step 479] Phase: 12 | Turn: 1/1 | Angle: 0.0°/360.0° | Progress: 0.0% | Inside: 0.21 | End OK: True
[Step 480] Phase: 12 | Turn: 1/1 | Angle: 0.0°/360.0° | Progress: 0.0% | Inside: 0.21 | End OK: True
[Step 481] Phase: 12 | Turn: 1/1 | Angle: 0.0°/360.0° | Progress: 0.0% | Inside: 0.21 | End OK: True
[Step 482] Phase: 12 | Turn: 1/1 | Angle: 0.0°/360.0° | Progress: 0.0% | Inside: 0.21 | End OK: True
[Step 483] Phase: 12 | Turn: 1/1 | Angle: 0.0°/360.0° | Progress: 0.0% | Inside: 0.21 | End OK: True
[Step 484] Phase: 12 | Turn: 1/1 | Angle: 0.0°/360.0° | Progress: 0.0% | Inside: 0.21 | End OK: True
[Step 485] Phase: 12 | Turn: 1/1 | Angle: 0.0°/360.0° | Progress: 0.0% | Inside: 0.21 | End OK: True
[Step 486] Phase: 12 | Turn: 1/1 | Angle: 0.0°/360.0° | Progress: 0.0% | Inside: 0.21 | End OK: True
[Step 487] Phase: 12 | Turn: 1/1 | Angle: 0.0°/360.0° | Progress: 0.0% | Inside: 0.21 | End OK: True
[Step 488] Phase: 12 | Turn: 1/1 | Angle: 0.0°/360.0° | Progress: 0.0% | Inside: 0.21 | End OK: True
[Step 489] Phase: 12 | Turn: 1/1 | Angle: 0.0°/360.0° | Progress: 0.0% | Inside: 0.21 | End OK: True
[Step 490] Phase: 12 | Turn: 1/1 | Angle: 0.0°/360.0° | Progress: 0.0% | Inside: 0.21 | End OK: True
[Step 491] Phase: 12 | Turn: 1/1 | Angle: 0.0°/360.0° | Progress: 0.0% | Inside: 0.21 | End OK: True
[Step 492] Phase: 12 | Turn: 1/1 | Angle: 0.0°/360.0° | Progress: 0.0% | Inside: 0.21 | End OK: True
[Step 493] Phase: 12 | Turn: 1/1 | Angle: 0.0°/360.0° | Progress: 0.0% | Inside: 0.21 | End OK: True
[Step 494] Phase: 12 | Turn: 1/1 | Angle: 0.0°/360.0° | Progress: 0.0% | Inside: 0.21 | End OK: True
[Step 495] Phase: 12 | Turn: 1/1 | Angle: 0.0°/360.0° | Progress: 0.0% | Inside: 0.21 | End OK: True
[Step 496] Phase: 12 | Turn: 1/1 | Angle: 0.0°/360.0° | Progress: 0.0% | Inside: 0.21 | End OK: True
[Step 497] Phase: 12 | Turn: 1/1 | Angle: 0.0°/360.0° | Progress: 0.0% | Inside: 0.21 | End OK: True
[Step 498] Phase: 12 | Turn: 1/1 | Angle: 0.0°/360.0° | Progress: 0.0% | Inside: 0.21 | End OK: True
[Step 499] Phase: 12 | Turn: 1/1 | Angle: 0.0°/360.0° | Progress: 0.0% | Inside: 0.21 | End OK: True
[Step 500] Phase: 12 | Turn: 1/1 | Angle: 0.0°/360.0° | Progress: 0.0% | Inside: 0.21 | End OK: True
  [ep 0/1, attempt 2] step 501/530  terminated=False  truncated=False
[Step 501] Phase: 12 | Turn: 1/1 | Angle: 0.0°/360.0° | Progress: 0.0% | Inside: 0.21 | End OK: True
[Step 502] Phase: 12 | Turn: 1/1 | Angle: 0.0°/360.0° | Progress: 0.0% | Inside: 0.21 | End OK: True
[Step 503] Phase: 12 | Turn: 1/1 | Angle: 0.0°/360.0° | Progress: 0.0% | Inside: 0.21 | End OK: True
[Step 504] Phase: 12 | Turn: 1/1 | Angle: 0.0°/360.0° | Progress: 0.0% | Inside: 0.21 | End OK: True
[Step 505] Phase: 12 | Turn: 1/1 | Angle: 0.0°/360.0° | Progress: 0.0% | Inside: 0.21 | End OK: True
[Step 506] Phase: 12 | Turn: 1/1 | Angle: 0.0°/360.0° | Progress: 0.0% | Inside: 0.21 | End OK: True
[Step 507] Phase: 12 | Turn: 1/1 | Angle: 0.0°/360.0° | Progress: 0.0% | Inside: 0.21 | End OK: True
[Step 508] Phase: 12 | Turn: 1/1 | Angle: 0.0°/360.0° | Progress: 0.0% | Inside: 0.21 | End OK: True
[Step 509] Phase: 12 | Turn: 1/1 | Angle: 0.0°/360.0° | Progress: 0.0% | Inside: 0.21 | End OK: True
[Step 510] Phase: 12 | Turn: 1/1 | Angle: 0.0°/360.0° | Progress: 0.0% | Inside: 0.21 | End OK: True
[Step 511] Phase: 12 | Turn: 1/1 | Angle: 0.0°/360.0° | Progress: 0.0% | Inside: 0.21 | End OK: True
[Step 512] Phase: 12 | Turn: 1/1 | Angle: 0.0°/360.0° | Progress: 0.0% | Inside: 0.21 | End OK: True
[Step 513] Phase: 12 | Turn: 1/1 | Angle: 0.0°/360.0° | Progress: 0.0% | Inside: 0.21 | End OK: True
[Step 514] Phase: 12 | Turn: 1/1 | Angle: 0.0°/360.0° | Progress: 0.0% | Inside: 0.21 | End OK: True
[Step 515] Phase: 12 | Turn: 1/1 | Angle: 0.0°/360.0° | Progress: 0.0% | Inside: 0.21 | End OK: True
[Step 516] Phase: 12 | Turn: 1/1 | Angle: 0.0°/360.0° | Progress: 0.0% | Inside: 0.21 | End OK: True
[Step 517] Phase: 12 | Turn: 1/1 | Angle: 0.0°/360.0° | Progress: 0.0% | Inside: 0.21 | End OK: True
[Step 518] Phase: 12 | Turn: 1/1 | Angle: 0.0°/360.0° | Progress: 0.0% | Inside: 0.21 | End OK: True
[Step 519] Phase: 12 | Turn: 1/1 | Angle: 0.0°/360.0° | Progress: 0.0% | Inside: 0.21 | End OK: True
[Step 520] Phase: 12 | Turn: 1/1 | Angle: 0.0°/360.0° | Progress: 0.0% | Inside: 0.21 | End OK: True
[Step 521] Phase: 12 | Turn: 1/1 | Angle: 0.0°/360.0° | Progress: 0.0% | Inside: 0.21 | End OK: True
[Step 522] Phase: 12 | Turn: 1/1 | Angle: 0.0°/360.0° | Progress: 0.0% | Inside: 0.21 | End OK: True
[Step 523] Phase: 12 | Turn: 1/1 | Angle: 0.0°/360.0° | Progress: 0.0% | Inside: 0.21 | End OK: True
[Step 524] Phase: 12 | Turn: 1/1 | Angle: 0.0°/360.0° | Progress: 0.0% | Inside: 0.21 | End OK: True
[Step 525] Phase: 12 | Turn: 1/1 | Angle: 0.0°/360.0° | Progress: 0.0% | Inside: 0.21 | End OK: True
[Step 526] Phase: 12 | Turn: 1/1 | Angle: 0.0°/360.0° | Progress: 0.0% | Inside: 0.21 | End OK: True
[Step 527] Phase: 12 | Turn: 1/1 | Angle: 0.0°/360.0° | Progress: 0.0% | Inside: 0.21 | End OK: True
[Step 528] Phase: 12 | Turn: 1/1 | Angle: 0.0°/360.0° | Progress: 0.0% | Inside: 0.21 | End OK: True
[Step 529] Phase: 12 | Turn: 1/1 | Angle: 0.0°/360.0° | Progress: 0.0% | Inside: 0.21 | End OK: True
  [ep 0/1, attempt 2] step 530/530  terminated=False  truncated=True
  [WARNING] Episode 0 attempt 2 truncated without success. Discarding and retrying...
  [Success Rate] overall: 0.0% (0/2) | moving avg (last 2): 0.0%
  [ep 0/1, attempt 3] step 1/530  terminated=False  truncated=False
[Step  11] Phase: 0  | Turn: 1/1 | Angle: 0.0°/360.0° | Progress: 0.0% | Inside: 0.00 | End OK: False
[Step  12] Phase: 0  | Turn: 1/1 | Angle: 0.0°/360.0° | Progress: 0.0% | Inside: 0.00 | End OK: False
[Step  13] Phase: 0  | Turn: 1/1 | Angle: 0.0°/360.0° | Progress: 0.0% | Inside: 0.00 | End OK: False
[Step  14] Phase: 0  | Turn: 1/1 | Angle: 0.0°/360.0° | Progress: 0.0% | Inside: 0.00 | End OK: False
[Step  15] Phase: 0  | Turn: 1/1 | Angle: 0.0°/360.0° | Progress: 0.0% | Inside: 0.00 | End OK: False
[Step  16] Phase: 0  | Turn: 1/1 | Angle: 0.0°/360.0° | Progress: 0.0% | Inside: 0.00 | End OK: False
[Step  17] Phase: 0  | Turn: 1/1 | Angle: 0.0°/360.0° | Progress: 0.0% | Inside: 0.00 | End OK: False
[Step  18] Phase: 0  | Turn: 1/1 | Angle: 0.0°/360.0° | Progress: 0.0% | Inside: 0.00 | End OK: False
[Step  19] Phase: 0  | Turn: 1/1 | Angle: 0.0°/360.0° | Progress: 0.0% | Inside: 0.00 | End OK: False
[Step  20] Phase: 0  | Turn: 1/1 | Angle: 0.0°/360.0° | Progress: 0.0% | Inside: 0.00 | End OK: False
[Step  21] Phase: 0  | Turn: 1/1 | Angle: 0.0°/360.0° | Progress: 0.0% | Inside: 0.00 | End OK: False
[Step  22] Phase: 0  | Turn: 1/1 | Angle: 0.0°/360.0° | Progress: 0.0% | Inside: 0.00 | End OK: False
[Step  23] Phase: 0  | Turn: 1/1 | Angle: 0.0°/360.0° | Progress: 0.0% | Inside: 0.00 | End OK: False
[Step  24] Phase: 0  | Turn: 1/1 | Angle: 0.0°/360.0° | Progress: 0.0% | Inside: 0.00 | End OK: False
[Step  25] Phase: 0  | Turn: 1/1 | Angle: 0.0°/360.0° | Progress: 0.0% | Inside: 0.00 | End OK: False
[Step  26] Phase: 0  | Turn: 1/1 | Angle: 0.0°/360.0° | Progress: 0.0% | Inside: 0.00 | End OK: False
[Step  27] Phase: 0  | Turn: 1/1 | Angle: 0.0°/360.0° | Progress: 0.0% | Inside: 0.00 | End OK: False
[Step  28] Phase: 0  | Turn: 1/1 | Angle: 0.0°/360.0° | Progress: 0.0% | Inside: 0.00 | End OK: False
[Step  29] Phase: 0  | Turn: 1/1 | Angle: 0.0°/360.0° | Progress: 0.0% | Inside: 0.00 | End OK: False
[Step  30] Phase: 0  | Turn: 1/1 | Angle: 0.0°/360.0° | Progress: 0.0% | Inside: 0.00 | End OK: False
[Step  31] Phase: 0  | Turn: 1/1 | Angle: 0.0°/360.0° | Progress: 0.0% | Inside: 0.00 | End OK: False
[Step  32] Phase: 0  | Turn: 1/1 | Angle: 0.0°/360.0° | Progress: 0.0% | Inside: 0.00 | End OK: False
[Step  33] Phase: 0  | Turn: 1/1 | Angle: 0.0°/360.0° | Progress: 0.0% | Inside: 0.00 | End OK: False
[Step  34] Phase: 1  | Turn: 1/1 | Angle: 0.0°/360.0° | Progress: 0.0% | Inside: 0.00 | End OK: False
[Step  35] Phase: 1  | Turn: 1/1 | Angle: 0.0°/360.0° | Progress: 0.0% | Inside: 0.00 | End OK: False
[Step  36] Phase: 1  | Turn: 1/1 | Angle: 0.0°/360.0° | Progress: 0.0% | Inside: 0.00 | End OK: False
[Step  37] Phase: 1  | Turn: 1/1 | Angle: 0.0°/360.0° | Progress: 0.0% | Inside: 0.00 | End OK: False
[Step  38] Phase: 1  | Turn: 1/1 | Angle: 0.0°/360.0° | Progress: 0.0% | Inside: 0.00 | End OK: False
[Step  39] Phase: 1  | Turn: 1/1 | Angle: 0.0°/360.0° | Progress: 0.0% | Inside: 0.00 | End OK: False
[Step  40] Phase: 1  | Turn: 1/1 | Angle: 0.0°/360.0° | Progress: 0.0% | Inside: 0.00 | End OK: False
[Step  41] Phase: 1  | Turn: 1/1 | Angle: 0.0°/360.0° | Progress: 0.0% | Inside: 0.00 | End OK: False
[Step  42] Phase: 1  | Turn: 1/1 | Angle: 0.0°/360.0° | Progress: 0.0% | Inside: 0.00 | End OK: False
[Step  43] Phase: 1  | Turn: 1/1 | Angle: 0.0°/360.0° | Progress: 0.0% | Inside: 0.00 | End OK: False
[Step  44] Phase: 1  | Turn: 1/1 | Angle: 0.0°/360.0° | Progress: 0.0% | Inside: 0.00 | End OK: False
[Step  45] Phase: 1  | Turn: 1/1 | Angle: 0.0°/360.0° | Progress: 0.0% | Inside: 0.00 | End OK: False
[Step  46] Phase: 1  | Turn: 1/1 | Angle: 0.0°/360.0° | Progress: 0.0% | Inside: 0.00 | End OK: False
[Step  47] Phase: 1  | Turn: 1/1 | Angle: 0.0°/360.0° | Progress: 0.0% | Inside: 0.00 | End OK: False
[Step  48] Phase: 1  | Turn: 1/1 | Angle: 0.0°/360.0° | Progress: 0.0% | Inside: 0.00 | End OK: False
[Step  49] Phase: 1  | Turn: 1/1 | Angle: 0.0°/360.0° | Progress: 0.0% | Inside: 0.00 | End OK: False
[Step  50] Phase: 1  | Turn: 1/1 | Angle: 0.0°/360.0° | Progress: 0.0% | Inside: 0.00 | End OK: False
[Step  51] Phase: 1  | Turn: 1/1 | Angle: 0.0°/360.0° | Progress: 0.0% | Inside: 0.00 | End OK: False
[Step  52] Phase: 1  | Turn: 1/1 | Angle: 0.0°/360.0° | Progress: 0.0% | Inside: 0.00 | End OK: False
[Step  53] Phase: 1  | Turn: 1/1 | Angle: 0.0°/360.0° | Progress: 0.0% | Inside: 0.00 | End OK: False
[Step  54] Phase: 1  | Turn: 1/1 | Angle: 0.0°/360.0° | Progress: 0.0% | Inside: 0.00 | End OK: False
[Step  55] Phase: 1  | Turn: 1/1 | Angle: 0.0°/360.0° | Progress: 0.0% | Inside: 0.00 | End OK: False
[Step  56] Phase: 1  | Turn: 1/1 | Angle: 0.0°/360.0° | Progress: 0.0% | Inside: 0.00 | End OK: False
[Step  57] Phase: 1  | Turn: 1/1 | Angle: 0.0°/360.0° | Progress: 0.0% | Inside: 0.00 | End OK: False
[Step  58] Phase: 1  | Turn: 1/1 | Angle: 0.0°/360.0° | Progress: 0.0% | Inside: 0.00 | End OK: False
[Step  59] Phase: 1  | Turn: 1/1 | Angle: 0.0°/360.0° | Progress: 0.0% | Inside: 0.00 | End OK: False
[Step  60] Phase: 1  | Turn: 1/1 | Angle: 0.0°/360.0° | Progress: 0.0% | Inside: 0.00 | End OK: False
[Step  61] Phase: 1  | Turn: 1/1 | Angle: 0.0°/360.0° | Progress: 0.0% | Inside: 0.00 | End OK: False
[Step  62] Phase: 1  | Turn: 1/1 | Angle: 0.0°/360.0° | Progress: 0.0% | Inside: 0.00 | End OK: False
[Step  63] Phase: 1  | Turn: 1/1 | Angle: 0.0°/360.0° | Progress: 0.0% | Inside: 0.00 | End OK: False
[Step  64] Phase: 1  | Turn: 1/1 | Angle: 0.0°/360.0° | Progress: 0.0% | Inside: 0.00 | End OK: False
[Step  65] Phase: 1  | Turn: 1/1 | Angle: 0.0°/360.0° | Progress: 0.0% | Inside: 0.00 | End OK: False
[Step  66] Phase: 1  | Turn: 1/1 | Angle: 0.0°/360.0° | Progress: 0.0% | Inside: 0.00 | End OK: False
[Step  67] Phase: 1  | Turn: 1/1 | Angle: 0.0°/360.0° | Progress: 0.0% | Inside: 0.00 | End OK: False
[Step  68] Phase: 1  | Turn: 1/1 | Angle: 0.0°/360.0° | Progress: 0.0% | Inside: 0.00 | End OK: False
[Step  69] Phase: 1  | Turn: 1/1 | Angle: 0.0°/360.0° | Progress: 0.0% | Inside: 0.00 | End OK: False
[Step  70] Phase: 1  | Turn: 1/1 | Angle: 0.0°/360.0° | Progress: 0.0% | Inside: 0.00 | End OK: False
[Step  71] Phase: 1  | Turn: 1/1 | Angle: 0.0°/360.0° | Progress: 0.0% | Inside: 0.00 | End OK: False
[Step  72] Phase: 1  | Turn: 1/1 | Angle: 0.0°/360.0° | Progress: 0.0% | Inside: 0.00 | End OK: False
[Step  73] Phase: 1  | Turn: 1/1 | Angle: 0.0°/360.0° | Progress: 0.0% | Inside: 0.00 | End OK: False
[Step  74] Phase: 1  | Turn: 1/1 | Angle: 0.0°/360.0° | Progress: 0.0% | Inside: 0.00 | End OK: False
[Step  75] Phase: 1  | Turn: 1/1 | Angle: 0.0°/360.0° | Progress: 0.0% | Inside: 0.00 | End OK: False
[Step  76] Phase: 1  | Turn: 1/1 | Angle: 0.0°/360.0° | Progress: 0.0% | Inside: 0.00 | End OK: False
[Step  77] Phase: 1  | Turn: 1/1 | Angle: 0.0°/360.0° | Progress: 0.0% | Inside: 0.00 | End OK: False
[Step  78] Phase: 1  | Turn: 1/1 | Angle: 0.0°/360.0° | Progress: 0.0% | Inside: 0.00 | End OK: False
[Step  79] Phase: 1  | Turn: 1/1 | Angle: 0.0°/360.0° | Progress: 0.0% | Inside: 0.00 | End OK: False
[Step  80] Phase: 1  | Turn: 1/1 | Angle: 0.0°/360.0° | Progress: 0.0% | Inside: 0.00 | End OK: False
[Step  81] Phase: 1  | Turn: 1/1 | Angle: 0.0°/360.0° | Progress: 0.0% | Inside: 0.00 | End OK: False
[Step  82] Phase: 1  | Turn: 1/1 | Angle: 0.0°/360.0° | Progress: 0.0% | Inside: 0.00 | End OK: False
[Step  83] Phase: 1  | Turn: 1/1 | Angle: 0.0°/360.0° | Progress: 0.0% | Inside: 0.00 | End OK: False
[Step  84] Phase: 1  | Turn: 1/1 | Angle: 0.0°/360.0° | Progress: 0.0% | Inside: 0.00 | End OK: False
[Step  85] Phase: 1  | Turn: 1/1 | Angle: 0.0°/360.0° | Progress: 0.0% | Inside: 0.00 | End OK: False
[Step  86] Phase: 1  | Turn: 1/1 | Angle: 0.0°/360.0° | Progress: 0.0% | Inside: 0.00 | End OK: False
[Step  87] Phase: 1  | Turn: 1/1 | Angle: 0.0°/360.0° | Progress: 0.0% | Inside: 0.00 | End OK: False
[Step  88] Phase: 1  | Turn: 1/1 | Angle: 0.0°/360.0° | Progress: 0.0% | Inside: 0.00 | End OK: False
[Step  89] Phase: 1  | Turn: 1/1 | Angle: 0.0°/360.0° | Progress: 0.0% | Inside: 0.00 | End OK: False
[Step  90] Phase: 1  | Turn: 1/1 | Angle: 0.0°/360.0° | Progress: 0.0% | Inside: 0.00 | End OK: False
[Step  91] Phase: 1  | Turn: 1/1 | Angle: 0.0°/360.0° | Progress: 0.0% | Inside: 0.00 | End OK: False
[Step  92] Phase: 1  | Turn: 1/1 | Angle: 0.0°/360.0° | Progress: 0.0% | Inside: 0.00 | End OK: False
[Step  93] Phase: 2  | Turn: 1/1 | Angle: 0.0°/360.0° | Progress: 0.0% | Inside: 0.00 | End OK: False
[Step  94] Phase: 2  | Turn: 1/1 | Angle: 0.0°/360.0° | Progress: 0.0% | Inside: 0.00 | End OK: False
[Step  95] Phase: 2  | Turn: 1/1 | Angle: 0.0°/360.0° | Progress: 0.0% | Inside: 0.00 | End OK: False
[Step  96] Phase: 2  | Turn: 1/1 | Angle: 96.3°/360.0° | Progress: 26.8% | Inside: 0.00 | End OK: False
[Step  97] Phase: 2  | Turn: 1/1 | Angle: 37.7°/360.0° | Progress: 10.5% | Inside: 0.00 | End OK: False
[Step  98] Phase: 2  | Turn: 1/1 | Angle: 30.7°/360.0° | Progress: 8.5% | Inside: 0.00 | End OK: False
[Step  99] Phase: 2  | Turn: 1/1 | Angle: 30.9°/360.0° | Progress: 8.6% | Inside: 0.00 | End OK: False
[Step 100] Phase: 2  | Turn: 1/1 | Angle: 33.3°/360.0° | Progress: 9.3% | Inside: 0.00 | End OK: False
  [ep 0/1, attempt 3] step 101/530  terminated=False  truncated=False
[Step 101] Phase: 2  | Turn: 1/1 | Angle: 34.3°/360.0° | Progress: 9.5% | Inside: 0.00 | End OK: False
[Step 102] Phase: 2  | Turn: 1/1 | Angle: 34.2°/360.0° | Progress: 9.5% | Inside: 0.00 | End OK: False
[Step 103] Phase: 2  | Turn: 1/1 | Angle: 34.1°/360.0° | Progress: 9.5% | Inside: 0.00 | End OK: False
[Step 104] Phase: 2  | Turn: 1/1 | Angle: 34.2°/360.0° | Progress: 9.5% | Inside: 0.00 | End OK: False
[Step 105] Phase: 2  | Turn: 1/1 | Angle: 34.6°/360.0° | Progress: 9.6% | Inside: 0.00 | End OK: False
[Step 106] Phase: 2  | Turn: 1/1 | Angle: 35.1°/360.0° | Progress: 9.8% | Inside: 0.00 | End OK: False
[Step 107] Phase: 2  | Turn: 1/1 | Angle: 35.6°/360.0° | Progress: 9.9% | Inside: 0.00 | End OK: False
[Step 108] Phase: 2  | Turn: 1/1 | Angle: 36.4°/360.0° | Progress: 10.1% | Inside: 0.00 | End OK: False
[Step 109] Phase: 2  | Turn: 1/1 | Angle: 36.9°/360.0° | Progress: 10.3% | Inside: 0.00 | End OK: False
[Step 110] Phase: 2  | Turn: 1/1 | Angle: 37.3°/360.0° | Progress: 10.3% | Inside: 0.00 | End OK: False
[Step 111] Phase: 2  | Turn: 1/1 | Angle: 37.6°/360.0° | Progress: 10.4% | Inside: 0.00 | End OK: False
[Step 112] Phase: 2  | Turn: 1/1 | Angle: 38.0°/360.0° | Progress: 10.6% | Inside: 0.00 | End OK: False
[Step 113] Phase: 2  | Turn: 1/1 | Angle: 37.9°/360.0° | Progress: 10.5% | Inside: 0.00 | End OK: False
[Step 114] Phase: 3  | Turn: 1/1 | Angle: 38.0°/360.0° | Progress: 10.6% | Inside: 0.00 | End OK: False
[Step 115] Phase: 3  | Turn: 1/1 | Angle: 25.9°/360.0° | Progress: 7.2% | Inside: 0.00 | End OK: False
[Step 116] Phase: 3  | Turn: 1/1 | Angle: 11.4°/360.0° | Progress: 3.2% | Inside: 0.00 | End OK: False
[Step 117] Phase: 3  | Turn: 1/1 | Angle: 0.0°/360.0° | Progress: 0.0% | Inside: 0.00 | End OK: False
[Step 118] Phase: 3  | Turn: 1/1 | Angle: 0.0°/360.0° | Progress: 0.0% | Inside: 0.00 | End OK: False
[Step 119] Phase: 3  | Turn: 1/1 | Angle: 0.0°/360.0° | Progress: 0.0% | Inside: 0.00 | End OK: False
[Step 120] Phase: 3  | Turn: 1/1 | Angle: 0.0°/360.0° | Progress: 0.0% | Inside: 0.00 | End OK: False
[Step 121] Phase: 3  | Turn: 1/1 | Angle: 0.0°/360.0° | Progress: 0.0% | Inside: 0.00 | End OK: False
[Step 122] Phase: 3  | Turn: 1/1 | Angle: 0.0°/360.0° | Progress: 0.0% | Inside: 0.00 | End OK: False
[Step 123] Phase: 3  | Turn: 1/1 | Angle: 0.0°/360.0° | Progress: 0.0% | Inside: 0.00 | End OK: False
[Step 124] Phase: 3  | Turn: 1/1 | Angle: 0.0°/360.0° | Progress: 0.0% | Inside: 0.00 | End OK: False
[Step 125] Phase: 3  | Turn: 1/1 | Angle: 0.0°/360.0° | Progress: 0.0% | Inside: 0.00 | End OK: False
[Step 126] Phase: 3  | Turn: 1/1 | Angle: 0.0°/360.0° | Progress: 0.0% | Inside: 0.00 | End OK: False
[Step 127] Phase: 3  | Turn: 1/1 | Angle: 0.0°/360.0° | Progress: 0.0% | Inside: 0.00 | End OK: False
[Step 128] Phase: 3  | Turn: 1/1 | Angle: 0.0°/360.0° | Progress: 0.0% | Inside: 0.00 | End OK: False
[Step 129] Phase: 3  | Turn: 1/1 | Angle: 0.0°/360.0° | Progress: 0.0% | Inside: 0.00 | End OK: False
[Step 130] Phase: 3  | Turn: 1/1 | Angle: 0.0°/360.0° | Progress: 0.0% | Inside: 0.00 | End OK: False
[Step 131] Phase: 3  | Turn: 1/1 | Angle: 0.0°/360.0° | Progress: 0.0% | Inside: 0.00 | End OK: False
[Step 132] Phase: 3  | Turn: 1/1 | Angle: 0.0°/360.0° | Progress: 0.0% | Inside: 0.00 | End OK: False
[Step 133] Phase: 3  | Turn: 1/1 | Angle: 0.0°/360.0° | Progress: 0.0% | Inside: 0.00 | End OK: False
[Step 134] Phase: 3  | Turn: 1/1 | Angle: 0.0°/360.0° | Progress: 0.0% | Inside: 0.00 | End OK: False
[Step 135] Phase: 3  | Turn: 1/1 | Angle: 0.0°/360.0° | Progress: 0.0% | Inside: 0.00 | End OK: False
[Step 136] Phase: 3  | Turn: 1/1 | Angle: 0.0°/360.0° | Progress: 0.0% | Inside: 0.00 | End OK: False
[Step 137] Phase: 3  | Turn: 1/1 | Angle: 0.0°/360.0° | Progress: 0.0% | Inside: 0.00 | End OK: False
[Step 138] Phase: 3  | Turn: 1/1 | Angle: 0.0°/360.0° | Progress: 0.0% | Inside: 0.00 | End OK: False
[Step 139] Phase: 3  | Turn: 1/1 | Angle: 0.0°/360.0° | Progress: 0.0% | Inside: 0.00 | End OK: False
[Step 140] Phase: 3  | Turn: 1/1 | Angle: 0.0°/360.0° | Progress: 0.0% | Inside: 0.00 | End OK: False
[Step 141] Phase: 3  | Turn: 1/1 | Angle: 0.0°/360.0° | Progress: 0.0% | Inside: 0.00 | End OK: False
[Step 142] Phase: 3  | Turn: 1/1 | Angle: 0.0°/360.0° | Progress: 0.0% | Inside: 0.00 | End OK: False
[Step 143] Phase: 3  | Turn: 1/1 | Angle: 0.0°/360.0° | Progress: 0.0% | Inside: 0.00 | End OK: False
[Step 144] Phase: 3  | Turn: 1/1 | Angle: 0.0°/360.0° | Progress: 0.0% | Inside: 0.00 | End OK: False
[Step 145] Phase: 3  | Turn: 1/1 | Angle: 0.0°/360.0° | Progress: 0.0% | Inside: 0.00 | End OK: False
[Step 146] Phase: 3  | Turn: 1/1 | Angle: 0.0°/360.0° | Progress: 0.0% | Inside: 0.00 | End OK: False
[Step 147] Phase: 3  | Turn: 1/1 | Angle: 0.0°/360.0° | Progress: 0.0% | Inside: 0.00 | End OK: False
[Step 148] Phase: 3  | Turn: 1/1 | Angle: 0.0°/360.0° | Progress: 0.0% | Inside: 0.00 | End OK: False
[Step 149] Phase: 3  | Turn: 1/1 | Angle: 0.0°/360.0° | Progress: 0.0% | Inside: 0.00 | End OK: False
[Step 150] Phase: 3  | Turn: 1/1 | Angle: 0.0°/360.0° | Progress: 0.0% | Inside: 0.00 | End OK: False
[Step 151] Phase: 3  | Turn: 1/1 | Angle: 0.0°/360.0° | Progress: 0.0% | Inside: 0.00 | End OK: False
[Step 152] Phase: 3  | Turn: 1/1 | Angle: 0.0°/360.0° | Progress: 0.0% | Inside: 0.00 | End OK: False
[Step 153] Phase: 3  | Turn: 1/1 | Angle: 0.0°/360.0° | Progress: 0.0% | Inside: 0.00 | End OK: False
[Step 154] Phase: 3  | Turn: 1/1 | Angle: 0.0°/360.0° | Progress: 0.0% | Inside: 0.00 | End OK: False
[Step 155] Phase: 3  | Turn: 1/1 | Angle: 0.0°/360.0° | Progress: 0.0% | Inside: 0.00 | End OK: False
[Step 156] Phase: 3  | Turn: 1/1 | Angle: 0.0°/360.0° | Progress: 0.0% | Inside: 0.00 | End OK: False
[Step 157] Phase: 3  | Turn: 1/1 | Angle: 0.0°/360.0° | Progress: 0.0% | Inside: 0.00 | End OK: False
[Step 158] Phase: 3  | Turn: 1/1 | Angle: 0.0°/360.0° | Progress: 0.0% | Inside: 0.00 | End OK: False
[Step 159] Phase: 3  | Turn: 1/1 | Angle: 0.0°/360.0° | Progress: 0.0% | Inside: 0.00 | End OK: False
[Step 160] Phase: 3  | Turn: 1/1 | Angle: 0.0°/360.0° | Progress: 0.0% | Inside: 0.00 | End OK: False
[Step 161] Phase: 3  | Turn: 1/1 | Angle: 0.0°/360.0° | Progress: 0.0% | Inside: 0.00 | End OK: False
[Step 162] Phase: 3  | Turn: 1/1 | Angle: 0.0°/360.0° | Progress: 0.0% | Inside: 0.00 | End OK: False
[Step 163] Phase: 3  | Turn: 1/1 | Angle: 0.0°/360.0° | Progress: 0.0% | Inside: 0.00 | End OK: False
[Step 164] Phase: 3  | Turn: 1/1 | Angle: 0.0°/360.0° | Progress: 0.0% | Inside: 0.00 | End OK: False
[Step 165] Phase: 4  | Turn: 1/1 | Angle: 0.0°/360.0° | Progress: 0.0% | Inside: 0.00 | End OK: False
[Step 166] Phase: 5  | Turn: 1/1 | Angle: 0.0°/360.0° | Progress: 0.0% | Inside: 0.00 | End OK: False
[Step 167] Phase: 5  | Turn: 1/1 | Angle: 0.0°/360.0° | Progress: 0.0% | Inside: 0.00 | End OK: False
[Step 168] Phase: 5  | Turn: 1/1 | Angle: 0.0°/360.0° | Progress: 0.0% | Inside: 0.00 | End OK: False
[Step 169] Phase: 5  | Turn: 1/1 | Angle: 0.0°/360.0° | Progress: 0.0% | Inside: 0.00 | End OK: False
[Step 170] Phase: 5  | Turn: 1/1 | Angle: 0.0°/360.0° | Progress: 0.0% | Inside: 0.00 | End OK: False
[Step 171] Phase: 5  | Turn: 1/1 | Angle: 0.0°/360.0° | Progress: 0.0% | Inside: 0.00 | End OK: False
[Step 172] Phase: 5  | Turn: 1/1 | Angle: 0.0°/360.0° | Progress: 0.0% | Inside: 0.00 | End OK: False
[Step 173] Phase: 5  | Turn: 1/1 | Angle: 0.0°/360.0° | Progress: 0.0% | Inside: 0.00 | End OK: False
[Step 174] Phase: 5  | Turn: 1/1 | Angle: 0.0°/360.0° | Progress: 0.0% | Inside: 0.00 | End OK: False
[Step 175] Phase: 5  | Turn: 1/1 | Angle: 0.0°/360.0° | Progress: 0.0% | Inside: 0.00 | End OK: False
[Step 176] Phase: 5  | Turn: 1/1 | Angle: 0.0°/360.0° | Progress: 0.0% | Inside: 0.00 | End OK: False
[Step 177] Phase: 5  | Turn: 1/1 | Angle: 0.0°/360.0° | Progress: 0.0% | Inside: 0.00 | End OK: False
[Step 178] Phase: 5  | Turn: 1/1 | Angle: 0.0°/360.0° | Progress: 0.0% | Inside: 0.00 | End OK: False
[Step 179] Phase: 5  | Turn: 1/1 | Angle: 0.0°/360.0° | Progress: 0.0% | Inside: 0.00 | End OK: False
[Step 180] Phase: 5  | Turn: 1/1 | Angle: 0.0°/360.0° | Progress: 0.0% | Inside: 0.00 | End OK: False
[Step 181] Phase: 5  | Turn: 1/1 | Angle: 0.0°/360.0° | Progress: 0.0% | Inside: 0.00 | End OK: False
[Step 182] Phase: 5  | Turn: 1/1 | Angle: 0.0°/360.0° | Progress: 0.0% | Inside: 0.00 | End OK: False
[Step 183] Phase: 5  | Turn: 1/1 | Angle: 0.0°/360.0° | Progress: 0.0% | Inside: 0.00 | End OK: False
[Step 184] Phase: 5  | Turn: 1/1 | Angle: 0.0°/360.0° | Progress: 0.0% | Inside: 0.00 | End OK: False
[Step 185] Phase: 5  | Turn: 1/1 | Angle: 0.0°/360.0° | Progress: 0.0% | Inside: 0.00 | End OK: False
[Step 186] Phase: 5  | Turn: 1/1 | Angle: 0.0°/360.0° | Progress: 0.0% | Inside: 0.00 | End OK: False
[Step 187] Phase: 5  | Turn: 1/1 | Angle: 0.0°/360.0° | Progress: 0.0% | Inside: 0.00 | End OK: False
[Step 188] Phase: 5  | Turn: 1/1 | Angle: 0.0°/360.0° | Progress: 0.0% | Inside: 0.00 | End OK: False
[Step 189] Phase: 5  | Turn: 1/1 | Angle: 0.0°/360.0° | Progress: 0.0% | Inside: 0.00 | End OK: False
[Step 190] Phase: 5  | Turn: 1/1 | Angle: 0.0°/360.0° | Progress: 0.0% | Inside: 0.00 | End OK: False
[Step 191] Phase: 5  | Turn: 1/1 | Angle: 0.0°/360.0° | Progress: 0.0% | Inside: 0.00 | End OK: False
[Step 192] Phase: 5  | Turn: 1/1 | Angle: 0.0°/360.0° | Progress: 0.0% | Inside: 0.00 | End OK: False
[Step 193] Phase: 5  | Turn: 1/1 | Angle: 0.0°/360.0° | Progress: 0.0% | Inside: 0.00 | End OK: False
[Step 194] Phase: 5  | Turn: 1/1 | Angle: 0.0°/360.0° | Progress: 0.0% | Inside: 0.00 | End OK: False
[Step 195] Phase: 5  | Turn: 1/1 | Angle: 0.0°/360.0° | Progress: 0.0% | Inside: 0.00 | End OK: False
[Step 196] Phase: 5  | Turn: 1/1 | Angle: 0.0°/360.0° | Progress: 0.0% | Inside: 0.07 | End OK: False
[Step 197] Phase: 5  | Turn: 1/1 | Angle: 0.0°/360.0° | Progress: 0.0% | Inside: 0.07 | End OK: False
[Step 198] Phase: 5  | Turn: 1/1 | Angle: 0.0°/360.0° | Progress: 0.0% | Inside: 0.07 | End OK: False
[Step 199] Phase: 5  | Turn: 1/1 | Angle: 0.0°/360.0° | Progress: 0.0% | Inside: 0.07 | End OK: False
[Step 200] Phase: 5  | Turn: 1/1 | Angle: 0.0°/360.0° | Progress: 0.0% | Inside: 0.07 | End OK: False
  [ep 0/1, attempt 3] step 201/530  terminated=False  truncated=False
[Step 201] Phase: 5  | Turn: 1/1 | Angle: 0.0°/360.0° | Progress: 0.0% | Inside: 0.07 | End OK: False
[Step 202] Phase: 5  | Turn: 1/1 | Angle: 0.0°/360.0° | Progress: 0.0% | Inside: 0.07 | End OK: False
[Step 203] Phase: 5  | Turn: 1/1 | Angle: 0.0°/360.0° | Progress: 0.0% | Inside: 0.07 | End OK: False
[Step 204] Phase: 5  | Turn: 1/1 | Angle: 0.0°/360.0° | Progress: 0.0% | Inside: 0.07 | End OK: False
[Step 205] Phase: 5  | Turn: 1/1 | Angle: 0.0°/360.0° | Progress: 0.0% | Inside: 0.07 | End OK: False
[Step 206] Phase: 5  | Turn: 1/1 | Angle: 0.0°/360.0° | Progress: 0.0% | Inside: 0.07 | End OK: False
[Step 207] Phase: 5  | Turn: 1/1 | Angle: 0.0°/360.0° | Progress: 0.0% | Inside: 0.07 | End OK: False
[Step 208] Phase: 5  | Turn: 1/1 | Angle: 0.0°/360.0° | Progress: 0.0% | Inside: 0.07 | End OK: False
[Step 209] Phase: 5  | Turn: 1/1 | Angle: 0.0°/360.0° | Progress: 0.0% | Inside: 0.14 | End OK: False
[Step 210] Phase: 5  | Turn: 1/1 | Angle: 0.0°/360.0° | Progress: 0.0% | Inside: 0.14 | End OK: False
[Step 211] Phase: 5  | Turn: 1/1 | Angle: 0.0°/360.0° | Progress: 0.0% | Inside: 0.14 | End OK: False
[Step 212] Phase: 5  | Turn: 1/1 | Angle: 0.0°/360.0° | Progress: 0.0% | Inside: 0.14 | End OK: False
[Step 213] Phase: 5  | Turn: 1/1 | Angle: 0.0°/360.0° | Progress: 0.0% | Inside: 0.14 | End OK: False
[Step 214] Phase: 5  | Turn: 1/1 | Angle: 0.0°/360.0° | Progress: 0.0% | Inside: 0.14 | End OK: False
[Step 215] Phase: 5  | Turn: 1/1 | Angle: 0.0°/360.0° | Progress: 0.0% | Inside: 0.14 | End OK: False
[Step 216] Phase: 5  | Turn: 1/1 | Angle: 0.0°/360.0° | Progress: 0.0% | Inside: 0.14 | End OK: False
[Step 217] Phase: 5  | Turn: 1/1 | Angle: 0.0°/360.0° | Progress: 0.0% | Inside: 0.14 | End OK: False
[Step 218] Phase: 5  | Turn: 1/1 | Angle: 0.0°/360.0° | Progress: 0.0% | Inside: 0.14 | End OK: False
[Step 219] Phase: 5  | Turn: 1/1 | Angle: 0.0°/360.0° | Progress: 0.0% | Inside: 0.07 | End OK: False
[Step 220] Phase: 5  | Turn: 1/1 | Angle: 0.0°/360.0° | Progress: 0.0% | Inside: 0.14 | End OK: False
[Step 221] Phase: 5  | Turn: 1/1 | Angle: 0.0°/360.0° | Progress: 0.0% | Inside: 0.14 | End OK: False
[Step 222] Phase: 5  | Turn: 1/1 | Angle: 0.0°/360.0° | Progress: 0.0% | Inside: 0.14 | End OK: False
[Step 223] Phase: 5  | Turn: 1/1 | Angle: 0.0°/360.0° | Progress: 0.0% | Inside: 0.14 | End OK: False
[Step 224] Phase: 5  | Turn: 1/1 | Angle: 0.0°/360.0° | Progress: 0.0% | Inside: 0.14 | End OK: False
[Step 225] Phase: 5  | Turn: 1/1 | Angle: 0.0°/360.0° | Progress: 0.0% | Inside: 0.14 | End OK: False
[Step 226] Phase: 5  | Turn: 1/1 | Angle: 0.0°/360.0° | Progress: 0.0% | Inside: 0.14 | End OK: False
[Step 227] Phase: 5  | Turn: 1/1 | Angle: 0.0°/360.0° | Progress: 0.0% | Inside: 0.14 | End OK: False
[Step 228] Phase: 5  | Turn: 1/1 | Angle: 0.0°/360.0° | Progress: 0.0% | Inside: 0.14 | End OK: False
[Step 229] Phase: 5  | Turn: 1/1 | Angle: 0.0°/360.0° | Progress: 0.0% | Inside: 0.14 | End OK: False
[Step 230] Phase: 5  | Turn: 1/1 | Angle: 0.0°/360.0° | Progress: 0.0% | Inside: 0.14 | End OK: False
[Step 231] Phase: 5  | Turn: 1/1 | Angle: 0.0°/360.0° | Progress: 0.0% | Inside: 0.14 | End OK: False
[Step 232] Phase: 5  | Turn: 1/1 | Angle: 0.0°/360.0° | Progress: 0.0% | Inside: 0.14 | End OK: False
[Step 233] Phase: 5  | Turn: 1/1 | Angle: 0.0°/360.0° | Progress: 0.0% | Inside: 0.14 | End OK: False
[Step 234] Phase: 5  | Turn: 1/1 | Angle: 0.0°/360.0° | Progress: 0.0% | Inside: 0.14 | End OK: False
[Step 235] Phase: 5  | Turn: 1/1 | Angle: 0.0°/360.0° | Progress: 0.0% | Inside: 0.14 | End OK: False
[Step 236] Phase: 5  | Turn: 1/1 | Angle: 0.0°/360.0° | Progress: 0.0% | Inside: 0.14 | End OK: False
[Step 237] Phase: 5  | Turn: 1/1 | Angle: 0.0°/360.0° | Progress: 0.0% | Inside: 0.14 | End OK: False
[Step 238] Phase: 5  | Turn: 1/1 | Angle: 0.0°/360.0° | Progress: 0.0% | Inside: 0.14 | End OK: False
[Step 239] Phase: 5  | Turn: 1/1 | Angle: 0.0°/360.0° | Progress: 0.0% | Inside: 0.14 | End OK: True
[Step 240] Phase: 5  | Turn: 1/1 | Angle: 0.0°/360.0° | Progress: 0.0% | Inside: 0.14 | End OK: True
[Step 241] Phase: 5  | Turn: 1/1 | Angle: 0.0°/360.0° | Progress: 0.0% | Inside: 0.14 | End OK: True
[Step 242] Phase: 6  | Turn: 1/1 | Angle: 0.0°/360.0° | Progress: 0.0% | Inside: 0.14 | End OK: True
[Step 243] Phase: 6  | Turn: 1/1 | Angle: 0.0°/360.0° | Progress: 0.0% | Inside: 0.14 | End OK: True
[Step 244] Phase: 6  | Turn: 1/1 | Angle: 0.0°/360.0° | Progress: 0.0% | Inside: 0.14 | End OK: True
[Step 245] Phase: 6  | Turn: 1/1 | Angle: 0.0°/360.0° | Progress: 0.0% | Inside: 0.14 | End OK: True
[Step 246] Phase: 6  | Turn: 1/1 | Angle: 0.0°/360.0° | Progress: 0.0% | Inside: 0.14 | End OK: True
[Step 247] Phase: 6  | Turn: 1/1 | Angle: 0.0°/360.0° | Progress: 0.0% | Inside: 0.21 | End OK: True
[Step 248] Phase: 6  | Turn: 1/1 | Angle: 0.0°/360.0° | Progress: 0.0% | Inside: 0.21 | End OK: True
[Step 249] Phase: 6  | Turn: 1/1 | Angle: 0.0°/360.0° | Progress: 0.0% | Inside: 0.21 | End OK: True
[Step 250] Phase: 6  | Turn: 1/1 | Angle: 0.0°/360.0° | Progress: 0.0% | Inside: 0.21 | End OK: True
[Step 251] Phase: 6  | Turn: 1/1 | Angle: 0.0°/360.0° | Progress: 0.0% | Inside: 0.21 | End OK: True
[Step 252] Phase: 6  | Turn: 1/1 | Angle: 0.0°/360.0° | Progress: 0.0% | Inside: 0.21 | End OK: True
[Step 253] Phase: 6  | Turn: 1/1 | Angle: 0.0°/360.0° | Progress: 0.0% | Inside: 0.21 | End OK: True
[Step 254] Phase: 6  | Turn: 1/1 | Angle: 0.0°/360.0° | Progress: 0.0% | Inside: 0.21 | End OK: True
[Step 255] Phase: 6  | Turn: 1/1 | Angle: 0.0°/360.0° | Progress: 0.0% | Inside: 0.21 | End OK: True
[Step 256] Phase: 6  | Turn: 1/1 | Angle: 0.0°/360.0° | Progress: 0.0% | Inside: 0.21 | End OK: True
[Step 257] Phase: 6  | Turn: 1/1 | Angle: 0.0°/360.0° | Progress: 0.0% | Inside: 0.21 | End OK: True
[Step 258] Phase: 6  | Turn: 1/1 | Angle: 0.0°/360.0° | Progress: 0.0% | Inside: 0.21 | End OK: True
[Step 259] Phase: 6  | Turn: 1/1 | Angle: 0.0°/360.0° | Progress: 0.0% | Inside: 0.21 | End OK: True
[Step 260] Phase: 6  | Turn: 1/1 | Angle: 0.0°/360.0° | Progress: 0.0% | Inside: 0.21 | End OK: True
[Step 261] Phase: 6  | Turn: 1/1 | Angle: 0.0°/360.0° | Progress: 0.0% | Inside: 0.21 | End OK: True
[Step 262] Phase: 6  | Turn: 1/1 | Angle: 0.0°/360.0° | Progress: 0.0% | Inside: 0.21 | End OK: True
[Step 263] Phase: 6  | Turn: 1/1 | Angle: 0.0°/360.0° | Progress: 0.0% | Inside: 0.21 | End OK: True
[Step 264] Phase: 6  | Turn: 1/1 | Angle: 0.0°/360.0° | Progress: 0.0% | Inside: 0.21 | End OK: True
[Step 265] Phase: 6  | Turn: 1/1 | Angle: 0.0°/360.0° | Progress: 0.0% | Inside: 0.21 | End OK: True
[Step 266] Phase: 6  | Turn: 1/1 | Angle: 0.0°/360.0° | Progress: 0.0% | Inside: 0.21 | End OK: True
[Step 267] Phase: 6  | Turn: 1/1 | Angle: 0.0°/360.0° | Progress: 0.0% | Inside: 0.21 | End OK: True
[Step 268] Phase: 6  | Turn: 1/1 | Angle: 0.0°/360.0° | Progress: 0.0% | Inside: 0.21 | End OK: True
[Step 269] Phase: 6  | Turn: 1/1 | Angle: 0.0°/360.0° | Progress: 0.0% | Inside: 0.21 | End OK: True
[Step 270] Phase: 6  | Turn: 1/1 | Angle: 0.0°/360.0° | Progress: 0.0% | Inside: 0.21 | End OK: True
[Step 271] Phase: 7  | Turn: 1/1 | Angle: 0.0°/360.0° | Progress: 0.0% | Inside: 0.21 | End OK: True
[Step 272] Phase: 7  | Turn: 1/1 | Angle: 0.0°/360.0° | Progress: 0.0% | Inside: 0.21 | End OK: True
[Step 273] Phase: 7  | Turn: 1/1 | Angle: 0.0°/360.0° | Progress: 0.0% | Inside: 0.21 | End OK: True
[Step 274] Phase: 7  | Turn: 1/1 | Angle: 0.0°/360.0° | Progress: 0.0% | Inside: 0.21 | End OK: True
[Step 275] Phase: 7  | Turn: 1/1 | Angle: 0.0°/360.0° | Progress: 0.0% | Inside: 0.21 | End OK: True
[Step 276] Phase: 7  | Turn: 1/1 | Angle: 0.0°/360.0° | Progress: 0.0% | Inside: 0.21 | End OK: True
[Step 277] Phase: 7  | Turn: 1/1 | Angle: 0.0°/360.0° | Progress: 0.0% | Inside: 0.21 | End OK: True
[Step 278] Phase: 7  | Turn: 1/1 | Angle: 0.0°/360.0° | Progress: 0.0% | Inside: 0.21 | End OK: True
[Step 279] Phase: 7  | Turn: 1/1 | Angle: 0.0°/360.0° | Progress: 0.0% | Inside: 0.21 | End OK: True
[Step 280] Phase: 7  | Turn: 1/1 | Angle: 0.0°/360.0° | Progress: 0.0% | Inside: 0.21 | End OK: True
[Step 281] Phase: 7  | Turn: 1/1 | Angle: 0.0°/360.0° | Progress: 0.0% | Inside: 0.21 | End OK: True
[Step 282] Phase: 7  | Turn: 1/1 | Angle: 0.0°/360.0° | Progress: 0.0% | Inside: 0.21 | End OK: True
[Step 283] Phase: 7  | Turn: 1/1 | Angle: 0.0°/360.0° | Progress: 0.0% | Inside: 0.21 | End OK: True
[Step 284] Phase: 7  | Turn: 1/1 | Angle: 0.0°/360.0° | Progress: 0.0% | Inside: 0.21 | End OK: True
[Step 285] Phase: 7  | Turn: 1/1 | Angle: 0.0°/360.0° | Progress: 0.0% | Inside: 0.21 | End OK: True
[Step 286] Phase: 7  | Turn: 1/1 | Angle: 0.0°/360.0° | Progress: 0.0% | Inside: 0.21 | End OK: True
[Step 287] Phase: 7  | Turn: 1/1 | Angle: 0.0°/360.0° | Progress: 0.0% | Inside: 0.21 | End OK: True
[Step 288] Phase: 7  | Turn: 1/1 | Angle: 0.0°/360.0° | Progress: 0.0% | Inside: 0.21 | End OK: True
[Step 289] Phase: 8  | Turn: 1/1 | Angle: 0.0°/360.0° | Progress: 0.0% | Inside: 0.21 | End OK: True
[Step 290] Phase: 8  | Turn: 1/1 | Angle: 0.0°/360.0° | Progress: 0.0% | Inside: 0.21 | End OK: True
[Step 291] Phase: 8  | Turn: 1/1 | Angle: 0.0°/360.0° | Progress: 0.0% | Inside: 0.21 | End OK: True
[Step 292] Phase: 8  | Turn: 1/1 | Angle: 0.0°/360.0° | Progress: 0.0% | Inside: 0.21 | End OK: True
[Step 293] Phase: 8  | Turn: 1/1 | Angle: 0.0°/360.0° | Progress: 0.0% | Inside: 0.21 | End OK: True
[Step 294] Phase: 8  | Turn: 1/1 | Angle: 0.0°/360.0° | Progress: 0.0% | Inside: 0.21 | End OK: True
[Step 295] Phase: 8  | Turn: 1/1 | Angle: 0.0°/360.0° | Progress: 0.0% | Inside: 0.21 | End OK: True
[Step 296] Phase: 8  | Turn: 1/1 | Angle: 0.0°/360.0° | Progress: 0.0% | Inside: 0.21 | End OK: True
[Step 297] Phase: 8  | Turn: 1/1 | Angle: 0.0°/360.0° | Progress: 0.0% | Inside: 0.21 | End OK: True
[Step 298] Phase: 8  | Turn: 1/1 | Angle: 0.0°/360.0° | Progress: 0.0% | Inside: 0.21 | End OK: True
[Step 299] Phase: 8  | Turn: 1/1 | Angle: 0.0°/360.0° | Progress: 0.0% | Inside: 0.21 | End OK: True
[Step 300] Phase: 8  | Turn: 1/1 | Angle: 0.0°/360.0° | Progress: 0.0% | Inside: 0.21 | End OK: True
  [ep 0/1, attempt 3] step 301/530  terminated=False  truncated=False
[Step 301] Phase: 8  | Turn: 1/1 | Angle: 0.0°/360.0° | Progress: 0.0% | Inside: 0.21 | End OK: True
[Step 302] Phase: 8  | Turn: 1/1 | Angle: 0.0°/360.0° | Progress: 0.0% | Inside: 0.21 | End OK: True
[Step 303] Phase: 8  | Turn: 1/1 | Angle: 0.0°/360.0° | Progress: 0.0% | Inside: 0.21 | End OK: True
[Step 304] Phase: 8  | Turn: 1/1 | Angle: 0.0°/360.0° | Progress: 0.0% | Inside: 0.21 | End OK: True
[Step 305] Phase: 8  | Turn: 1/1 | Angle: 0.0°/360.0° | Progress: 0.0% | Inside: 0.21 | End OK: True
[Step 306] Phase: 8  | Turn: 1/1 | Angle: 0.0°/360.0° | Progress: 0.0% | Inside: 0.21 | End OK: True
[Step 307] Phase: 8  | Turn: 1/1 | Angle: 0.0°/360.0° | Progress: 0.0% | Inside: 0.21 | End OK: True
[Step 308] Phase: 8  | Turn: 1/1 | Angle: 0.0°/360.0° | Progress: 0.0% | Inside: 0.21 | End OK: True
[Step 309] Phase: 8  | Turn: 1/1 | Angle: 0.0°/360.0° | Progress: 0.0% | Inside: 0.21 | End OK: True
[Step 310] Phase: 8  | Turn: 1/1 | Angle: 0.0°/360.0° | Progress: 0.0% | Inside: 0.21 | End OK: True
[Step 311] Phase: 8  | Turn: 1/1 | Angle: 0.0°/360.0° | Progress: 0.0% | Inside: 0.21 | End OK: True
[Step 312] Phase: 8  | Turn: 1/1 | Angle: 0.0°/360.0° | Progress: 0.0% | Inside: 0.21 | End OK: True
[Step 313] Phase: 8  | Turn: 1/1 | Angle: 0.0°/360.0° | Progress: 0.0% | Inside: 0.21 | End OK: True
[Step 314] Phase: 8  | Turn: 1/1 | Angle: 0.0°/360.0° | Progress: 0.0% | Inside: 0.21 | End OK: True
[Step 315] Phase: 8  | Turn: 1/1 | Angle: 0.0°/360.0° | Progress: 0.0% | Inside: 0.21 | End OK: True
[Step 316] Phase: 8  | Turn: 1/1 | Angle: 0.0°/360.0° | Progress: 0.0% | Inside: 0.21 | End OK: True
[Step 317] Phase: 8  | Turn: 1/1 | Angle: 0.0°/360.0° | Progress: 0.0% | Inside: 0.21 | End OK: True
[Step 318] Phase: 8  | Turn: 1/1 | Angle: 0.0°/360.0° | Progress: 0.0% | Inside: 0.21 | End OK: True
[Step 319] Phase: 8  | Turn: 1/1 | Angle: 0.0°/360.0° | Progress: 0.0% | Inside: 0.21 | End OK: True
[Step 320] Phase: 8  | Turn: 1/1 | Angle: 0.0°/360.0° | Progress: 0.0% | Inside: 0.21 | End OK: True
[Step 321] Phase: 8  | Turn: 1/1 | Angle: 0.0°/360.0° | Progress: 0.0% | Inside: 0.21 | End OK: True
[Step 322] Phase: 8  | Turn: 1/1 | Angle: 0.0°/360.0° | Progress: 0.0% | Inside: 0.21 | End OK: True
[Step 323] Phase: 8  | Turn: 1/1 | Angle: 0.0°/360.0° | Progress: 0.0% | Inside: 0.21 | End OK: True
[Step 324] Phase: 8  | Turn: 1/1 | Angle: 0.0°/360.0° | Progress: 0.0% | Inside: 0.21 | End OK: True
[Step 325] Phase: 8  | Turn: 1/1 | Angle: 0.0°/360.0° | Progress: 0.0% | Inside: 0.21 | End OK: True
[Step 326] Phase: 8  | Turn: 1/1 | Angle: 0.0°/360.0° | Progress: 0.0% | Inside: 0.21 | End OK: True
[Step 327] Phase: 8  | Turn: 1/1 | Angle: 0.0°/360.0° | Progress: 0.0% | Inside: 0.21 | End OK: True
[Step 328] Phase: 8  | Turn: 1/1 | Angle: 0.0°/360.0° | Progress: 0.0% | Inside: 0.21 | End OK: True
[Step 329] Phase: 8  | Turn: 1/1 | Angle: 0.0°/360.0° | Progress: 0.0% | Inside: 0.21 | End OK: True
[Step 330] Phase: 8  | Turn: 1/1 | Angle: 0.0°/360.0° | Progress: 0.0% | Inside: 0.21 | End OK: True
[Step 331] Phase: 8  | Turn: 1/1 | Angle: 0.0°/360.0° | Progress: 0.0% | Inside: 0.21 | End OK: True
[Step 332] Phase: 8  | Turn: 1/1 | Angle: 0.0°/360.0° | Progress: 0.0% | Inside: 0.21 | End OK: True
[Step 333] Phase: 8  | Turn: 1/1 | Angle: 0.0°/360.0° | Progress: 0.0% | Inside: 0.21 | End OK: True
[Step 334] Phase: 8  | Turn: 1/1 | Angle: 0.0°/360.0° | Progress: 0.0% | Inside: 0.21 | End OK: True
[Step 335] Phase: 8  | Turn: 1/1 | Angle: 0.0°/360.0° | Progress: 0.0% | Inside: 0.21 | End OK: True
[Step 336] Phase: 8  | Turn: 1/1 | Angle: 0.0°/360.0° | Progress: 0.0% | Inside: 0.21 | End OK: True
[Step 337] Phase: 8  | Turn: 1/1 | Angle: 0.0°/360.0° | Progress: 0.0% | Inside: 0.21 | End OK: True
[Step 338] Phase: 8  | Turn: 1/1 | Angle: 0.0°/360.0° | Progress: 0.0% | Inside: 0.21 | End OK: True
[Step 339] Phase: 8  | Turn: 1/1 | Angle: 0.0°/360.0° | Progress: 0.0% | Inside: 0.21 | End OK: True
[Step 340] Phase: 8  | Turn: 1/1 | Angle: 0.0°/360.0° | Progress: 0.0% | Inside: 0.21 | End OK: True
[Step 341] Phase: 8  | Turn: 1/1 | Angle: 0.0°/360.0° | Progress: 0.0% | Inside: 0.21 | End OK: True
[Step 342] Phase: 8  | Turn: 1/1 | Angle: 0.0°/360.0° | Progress: 0.0% | Inside: 0.21 | End OK: True
[Step 343] Phase: 8  | Turn: 1/1 | Angle: 0.0°/360.0° | Progress: 0.0% | Inside: 0.21 | End OK: True
[Step 344] Phase: 8  | Turn: 1/1 | Angle: 0.0°/360.0° | Progress: 0.0% | Inside: 0.21 | End OK: True
[Step 345] Phase: 8  | Turn: 1/1 | Angle: 0.0°/360.0° | Progress: 0.0% | Inside: 0.21 | End OK: True
[Step 346] Phase: 8  | Turn: 1/1 | Angle: 0.0°/360.0° | Progress: 0.0% | Inside: 0.21 | End OK: True
[Step 347] Phase: 8  | Turn: 1/1 | Angle: 0.0°/360.0° | Progress: 0.0% | Inside: 0.21 | End OK: True
[Step 348] Phase: 8  | Turn: 1/1 | Angle: 0.0°/360.0° | Progress: 0.0% | Inside: 0.21 | End OK: True
[Step 349] Phase: 8  | Turn: 1/1 | Angle: 0.0°/360.0° | Progress: 0.0% | Inside: 0.21 | End OK: True
[Step 350] Phase: 8  | Turn: 1/1 | Angle: 0.0°/360.0° | Progress: 0.0% | Inside: 0.21 | End OK: True
[Step 351] Phase: 8  | Turn: 1/1 | Angle: 0.0°/360.0° | Progress: 0.0% | Inside: 0.21 | End OK: True
[Step 352] Phase: 8  | Turn: 1/1 | Angle: 0.0°/360.0° | Progress: 0.0% | Inside: 0.21 | End OK: True
[Step 353] Phase: 9  | Turn: 1/1 | Angle: 0.0°/360.0° | Progress: 0.0% | Inside: 0.21 | End OK: True
[Step 354] Phase: 9  | Turn: 1/1 | Angle: 0.0°/360.0° | Progress: 0.0% | Inside: 0.21 | End OK: True
[Step 355] Phase: 9  | Turn: 1/1 | Angle: 0.0°/360.0° | Progress: 0.0% | Inside: 0.21 | End OK: True
[Step 356] Phase: 9  | Turn: 1/1 | Angle: 0.0°/360.0° | Progress: 0.0% | Inside: 0.21 | End OK: True
[Step 357] Phase: 9  | Turn: 1/1 | Angle: 0.0°/360.0° | Progress: 0.0% | Inside: 0.21 | End OK: True
[Step 358] Phase: 9  | Turn: 1/1 | Angle: 0.0°/360.0° | Progress: 0.0% | Inside: 0.21 | End OK: True
[Step 359] Phase: 9  | Turn: 1/1 | Angle: 0.0°/360.0° | Progress: 0.0% | Inside: 0.21 | End OK: True
[Step 360] Phase: 9  | Turn: 1/1 | Angle: 0.0°/360.0° | Progress: 0.0% | Inside: 0.21 | End OK: True
[Step 361] Phase: 9  | Turn: 1/1 | Angle: 0.0°/360.0° | Progress: 0.0% | Inside: 0.21 | End OK: True
[Step 362] Phase: 9  | Turn: 1/1 | Angle: 0.0°/360.0° | Progress: 0.0% | Inside: 0.21 | End OK: True
[Step 363] Phase: 9  | Turn: 1/1 | Angle: 0.0°/360.0° | Progress: 0.0% | Inside: 0.21 | End OK: True
[Step 364] Phase: 9  | Turn: 1/1 | Angle: 0.0°/360.0° | Progress: 0.0% | Inside: 0.21 | End OK: True
[Step 365] Phase: 9  | Turn: 1/1 | Angle: 0.0°/360.0° | Progress: 0.0% | Inside: 0.21 | End OK: True
[Step 366] Phase: 10 | Turn: 1/1 | Angle: 0.0°/360.0° | Progress: 0.0% | Inside: 0.21 | End OK: True
[Step 367] Phase: 10 | Turn: 1/1 | Angle: 0.0°/360.0° | Progress: 0.0% | Inside: 0.21 | End OK: True
[Step 368] Phase: 10 | Turn: 1/1 | Angle: 0.0°/360.0° | Progress: 0.0% | Inside: 0.21 | End OK: True
[Step 369] Phase: 10 | Turn: 1/1 | Angle: 0.0°/360.0° | Progress: 0.0% | Inside: 0.21 | End OK: True
[Step 370] Phase: 10 | Turn: 1/1 | Angle: 0.0°/360.0° | Progress: 0.0% | Inside: 0.21 | End OK: True
[Step 371] Phase: 10 | Turn: 1/1 | Angle: 0.0°/360.0° | Progress: 0.0% | Inside: 0.21 | End OK: True
[Step 372] Phase: 10 | Turn: 1/1 | Angle: 0.0°/360.0° | Progress: 0.0% | Inside: 0.21 | End OK: True
[Step 373] Phase: 10 | Turn: 1/1 | Angle: 0.0°/360.0° | Progress: 0.0% | Inside: 0.21 | End OK: True
[Step 374] Phase: 10 | Turn: 1/1 | Angle: 0.0°/360.0° | Progress: 0.0% | Inside: 0.21 | End OK: True
[Step 375] Phase: 10 | Turn: 1/1 | Angle: 0.0°/360.0° | Progress: 0.0% | Inside: 0.21 | End OK: True
[Step 376] Phase: 10 | Turn: 1/1 | Angle: 0.0°/360.0° | Progress: 0.0% | Inside: 0.21 | End OK: True
[Step 377] Phase: 10 | Turn: 1/1 | Angle: 0.0°/360.0° | Progress: 0.0% | Inside: 0.21 | End OK: True
[Step 378] Phase: 10 | Turn: 1/1 | Angle: 0.0°/360.0° | Progress: 0.0% | Inside: 0.21 | End OK: True
[Step 379] Phase: 10 | Turn: 1/1 | Angle: 0.0°/360.0° | Progress: 0.0% | Inside: 0.21 | End OK: True
[Step 380] Phase: 10 | Turn: 1/1 | Angle: 0.0°/360.0° | Progress: 0.0% | Inside: 0.21 | End OK: True
[Step 381] Phase: 10 | Turn: 1/1 | Angle: 0.0°/360.0° | Progress: 0.0% | Inside: 0.21 | End OK: True
[Step 382] Phase: 10 | Turn: 1/1 | Angle: 0.0°/360.0° | Progress: 0.0% | Inside: 0.21 | End OK: True
[Step 383] Phase: 10 | Turn: 1/1 | Angle: 0.0°/360.0° | Progress: 0.0% | Inside: 0.21 | End OK: True
[Step 384] Phase: 10 | Turn: 1/1 | Angle: 0.0°/360.0° | Progress: 0.0% | Inside: 0.21 | End OK: True
[Step 385] Phase: 10 | Turn: 1/1 | Angle: 0.0°/360.0° | Progress: 0.0% | Inside: 0.21 | End OK: True
[Step 386] Phase: 10 | Turn: 1/1 | Angle: 0.0°/360.0° | Progress: 0.0% | Inside: 0.21 | End OK: True
[Step 387] Phase: 10 | Turn: 1/1 | Angle: 0.0°/360.0° | Progress: 0.0% | Inside: 0.21 | End OK: True
[Step 388] Phase: 10 | Turn: 1/1 | Angle: 0.0°/360.0° | Progress: 0.0% | Inside: 0.21 | End OK: True
[Step 389] Phase: 10 | Turn: 1/1 | Angle: 0.0°/360.0° | Progress: 0.0% | Inside: 0.21 | End OK: True
[Step 390] Phase: 10 | Turn: 1/1 | Angle: 0.0°/360.0° | Progress: 0.0% | Inside: 0.21 | End OK: True
[Step 391] Phase: 10 | Turn: 1/1 | Angle: 0.0°/360.0° | Progress: 0.0% | Inside: 0.21 | End OK: True
[Step 392] Phase: 10 | Turn: 1/1 | Angle: 0.0°/360.0° | Progress: 0.0% | Inside: 0.21 | End OK: True
[Step 393] Phase: 11 | Turn: 1/1 | Angle: 0.0°/360.0° | Progress: 0.0% | Inside: 0.21 | End OK: True
[Step 394] Phase: 11 | Turn: 1/1 | Angle: 0.0°/360.0° | Progress: 0.0% | Inside: 0.21 | End OK: True
[Step 395] Phase: 11 | Turn: 1/1 | Angle: 0.0°/360.0° | Progress: 0.0% | Inside: 0.21 | End OK: True
[Step 396] Phase: 11 | Turn: 1/1 | Angle: 0.0°/360.0° | Progress: 0.0% | Inside: 0.21 | End OK: True
[Step 397] Phase: 11 | Turn: 1/1 | Angle: 0.0°/360.0° | Progress: 0.0% | Inside: 0.21 | End OK: True
[Step 398] Phase: 11 | Turn: 1/1 | Angle: 0.0°/360.0° | Progress: 0.0% | Inside: 0.21 | End OK: True
[Step 399] Phase: 11 | Turn: 1/1 | Angle: 0.0°/360.0° | Progress: 0.0% | Inside: 0.21 | End OK: True
[Step 400] Phase: 11 | Turn: 1/1 | Angle: 0.0°/360.0° | Progress: 0.0% | Inside: 0.21 | End OK: True
  [ep 0/1, attempt 3] step 401/530  terminated=False  truncated=False
[Step 401] Phase: 11 | Turn: 1/1 | Angle: 0.0°/360.0° | Progress: 0.0% | Inside: 0.21 | End OK: True
[Step 402] Phase: 11 | Turn: 1/1 | Angle: 0.0°/360.0° | Progress: 0.0% | Inside: 0.21 | End OK: True
[Step 403] Phase: 11 | Turn: 1/1 | Angle: 0.0°/360.0° | Progress: 0.0% | Inside: 0.21 | End OK: True
[Step 404] Phase: 11 | Turn: 1/1 | Angle: 0.0°/360.0° | Progress: 0.0% | Inside: 0.21 | End OK: True
[Step 405] Phase: 11 | Turn: 1/1 | Angle: 0.0°/360.0° | Progress: 0.0% | Inside: 0.21 | End OK: True
[Step 406] Phase: 11 | Turn: 1/1 | Angle: 0.0°/360.0° | Progress: 0.0% | Inside: 0.21 | End OK: True
[Step 407] Phase: 11 | Turn: 1/1 | Angle: 0.0°/360.0° | Progress: 0.0% | Inside: 0.21 | End OK: True
[Step 408] Phase: 11 | Turn: 1/1 | Angle: 0.0°/360.0° | Progress: 0.0% | Inside: 0.21 | End OK: True
[Step 409] Phase: 11 | Turn: 1/1 | Angle: 0.0°/360.0° | Progress: 0.0% | Inside: 0.21 | End OK: True
[Step 410] Phase: 11 | Turn: 1/1 | Angle: 0.0°/360.0° | Progress: 0.0% | Inside: 0.21 | End OK: True
[Step 411] Phase: 11 | Turn: 1/1 | Angle: 0.0°/360.0° | Progress: 0.0% | Inside: 0.21 | End OK: True
[Step 412] Phase: 11 | Turn: 1/1 | Angle: 0.0°/360.0° | Progress: 0.0% | Inside: 0.21 | End OK: True
[Step 413] Phase: 11 | Turn: 1/1 | Angle: 0.0°/360.0° | Progress: 0.0% | Inside: 0.21 | End OK: True
[Step 414] Phase: 11 | Turn: 1/1 | Angle: 0.0°/360.0° | Progress: 0.0% | Inside: 0.21 | End OK: True
[Step 415] Phase: 11 | Turn: 1/1 | Angle: 0.0°/360.0° | Progress: 0.0% | Inside: 0.21 | End OK: True
[Step 416] Phase: 11 | Turn: 1/1 | Angle: 0.0°/360.0° | Progress: 0.0% | Inside: 0.21 | End OK: True
[Step 417] Phase: 11 | Turn: 1/1 | Angle: 0.0°/360.0° | Progress: 0.0% | Inside: 0.21 | End OK: True
[Step 418] Phase: 11 | Turn: 1/1 | Angle: 0.0°/360.0° | Progress: 0.0% | Inside: 0.21 | End OK: True
[Step 419] Phase: 11 | Turn: 1/1 | Angle: 0.0°/360.0° | Progress: 0.0% | Inside: 0.21 | End OK: True
[Step 420] Phase: 11 | Turn: 1/1 | Angle: 0.0°/360.0° | Progress: 0.0% | Inside: 0.21 | End OK: True
[Step 421] Phase: 11 | Turn: 1/1 | Angle: 0.0°/360.0° | Progress: 0.0% | Inside: 0.21 | End OK: True
[Step 422] Phase: 11 | Turn: 1/1 | Angle: 0.0°/360.0° | Progress: 0.0% | Inside: 0.21 | End OK: True
[Step 423] Phase: 11 | Turn: 1/1 | Angle: 0.0°/360.0° | Progress: 0.0% | Inside: 0.21 | End OK: True
[Step 424] Phase: 11 | Turn: 1/1 | Angle: 0.0°/360.0° | Progress: 0.0% | Inside: 0.21 | End OK: True
[Step 425] Phase: 11 | Turn: 1/1 | Angle: 0.0°/360.0° | Progress: 0.0% | Inside: 0.21 | End OK: True
[Step 426] Phase: 11 | Turn: 1/1 | Angle: 0.0°/360.0° | Progress: 0.0% | Inside: 0.21 | End OK: True
[Step 427] Phase: 11 | Turn: 1/1 | Angle: 0.0°/360.0° | Progress: 0.0% | Inside: 0.21 | End OK: True
[Step 428] Phase: 11 | Turn: 1/1 | Angle: 0.0°/360.0° | Progress: 0.0% | Inside: 0.21 | End OK: True
[Step 429] Phase: 11 | Turn: 1/1 | Angle: 0.0°/360.0° | Progress: 0.0% | Inside: 0.21 | End OK: True
[Step 430] Phase: 11 | Turn: 1/1 | Angle: 0.0°/360.0° | Progress: 0.0% | Inside: 0.21 | End OK: True
[Step 431] Phase: 11 | Turn: 1/1 | Angle: 0.0°/360.0° | Progress: 0.0% | Inside: 0.21 | End OK: True
[Step 432] Phase: 11 | Turn: 1/1 | Angle: 0.0°/360.0° | Progress: 0.0% | Inside: 0.21 | End OK: True
[Step 433] Phase: 11 | Turn: 1/1 | Angle: 0.0°/360.0° | Progress: 0.0% | Inside: 0.21 | End OK: True
[Step 434] Phase: 11 | Turn: 1/1 | Angle: 0.0°/360.0° | Progress: 0.0% | Inside: 0.21 | End OK: True
[Step 435] Phase: 11 | Turn: 1/1 | Angle: 0.0°/360.0° | Progress: 0.0% | Inside: 0.21 | End OK: True
[Step 436] Phase: 11 | Turn: 1/1 | Angle: 0.0°/360.0° | Progress: 0.0% | Inside: 0.21 | End OK: True
[Step 437] Phase: 11 | Turn: 1/1 | Angle: 0.0°/360.0° | Progress: 0.0% | Inside: 0.21 | End OK: True
[Step 438] Phase: 11 | Turn: 1/1 | Angle: 0.0°/360.0° | Progress: 0.0% | Inside: 0.21 | End OK: True
[Step 439] Phase: 11 | Turn: 1/1 | Angle: 0.0°/360.0° | Progress: 0.0% | Inside: 0.21 | End OK: True
[Step 440] Phase: 11 | Turn: 1/1 | Angle: 0.0°/360.0° | Progress: 0.0% | Inside: 0.21 | End OK: True
[Step 441] Phase: 11 | Turn: 1/1 | Angle: 0.0°/360.0° | Progress: 0.0% | Inside: 0.21 | End OK: True
[Step 442] Phase: 11 | Turn: 1/1 | Angle: 0.0°/360.0° | Progress: 0.0% | Inside: 0.21 | End OK: True
[Step 443] Phase: 11 | Turn: 1/1 | Angle: 0.0°/360.0° | Progress: 0.0% | Inside: 0.21 | End OK: True
[Step 444] Phase: 11 | Turn: 1/1 | Angle: 0.0°/360.0° | Progress: 0.0% | Inside: 0.21 | End OK: True
[Step 445] Phase: 11 | Turn: 1/1 | Angle: 0.0°/360.0° | Progress: 0.0% | Inside: 0.21 | End OK: True
[Step 446] Phase: 11 | Turn: 1/1 | Angle: 0.0°/360.0° | Progress: 0.0% | Inside: 0.21 | End OK: True
[Step 447] Phase: 11 | Turn: 1/1 | Angle: 0.0°/360.0° | Progress: 0.0% | Inside: 0.21 | End OK: True
[Step 448] Phase: 11 | Turn: 1/1 | Angle: 0.0°/360.0° | Progress: 0.0% | Inside: 0.21 | End OK: True
[Step 449] Phase: 11 | Turn: 1/1 | Angle: 0.0°/360.0° | Progress: 0.0% | Inside: 0.21 | End OK: True
[Step 450] Phase: 11 | Turn: 1/1 | Angle: 0.0°/360.0° | Progress: 0.0% | Inside: 0.21 | End OK: True
[Step 451] Phase: 11 | Turn: 1/1 | Angle: 0.0°/360.0° | Progress: 0.0% | Inside: 0.21 | End OK: True
[Step 452] Phase: 11 | Turn: 1/1 | Angle: 0.0°/360.0° | Progress: 0.0% | Inside: 0.21 | End OK: True
[Step 453] Phase: 11 | Turn: 1/1 | Angle: 0.0°/360.0° | Progress: 0.0% | Inside: 0.21 | End OK: True
[Step 454] Phase: 11 | Turn: 1/1 | Angle: 0.0°/360.0° | Progress: 0.0% | Inside: 0.21 | End OK: True
[Step 455] Phase: 11 | Turn: 1/1 | Angle: 0.0°/360.0° | Progress: 0.0% | Inside: 0.21 | End OK: True
[Step 456] Phase: 11 | Turn: 1/1 | Angle: 0.0°/360.0° | Progress: 0.0% | Inside: 0.21 | End OK: True
[Step 457] Phase: 11 | Turn: 1/1 | Angle: 0.0°/360.0° | Progress: 0.0% | Inside: 0.21 | End OK: True
[Step 458] Phase: 11 | Turn: 1/1 | Angle: 0.0°/360.0° | Progress: 0.0% | Inside: 0.21 | End OK: True
[Step 459] Phase: 11 | Turn: 1/1 | Angle: 0.0°/360.0° | Progress: 0.0% | Inside: 0.21 | End OK: True
[Step 460] Phase: 11 | Turn: 1/1 | Angle: 0.0°/360.0° | Progress: 0.0% | Inside: 0.21 | End OK: True
[Step 461] Phase: 11 | Turn: 1/1 | Angle: 0.0°/360.0° | Progress: 0.0% | Inside: 0.21 | End OK: True
[Step 462] Phase: 11 | Turn: 1/1 | Angle: 0.0°/360.0° | Progress: 0.0% | Inside: 0.21 | End OK: True
[Step 463] Phase: 12 | Turn: 1/1 | Angle: 0.0°/360.0° | Progress: 0.0% | Inside: 0.21 | End OK: True
[Step 464] Phase: 12 | Turn: 1/1 | Angle: 0.0°/360.0° | Progress: 0.0% | Inside: 0.21 | End OK: True
[Step 465] Phase: 12 | Turn: 1/1 | Angle: 0.0°/360.0° | Progress: 0.0% | Inside: 0.21 | End OK: True
[Step 466] Phase: 12 | Turn: 1/1 | Angle: 0.0°/360.0° | Progress: 0.0% | Inside: 0.21 | End OK: True
[Step 467] Phase: 12 | Turn: 1/1 | Angle: 0.0°/360.0° | Progress: 0.0% | Inside: 0.21 | End OK: True
[Step 468] Phase: 12 | Turn: 1/1 | Angle: 0.0°/360.0° | Progress: 0.0% | Inside: 0.21 | End OK: True
[Step 469] Phase: 12 | Turn: 1/1 | Angle: 0.0°/360.0° | Progress: 0.0% | Inside: 0.21 | End OK: True
[Step 470] Phase: 12 | Turn: 1/1 | Angle: 0.0°/360.0° | Progress: 0.0% | Inside: 0.21 | End OK: True
[Step 471] Phase: 12 | Turn: 1/1 | Angle: 0.0°/360.0° | Progress: 0.0% | Inside: 0.21 | End OK: True
[Step 472] Phase: 12 | Turn: 1/1 | Angle: 0.0°/360.0° | Progress: 0.0% | Inside: 0.21 | End OK: True
[Step 473] Phase: 12 | Turn: 1/1 | Angle: 0.0°/360.0° | Progress: 0.0% | Inside: 0.21 | End OK: True
[Step 474] Phase: 12 | Turn: 1/1 | Angle: 0.0°/360.0° | Progress: 0.0% | Inside: 0.21 | End OK: True
[Step 475] Phase: 12 | Turn: 1/1 | Angle: 0.0°/360.0° | Progress: 0.0% | Inside: 0.21 | End OK: True
[Step 476] Phase: 12 | Turn: 1/1 | Angle: 0.0°/360.0° | Progress: 0.0% | Inside: 0.21 | End OK: True
[Step 477] Phase: 12 | Turn: 1/1 | Angle: 0.0°/360.0° | Progress: 0.0% | Inside: 0.21 | End OK: True
[Step 478] Phase: 12 | Turn: 1/1 | Angle: 0.0°/360.0° | Progress: 0.0% | Inside: 0.21 | End OK: True
[Step 479] Phase: 12 | Turn: 1/1 | Angle: 0.0°/360.0° | Progress: 0.0% | Inside: 0.21 | End OK: True
[Step 480] Phase: 12 | Turn: 1/1 | Angle: 0.0°/360.0° | Progress: 0.0% | Inside: 0.21 | End OK: True
[Step 481] Phase: 12 | Turn: 1/1 | Angle: 0.0°/360.0° | Progress: 0.0% | Inside: 0.21 | End OK: True
[Step 482] Phase: 12 | Turn: 1/1 | Angle: 0.0°/360.0° | Progress: 0.0% | Inside: 0.21 | End OK: True
[Step 483] Phase: 12 | Turn: 1/1 | Angle: 0.0°/360.0° | Progress: 0.0% | Inside: 0.21 | End OK: True
[Step 484] Phase: 12 | Turn: 1/1 | Angle: 0.0°/360.0° | Progress: 0.0% | Inside: 0.21 | End OK: True
[Step 485] Phase: 12 | Turn: 1/1 | Angle: 0.0°/360.0° | Progress: 0.0% | Inside: 0.21 | End OK: True
[Step 486] Phase: 12 | Turn: 1/1 | Angle: 0.0°/360.0° | Progress: 0.0% | Inside: 0.21 | End OK: True
[Step 487] Phase: 12 | Turn: 1/1 | Angle: 0.0°/360.0° | Progress: 0.0% | Inside: 0.21 | End OK: True
[Step 488] Phase: 12 | Turn: 1/1 | Angle: 0.0°/360.0° | Progress: 0.0% | Inside: 0.21 | End OK: True
[Step 489] Phase: 12 | Turn: 1/1 | Angle: 0.0°/360.0° | Progress: 0.0% | Inside: 0.21 | End OK: True
[Step 490] Phase: 12 | Turn: 1/1 | Angle: 0.0°/360.0° | Progress: 0.0% | Inside: 0.21 | End OK: True
[Step 491] Phase: 12 | Turn: 1/1 | Angle: 0.0°/360.0° | Progress: 0.0% | Inside: 0.21 | End OK: True
[Step 492] Phase: 12 | Turn: 1/1 | Angle: 0.0°/360.0° | Progress: 0.0% | Inside: 0.21 | End OK: True
[Step 493] Phase: 12 | Turn: 1/1 | Angle: 0.0°/360.0° | Progress: 0.0% | Inside: 0.21 | End OK: True
[Step 494] Phase: 12 | Turn: 1/1 | Angle: 0.0°/360.0° | Progress: 0.0% | Inside: 0.21 | End OK: True
[Step 495] Phase: 12 | Turn: 1/1 | Angle: 0.0°/360.0° | Progress: 0.0% | Inside: 0.21 | End OK: True
[Step 496] Phase: 12 | Turn: 1/1 | Angle: 0.0°/360.0° | Progress: 0.0% | Inside: 0.21 | End OK: True
[Step 497] Phase: 12 | Turn: 1/1 | Angle: 0.0°/360.0° | Progress: 0.0% | Inside: 0.21 | End OK: True
[Step 498] Phase: 12 | Turn: 1/1 | Angle: 0.0°/360.0° | Progress: 0.0% | Inside: 0.21 | End OK: True
[Step 499] Phase: 12 | Turn: 1/1 | Angle: 0.0°/360.0° | Progress: 0.0% | Inside: 0.21 | End OK: True
[Step 500] Phase: 12 | Turn: 1/1 | Angle: 0.0°/360.0° | Progress: 0.0% | Inside: 0.21 | End OK: True
  [ep 0/1, attempt 3] step 501/530  terminated=False  truncated=False
[Step 501] Phase: 12 | Turn: 1/1 | Angle: 0.0°/360.0° | Progress: 0.0% | Inside: 0.21 | End OK: True
[Step 502] Phase: 12 | Turn: 1/1 | Angle: 0.0°/360.0° | Progress: 0.0% | Inside: 0.21 | End OK: True
[Step 503] Phase: 12 | Turn: 1/1 | Angle: 0.0°/360.0° | Progress: 0.0% | Inside: 0.21 | End OK: True
[Step 504] Phase: 12 | Turn: 1/1 | Angle: 0.0°/360.0° | Progress: 0.0% | Inside: 0.21 | End OK: True
[Step 505] Phase: 12 | Turn: 1/1 | Angle: 0.0°/360.0° | Progress: 0.0% | Inside: 0.21 | End OK: True
[Step 506] Phase: 12 | Turn: 1/1 | Angle: 0.0°/360.0° | Progress: 0.0% | Inside: 0.21 | End OK: True
[Step 507] Phase: 12 | Turn: 1/1 | Angle: 0.0°/360.0° | Progress: 0.0% | Inside: 0.21 | End OK: True
[Step 508] Phase: 12 | Turn: 1/1 | Angle: 0.0°/360.0° | Progress: 0.0% | Inside: 0.21 | End OK: True
[Step 509] Phase: 12 | Turn: 1/1 | Angle: 0.0°/360.0° | Progress: 0.0% | Inside: 0.21 | End OK: True
[Step 510] Phase: 12 | Turn: 1/1 | Angle: 0.0°/360.0° | Progress: 0.0% | Inside: 0.21 | End OK: True
[Step 511] Phase: 12 | Turn: 1/1 | Angle: 0.0°/360.0° | Progress: 0.0% | Inside: 0.21 | End OK: True
[Step 512] Phase: 12 | Turn: 1/1 | Angle: 0.0°/360.0° | Progress: 0.0% | Inside: 0.21 | End OK: True
[Step 513] Phase: 12 | Turn: 1/1 | Angle: 0.0°/360.0° | Progress: 0.0% | Inside: 0.21 | End OK: True
[Step 514] Phase: 12 | Turn: 1/1 | Angle: 0.0°/360.0° | Progress: 0.0% | Inside: 0.21 | End OK: True
[Step 515] Phase: 12 | Turn: 1/1 | Angle: 0.0°/360.0° | Progress: 0.0% | Inside: 0.21 | End OK: True
[Step 516] Phase: 12 | Turn: 1/1 | Angle: 0.0°/360.0° | Progress: 0.0% | Inside: 0.21 | End OK: True
[Step 517] Phase: 12 | Turn: 1/1 | Angle: 0.0°/360.0° | Progress: 0.0% | Inside: 0.21 | End OK: True
[Step 518] Phase: 12 | Turn: 1/1 | Angle: 0.0°/360.0° | Progress: 0.0% | Inside: 0.21 | End OK: True
[Step 519] Phase: 12 | Turn: 1/1 | Angle: 0.0°/360.0° | Progress: 0.0% | Inside: 0.21 | End OK: True
[Step 520] Phase: 12 | Turn: 1/1 | Angle: 0.0°/360.0° | Progress: 0.0% | Inside: 0.21 | End OK: True
[Step 521] Phase: 12 | Turn: 1/1 | Angle: 0.0°/360.0° | Progress: 0.0% | Inside: 0.21 | End OK: True
[Step 522] Phase: 12 | Turn: 1/1 | Angle: 0.0°/360.0° | Progress: 0.0% | Inside: 0.21 | End OK: True
[Step 523] Phase: 12 | Turn: 1/1 | Angle: 0.0°/360.0° | Progress: 0.0% | Inside: 0.21 | End OK: True
[Step 524] Phase: 12 | Turn: 1/1 | Angle: 0.0°/360.0° | Progress: 0.0% | Inside: 0.21 | End OK: True
[Step 525] Phase: 12 | Turn: 1/1 | Angle: 0.0°/360.0° | Progress: 0.0% | Inside: 0.21 | End OK: True
[Step 526] Phase: 12 | Turn: 1/1 | Angle: 0.0°/360.0° | Progress: 0.0% | Inside: 0.21 | End OK: True
[Step 527] Phase: 12 | Turn: 1/1 | Angle: 0.0°/360.0° | Progress: 0.0% | Inside: 0.21 | End OK: True
[Step 528] Phase: 12 | Turn: 1/1 | Angle: 0.0°/360.0° | Progress: 0.0% | Inside: 0.21 | End OK: True
[Step 529] Phase: 12 | Turn: 1/1 | Angle: 0.0°/360.0° | Progress: 0.0% | Inside: 0.21 | End OK: True
  [ep 0/1, attempt 3] step 530/530  terminated=False  truncated=True
  [WARNING] Episode 0 attempt 3 truncated without success. Discarding and retrying...
  [Success Rate] overall: 0.0% (0/3) | moving avg (last 3): 0.0%
  [ep 0/1, attempt 4] step 1/530  terminated=False  truncated=False
[Step  11] Phase: 0  | Turn: 1/1 | Angle: 0.0°/360.0° | Progress: 0.0% | Inside: 0.00 | End OK: False
[Step  12] Phase: 0  | Turn: 1/1 | Angle: 0.0°/360.0° | Progress: 0.0% | Inside: 0.00 | End OK: False
[Step  13] Phase: 0  | Turn: 1/1 | Angle: 0.0°/360.0° | Progress: 0.0% | Inside: 0.00 | End OK: False
[Step  14] Phase: 0  | Turn: 1/1 | Angle: 0.0°/360.0° | Progress: 0.0% | Inside: 0.00 | End OK: False
[Step  15] Phase: 0  | Turn: 1/1 | Angle: 0.0°/360.0° | Progress: 0.0% | Inside: 0.00 | End OK: False
[Step  16] Phase: 1  | Turn: 1/1 | Angle: 0.0°/360.0° | Progress: 0.0% | Inside: 0.00 | End OK: False
[Step  17] Phase: 1  | Turn: 1/1 | Angle: 0.0°/360.0° | Progress: 0.0% | Inside: 0.00 | End OK: False
[Step  18] Phase: 1  | Turn: 1/1 | Angle: 0.0°/360.0° | Progress: 0.0% | Inside: 0.00 | End OK: False
[Step  19] Phase: 1  | Turn: 1/1 | Angle: 0.0°/360.0° | Progress: 0.0% | Inside: 0.00 | End OK: False
[Step  20] Phase: 1  | Turn: 1/1 | Angle: 0.0°/360.0° | Progress: 0.0% | Inside: 0.00 | End OK: False
[Step  21] Phase: 1  | Turn: 1/1 | Angle: 0.0°/360.0° | Progress: 0.0% | Inside: 0.00 | End OK: False
[Step  22] Phase: 1  | Turn: 1/1 | Angle: 0.0°/360.0° | Progress: 0.0% | Inside: 0.00 | End OK: False
[Step  23] Phase: 1  | Turn: 1/1 | Angle: 0.0°/360.0° | Progress: 0.0% | Inside: 0.00 | End OK: False
[Step  24] Phase: 1  | Turn: 1/1 | Angle: 0.0°/360.0° | Progress: 0.0% | Inside: 0.00 | End OK: False
[Step  25] Phase: 1  | Turn: 1/1 | Angle: 0.0°/360.0° | Progress: 0.0% | Inside: 0.00 | End OK: False
[Step  26] Phase: 1  | Turn: 1/1 | Angle: 0.0°/360.0° | Progress: 0.0% | Inside: 0.00 | End OK: False
[Step  27] Phase: 1  | Turn: 1/1 | Angle: 0.0°/360.0° | Progress: 0.0% | Inside: 0.00 | End OK: False
[Step  28] Phase: 1  | Turn: 1/1 | Angle: 0.0°/360.0° | Progress: 0.0% | Inside: 0.00 | End OK: False
[Step  29] Phase: 1  | Turn: 1/1 | Angle: 0.0°/360.0° | Progress: 0.0% | Inside: 0.00 | End OK: False
[Step  30] Phase: 1  | Turn: 1/1 | Angle: 0.0°/360.0° | Progress: 0.0% | Inside: 0.00 | End OK: False
[Step  31] Phase: 1  | Turn: 1/1 | Angle: 0.0°/360.0° | Progress: 0.0% | Inside: 0.00 | End OK: False
[Step  32] Phase: 1  | Turn: 1/1 | Angle: 0.0°/360.0° | Progress: 0.0% | Inside: 0.00 | End OK: False
[Step  33] Phase: 1  | Turn: 1/1 | Angle: 0.0°/360.0° | Progress: 0.0% | Inside: 0.00 | End OK: False
[Step  34] Phase: 1  | Turn: 1/1 | Angle: 0.0°/360.0° | Progress: 0.0% | Inside: 0.00 | End OK: False
[Step  35] Phase: 1  | Turn: 1/1 | Angle: 0.0°/360.0° | Progress: 0.0% | Inside: 0.00 | End OK: False
[Step  36] Phase: 1  | Turn: 1/1 | Angle: 0.0°/360.0° | Progress: 0.0% | Inside: 0.00 | End OK: False
[Step  37] Phase: 1  | Turn: 1/1 | Angle: 0.0°/360.0° | Progress: 0.0% | Inside: 0.00 | End OK: False
[Step  38] Phase: 1  | Turn: 1/1 | Angle: 0.0°/360.0° | Progress: 0.0% | Inside: 0.00 | End OK: False
[Step  39] Phase: 1  | Turn: 1/1 | Angle: 0.0°/360.0° | Progress: 0.0% | Inside: 0.00 | End OK: False
[Step  40] Phase: 1  | Turn: 1/1 | Angle: 0.0°/360.0° | Progress: 0.0% | Inside: 0.00 | End OK: False
[Step  41] Phase: 1  | Turn: 1/1 | Angle: 0.0°/360.0° | Progress: 0.0% | Inside: 0.00 | End OK: False
[Step  42] Phase: 1  | Turn: 1/1 | Angle: 0.0°/360.0° | Progress: 0.0% | Inside: 0.00 | End OK: False
[Step  43] Phase: 1  | Turn: 1/1 | Angle: 0.0°/360.0° | Progress: 0.0% | Inside: 0.00 | End OK: False
[Step  44] Phase: 1  | Turn: 1/1 | Angle: 0.0°/360.0° | Progress: 0.0% | Inside: 0.00 | End OK: False
[Step  45] Phase: 1  | Turn: 1/1 | Angle: 0.0°/360.0° | Progress: 0.0% | Inside: 0.00 | End OK: False
[Step  46] Phase: 1  | Turn: 1/1 | Angle: 0.0°/360.0° | Progress: 0.0% | Inside: 0.00 | End OK: False
[Step  47] Phase: 1  | Turn: 1/1 | Angle: 0.0°/360.0° | Progress: 0.0% | Inside: 0.00 | End OK: False
[Step  48] Phase: 1  | Turn: 1/1 | Angle: 0.0°/360.0° | Progress: 0.0% | Inside: 0.00 | End OK: False
[Step  49] Phase: 1  | Turn: 1/1 | Angle: 0.0°/360.0° | Progress: 0.0% | Inside: 0.00 | End OK: False
[Step  50] Phase: 1  | Turn: 1/1 | Angle: 0.0°/360.0° | Progress: 0.0% | Inside: 0.00 | End OK: False
[Step  51] Phase: 1  | Turn: 1/1 | Angle: 0.0°/360.0° | Progress: 0.0% | Inside: 0.00 | End OK: False
[Step  52] Phase: 1  | Turn: 1/1 | Angle: 0.0°/360.0° | Progress: 0.0% | Inside: 0.00 | End OK: False
[Step  53] Phase: 1  | Turn: 1/1 | Angle: 0.0°/360.0° | Progress: 0.0% | Inside: 0.00 | End OK: False
[Step  54] Phase: 1  | Turn: 1/1 | Angle: 0.0°/360.0° | Progress: 0.0% | Inside: 0.00 | End OK: False
[Step  55] Phase: 1  | Turn: 1/1 | Angle: 0.0°/360.0° | Progress: 0.0% | Inside: 0.00 | End OK: False
[Step  56] Phase: 1  | Turn: 1/1 | Angle: 0.0°/360.0° | Progress: 0.0% | Inside: 0.00 | End OK: False
[Step  57] Phase: 1  | Turn: 1/1 | Angle: 0.0°/360.0° | Progress: 0.0% | Inside: 0.00 | End OK: False
[Step  58] Phase: 1  | Turn: 1/1 | Angle: 0.0°/360.0° | Progress: 0.0% | Inside: 0.00 | End OK: False
[Step  59] Phase: 1  | Turn: 1/1 | Angle: 0.0°/360.0° | Progress: 0.0% | Inside: 0.00 | End OK: False
[Step  60] Phase: 1  | Turn: 1/1 | Angle: 0.0°/360.0° | Progress: 0.0% | Inside: 0.00 | End OK: False
[Step  61] Phase: 1  | Turn: 1/1 | Angle: 0.0°/360.0° | Progress: 0.0% | Inside: 0.00 | End OK: False
[Step  62] Phase: 1  | Turn: 1/1 | Angle: 0.0°/360.0° | Progress: 0.0% | Inside: 0.00 | End OK: False
[Step  63] Phase: 1  | Turn: 1/1 | Angle: 0.0°/360.0° | Progress: 0.0% | Inside: 0.00 | End OK: False
[Step  64] Phase: 1  | Turn: 1/1 | Angle: 0.0°/360.0° | Progress: 0.0% | Inside: 0.00 | End OK: False
[Step  65] Phase: 1  | Turn: 1/1 | Angle: 0.0°/360.0° | Progress: 0.0% | Inside: 0.00 | End OK: False
[Step  66] Phase: 1  | Turn: 1/1 | Angle: 0.0°/360.0° | Progress: 0.0% | Inside: 0.00 | End OK: False
[Step  67] Phase: 1  | Turn: 1/1 | Angle: 0.0°/360.0° | Progress: 0.0% | Inside: 0.00 | End OK: False
[Step  68] Phase: 1  | Turn: 1/1 | Angle: 0.0°/360.0° | Progress: 0.0% | Inside: 0.00 | End OK: False
[Step  69] Phase: 1  | Turn: 1/1 | Angle: 0.0°/360.0° | Progress: 0.0% | Inside: 0.00 | End OK: False
[Step  70] Phase: 1  | Turn: 1/1 | Angle: 0.0°/360.0° | Progress: 0.0% | Inside: 0.00 | End OK: False
[Step  71] Phase: 1  | Turn: 1/1 | Angle: 0.0°/360.0° | Progress: 0.0% | Inside: 0.00 | End OK: False
[Step  72] Phase: 1  | Turn: 1/1 | Angle: 0.0°/360.0° | Progress: 0.0% | Inside: 0.00 | End OK: False
[Step  73] Phase: 1  | Turn: 1/1 | Angle: 0.0°/360.0° | Progress: 0.0% | Inside: 0.00 | End OK: False
[Step  74] Phase: 1  | Turn: 1/1 | Angle: 0.0°/360.0° | Progress: 0.0% | Inside: 0.00 | End OK: False
[Step  75] Phase: 1  | Turn: 1/1 | Angle: 0.0°/360.0° | Progress: 0.0% | Inside: 0.00 | End OK: False
[Step  76] Phase: 1  | Turn: 1/1 | Angle: 0.0°/360.0° | Progress: 0.0% | Inside: 0.00 | End OK: False
[Step  77] Phase: 1  | Turn: 1/1 | Angle: 0.0°/360.0° | Progress: 0.0% | Inside: 0.00 | End OK: False
[Step  78] Phase: 1  | Turn: 1/1 | Angle: 0.0°/360.0° | Progress: 0.0% | Inside: 0.00 | End OK: False
[Step  79] Phase: 1  | Turn: 1/1 | Angle: 0.0°/360.0° | Progress: 0.0% | Inside: 0.00 | End OK: False
[Step  80] Phase: 1  | Turn: 1/1 | Angle: 0.0°/360.0° | Progress: 0.0% | Inside: 0.00 | End OK: False
[Step  81] Phase: 1  | Turn: 1/1 | Angle: 0.0°/360.0° | Progress: 0.0% | Inside: 0.00 | End OK: False
[Step  82] Phase: 1  | Turn: 1/1 | Angle: 0.0°/360.0° | Progress: 0.0% | Inside: 0.00 | End OK: False
[Step  83] Phase: 1  | Turn: 1/1 | Angle: 0.0°/360.0° | Progress: 0.0% | Inside: 0.00 | End OK: False
[Step  84] Phase: 1  | Turn: 1/1 | Angle: 0.0°/360.0° | Progress: 0.0% | Inside: 0.00 | End OK: False
[Step  85] Phase: 1  | Turn: 1/1 | Angle: 0.0°/360.0° | Progress: 0.0% | Inside: 0.00 | End OK: False
[Step  86] Phase: 1  | Turn: 1/1 | Angle: 0.0°/360.0° | Progress: 0.0% | Inside: 0.00 | End OK: False
[Step  87] Phase: 1  | Turn: 1/1 | Angle: 0.0°/360.0° | Progress: 0.0% | Inside: 0.00 | End OK: False
[Step  88] Phase: 1  | Turn: 1/1 | Angle: 0.0°/360.0° | Progress: 0.0% | Inside: 0.00 | End OK: False
[Step  89] Phase: 1  | Turn: 1/1 | Angle: 0.0°/360.0° | Progress: 0.0% | Inside: 0.00 | End OK: False
[Step  90] Phase: 1  | Turn: 1/1 | Angle: 0.0°/360.0° | Progress: 0.0% | Inside: 0.00 | End OK: False
[Step  91] Phase: 1  | Turn: 1/1 | Angle: 0.0°/360.0° | Progress: 0.0% | Inside: 0.00 | End OK: False
[Step  92] Phase: 1  | Turn: 1/1 | Angle: 0.0°/360.0° | Progress: 0.0% | Inside: 0.00 | End OK: False
[Step  93] Phase: 1  | Turn: 1/1 | Angle: 0.0°/360.0° | Progress: 0.0% | Inside: 0.00 | End OK: False
[Step  94] Phase: 2  | Turn: 1/1 | Angle: 0.0°/360.0° | Progress: 0.0% | Inside: 0.00 | End OK: False
[Step  95] Phase: 2  | Turn: 1/1 | Angle: 0.0°/360.0° | Progress: 0.0% | Inside: 0.00 | End OK: False
[Step  96] Phase: 2  | Turn: 1/1 | Angle: 0.0°/360.0° | Progress: 0.0% | Inside: 0.00 | End OK: False
[Step  97] Phase: 2  | Turn: 1/1 | Angle: 0.0°/360.0° | Progress: 0.0% | Inside: 0.00 | End OK: False
[Step  98] Phase: 2  | Turn: 1/1 | Angle: 0.0°/360.0° | Progress: 0.0% | Inside: 0.00 | End OK: False
[Step  99] Phase: 2  | Turn: 1/1 | Angle: 0.0°/360.0° | Progress: 0.0% | Inside: 0.00 | End OK: False
[Step 100] Phase: 2  | Turn: 1/1 | Angle: 0.0°/360.0° | Progress: 0.0% | Inside: 0.00 | End OK: False
  [ep 0/1, attempt 4] step 101/530  terminated=False  truncated=False
[Step 101] Phase: 2  | Turn: 1/1 | Angle: 0.0°/360.0° | Progress: 0.0% | Inside: 0.00 | End OK: False
[Step 102] Phase: 2  | Turn: 1/1 | Angle: 0.0°/360.0° | Progress: 0.0% | Inside: 0.00 | End OK: False
[Step 103] Phase: 2  | Turn: 1/1 | Angle: 0.0°/360.0° | Progress: 0.0% | Inside: 0.00 | End OK: False
[Step 104] Phase: 2  | Turn: 1/1 | Angle: 0.0°/360.0° | Progress: 0.0% | Inside: 0.00 | End OK: False
[Step 105] Phase: 2  | Turn: 1/1 | Angle: 0.0°/360.0° | Progress: 0.0% | Inside: 0.00 | End OK: False
[Step 106] Phase: 2  | Turn: 1/1 | Angle: 0.0°/360.0° | Progress: 0.0% | Inside: 0.00 | End OK: False
[Step 107] Phase: 2  | Turn: 1/1 | Angle: 0.0°/360.0° | Progress: 0.0% | Inside: 0.00 | End OK: False
[Step 108] Phase: 2  | Turn: 1/1 | Angle: 0.0°/360.0° | Progress: 0.0% | Inside: 0.00 | End OK: False
[Step 109] Phase: 2  | Turn: 1/1 | Angle: 0.0°/360.0° | Progress: 0.0% | Inside: 0.00 | End OK: False
[Step 110] Phase: 2  | Turn: 1/1 | Angle: 0.0°/360.0° | Progress: 0.0% | Inside: 0.00 | End OK: False
[Step 111] Phase: 2  | Turn: 1/1 | Angle: 0.0°/360.0° | Progress: 0.0% | Inside: 0.00 | End OK: False
[Step 112] Phase: 2  | Turn: 1/1 | Angle: 0.0°/360.0° | Progress: 0.0% | Inside: 0.00 | End OK: False
[Step 113] Phase: 2  | Turn: 1/1 | Angle: 0.0°/360.0° | Progress: 0.0% | Inside: 0.00 | End OK: False
[Step 114] Phase: 2  | Turn: 1/1 | Angle: 0.0°/360.0° | Progress: 0.0% | Inside: 0.00 | End OK: False
[Step 115] Phase: 3  | Turn: 1/1 | Angle: 0.0°/360.0° | Progress: 0.0% | Inside: 0.00 | End OK: False
[Step 116] Phase: 3  | Turn: 1/1 | Angle: 0.0°/360.0° | Progress: 0.0% | Inside: 0.00 | End OK: False
[Step 117] Phase: 3  | Turn: 1/1 | Angle: 0.0°/360.0° | Progress: 0.0% | Inside: 0.00 | End OK: False
[Step 118] Phase: 3  | Turn: 1/1 | Angle: 0.0°/360.0° | Progress: 0.0% | Inside: 0.00 | End OK: False
[Step 119] Phase: 3  | Turn: 1/1 | Angle: 0.0°/360.0° | Progress: 0.0% | Inside: 0.00 | End OK: False
[Step 120] Phase: 3  | Turn: 1/1 | Angle: 0.0°/360.0° | Progress: 0.0% | Inside: 0.00 | End OK: False
[Step 121] Phase: 3  | Turn: 1/1 | Angle: 0.0°/360.0° | Progress: 0.0% | Inside: 0.00 | End OK: False
[Step 122] Phase: 3  | Turn: 1/1 | Angle: 0.0°/360.0° | Progress: 0.0% | Inside: 0.00 | End OK: False
[Step 123] Phase: 3  | Turn: 1/1 | Angle: 0.0°/360.0° | Progress: 0.0% | Inside: 0.00 | End OK: False
[Step 124] Phase: 3  | Turn: 1/1 | Angle: 0.0°/360.0° | Progress: 0.0% | Inside: 0.00 | End OK: False
[Step 125] Phase: 3  | Turn: 1/1 | Angle: 0.0°/360.0° | Progress: 0.0% | Inside: 0.00 | End OK: False
[Step 126] Phase: 3  | Turn: 1/1 | Angle: 0.0°/360.0° | Progress: 0.0% | Inside: 0.00 | End OK: False
[Step 127] Phase: 3  | Turn: 1/1 | Angle: 0.0°/360.0° | Progress: 0.0% | Inside: 0.00 | End OK: False
[Step 128] Phase: 3  | Turn: 1/1 | Angle: 0.0°/360.0° | Progress: 0.0% | Inside: 0.00 | End OK: False
[Step 129] Phase: 3  | Turn: 1/1 | Angle: 0.0°/360.0° | Progress: 0.0% | Inside: 0.00 | End OK: False
[Step 130] Phase: 3  | Turn: 1/1 | Angle: 0.0°/360.0° | Progress: 0.0% | Inside: 0.00 | End OK: False
[Step 131] Phase: 3  | Turn: 1/1 | Angle: 0.0°/360.0° | Progress: 0.0% | Inside: 0.00 | End OK: False
[Step 132] Phase: 3  | Turn: 1/1 | Angle: 0.0°/360.0° | Progress: 0.0% | Inside: 0.00 | End OK: False
[Step 133] Phase: 3  | Turn: 1/1 | Angle: 0.0°/360.0° | Progress: 0.0% | Inside: 0.00 | End OK: False
[Step 134] Phase: 3  | Turn: 1/1 | Angle: 0.0°/360.0° | Progress: 0.0% | Inside: 0.00 | End OK: False
[Step 135] Phase: 3  | Turn: 1/1 | Angle: 0.4°/360.0° | Progress: 0.1% | Inside: 0.00 | End OK: False
[Step 136] Phase: 3  | Turn: 1/1 | Angle: 0.0°/360.0° | Progress: 0.0% | Inside: 0.00 | End OK: False
[Step 137] Phase: 3  | Turn: 1/1 | Angle: 0.0°/360.0° | Progress: 0.0% | Inside: 0.00 | End OK: False
[Step 138] Phase: 3  | Turn: 1/1 | Angle: 0.0°/360.0° | Progress: 0.0% | Inside: 0.00 | End OK: False
[Step 139] Phase: 3  | Turn: 1/1 | Angle: 0.0°/360.0° | Progress: 0.0% | Inside: 0.00 | End OK: False
[Step 140] Phase: 3  | Turn: 1/1 | Angle: 0.0°/360.0° | Progress: 0.0% | Inside: 0.00 | End OK: False
[Step 141] Phase: 3  | Turn: 1/1 | Angle: 0.0°/360.0° | Progress: 0.0% | Inside: 0.00 | End OK: False
[Step 142] Phase: 3  | Turn: 1/1 | Angle: 0.0°/360.0° | Progress: 0.0% | Inside: 0.00 | End OK: False
[Step 143] Phase: 3  | Turn: 1/1 | Angle: 0.0°/360.0° | Progress: 0.0% | Inside: 0.00 | End OK: False
[Step 144] Phase: 3  | Turn: 1/1 | Angle: 0.0°/360.0° | Progress: 0.0% | Inside: 0.00 | End OK: False
[Step 145] Phase: 3  | Turn: 1/1 | Angle: 0.0°/360.0° | Progress: 0.0% | Inside: 0.00 | End OK: False
[Step 146] Phase: 3  | Turn: 1/1 | Angle: 0.0°/360.0° | Progress: 0.0% | Inside: 0.00 | End OK: False
[Step 147] Phase: 3  | Turn: 1/1 | Angle: 0.0°/360.0° | Progress: 0.0% | Inside: 0.00 | End OK: False
[Step 148] Phase: 3  | Turn: 1/1 | Angle: 0.0°/360.0° | Progress: 0.0% | Inside: 0.00 | End OK: False
[Step 149] Phase: 3  | Turn: 1/1 | Angle: 0.0°/360.0° | Progress: 0.0% | Inside: 0.00 | End OK: False
[Step 150] Phase: 3  | Turn: 1/1 | Angle: 160.3°/360.0° | Progress: 44.5% | Inside: 0.00 | End OK: False
[Step 151] Phase: 3  | Turn: 1/1 | Angle: 143.2°/360.0° | Progress: 39.8% | Inside: 0.00 | End OK: False
[Step 152] Phase: 3  | Turn: 1/1 | Angle: 125.1°/360.0° | Progress: 34.8% | Inside: 0.00 | End OK: False
[Step 153] Phase: 3  | Turn: 1/1 | Angle: 146.5°/360.0° | Progress: 40.7% | Inside: 0.00 | End OK: False
[Step 154] Phase: 3  | Turn: 1/1 | Angle: 150.4°/360.0° | Progress: 41.8% | Inside: 0.00 | End OK: False
[Step 155] Phase: 3  | Turn: 1/1 | Angle: 0.0°/360.0° | Progress: 0.0% | Inside: 0.00 | End OK: False
[Step 156] Phase: 3  | Turn: 1/1 | Angle: 0.0°/360.0° | Progress: 0.0% | Inside: 0.00 | End OK: False
[Step 157] Phase: 3  | Turn: 1/1 | Angle: 0.0°/360.0° | Progress: 0.0% | Inside: 0.00 | End OK: False
[Step 158] Phase: 3  | Turn: 1/1 | Angle: 0.0°/360.0° | Progress: 0.0% | Inside: 0.00 | End OK: False
[Step 159] Phase: 3  | Turn: 1/1 | Angle: 0.0°/360.0° | Progress: 0.0% | Inside: 0.00 | End OK: False
[Step 160] Phase: 3  | Turn: 1/1 | Angle: 0.0°/360.0° | Progress: 0.0% | Inside: 0.00 | End OK: False
[Step 161] Phase: 3  | Turn: 1/1 | Angle: 0.0°/360.0° | Progress: 0.0% | Inside: 0.00 | End OK: False
[Step 162] Phase: 3  | Turn: 1/1 | Angle: 0.0°/360.0° | Progress: 0.0% | Inside: 0.00 | End OK: False
[Step 163] Phase: 3  | Turn: 1/1 | Angle: 0.0°/360.0° | Progress: 0.0% | Inside: 0.00 | End OK: False
[Step 164] Phase: 3  | Turn: 1/1 | Angle: 0.0°/360.0° | Progress: 0.0% | Inside: 0.00 | End OK: False
[Step 165] Phase: 3  | Turn: 1/1 | Angle: 0.0°/360.0° | Progress: 0.0% | Inside: 0.00 | End OK: False
[Step 166] Phase: 4  | Turn: 1/1 | Angle: 0.0°/360.0° | Progress: 0.0% | Inside: 0.00 | End OK: False
[Step 167] Phase: 4  | Turn: 1/1 | Angle: 0.0°/360.0° | Progress: 0.0% | Inside: 0.00 | End OK: False
[Step 168] Phase: 4  | Turn: 1/1 | Angle: 0.0°/360.0° | Progress: 0.0% | Inside: 0.00 | End OK: False
[Step 169] Phase: 4  | Turn: 1/1 | Angle: 0.0°/360.0° | Progress: 0.0% | Inside: 0.00 | End OK: False
[Step 170] Phase: 4  | Turn: 1/1 | Angle: 0.0°/360.0° | Progress: 0.0% | Inside: 0.00 | End OK: False
[Step 171] Phase: 4  | Turn: 1/1 | Angle: 0.0°/360.0° | Progress: 0.0% | Inside: 0.00 | End OK: False
[Step 172] Phase: 4  | Turn: 1/1 | Angle: 0.0°/360.0° | Progress: 0.0% | Inside: 0.00 | End OK: False
[Step 173] Phase: 4  | Turn: 1/1 | Angle: 0.0°/360.0° | Progress: 0.0% | Inside: 0.00 | End OK: False
[Step 174] Phase: 4  | Turn: 1/1 | Angle: 0.0°/360.0° | Progress: 0.0% | Inside: 0.00 | End OK: False
[Step 175] Phase: 4  | Turn: 1/1 | Angle: 0.0°/360.0° | Progress: 0.0% | Inside: 0.00 | End OK: False
[Step 176] Phase: 4  | Turn: 1/1 | Angle: 0.0°/360.0° | Progress: 0.0% | Inside: 0.00 | End OK: False
[Step 177] Phase: 4  | Turn: 1/1 | Angle: 0.0°/360.0° | Progress: 0.0% | Inside: 0.00 | End OK: False
[Step 178] Phase: 4  | Turn: 1/1 | Angle: 0.0°/360.0° | Progress: 0.0% | Inside: 0.00 | End OK: False
[Step 179] Phase: 4  | Turn: 1/1 | Angle: 0.0°/360.0° | Progress: 0.0% | Inside: 0.00 | End OK: False
[Step 180] Phase: 4  | Turn: 1/1 | Angle: 0.0°/360.0° | Progress: 0.0% | Inside: 0.00 | End OK: False
[Step 181] Phase: 4  | Turn: 1/1 | Angle: 0.0°/360.0° | Progress: 0.0% | Inside: 0.00 | End OK: False
[Step 182] Phase: 4  | Turn: 1/1 | Angle: 0.0°/360.0° | Progress: 0.0% | Inside: 0.00 | End OK: False
[Step 183] Phase: 4  | Turn: 1/1 | Angle: 0.0°/360.0° | Progress: 0.0% | Inside: 0.00 | End OK: False
[Step 184] Phase: 4  | Turn: 1/1 | Angle: 0.0°/360.0° | Progress: 0.0% | Inside: 0.00 | End OK: False
[Step 185] Phase: 4  | Turn: 1/1 | Angle: 0.0°/360.0° | Progress: 0.0% | Inside: 0.00 | End OK: False
[Step 186] Phase: 4  | Turn: 1/1 | Angle: 0.0°/360.0° | Progress: 0.0% | Inside: 0.00 | End OK: False
[Step 187] Phase: 4  | Turn: 1/1 | Angle: 0.0°/360.0° | Progress: 0.0% | Inside: 0.00 | End OK: False
[Step 188] Phase: 4  | Turn: 1/1 | Angle: 0.0°/360.0° | Progress: 0.0% | Inside: 0.00 | End OK: False
[Step 189] Phase: 4  | Turn: 1/1 | Angle: 0.0°/360.0° | Progress: 0.0% | Inside: 0.00 | End OK: False
[Step 190] Phase: 4  | Turn: 1/1 | Angle: 0.0°/360.0° | Progress: 0.0% | Inside: 0.00 | End OK: False
[Step 191] Phase: 4  | Turn: 1/1 | Angle: 0.0°/360.0° | Progress: 0.0% | Inside: 0.00 | End OK: False
[Step 192] Phase: 4  | Turn: 1/1 | Angle: 0.0°/360.0° | Progress: 0.0% | Inside: 0.00 | End OK: False
[Step 193] Phase: 5  | Turn: 1/1 | Angle: 0.0°/360.0° | Progress: 0.0% | Inside: 0.00 | End OK: False
[Step 194] Phase: 5  | Turn: 1/1 | Angle: 0.0°/360.0° | Progress: 0.0% | Inside: 0.00 | End OK: False
[Step 195] Phase: 5  | Turn: 1/1 | Angle: 0.0°/360.0° | Progress: 0.0% | Inside: 0.00 | End OK: False
[Step 196] Phase: 5  | Turn: 1/1 | Angle: 0.0°/360.0° | Progress: 0.0% | Inside: 0.00 | End OK: False
[Step 197] Phase: 5  | Turn: 1/1 | Angle: 0.0°/360.0° | Progress: 0.0% | Inside: 0.00 | End OK: False
[Step 198] Phase: 5  | Turn: 1/1 | Angle: 0.0°/360.0° | Progress: 0.0% | Inside: 0.00 | End OK: False
[Step 199] Phase: 5  | Turn: 1/1 | Angle: 0.0°/360.0° | Progress: 0.0% | Inside: 0.00 | End OK: False
[Step 200] Phase: 5  | Turn: 1/1 | Angle: 0.0°/360.0° | Progress: 0.0% | Inside: 0.00 | End OK: False
  [ep 0/1, attempt 4] step 201/530  terminated=False  truncated=False
[Step 201] Phase: 5  | Turn: 1/1 | Angle: 0.0°/360.0° | Progress: 0.0% | Inside: 0.00 | End OK: False
[Step 202] Phase: 5  | Turn: 1/1 | Angle: 0.0°/360.0° | Progress: 0.0% | Inside: 0.00 | End OK: False
[Step 203] Phase: 5  | Turn: 1/1 | Angle: 0.0°/360.0° | Progress: 0.0% | Inside: 0.00 | End OK: False
[Step 204] Phase: 5  | Turn: 1/1 | Angle: 0.0°/360.0° | Progress: 0.0% | Inside: 0.00 | End OK: False
[Step 205] Phase: 5  | Turn: 1/1 | Angle: 0.0°/360.0° | Progress: 0.0% | Inside: 0.00 | End OK: False
[Step 206] Phase: 5  | Turn: 1/1 | Angle: 0.0°/360.0° | Progress: 0.0% | Inside: 0.00 | End OK: False
[Step 207] Phase: 5  | Turn: 1/1 | Angle: 0.0°/360.0° | Progress: 0.0% | Inside: 0.00 | End OK: False
[Step 208] Phase: 5  | Turn: 1/1 | Angle: 0.0°/360.0° | Progress: 0.0% | Inside: 0.00 | End OK: False
[Step 209] Phase: 5  | Turn: 1/1 | Angle: 0.0°/360.0° | Progress: 0.0% | Inside: 0.00 | End OK: False
[Step 210] Phase: 5  | Turn: 1/1 | Angle: 0.0°/360.0° | Progress: 0.0% | Inside: 0.07 | End OK: False
[Step 211] Phase: 5  | Turn: 1/1 | Angle: 0.0°/360.0° | Progress: 0.0% | Inside: 0.07 | End OK: False
[Step 212] Phase: 5  | Turn: 1/1 | Angle: 0.0°/360.0° | Progress: 0.0% | Inside: 0.07 | End OK: False
[Step 213] Phase: 5  | Turn: 1/1 | Angle: 0.0°/360.0° | Progress: 0.0% | Inside: 0.07 | End OK: False
[Step 214] Phase: 5  | Turn: 1/1 | Angle: 0.0°/360.0° | Progress: 0.0% | Inside: 0.07 | End OK: False
[Step 215] Phase: 5  | Turn: 1/1 | Angle: 0.0°/360.0° | Progress: 0.0% | Inside: 0.07 | End OK: False
[Step 216] Phase: 5  | Turn: 1/1 | Angle: 0.0°/360.0° | Progress: 0.0% | Inside: 0.07 | End OK: False
[Step 217] Phase: 5  | Turn: 1/1 | Angle: 0.0°/360.0° | Progress: 0.0% | Inside: 0.07 | End OK: False
[Step 218] Phase: 5  | Turn: 1/1 | Angle: 0.0°/360.0° | Progress: 0.0% | Inside: 0.07 | End OK: False
[Step 219] Phase: 5  | Turn: 1/1 | Angle: 0.0°/360.0° | Progress: 0.0% | Inside: 0.07 | End OK: False
[Step 220] Phase: 5  | Turn: 1/1 | Angle: 0.0°/360.0° | Progress: 0.0% | Inside: 0.07 | End OK: False
[Step 221] Phase: 5  | Turn: 1/1 | Angle: 0.0°/360.0° | Progress: 0.0% | Inside: 0.14 | End OK: False
[Step 222] Phase: 5  | Turn: 1/1 | Angle: 0.0°/360.0° | Progress: 0.0% | Inside: 0.14 | End OK: False
[Step 223] Phase: 5  | Turn: 1/1 | Angle: 0.0°/360.0° | Progress: 0.0% | Inside: 0.14 | End OK: False
[Step 224] Phase: 5  | Turn: 1/1 | Angle: 0.0°/360.0° | Progress: 0.0% | Inside: 0.14 | End OK: False
[Step 225] Phase: 5  | Turn: 1/1 | Angle: 0.0°/360.0° | Progress: 0.0% | Inside: 0.14 | End OK: False
[Step 226] Phase: 5  | Turn: 1/1 | Angle: 0.0°/360.0° | Progress: 0.0% | Inside: 0.14 | End OK: False
[Step 227] Phase: 5  | Turn: 1/1 | Angle: 0.0°/360.0° | Progress: 0.0% | Inside: 0.14 | End OK: False
[Step 228] Phase: 5  | Turn: 1/1 | Angle: 0.0°/360.0° | Progress: 0.0% | Inside: 0.14 | End OK: False
[Step 229] Phase: 5  | Turn: 1/1 | Angle: 0.0°/360.0° | Progress: 0.0% | Inside: 0.14 | End OK: False
[Step 230] Phase: 5  | Turn: 1/1 | Angle: 0.0°/360.0° | Progress: 0.0% | Inside: 0.14 | End OK: False
[Step 231] Phase: 5  | Turn: 1/1 | Angle: 0.0°/360.0° | Progress: 0.0% | Inside: 0.07 | End OK: False
[Step 232] Phase: 5  | Turn: 1/1 | Angle: 0.0°/360.0° | Progress: 0.0% | Inside: 0.14 | End OK: False
[Step 233] Phase: 5  | Turn: 1/1 | Angle: 0.0°/360.0° | Progress: 0.0% | Inside: 0.14 | End OK: False
[Step 234] Phase: 5  | Turn: 1/1 | Angle: 0.0°/360.0° | Progress: 0.0% | Inside: 0.14 | End OK: False
[Step 235] Phase: 5  | Turn: 1/1 | Angle: 0.0°/360.0° | Progress: 0.0% | Inside: 0.14 | End OK: False
[Step 236] Phase: 5  | Turn: 1/1 | Angle: 0.0°/360.0° | Progress: 0.0% | Inside: 0.14 | End OK: False
[Step 237] Phase: 5  | Turn: 1/1 | Angle: 0.0°/360.0° | Progress: 0.0% | Inside: 0.14 | End OK: False
[Step 238] Phase: 5  | Turn: 1/1 | Angle: 0.0°/360.0° | Progress: 0.0% | Inside: 0.14 | End OK: False
[Step 239] Phase: 5  | Turn: 1/1 | Angle: 0.0°/360.0° | Progress: 0.0% | Inside: 0.14 | End OK: False
[Step 240] Phase: 5  | Turn: 1/1 | Angle: 0.0°/360.0° | Progress: 0.0% | Inside: 0.14 | End OK: False
[Step 241] Phase: 5  | Turn: 1/1 | Angle: 0.0°/360.0° | Progress: 0.0% | Inside: 0.07 | End OK: False
[Step 242] Phase: 5  | Turn: 1/1 | Angle: 0.0°/360.0° | Progress: 0.0% | Inside: 0.14 | End OK: True
[Step 243] Phase: 5  | Turn: 1/1 | Angle: 0.0°/360.0° | Progress: 0.0% | Inside: 0.14 | End OK: True
[Step 244] Phase: 5  | Turn: 1/1 | Angle: 0.0°/360.0° | Progress: 0.0% | Inside: 0.14 | End OK: True
[Step 245] Phase: 5  | Turn: 1/1 | Angle: 0.0°/360.0° | Progress: 0.0% | Inside: 0.14 | End OK: True
[Step 246] Phase: 5  | Turn: 1/1 | Angle: 0.0°/360.0° | Progress: 0.0% | Inside: 0.14 | End OK: True
[Step 247] Phase: 5  | Turn: 1/1 | Angle: 0.0°/360.0° | Progress: 0.0% | Inside: 0.14 | End OK: True
[Step 248] Phase: 5  | Turn: 1/1 | Angle: 0.0°/360.0° | Progress: 0.0% | Inside: 0.14 | End OK: True
[Step 249] Phase: 5  | Turn: 1/1 | Angle: 0.0°/360.0° | Progress: 0.0% | Inside: 0.14 | End OK: True
[Step 250] Phase: 5  | Turn: 1/1 | Angle: 0.0°/360.0° | Progress: 0.0% | Inside: 0.14 | End OK: True
[Step 251] Phase: 5  | Turn: 1/1 | Angle: 0.0°/360.0° | Progress: 0.0% | Inside: 0.14 | End OK: True
[Step 252] Phase: 5  | Turn: 1/1 | Angle: 0.0°/360.0° | Progress: 0.0% | Inside: 0.14 | End OK: True
[Step 253] Phase: 5  | Turn: 1/1 | Angle: 0.0°/360.0° | Progress: 0.0% | Inside: 0.14 | End OK: True
[Step 254] Phase: 5  | Turn: 1/1 | Angle: 0.0°/360.0° | Progress: 0.0% | Inside: 0.14 | End OK: True
[Step 255] Phase: 5  | Turn: 1/1 | Angle: 0.0°/360.0° | Progress: 0.0% | Inside: 0.14 | End OK: True
[Step 256] Phase: 5  | Turn: 1/1 | Angle: 0.0°/360.0° | Progress: 0.0% | Inside: 0.14 | End OK: True
[Step 257] Phase: 5  | Turn: 1/1 | Angle: 0.0°/360.0° | Progress: 0.0% | Inside: 0.14 | End OK: True
[Step 258] Phase: 6  | Turn: 1/1 | Angle: 0.0°/360.0° | Progress: 0.0% | Inside: 0.14 | End OK: True
[Step 259] Phase: 6  | Turn: 1/1 | Angle: 0.0°/360.0° | Progress: 0.0% | Inside: 0.14 | End OK: True
[Step 260] Phase: 6  | Turn: 1/1 | Angle: 0.0°/360.0° | Progress: 0.0% | Inside: 0.14 | End OK: True
[Step 261] Phase: 6  | Turn: 1/1 | Angle: 0.0°/360.0° | Progress: 0.0% | Inside: 0.21 | End OK: True
[Step 262] Phase: 6  | Turn: 1/1 | Angle: 0.0°/360.0° | Progress: 0.0% | Inside: 0.21 | End OK: True
[Step 263] Phase: 6  | Turn: 1/1 | Angle: 0.0°/360.0° | Progress: 0.0% | Inside: 0.21 | End OK: True
[Step 264] Phase: 6  | Turn: 1/1 | Angle: 0.0°/360.0° | Progress: 0.0% | Inside: 0.21 | End OK: True
[Step 265] Phase: 6  | Turn: 1/1 | Angle: 0.0°/360.0° | Progress: 0.0% | Inside: 0.21 | End OK: True
[Step 266] Phase: 6  | Turn: 1/1 | Angle: 0.0°/360.0° | Progress: 0.0% | Inside: 0.21 | End OK: True
[Step 267] Phase: 6  | Turn: 1/1 | Angle: 0.0°/360.0° | Progress: 0.0% | Inside: 0.21 | End OK: True
[Step 268] Phase: 6  | Turn: 1/1 | Angle: 0.0°/360.0° | Progress: 0.0% | Inside: 0.21 | End OK: True
[Step 269] Phase: 6  | Turn: 1/1 | Angle: 0.0°/360.0° | Progress: 0.0% | Inside: 0.21 | End OK: True
[Step 270] Phase: 6  | Turn: 1/1 | Angle: 0.0°/360.0° | Progress: 0.0% | Inside: 0.21 | End OK: True
[Step 271] Phase: 6  | Turn: 1/1 | Angle: 0.0°/360.0° | Progress: 0.0% | Inside: 0.21 | End OK: True
[Step 272] Phase: 6  | Turn: 1/1 | Angle: 0.0°/360.0° | Progress: 0.0% | Inside: 0.21 | End OK: True
[Step 273] Phase: 6  | Turn: 1/1 | Angle: 0.0°/360.0° | Progress: 0.0% | Inside: 0.21 | End OK: True
[Step 274] Phase: 6  | Turn: 1/1 | Angle: 0.0°/360.0° | Progress: 0.0% | Inside: 0.21 | End OK: True
[Step 275] Phase: 6  | Turn: 1/1 | Angle: 0.0°/360.0° | Progress: 0.0% | Inside: 0.21 | End OK: True
[Step 276] Phase: 6  | Turn: 1/1 | Angle: 0.0°/360.0° | Progress: 0.0% | Inside: 0.21 | End OK: True
[Step 277] Phase: 6  | Turn: 1/1 | Angle: 0.0°/360.0° | Progress: 0.0% | Inside: 0.21 | End OK: True
[Step 278] Phase: 6  | Turn: 1/1 | Angle: 0.0°/360.0° | Progress: 0.0% | Inside: 0.21 | End OK: True
[Step 279] Phase: 6  | Turn: 1/1 | Angle: 0.0°/360.0° | Progress: 0.0% | Inside: 0.21 | End OK: True
[Step 280] Phase: 6  | Turn: 1/1 | Angle: 0.0°/360.0° | Progress: 0.0% | Inside: 0.21 | End OK: True
[Step 281] Phase: 6  | Turn: 1/1 | Angle: 0.0°/360.0° | Progress: 0.0% | Inside: 0.21 | End OK: True
[Step 282] Phase: 6  | Turn: 1/1 | Angle: 0.0°/360.0° | Progress: 0.0% | Inside: 0.21 | End OK: True
[Step 283] Phase: 6  | Turn: 1/1 | Angle: 0.0°/360.0° | Progress: 0.0% | Inside: 0.21 | End OK: True
[Step 284] Phase: 6  | Turn: 1/1 | Angle: 0.0°/360.0° | Progress: 0.0% | Inside: 0.21 | End OK: True
[Step 285] Phase: 6  | Turn: 1/1 | Angle: 0.0°/360.0° | Progress: 0.0% | Inside: 0.21 | End OK: True
[Step 286] Phase: 7  | Turn: 1/1 | Angle: 0.0°/360.0° | Progress: 0.0% | Inside: 0.21 | End OK: True
[Step 287] Phase: 7  | Turn: 1/1 | Angle: 0.0°/360.0° | Progress: 0.0% | Inside: 0.21 | End OK: True
[Step 288] Phase: 7  | Turn: 1/1 | Angle: 0.0°/360.0° | Progress: 0.0% | Inside: 0.21 | End OK: True
[Step 289] Phase: 7  | Turn: 1/1 | Angle: 0.0°/360.0° | Progress: 0.0% | Inside: 0.21 | End OK: True
[Step 290] Phase: 7  | Turn: 1/1 | Angle: 0.0°/360.0° | Progress: 0.0% | Inside: 0.21 | End OK: True
[Step 291] Phase: 7  | Turn: 1/1 | Angle: 0.0°/360.0° | Progress: 0.0% | Inside: 0.21 | End OK: True
[Step 292] Phase: 7  | Turn: 1/1 | Angle: 0.0°/360.0° | Progress: 0.0% | Inside: 0.21 | End OK: True
[Step 293] Phase: 7  | Turn: 1/1 | Angle: 0.0°/360.0° | Progress: 0.0% | Inside: 0.21 | End OK: True
[Step 294] Phase: 7  | Turn: 1/1 | Angle: 0.0°/360.0° | Progress: 0.0% | Inside: 0.21 | End OK: True
[Step 295] Phase: 7  | Turn: 1/1 | Angle: 0.0°/360.0° | Progress: 0.0% | Inside: 0.21 | End OK: True
[Step 296] Phase: 7  | Turn: 1/1 | Angle: 0.0°/360.0° | Progress: 0.0% | Inside: 0.21 | End OK: True
[Step 297] Phase: 7  | Turn: 1/1 | Angle: 0.0°/360.0° | Progress: 0.0% | Inside: 0.21 | End OK: True
[Step 298] Phase: 7  | Turn: 1/1 | Angle: 0.0°/360.0° | Progress: 0.0% | Inside: 0.21 | End OK: True
[Step 299] Phase: 7  | Turn: 1/1 | Angle: 0.0°/360.0° | Progress: 0.0% | Inside: 0.21 | End OK: True
[Step 300] Phase: 7  | Turn: 1/1 | Angle: 0.0°/360.0° | Progress: 0.0% | Inside: 0.21 | End OK: True
  [ep 0/1, attempt 4] step 301/530  terminated=False  truncated=False
[Step 301] Phase: 7  | Turn: 1/1 | Angle: 0.0°/360.0° | Progress: 0.0% | Inside: 0.21 | End OK: True
[Step 302] Phase: 7  | Turn: 1/1 | Angle: 0.0°/360.0° | Progress: 0.0% | Inside: 0.21 | End OK: True
[Step 303] Phase: 7  | Turn: 1/1 | Angle: 0.0°/360.0° | Progress: 0.0% | Inside: 0.21 | End OK: True
[Step 304] Phase: 8  | Turn: 1/1 | Angle: 0.0°/360.0° | Progress: 0.0% | Inside: 0.21 | End OK: True
[Step 305] Phase: 8  | Turn: 1/1 | Angle: 0.0°/360.0° | Progress: 0.0% | Inside: 0.21 | End OK: True
[Step 306] Phase: 8  | Turn: 1/1 | Angle: 0.0°/360.0° | Progress: 0.0% | Inside: 0.21 | End OK: True
[Step 307] Phase: 8  | Turn: 1/1 | Angle: 0.0°/360.0° | Progress: 0.0% | Inside: 0.21 | End OK: True
[Step 308] Phase: 8  | Turn: 1/1 | Angle: 0.0°/360.0° | Progress: 0.0% | Inside: 0.21 | End OK: True
[Step 309] Phase: 8  | Turn: 1/1 | Angle: 0.0°/360.0° | Progress: 0.0% | Inside: 0.21 | End OK: True
[Step 310] Phase: 8  | Turn: 1/1 | Angle: 0.0°/360.0° | Progress: 0.0% | Inside: 0.29 | End OK: True
[Step 311] Phase: 8  | Turn: 1/1 | Angle: 0.0°/360.0° | Progress: 0.0% | Inside: 0.29 | End OK: True
[Step 312] Phase: 8  | Turn: 1/1 | Angle: 0.0°/360.0° | Progress: 0.0% | Inside: 0.29 | End OK: True
[Step 313] Phase: 8  | Turn: 1/1 | Angle: 0.0°/360.0° | Progress: 0.0% | Inside: 0.29 | End OK: True
[Step 314] Phase: 8  | Turn: 1/1 | Angle: 0.0°/360.0° | Progress: 0.0% | Inside: 0.29 | End OK: True
[Step 315] Phase: 8  | Turn: 1/1 | Angle: 0.0°/360.0° | Progress: 0.0% | Inside: 0.29 | End OK: True
[Step 316] Phase: 8  | Turn: 1/1 | Angle: 0.0°/360.0° | Progress: 0.0% | Inside: 0.29 | End OK: True
[Step 317] Phase: 8  | Turn: 1/1 | Angle: 0.0°/360.0° | Progress: 0.0% | Inside: 0.29 | End OK: True
[Step 318] Phase: 8  | Turn: 1/1 | Angle: 0.0°/360.0° | Progress: 0.0% | Inside: 0.29 | End OK: True
[Step 319] Phase: 8  | Turn: 1/1 | Angle: 0.0°/360.0° | Progress: 0.0% | Inside: 0.29 | End OK: True
[Step 320] Phase: 8  | Turn: 1/1 | Angle: 0.0°/360.0° | Progress: 0.0% | Inside: 0.29 | End OK: True
[Step 321] Phase: 8  | Turn: 1/1 | Angle: 0.0°/360.0° | Progress: 0.0% | Inside: 0.29 | End OK: True
[Step 322] Phase: 8  | Turn: 1/1 | Angle: 0.0°/360.0° | Progress: 0.0% | Inside: 0.29 | End OK: True
[Step 323] Phase: 8  | Turn: 1/1 | Angle: 0.0°/360.0° | Progress: 0.0% | Inside: 0.29 | End OK: True
[Step 324] Phase: 8  | Turn: 1/1 | Angle: 0.0°/360.0° | Progress: 0.0% | Inside: 0.29 | End OK: True
[Step 325] Phase: 8  | Turn: 1/1 | Angle: 0.0°/360.0° | Progress: 0.0% | Inside: 0.29 | End OK: True
[Step 326] Phase: 8  | Turn: 1/1 | Angle: 1.8°/360.0° | Progress: 0.5% | Inside: 0.29 | End OK: True
[Step 327] Phase: 8  | Turn: 1/1 | Angle: 3.7°/360.0° | Progress: 1.0% | Inside: 0.29 | End OK: True
[Step 328] Phase: 8  | Turn: 1/1 | Angle: 5.5°/360.0° | Progress: 1.5% | Inside: 0.29 | End OK: True
[Step 329] Phase: 8  | Turn: 1/1 | Angle: 7.2°/360.0° | Progress: 2.0% | Inside: 0.29 | End OK: True
[Step 330] Phase: 8  | Turn: 1/1 | Angle: 8.8°/360.0° | Progress: 2.4% | Inside: 0.29 | End OK: True
[Step 331] Phase: 8  | Turn: 1/1 | Angle: 10.4°/360.0° | Progress: 2.9% | Inside: 0.29 | End OK: True
[Step 332] Phase: 8  | Turn: 1/1 | Angle: 12.0°/360.0° | Progress: 3.3% | Inside: 0.29 | End OK: True
[Step 333] Phase: 8  | Turn: 1/1 | Angle: 13.5°/360.0° | Progress: 3.8% | Inside: 0.29 | End OK: True
[Step 334] Phase: 8  | Turn: 1/1 | Angle: 15.2°/360.0° | Progress: 4.2% | Inside: 0.29 | End OK: True
[Step 335] Phase: 8  | Turn: 1/1 | Angle: 16.5°/360.0° | Progress: 4.6% | Inside: 0.29 | End OK: True
[Step 336] Phase: 8  | Turn: 1/1 | Angle: 18.0°/360.0° | Progress: 5.0% | Inside: 0.29 | End OK: True
[Step 337] Phase: 8  | Turn: 1/1 | Angle: 19.5°/360.0° | Progress: 5.4% | Inside: 0.29 | End OK: True
[Step 338] Phase: 8  | Turn: 1/1 | Angle: 20.7°/360.0° | Progress: 5.7% | Inside: 0.29 | End OK: True
[Step 339] Phase: 8  | Turn: 1/1 | Angle: 189.4°/360.0° | Progress: 52.6% | Inside: 0.29 | End OK: True
[Step 340] Phase: 8  | Turn: 1/1 | Angle: 186.5°/360.0° | Progress: 51.8% | Inside: 0.29 | End OK: True
[Step 341] Phase: 8  | Turn: 1/1 | Angle: 185.1°/360.0° | Progress: 51.4% | Inside: 0.29 | End OK: True
[Step 342] Phase: 8  | Turn: 1/1 | Angle: 184.2°/360.0° | Progress: 51.2% | Inside: 0.29 | End OK: True
[Step 343] Phase: 8  | Turn: 1/1 | Angle: 183.3°/360.0° | Progress: 50.9% | Inside: 0.29 | End OK: True
[Step 344] Phase: 8  | Turn: 1/1 | Angle: 182.5°/360.0° | Progress: 50.7% | Inside: 0.29 | End OK: True
[Step 345] Phase: 8  | Turn: 1/1 | Angle: 181.6°/360.0° | Progress: 50.4% | Inside: 0.29 | End OK: True
[Step 346] Phase: 8  | Turn: 1/1 | Angle: 180.6°/360.0° | Progress: 50.2% | Inside: 0.29 | End OK: True
[Step 347] Phase: 8  | Turn: 1/1 | Angle: 179.6°/360.0° | Progress: 49.9% | Inside: 0.29 | End OK: True
[Step 348] Phase: 8  | Turn: 1/1 | Angle: 178.6°/360.0° | Progress: 49.6% | Inside: 0.29 | End OK: True
[Step 349] Phase: 8  | Turn: 1/1 | Angle: 177.6°/360.0° | Progress: 49.3% | Inside: 0.29 | End OK: True
[Step 350] Phase: 8  | Turn: 1/1 | Angle: 176.6°/360.0° | Progress: 49.1% | Inside: 0.29 | End OK: True
[Step 351] Phase: 8  | Turn: 1/1 | Angle: 175.5°/360.0° | Progress: 48.8% | Inside: 0.29 | End OK: True
[Step 352] Phase: 8  | Turn: 1/1 | Angle: 174.5°/360.0° | Progress: 48.5% | Inside: 0.36 | End OK: True
[Step 353] Phase: 8  | Turn: 1/1 | Angle: 173.3°/360.0° | Progress: 48.2% | Inside: 0.36 | End OK: True
[Step 354] Phase: 8  | Turn: 1/1 | Angle: 172.1°/360.0° | Progress: 47.8% | Inside: 0.36 | End OK: True
[Step 355] Phase: 8  | Turn: 1/1 | Angle: 171.1°/360.0° | Progress: 47.5% | Inside: 0.36 | End OK: True
[Step 356] Phase: 8  | Turn: 1/1 | Angle: 169.6°/360.0° | Progress: 47.1% | Inside: 0.36 | End OK: True
[Step 357] Phase: 8  | Turn: 1/1 | Angle: 168.3°/360.0° | Progress: 46.8% | Inside: 0.36 | End OK: True
[Step 358] Phase: 8  | Turn: 1/1 | Angle: 167.2°/360.0° | Progress: 46.4% | Inside: 0.36 | End OK: True
[Step 359] Phase: 8  | Turn: 1/1 | Angle: 165.6°/360.0° | Progress: 46.0% | Inside: 0.29 | End OK: True
[Step 360] Phase: 8  | Turn: 1/1 | Angle: 163.8°/360.0° | Progress: 45.5% | Inside: 0.29 | End OK: True
[Step 361] Phase: 8  | Turn: 1/1 | Angle: 162.5°/360.0° | Progress: 45.1% | Inside: 0.29 | End OK: True
[Step 362] Phase: 8  | Turn: 1/1 | Angle: 160.3°/360.0° | Progress: 44.5% | Inside: 0.36 | End OK: True
[Step 363] Phase: 8  | Turn: 1/1 | Angle: 158.0°/360.0° | Progress: 43.9% | Inside: 0.36 | End OK: True
[Step 364] Phase: 8  | Turn: 1/1 | Angle: 155.1°/360.0° | Progress: 43.1% | Inside: 0.36 | End OK: True
[Step 365] Phase: 8  | Turn: 1/1 | Angle: 152.4°/360.0° | Progress: 42.3% | Inside: 0.36 | End OK: True
[Step 366] Phase: 8  | Turn: 1/1 | Angle: 149.0°/360.0° | Progress: 41.4% | Inside: 0.36 | End OK: True
[Step 367] Phase: 8  | Turn: 1/1 | Angle: 144.7°/360.0° | Progress: 40.2% | Inside: 0.36 | End OK: True
[Step 368] Phase: 9  | Turn: 1/1 | Angle: 140.5°/360.0° | Progress: 39.0% | Inside: 0.36 | End OK: True
[Step 369] Phase: 9  | Turn: 1/1 | Angle: 141.2°/360.0° | Progress: 39.2% | Inside: 0.36 | End OK: True
[Step 370] Phase: 9  | Turn: 1/1 | Angle: 142.5°/360.0° | Progress: 39.6% | Inside: 0.36 | End OK: True
[Step 371] Phase: 9  | Turn: 1/1 | Angle: 143.3°/360.0° | Progress: 39.8% | Inside: 0.36 | End OK: True
[Step 372] Phase: 9  | Turn: 1/1 | Angle: 143.9°/360.0° | Progress: 40.0% | Inside: 0.36 | End OK: True
[Step 373] Phase: 9  | Turn: 1/1 | Angle: 144.2°/360.0° | Progress: 40.1% | Inside: 0.36 | End OK: True
[Step 374] Phase: 9  | Turn: 1/1 | Angle: 143.8°/360.0° | Progress: 40.0% | Inside: 0.36 | End OK: True
[Step 375] Phase: 9  | Turn: 1/1 | Angle: 141.8°/360.0° | Progress: 39.4% | Inside: 0.36 | End OK: True
[Step 376] Phase: 9  | Turn: 1/1 | Angle: 128.6°/360.0° | Progress: 35.7% | Inside: 0.36 | End OK: True
[Step 377] Phase: 9  | Turn: 1/1 | Angle: 101.4°/360.0° | Progress: 28.2% | Inside: 0.29 | End OK: True
[Step 378] Phase: 9  | Turn: 1/1 | Angle: 95.4°/360.0° | Progress: 26.5% | Inside: 0.29 | End OK: True
[Step 379] Phase: 9  | Turn: 1/1 | Angle: 98.6°/360.0° | Progress: 27.4% | Inside: 0.29 | End OK: True
[Step 380] Phase: 9  | Turn: 1/1 | Angle: 97.3°/360.0° | Progress: 27.0% | Inside: 0.36 | End OK: True
[Step 381] Phase: 10 | Turn: 1/1 | Angle: 95.3°/360.0° | Progress: 26.5% | Inside: 0.36 | End OK: True
[Step 382] Phase: 10 | Turn: 1/1 | Angle: 95.2°/360.0° | Progress: 26.4% | Inside: 0.36 | End OK: True
[Step 383] Phase: 10 | Turn: 1/1 | Angle: 95.0°/360.0° | Progress: 26.4% | Inside: 0.36 | End OK: True
[Step 384] Phase: 10 | Turn: 1/1 | Angle: 94.6°/360.0° | Progress: 26.3% | Inside: 0.36 | End OK: True
[Step 385] Phase: 10 | Turn: 1/1 | Angle: 94.3°/360.0° | Progress: 26.2% | Inside: 0.36 | End OK: True
[Step 386] Phase: 10 | Turn: 1/1 | Angle: 93.9°/360.0° | Progress: 26.1% | Inside: 0.36 | End OK: True
[Step 387] Phase: 10 | Turn: 1/1 | Angle: 93.5°/360.0° | Progress: 26.0% | Inside: 0.36 | End OK: True
[Step 388] Phase: 10 | Turn: 1/1 | Angle: 93.1°/360.0° | Progress: 25.9% | Inside: 0.36 | End OK: True
[Step 389] Phase: 10 | Turn: 1/1 | Angle: 92.6°/360.0° | Progress: 25.7% | Inside: 0.36 | End OK: True
[Step 390] Phase: 10 | Turn: 1/1 | Angle: 92.1°/360.0° | Progress: 25.6% | Inside: 0.36 | End OK: True
[Step 391] Phase: 10 | Turn: 1/1 | Angle: 91.6°/360.0° | Progress: 25.4% | Inside: 0.36 | End OK: True
[Step 392] Phase: 10 | Turn: 1/1 | Angle: 91.2°/360.0° | Progress: 25.3% | Inside: 0.36 | End OK: True
[Step 393] Phase: 10 | Turn: 1/1 | Angle: 91.2°/360.0° | Progress: 25.3% | Inside: 0.36 | End OK: True
[Step 394] Phase: 10 | Turn: 1/1 | Angle: 91.2°/360.0° | Progress: 25.3% | Inside: 0.36 | End OK: True
[Step 395] Phase: 10 | Turn: 1/1 | Angle: 91.2°/360.0° | Progress: 25.3% | Inside: 0.36 | End OK: True
[Step 396] Phase: 10 | Turn: 1/1 | Angle: 91.2°/360.0° | Progress: 25.3% | Inside: 0.36 | End OK: True
[Step 397] Phase: 10 | Turn: 1/1 | Angle: 91.2°/360.0° | Progress: 25.3% | Inside: 0.36 | End OK: True
[Step 398] Phase: 10 | Turn: 1/1 | Angle: 91.2°/360.0° | Progress: 25.3% | Inside: 0.36 | End OK: True
[Step 399] Phase: 10 | Turn: 1/1 | Angle: 91.1°/360.0° | Progress: 25.3% | Inside: 0.36 | End OK: True
[Step 400] Phase: 10 | Turn: 1/1 | Angle: 91.1°/360.0° | Progress: 25.3% | Inside: 0.36 | End OK: True
  [ep 0/1, attempt 4] step 401/530  terminated=False  truncated=False
[Step 401] Phase: 10 | Turn: 1/1 | Angle: 91.0°/360.0° | Progress: 25.3% | Inside: 0.36 | End OK: True
[Step 402] Phase: 10 | Turn: 1/1 | Angle: 91.0°/360.0° | Progress: 25.3% | Inside: 0.36 | End OK: True
[Step 403] Phase: 10 | Turn: 1/1 | Angle: 91.0°/360.0° | Progress: 25.3% | Inside: 0.36 | End OK: True
[Step 404] Phase: 10 | Turn: 1/1 | Angle: 90.8°/360.0° | Progress: 25.2% | Inside: 0.36 | End OK: True
[Step 405] Phase: 10 | Turn: 1/1 | Angle: 90.6°/360.0° | Progress: 25.2% | Inside: 0.36 | End OK: True
[Step 406] Phase: 10 | Turn: 1/1 | Angle: 90.5°/360.0° | Progress: 25.1% | Inside: 0.36 | End OK: True
[Step 407] Phase: 10 | Turn: 1/1 | Angle: 90.3°/360.0° | Progress: 25.1% | Inside: 0.36 | End OK: True
[Step 408] Phase: 11 | Turn: 1/1 | Angle: 90.0°/360.0° | Progress: 25.0% | Inside: 0.36 | End OK: True
[Step 409] Phase: 11 | Turn: 1/1 | Angle: 89.9°/360.0° | Progress: 25.0% | Inside: 0.36 | End OK: True
[Step 410] Phase: 11 | Turn: 1/1 | Angle: 89.9°/360.0° | Progress: 25.0% | Inside: 0.36 | End OK: True
[Step 411] Phase: 11 | Turn: 1/1 | Angle: 89.8°/360.0° | Progress: 24.9% | Inside: 0.36 | End OK: True
[Step 412] Phase: 11 | Turn: 1/1 | Angle: 89.7°/360.0° | Progress: 24.9% | Inside: 0.36 | End OK: True
[Step 413] Phase: 11 | Turn: 1/1 | Angle: 89.7°/360.0° | Progress: 24.9% | Inside: 0.36 | End OK: True
[Step 414] Phase: 11 | Turn: 1/1 | Angle: 89.6°/360.0° | Progress: 24.9% | Inside: 0.36 | End OK: True
[Step 415] Phase: 11 | Turn: 1/1 | Angle: 89.5°/360.0° | Progress: 24.9% | Inside: 0.36 | End OK: True
[Step 416] Phase: 11 | Turn: 1/1 | Angle: 89.5°/360.0° | Progress: 24.9% | Inside: 0.36 | End OK: True
[Step 417] Phase: 11 | Turn: 1/1 | Angle: 89.5°/360.0° | Progress: 24.9% | Inside: 0.36 | End OK: True
[Step 418] Phase: 11 | Turn: 1/1 | Angle: 89.8°/360.0° | Progress: 24.9% | Inside: 0.36 | End OK: True
[Step 419] Phase: 11 | Turn: 1/1 | Angle: 89.9°/360.0° | Progress: 25.0% | Inside: 0.36 | End OK: True
[Step 420] Phase: 11 | Turn: 1/1 | Angle: 89.9°/360.0° | Progress: 25.0% | Inside: 0.29 | End OK: True
[Step 421] Phase: 11 | Turn: 1/1 | Angle: 89.9°/360.0° | Progress: 25.0% | Inside: 0.29 | End OK: True
[Step 422] Phase: 11 | Turn: 1/1 | Angle: 89.9°/360.0° | Progress: 25.0% | Inside: 0.29 | End OK: True
[Step 423] Phase: 11 | Turn: 1/1 | Angle: 89.9°/360.0° | Progress: 25.0% | Inside: 0.29 | End OK: True
[Step 424] Phase: 11 | Turn: 1/1 | Angle: 89.9°/360.0° | Progress: 25.0% | Inside: 0.29 | End OK: True
[Step 425] Phase: 11 | Turn: 1/1 | Angle: 89.9°/360.0° | Progress: 25.0% | Inside: 0.29 | End OK: True
[Step 426] Phase: 11 | Turn: 1/1 | Angle: 89.9°/360.0° | Progress: 25.0% | Inside: 0.29 | End OK: True
[Step 427] Phase: 11 | Turn: 1/1 | Angle: 89.9°/360.0° | Progress: 25.0% | Inside: 0.29 | End OK: True
[Step 428] Phase: 11 | Turn: 1/1 | Angle: 89.9°/360.0° | Progress: 25.0% | Inside: 0.29 | End OK: True
[Step 429] Phase: 11 | Turn: 1/1 | Angle: 89.8°/360.0° | Progress: 24.9% | Inside: 0.29 | End OK: True
[Step 430] Phase: 11 | Turn: 1/1 | Angle: 89.7°/360.0° | Progress: 24.9% | Inside: 0.29 | End OK: True
[Step 431] Phase: 11 | Turn: 1/1 | Angle: 89.7°/360.0° | Progress: 24.9% | Inside: 0.29 | End OK: True
[Step 432] Phase: 11 | Turn: 1/1 | Angle: 89.5°/360.0° | Progress: 24.9% | Inside: 0.29 | End OK: True
[Step 433] Phase: 11 | Turn: 1/1 | Angle: 89.5°/360.0° | Progress: 24.9% | Inside: 0.29 | End OK: True
[Step 434] Phase: 11 | Turn: 1/1 | Angle: 89.5°/360.0° | Progress: 24.9% | Inside: 0.29 | End OK: True
[Step 435] Phase: 11 | Turn: 1/1 | Angle: 89.5°/360.0° | Progress: 24.9% | Inside: 0.29 | End OK: True
[Step 436] Phase: 11 | Turn: 1/1 | Angle: 89.4°/360.0° | Progress: 24.8% | Inside: 0.29 | End OK: True
[Step 437] Phase: 11 | Turn: 1/1 | Angle: 89.5°/360.0° | Progress: 24.8% | Inside: 0.29 | End OK: True
[Step 438] Phase: 11 | Turn: 1/1 | Angle: 89.5°/360.0° | Progress: 24.9% | Inside: 0.29 | End OK: True
[Step 439] Phase: 11 | Turn: 1/1 | Angle: 89.6°/360.0° | Progress: 24.9% | Inside: 0.29 | End OK: True
[Step 440] Phase: 11 | Turn: 1/1 | Angle: 89.7°/360.0° | Progress: 24.9% | Inside: 0.29 | End OK: True
[Step 441] Phase: 11 | Turn: 1/1 | Angle: 89.8°/360.0° | Progress: 24.9% | Inside: 0.29 | End OK: True
[Step 442] Phase: 11 | Turn: 1/1 | Angle: 90.0°/360.0° | Progress: 25.0% | Inside: 0.29 | End OK: True
[Step 443] Phase: 11 | Turn: 1/1 | Angle: 89.8°/360.0° | Progress: 24.9% | Inside: 0.29 | End OK: True
[Step 444] Phase: 11 | Turn: 1/1 | Angle: 89.7°/360.0° | Progress: 24.9% | Inside: 0.29 | End OK: True
[Step 445] Phase: 11 | Turn: 1/1 | Angle: 90.0°/360.0° | Progress: 25.0% | Inside: 0.29 | End OK: True
[Step 446] Phase: 11 | Turn: 1/1 | Angle: 90.6°/360.0° | Progress: 25.2% | Inside: 0.29 | End OK: True
[Step 447] Phase: 11 | Turn: 1/1 | Angle: 91.3°/360.0° | Progress: 25.4% | Inside: 0.29 | End OK: True
[Step 448] Phase: 11 | Turn: 1/1 | Angle: 91.9°/360.0° | Progress: 25.5% | Inside: 0.29 | End OK: True
[Step 449] Phase: 11 | Turn: 1/1 | Angle: 92.3°/360.0° | Progress: 25.6% | Inside: 0.29 | End OK: True
[Step 450] Phase: 11 | Turn: 1/1 | Angle: 92.5°/360.0° | Progress: 25.7% | Inside: 0.29 | End OK: True
[Step 451] Phase: 11 | Turn: 1/1 | Angle: 92.7°/360.0° | Progress: 25.7% | Inside: 0.29 | End OK: True
[Step 452] Phase: 11 | Turn: 1/1 | Angle: 92.7°/360.0° | Progress: 25.7% | Inside: 0.29 | End OK: True
[Step 453] Phase: 11 | Turn: 1/1 | Angle: 92.6°/360.0° | Progress: 25.7% | Inside: 0.29 | End OK: True
[Step 454] Phase: 11 | Turn: 1/1 | Angle: 92.5°/360.0° | Progress: 25.7% | Inside: 0.29 | End OK: True
[Step 455] Phase: 11 | Turn: 1/1 | Angle: 92.4°/360.0° | Progress: 25.7% | Inside: 0.29 | End OK: True
[Step 456] Phase: 11 | Turn: 1/1 | Angle: 92.3°/360.0° | Progress: 25.6% | Inside: 0.29 | End OK: True
[Step 457] Phase: 11 | Turn: 1/1 | Angle: 92.3°/360.0° | Progress: 25.6% | Inside: 0.29 | End OK: True
[Step 458] Phase: 11 | Turn: 1/1 | Angle: 92.2°/360.0° | Progress: 25.6% | Inside: 0.29 | End OK: True
[Step 459] Phase: 11 | Turn: 1/1 | Angle: 92.2°/360.0° | Progress: 25.6% | Inside: 0.29 | End OK: True
[Step 460] Phase: 11 | Turn: 1/1 | Angle: 92.2°/360.0° | Progress: 25.6% | Inside: 0.29 | End OK: True
[Step 461] Phase: 11 | Turn: 1/1 | Angle: 92.1°/360.0° | Progress: 25.6% | Inside: 0.29 | End OK: True
[Step 462] Phase: 11 | Turn: 1/1 | Angle: 92.1°/360.0° | Progress: 25.6% | Inside: 0.29 | End OK: True
[Step 463] Phase: 11 | Turn: 1/1 | Angle: 92.1°/360.0° | Progress: 25.6% | Inside: 0.29 | End OK: True
[Step 464] Phase: 11 | Turn: 1/1 | Angle: 92.0°/360.0° | Progress: 25.6% | Inside: 0.29 | End OK: True
[Step 465] Phase: 11 | Turn: 1/1 | Angle: 91.9°/360.0° | Progress: 25.5% | Inside: 0.29 | End OK: True
[Step 466] Phase: 11 | Turn: 1/1 | Angle: 91.9°/360.0° | Progress: 25.5% | Inside: 0.29 | End OK: True
[Step 467] Phase: 11 | Turn: 1/1 | Angle: 91.8°/360.0° | Progress: 25.5% | Inside: 0.29 | End OK: True
[Step 468] Phase: 11 | Turn: 1/1 | Angle: 91.7°/360.0° | Progress: 25.5% | Inside: 0.29 | End OK: True
[Step 469] Phase: 11 | Turn: 1/1 | Angle: 91.7°/360.0° | Progress: 25.5% | Inside: 0.29 | End OK: True
[Step 470] Phase: 11 | Turn: 1/1 | Angle: 91.7°/360.0° | Progress: 25.5% | Inside: 0.29 | End OK: True
[Step 471] Phase: 11 | Turn: 1/1 | Angle: 91.7°/360.0° | Progress: 25.5% | Inside: 0.29 | End OK: True
[Step 472] Phase: 11 | Turn: 1/1 | Angle: 91.6°/360.0° | Progress: 25.4% | Inside: 0.29 | End OK: True
[Step 473] Phase: 11 | Turn: 1/1 | Angle: 91.5°/360.0° | Progress: 25.4% | Inside: 0.29 | End OK: True
[Step 474] Phase: 11 | Turn: 1/1 | Angle: 91.6°/360.0° | Progress: 25.4% | Inside: 0.29 | End OK: True
[Step 475] Phase: 11 | Turn: 1/1 | Angle: 91.8°/360.0° | Progress: 25.5% | Inside: 0.29 | End OK: True
[Step 476] Phase: 11 | Turn: 1/1 | Angle: 92.1°/360.0° | Progress: 25.6% | Inside: 0.29 | End OK: True
[Step 477] Phase: 11 | Turn: 1/1 | Angle: 92.2°/360.0° | Progress: 25.6% | Inside: 0.29 | End OK: True
[Step 478] Phase: 11 | Turn: 1/1 | Angle: 92.2°/360.0° | Progress: 25.6% | Inside: 0.29 | End OK: True
[Step 479] Phase: 12 | Turn: 1/1 | Angle: 92.3°/360.0° | Progress: 25.6% | Inside: 0.29 | End OK: True
[Step 480] Phase: 12 | Turn: 1/1 | Angle: 92.2°/360.0° | Progress: 25.6% | Inside: 0.29 | End OK: True
[Step 481] Phase: 12 | Turn: 1/1 | Angle: 92.2°/360.0° | Progress: 25.6% | Inside: 0.29 | End OK: True
[Step 482] Phase: 12 | Turn: 1/1 | Angle: 92.2°/360.0° | Progress: 25.6% | Inside: 0.29 | End OK: True
[Step 483] Phase: 12 | Turn: 1/1 | Angle: 92.1°/360.0° | Progress: 25.6% | Inside: 0.29 | End OK: True
[Step 484] Phase: 12 | Turn: 1/1 | Angle: 92.1°/360.0° | Progress: 25.6% | Inside: 0.29 | End OK: True
[Step 485] Phase: 12 | Turn: 1/1 | Angle: 91.9°/360.0° | Progress: 25.5% | Inside: 0.29 | End OK: True
[Step 486] Phase: 12 | Turn: 1/1 | Angle: 92.0°/360.0° | Progress: 25.5% | Inside: 0.29 | End OK: True
[Step 487] Phase: 12 | Turn: 1/1 | Angle: 91.9°/360.0° | Progress: 25.5% | Inside: 0.29 | End OK: True
[Step 488] Phase: 12 | Turn: 1/1 | Angle: 91.9°/360.0° | Progress: 25.5% | Inside: 0.29 | End OK: True
[Step 489] Phase: 12 | Turn: 1/1 | Angle: 91.9°/360.0° | Progress: 25.5% | Inside: 0.29 | End OK: True
[Step 490] Phase: 12 | Turn: 1/1 | Angle: 91.8°/360.0° | Progress: 25.5% | Inside: 0.29 | End OK: True
[Step 491] Phase: 12 | Turn: 1/1 | Angle: 91.9°/360.0° | Progress: 25.5% | Inside: 0.29 | End OK: True
[Step 492] Phase: 12 | Turn: 1/1 | Angle: 91.8°/360.0° | Progress: 25.5% | Inside: 0.29 | End OK: True
[Step 493] Phase: 12 | Turn: 1/1 | Angle: 91.8°/360.0° | Progress: 25.5% | Inside: 0.29 | End OK: True
[Step 494] Phase: 12 | Turn: 1/1 | Angle: 91.8°/360.0° | Progress: 25.5% | Inside: 0.29 | End OK: True
[Step 495] Phase: 12 | Turn: 1/1 | Angle: 91.7°/360.0° | Progress: 25.5% | Inside: 0.29 | End OK: True
[Step 496] Phase: 12 | Turn: 1/1 | Angle: 91.7°/360.0° | Progress: 25.5% | Inside: 0.29 | End OK: True
[Step 497] Phase: 12 | Turn: 1/1 | Angle: 91.7°/360.0° | Progress: 25.5% | Inside: 0.29 | End OK: True
[Step 498] Phase: 12 | Turn: 1/1 | Angle: 91.7°/360.0° | Progress: 25.5% | Inside: 0.29 | End OK: True
[Step 499] Phase: 12 | Turn: 1/1 | Angle: 91.7°/360.0° | Progress: 25.5% | Inside: 0.29 | End OK: True
[Step 500] Phase: 12 | Turn: 1/1 | Angle: 91.8°/360.0° | Progress: 25.5% | Inside: 0.29 | End OK: True
  [ep 0/1, attempt 4] step 501/530  terminated=False  truncated=False
[Step 501] Phase: 12 | Turn: 1/1 | Angle: 91.8°/360.0° | Progress: 25.5% | Inside: 0.29 | End OK: True
[Step 502] Phase: 12 | Turn: 1/1 | Angle: 91.7°/360.0° | Progress: 25.5% | Inside: 0.29 | End OK: True
[Step 503] Phase: 12 | Turn: 1/1 | Angle: 91.7°/360.0° | Progress: 25.5% | Inside: 0.29 | End OK: True
[Step 504] Phase: 12 | Turn: 1/1 | Angle: 91.7°/360.0° | Progress: 25.5% | Inside: 0.29 | End OK: True
[Step 505] Phase: 12 | Turn: 1/1 | Angle: 91.6°/360.0° | Progress: 25.4% | Inside: 0.29 | End OK: True
[Step 506] Phase: 12 | Turn: 1/1 | Angle: 91.6°/360.0° | Progress: 25.4% | Inside: 0.29 | End OK: True
[Step 507] Phase: 12 | Turn: 1/1 | Angle: 91.6°/360.0° | Progress: 25.5% | Inside: 0.29 | End OK: True
[Step 508] Phase: 12 | Turn: 1/1 | Angle: 91.5°/360.0° | Progress: 25.4% | Inside: 0.29 | End OK: True
[Step 509] Phase: 12 | Turn: 1/1 | Angle: 91.5°/360.0° | Progress: 25.4% | Inside: 0.29 | End OK: True
[Step 510] Phase: 12 | Turn: 1/1 | Angle: 91.5°/360.0° | Progress: 25.4% | Inside: 0.29 | End OK: True
[Step 511] Phase: 12 | Turn: 1/1 | Angle: 91.5°/360.0° | Progress: 25.4% | Inside: 0.29 | End OK: True
[Step 512] Phase: 12 | Turn: 1/1 | Angle: 91.5°/360.0° | Progress: 25.4% | Inside: 0.29 | End OK: True
[Step 513] Phase: 12 | Turn: 1/1 | Angle: 91.5°/360.0° | Progress: 25.4% | Inside: 0.29 | End OK: True
[Step 514] Phase: 12 | Turn: 1/1 | Angle: 91.5°/360.0° | Progress: 25.4% | Inside: 0.29 | End OK: True
[Step 515] Phase: 12 | Turn: 1/1 | Angle: 91.5°/360.0° | Progress: 25.4% | Inside: 0.29 | End OK: True
[Step 516] Phase: 12 | Turn: 1/1 | Angle: 91.4°/360.0° | Progress: 25.4% | Inside: 0.29 | End OK: True
[Step 517] Phase: 12 | Turn: 1/1 | Angle: 91.4°/360.0° | Progress: 25.4% | Inside: 0.29 | End OK: True
[Step 518] Phase: 12 | Turn: 1/1 | Angle: 91.4°/360.0° | Progress: 25.4% | Inside: 0.29 | End OK: True
[Step 519] Phase: 12 | Turn: 1/1 | Angle: 91.3°/360.0° | Progress: 25.4% | Inside: 0.29 | End OK: True
[Step 520] Phase: 12 | Turn: 1/1 | Angle: 91.3°/360.0° | Progress: 25.4% | Inside: 0.29 | End OK: True
[Step 521] Phase: 12 | Turn: 1/1 | Angle: 91.3°/360.0° | Progress: 25.4% | Inside: 0.29 | End OK: True
[Step 522] Phase: 12 | Turn: 1/1 | Angle: 91.3°/360.0° | Progress: 25.4% | Inside: 0.29 | End OK: True
[Step 523] Phase: 12 | Turn: 1/1 | Angle: 91.3°/360.0° | Progress: 25.4% | Inside: 0.29 | End OK: True
[Step 524] Phase: 12 | Turn: 1/1 | Angle: 91.2°/360.0° | Progress: 25.3% | Inside: 0.29 | End OK: True
[Step 525] Phase: 12 | Turn: 1/1 | Angle: 91.2°/360.0° | Progress: 25.3% | Inside: 0.29 | End OK: True
[Step 526] Phase: 12 | Turn: 1/1 | Angle: 91.2°/360.0° | Progress: 25.3% | Inside: 0.29 | End OK: True
[Step 527] Phase: 12 | Turn: 1/1 | Angle: 91.2°/360.0° | Progress: 25.3% | Inside: 0.29 | End OK: True
[Step 528] Phase: 12 | Turn: 1/1 | Angle: 91.2°/360.0° | Progress: 25.3% | Inside: 0.29 | End OK: True
[Step 529] Phase: 12 | Turn: 1/1 | Angle: 91.2°/360.0° | Progress: 25.3% | Inside: 0.29 | End OK: True
  [ep 0/1, attempt 4] step 530/530  terminated=False  truncated=True
  [WARNING] Episode 0 attempt 4 truncated without success. Discarding and retrying...
  [Success Rate] overall: 0.0% (0/4) | moving avg (last 4): 0.0%
  [ep 0/1, attempt 5] step 1/530  terminated=False  truncated=False
[Step  11] Phase: 0  | Turn: 1/1 | Angle: 0.0°/360.0° | Progress: 0.0% | Inside: 0.00 | End OK: False
[Step  12] Phase: 0  | Turn: 1/1 | Angle: 0.0°/360.0° | Progress: 0.0% | Inside: 0.00 | End OK: False
[Step  13] Phase: 0  | Turn: 1/1 | Angle: 0.0°/360.0° | Progress: 0.0% | Inside: 0.00 | End OK: False
[Step  14] Phase: 0  | Turn: 1/1 | Angle: 0.0°/360.0° | Progress: 0.0% | Inside: 0.00 | End OK: False
[Step  15] Phase: 0  | Turn: 1/1 | Angle: 0.0°/360.0° | Progress: 0.0% | Inside: 0.00 | End OK: False
[Step  16] Phase: 0  | Turn: 1/1 | Angle: 0.0°/360.0° | Progress: 0.0% | Inside: 0.00 | End OK: False
[Step  17] Phase: 0  | Turn: 1/1 | Angle: 0.0°/360.0° | Progress: 0.0% | Inside: 0.00 | End OK: False
[Step  18] Phase: 0  | Turn: 1/1 | Angle: 0.0°/360.0° | Progress: 0.0% | Inside: 0.00 | End OK: False
[Step  19] Phase: 0  | Turn: 1/1 | Angle: 0.0°/360.0° | Progress: 0.0% | Inside: 0.00 | End OK: False
[Step  20] Phase: 0  | Turn: 1/1 | Angle: 0.0°/360.0° | Progress: 0.0% | Inside: 0.00 | End OK: False
[Step  21] Phase: 0  | Turn: 1/1 | Angle: 0.0°/360.0° | Progress: 0.0% | Inside: 0.00 | End OK: False
[Step  22] Phase: 0  | Turn: 1/1 | Angle: 0.0°/360.0° | Progress: 0.0% | Inside: 0.00 | End OK: False
[Step  23] Phase: 0  | Turn: 1/1 | Angle: 0.0°/360.0° | Progress: 0.0% | Inside: 0.00 | End OK: False
[Step  24] Phase: 0  | Turn: 1/1 | Angle: 0.0°/360.0° | Progress: 0.0% | Inside: 0.00 | End OK: False
[Step  25] Phase: 0  | Turn: 1/1 | Angle: 0.0°/360.0° | Progress: 0.0% | Inside: 0.00 | End OK: False
[Step  26] Phase: 0  | Turn: 1/1 | Angle: 0.0°/360.0° | Progress: 0.0% | Inside: 0.00 | End OK: False
[Step  27] Phase: 0  | Turn: 1/1 | Angle: 0.0°/360.0° | Progress: 0.0% | Inside: 0.00 | End OK: False
[Step  28] Phase: 0  | Turn: 1/1 | Angle: 0.0°/360.0° | Progress: 0.0% | Inside: 0.00 | End OK: False
[Step  29] Phase: 0  | Turn: 1/1 | Angle: 0.0°/360.0° | Progress: 0.0% | Inside: 0.00 | End OK: False
[Step  30] Phase: 0  | Turn: 1/1 | Angle: 0.0°/360.0° | Progress: 0.0% | Inside: 0.00 | End OK: False
[Step  31] Phase: 0  | Turn: 1/1 | Angle: 0.0°/360.0° | Progress: 0.0% | Inside: 0.00 | End OK: False
[Step  32] Phase: 0  | Turn: 1/1 | Angle: 0.0°/360.0° | Progress: 0.0% | Inside: 0.00 | End OK: False
[Step  33] Phase: 0  | Turn: 1/1 | Angle: 0.0°/360.0° | Progress: 0.0% | Inside: 0.00 | End OK: False
[Step  34] Phase: 0  | Turn: 1/1 | Angle: 0.0°/360.0° | Progress: 0.0% | Inside: 0.00 | End OK: False
[Step  35] Phase: 0  | Turn: 1/1 | Angle: 0.0°/360.0° | Progress: 0.0% | Inside: 0.00 | End OK: False
[Step  36] Phase: 0  | Turn: 1/1 | Angle: 0.0°/360.0° | Progress: 0.0% | Inside: 0.00 | End OK: False
[Step  37] Phase: 1  | Turn: 1/1 | Angle: 0.0°/360.0° | Progress: 0.0% | Inside: 0.00 | End OK: False
[Step  38] Phase: 1  | Turn: 1/1 | Angle: 0.0°/360.0° | Progress: 0.0% | Inside: 0.00 | End OK: False
[Step  39] Phase: 1  | Turn: 1/1 | Angle: 0.0°/360.0° | Progress: 0.0% | Inside: 0.00 | End OK: False
[Step  40] Phase: 1  | Turn: 1/1 | Angle: 0.0°/360.0° | Progress: 0.0% | Inside: 0.00 | End OK: False
[Step  41] Phase: 1  | Turn: 1/1 | Angle: 0.0°/360.0° | Progress: 0.0% | Inside: 0.00 | End OK: False
[Step  42] Phase: 1  | Turn: 1/1 | Angle: 0.0°/360.0° | Progress: 0.0% | Inside: 0.00 | End OK: False
[Step  43] Phase: 1  | Turn: 1/1 | Angle: 0.0°/360.0° | Progress: 0.0% | Inside: 0.00 | End OK: False
[Step  44] Phase: 1  | Turn: 1/1 | Angle: 0.0°/360.0° | Progress: 0.0% | Inside: 0.00 | End OK: False
[Step  45] Phase: 1  | Turn: 1/1 | Angle: 0.0°/360.0° | Progress: 0.0% | Inside: 0.00 | End OK: False
[Step  46] Phase: 1  | Turn: 1/1 | Angle: 0.0°/360.0° | Progress: 0.0% | Inside: 0.00 | End OK: False
[Step  47] Phase: 1  | Turn: 1/1 | Angle: 0.0°/360.0° | Progress: 0.0% | Inside: 0.00 | End OK: False
[Step  48] Phase: 1  | Turn: 1/1 | Angle: 0.0°/360.0° | Progress: 0.0% | Inside: 0.00 | End OK: False
[Step  49] Phase: 1  | Turn: 1/1 | Angle: 0.0°/360.0° | Progress: 0.0% | Inside: 0.00 | End OK: False
[Step  50] Phase: 1  | Turn: 1/1 | Angle: 0.0°/360.0° | Progress: 0.0% | Inside: 0.00 | End OK: False
[Step  51] Phase: 1  | Turn: 1/1 | Angle: 0.0°/360.0° | Progress: 0.0% | Inside: 0.00 | End OK: False
[Step  52] Phase: 1  | Turn: 1/1 | Angle: 0.0°/360.0° | Progress: 0.0% | Inside: 0.00 | End OK: False
[Step  53] Phase: 1  | Turn: 1/1 | Angle: 0.0°/360.0° | Progress: 0.0% | Inside: 0.00 | End OK: False
[Step  54] Phase: 1  | Turn: 1/1 | Angle: 0.0°/360.0° | Progress: 0.0% | Inside: 0.00 | End OK: False
[Step  55] Phase: 1  | Turn: 1/1 | Angle: 0.0°/360.0° | Progress: 0.0% | Inside: 0.00 | End OK: False
[Step  56] Phase: 1  | Turn: 1/1 | Angle: 0.0°/360.0° | Progress: 0.0% | Inside: 0.00 | End OK: False
[Step  57] Phase: 1  | Turn: 1/1 | Angle: 0.0°/360.0° | Progress: 0.0% | Inside: 0.00 | End OK: False
[Step  58] Phase: 1  | Turn: 1/1 | Angle: 0.0°/360.0° | Progress: 0.0% | Inside: 0.00 | End OK: False
[Step  59] Phase: 1  | Turn: 1/1 | Angle: 0.0°/360.0° | Progress: 0.0% | Inside: 0.00 | End OK: False
[Step  60] Phase: 1  | Turn: 1/1 | Angle: 0.0°/360.0° | Progress: 0.0% | Inside: 0.00 | End OK: False
[Step  61] Phase: 1  | Turn: 1/1 | Angle: 0.0°/360.0° | Progress: 0.0% | Inside: 0.00 | End OK: False
[Step  62] Phase: 1  | Turn: 1/1 | Angle: 0.0°/360.0° | Progress: 0.0% | Inside: 0.00 | End OK: False
[Step  63] Phase: 1  | Turn: 1/1 | Angle: 0.0°/360.0° | Progress: 0.0% | Inside: 0.00 | End OK: False
[Step  64] Phase: 1  | Turn: 1/1 | Angle: 0.0°/360.0° | Progress: 0.0% | Inside: 0.00 | End OK: False
[Step  65] Phase: 1  | Turn: 1/1 | Angle: 0.0°/360.0° | Progress: 0.0% | Inside: 0.00 | End OK: False
[Step  66] Phase: 1  | Turn: 1/1 | Angle: 0.0°/360.0° | Progress: 0.0% | Inside: 0.00 | End OK: False
[Step  67] Phase: 1  | Turn: 1/1 | Angle: 0.0°/360.0° | Progress: 0.0% | Inside: 0.00 | End OK: False
[Step  68] Phase: 1  | Turn: 1/1 | Angle: 0.0°/360.0° | Progress: 0.0% | Inside: 0.00 | End OK: False
[Step  69] Phase: 1  | Turn: 1/1 | Angle: 0.0°/360.0° | Progress: 0.0% | Inside: 0.00 | End OK: False
[Step  70] Phase: 1  | Turn: 1/1 | Angle: 0.0°/360.0° | Progress: 0.0% | Inside: 0.00 | End OK: False
[Step  71] Phase: 1  | Turn: 1/1 | Angle: 0.0°/360.0° | Progress: 0.0% | Inside: 0.00 | End OK: False
[Step  72] Phase: 1  | Turn: 1/1 | Angle: 0.0°/360.0° | Progress: 0.0% | Inside: 0.00 | End OK: False
[Step  73] Phase: 1  | Turn: 1/1 | Angle: 0.0°/360.0° | Progress: 0.0% | Inside: 0.00 | End OK: False
[Step  74] Phase: 1  | Turn: 1/1 | Angle: 0.0°/360.0° | Progress: 0.0% | Inside: 0.00 | End OK: False
[Step  75] Phase: 1  | Turn: 1/1 | Angle: 0.0°/360.0° | Progress: 0.0% | Inside: 0.00 | End OK: False
[Step  76] Phase: 1  | Turn: 1/1 | Angle: 0.0°/360.0° | Progress: 0.0% | Inside: 0.00 | End OK: False
[Step  77] Phase: 1  | Turn: 1/1 | Angle: 0.0°/360.0° | Progress: 0.0% | Inside: 0.00 | End OK: False
[Step  78] Phase: 1  | Turn: 1/1 | Angle: 0.0°/360.0° | Progress: 0.0% | Inside: 0.00 | End OK: False
[Step  79] Phase: 1  | Turn: 1/1 | Angle: 0.0°/360.0° | Progress: 0.0% | Inside: 0.00 | End OK: False
[Step  80] Phase: 1  | Turn: 1/1 | Angle: 0.0°/360.0° | Progress: 0.0% | Inside: 0.00 | End OK: False
[Step  81] Phase: 1  | Turn: 1/1 | Angle: 0.0°/360.0° | Progress: 0.0% | Inside: 0.00 | End OK: False
[Step  82] Phase: 1  | Turn: 1/1 | Angle: 0.0°/360.0° | Progress: 0.0% | Inside: 0.00 | End OK: False
[Step  83] Phase: 1  | Turn: 1/1 | Angle: 0.0°/360.0° | Progress: 0.0% | Inside: 0.00 | End OK: False
[Step  84] Phase: 1  | Turn: 1/1 | Angle: 0.0°/360.0° | Progress: 0.0% | Inside: 0.00 | End OK: False
[Step  85] Phase: 1  | Turn: 1/1 | Angle: 0.0°/360.0° | Progress: 0.0% | Inside: 0.00 | End OK: False
[Step  86] Phase: 1  | Turn: 1/1 | Angle: 0.0°/360.0° | Progress: 0.0% | Inside: 0.00 | End OK: False
[Step  87] Phase: 1  | Turn: 1/1 | Angle: 0.0°/360.0° | Progress: 0.0% | Inside: 0.00 | End OK: False
[Step  88] Phase: 1  | Turn: 1/1 | Angle: 0.0°/360.0° | Progress: 0.0% | Inside: 0.00 | End OK: False
[Step  89] Phase: 1  | Turn: 1/1 | Angle: 0.0°/360.0° | Progress: 0.0% | Inside: 0.00 | End OK: False
[Step  90] Phase: 1  | Turn: 1/1 | Angle: 0.0°/360.0° | Progress: 0.0% | Inside: 0.00 | End OK: False
[Step  91] Phase: 1  | Turn: 1/1 | Angle: 0.0°/360.0° | Progress: 0.0% | Inside: 0.00 | End OK: False
[Step  92] Phase: 1  | Turn: 1/1 | Angle: 0.0°/360.0° | Progress: 0.0% | Inside: 0.00 | End OK: False
[Step  93] Phase: 2  | Turn: 1/1 | Angle: 0.0°/360.0° | Progress: 0.0% | Inside: 0.00 | End OK: False
[Step  94] Phase: 2  | Turn: 1/1 | Angle: 0.0°/360.0° | Progress: 0.0% | Inside: 0.00 | End OK: False
[Step  95] Phase: 2  | Turn: 1/1 | Angle: 0.0°/360.0° | Progress: 0.0% | Inside: 0.00 | End OK: False
[Step  96] Phase: 2  | Turn: 1/1 | Angle: 0.0°/360.0° | Progress: 0.0% | Inside: 0.00 | End OK: False
[Step  97] Phase: 2  | Turn: 1/1 | Angle: 88.4°/360.0° | Progress: 24.5% | Inside: 0.00 | End OK: False
[Step  98] Phase: 2  | Turn: 1/1 | Angle: 86.9°/360.0° | Progress: 24.1% | Inside: 0.00 | End OK: False
[Step  99] Phase: 2  | Turn: 1/1 | Angle: 37.7°/360.0° | Progress: 10.5% | Inside: 0.00 | End OK: False
[Step 100] Phase: 2  | Turn: 1/1 | Angle: 37.7°/360.0° | Progress: 10.5% | Inside: 0.00 | End OK: False
  [ep 0/1, attempt 5] step 101/530  terminated=False  truncated=False
[Step 101] Phase: 2  | Turn: 1/1 | Angle: 37.8°/360.0° | Progress: 10.5% | Inside: 0.00 | End OK: False
[Step 102] Phase: 2  | Turn: 1/1 | Angle: 38.3°/360.0° | Progress: 10.6% | Inside: 0.00 | End OK: False
[Step 103] Phase: 2  | Turn: 1/1 | Angle: 38.7°/360.0° | Progress: 10.7% | Inside: 0.00 | End OK: False
[Step 104] Phase: 2  | Turn: 1/1 | Angle: 38.3°/360.0° | Progress: 10.6% | Inside: 0.00 | End OK: False
[Step 105] Phase: 2  | Turn: 1/1 | Angle: 38.3°/360.0° | Progress: 10.6% | Inside: 0.00 | End OK: False
[Step 106] Phase: 2  | Turn: 1/1 | Angle: 38.7°/360.0° | Progress: 10.7% | Inside: 0.00 | End OK: False
[Step 107] Phase: 2  | Turn: 1/1 | Angle: 38.9°/360.0° | Progress: 10.8% | Inside: 0.00 | End OK: False
[Step 108] Phase: 2  | Turn: 1/1 | Angle: 39.8°/360.0° | Progress: 11.1% | Inside: 0.00 | End OK: False
[Step 109] Phase: 2  | Turn: 1/1 | Angle: 41.8°/360.0° | Progress: 11.6% | Inside: 0.00 | End OK: False
[Step 110] Phase: 2  | Turn: 1/1 | Angle: 43.2°/360.0° | Progress: 12.0% | Inside: 0.00 | End OK: False
[Step 111] Phase: 2  | Turn: 1/1 | Angle: 43.6°/360.0° | Progress: 12.1% | Inside: 0.00 | End OK: False
[Step 112] Phase: 2  | Turn: 1/1 | Angle: 44.9°/360.0° | Progress: 12.5% | Inside: 0.00 | End OK: False
[Step 113] Phase: 2  | Turn: 1/1 | Angle: 44.6°/360.0° | Progress: 12.4% | Inside: 0.00 | End OK: False
[Step 114] Phase: 3  | Turn: 1/1 | Angle: 44.6°/360.0° | Progress: 12.4% | Inside: 0.00 | End OK: False
[Step 115] Phase: 3  | Turn: 1/1 | Angle: 32.3°/360.0° | Progress: 9.0% | Inside: 0.00 | End OK: False
[Step 116] Phase: 3  | Turn: 1/1 | Angle: 17.1°/360.0° | Progress: 4.8% | Inside: 0.00 | End OK: False
[Step 117] Phase: 3  | Turn: 1/1 | Angle: 4.9°/360.0° | Progress: 1.4% | Inside: 0.00 | End OK: False
[Step 118] Phase: 3  | Turn: 1/1 | Angle: 0.0°/360.0° | Progress: 0.0% | Inside: 0.00 | End OK: False
[Step 119] Phase: 3  | Turn: 1/1 | Angle: 0.0°/360.0° | Progress: 0.0% | Inside: 0.00 | End OK: False
[Step 120] Phase: 3  | Turn: 1/1 | Angle: 0.0°/360.0° | Progress: 0.0% | Inside: 0.00 | End OK: False
[Step 121] Phase: 3  | Turn: 1/1 | Angle: 0.0°/360.0° | Progress: 0.0% | Inside: 0.00 | End OK: False
[Step 122] Phase: 3  | Turn: 1/1 | Angle: 0.0°/360.0° | Progress: 0.0% | Inside: 0.00 | End OK: False
[Step 123] Phase: 3  | Turn: 1/1 | Angle: 0.0°/360.0° | Progress: 0.0% | Inside: 0.00 | End OK: False
[Step 124] Phase: 3  | Turn: 1/1 | Angle: 0.0°/360.0° | Progress: 0.0% | Inside: 0.00 | End OK: False
[Step 125] Phase: 3  | Turn: 1/1 | Angle: 0.0°/360.0° | Progress: 0.0% | Inside: 0.00 | End OK: False
[Step 126] Phase: 3  | Turn: 1/1 | Angle: 0.0°/360.0° | Progress: 0.0% | Inside: 0.00 | End OK: False
[Step 127] Phase: 3  | Turn: 1/1 | Angle: 0.0°/360.0° | Progress: 0.0% | Inside: 0.00 | End OK: False
[Step 128] Phase: 3  | Turn: 1/1 | Angle: 0.0°/360.0° | Progress: 0.0% | Inside: 0.00 | End OK: False
[Step 129] Phase: 3  | Turn: 1/1 | Angle: 0.0°/360.0° | Progress: 0.0% | Inside: 0.00 | End OK: False
[Step 130] Phase: 3  | Turn: 1/1 | Angle: 0.0°/360.0° | Progress: 0.0% | Inside: 0.00 | End OK: False
[Step 131] Phase: 3  | Turn: 1/1 | Angle: 0.0°/360.0° | Progress: 0.0% | Inside: 0.00 | End OK: False
[Step 132] Phase: 3  | Turn: 1/1 | Angle: 0.0°/360.0° | Progress: 0.0% | Inside: 0.00 | End OK: False
[Step 133] Phase: 3  | Turn: 1/1 | Angle: 0.0°/360.0° | Progress: 0.0% | Inside: 0.00 | End OK: False
[Step 134] Phase: 3  | Turn: 1/1 | Angle: 0.0°/360.0° | Progress: 0.0% | Inside: 0.00 | End OK: False
[Step 135] Phase: 3  | Turn: 1/1 | Angle: 0.0°/360.0° | Progress: 0.0% | Inside: 0.00 | End OK: False
[Step 136] Phase: 3  | Turn: 1/1 | Angle: 0.0°/360.0° | Progress: 0.0% | Inside: 0.00 | End OK: False
[Step 137] Phase: 3  | Turn: 1/1 | Angle: 0.0°/360.0° | Progress: 0.0% | Inside: 0.00 | End OK: False
[Step 138] Phase: 3  | Turn: 1/1 | Angle: 0.0°/360.0° | Progress: 0.0% | Inside: 0.00 | End OK: False
[Step 139] Phase: 3  | Turn: 1/1 | Angle: 0.0°/360.0° | Progress: 0.0% | Inside: 0.00 | End OK: False
[Step 140] Phase: 3  | Turn: 1/1 | Angle: 0.0°/360.0° | Progress: 0.0% | Inside: 0.00 | End OK: False
[Step 141] Phase: 3  | Turn: 1/1 | Angle: 0.0°/360.0° | Progress: 0.0% | Inside: 0.00 | End OK: False
[Step 142] Phase: 3  | Turn: 1/1 | Angle: 0.0°/360.0° | Progress: 0.0% | Inside: 0.00 | End OK: False
[Step 143] Phase: 3  | Turn: 1/1 | Angle: 0.0°/360.0° | Progress: 0.0% | Inside: 0.00 | End OK: False
[Step 144] Phase: 3  | Turn: 1/1 | Angle: 0.0°/360.0° | Progress: 0.0% | Inside: 0.00 | End OK: False
[Step 145] Phase: 3  | Turn: 1/1 | Angle: 0.0°/360.0° | Progress: 0.0% | Inside: 0.00 | End OK: False
[Step 146] Phase: 3  | Turn: 1/1 | Angle: 0.0°/360.0° | Progress: 0.0% | Inside: 0.00 | End OK: False
[Step 147] Phase: 3  | Turn: 1/1 | Angle: 0.0°/360.0° | Progress: 0.0% | Inside: 0.00 | End OK: False
[Step 148] Phase: 3  | Turn: 1/1 | Angle: 0.0°/360.0° | Progress: 0.0% | Inside: 0.00 | End OK: False
[Step 149] Phase: 3  | Turn: 1/1 | Angle: 0.0°/360.0° | Progress: 0.0% | Inside: 0.00 | End OK: False
[Step 150] Phase: 3  | Turn: 1/1 | Angle: 0.0°/360.0° | Progress: 0.0% | Inside: 0.00 | End OK: False
[Step 151] Phase: 3  | Turn: 1/1 | Angle: 0.0°/360.0° | Progress: 0.0% | Inside: 0.00 | End OK: False
[Step 152] Phase: 3  | Turn: 1/1 | Angle: 0.0°/360.0° | Progress: 0.0% | Inside: 0.00 | End OK: False
[Step 153] Phase: 3  | Turn: 1/1 | Angle: 0.0°/360.0° | Progress: 0.0% | Inside: 0.00 | End OK: False
[Step 154] Phase: 3  | Turn: 1/1 | Angle: 0.0°/360.0° | Progress: 0.0% | Inside: 0.00 | End OK: False
[Step 155] Phase: 3  | Turn: 1/1 | Angle: 0.0°/360.0° | Progress: 0.0% | Inside: 0.00 | End OK: False
[Step 156] Phase: 3  | Turn: 1/1 | Angle: 0.0°/360.0° | Progress: 0.0% | Inside: 0.00 | End OK: False
[Step 157] Phase: 3  | Turn: 1/1 | Angle: 0.0°/360.0° | Progress: 0.0% | Inside: 0.00 | End OK: False
[Step 158] Phase: 3  | Turn: 1/1 | Angle: 0.0°/360.0° | Progress: 0.0% | Inside: 0.00 | End OK: False
[Step 159] Phase: 3  | Turn: 1/1 | Angle: 0.0°/360.0° | Progress: 0.0% | Inside: 0.00 | End OK: False
[Step 160] Phase: 3  | Turn: 1/1 | Angle: 0.0°/360.0° | Progress: 0.0% | Inside: 0.00 | End OK: False
[Step 161] Phase: 3  | Turn: 1/1 | Angle: 0.0°/360.0° | Progress: 0.0% | Inside: 0.00 | End OK: False
[Step 162] Phase: 3  | Turn: 1/1 | Angle: 0.0°/360.0° | Progress: 0.0% | Inside: 0.00 | End OK: False
[Step 163] Phase: 3  | Turn: 1/1 | Angle: 0.0°/360.0° | Progress: 0.0% | Inside: 0.00 | End OK: False
[Step 164] Phase: 3  | Turn: 1/1 | Angle: 0.0°/360.0° | Progress: 0.0% | Inside: 0.00 | End OK: False
[Step 165] Phase: 4  | Turn: 1/1 | Angle: 0.0°/360.0° | Progress: 0.0% | Inside: 0.00 | End OK: False
[Step 166] Phase: 4  | Turn: 1/1 | Angle: 0.0°/360.0° | Progress: 0.0% | Inside: 0.00 | End OK: False
[Step 167] Phase: 4  | Turn: 1/1 | Angle: 0.0°/360.0° | Progress: 0.0% | Inside: 0.00 | End OK: False
[Step 168] Phase: 4  | Turn: 1/1 | Angle: 0.0°/360.0° | Progress: 0.0% | Inside: 0.00 | End OK: False
[Step 169] Phase: 4  | Turn: 1/1 | Angle: 0.0°/360.0° | Progress: 0.0% | Inside: 0.00 | End OK: False
[Step 170] Phase: 4  | Turn: 1/1 | Angle: 0.0°/360.0° | Progress: 0.0% | Inside: 0.00 | End OK: False
[Step 171] Phase: 4  | Turn: 1/1 | Angle: 0.0°/360.0° | Progress: 0.0% | Inside: 0.00 | End OK: False
[Step 172] Phase: 4  | Turn: 1/1 | Angle: 0.0°/360.0° | Progress: 0.0% | Inside: 0.00 | End OK: False
[Step 173] Phase: 4  | Turn: 1/1 | Angle: 0.0°/360.0° | Progress: 0.0% | Inside: 0.00 | End OK: False
[Step 174] Phase: 4  | Turn: 1/1 | Angle: 0.0°/360.0° | Progress: 0.0% | Inside: 0.00 | End OK: False
[Step 175] Phase: 4  | Turn: 1/1 | Angle: 0.0°/360.0° | Progress: 0.0% | Inside: 0.00 | End OK: False
[Step 176] Phase: 4  | Turn: 1/1 | Angle: 0.0°/360.0° | Progress: 0.0% | Inside: 0.00 | End OK: False
[Step 177] Phase: 4  | Turn: 1/1 | Angle: 0.0°/360.0° | Progress: 0.0% | Inside: 0.00 | End OK: False
[Step 178] Phase: 4  | Turn: 1/1 | Angle: 0.0°/360.0° | Progress: 0.0% | Inside: 0.00 | End OK: False
[Step 179] Phase: 4  | Turn: 1/1 | Angle: 0.0°/360.0° | Progress: 0.0% | Inside: 0.00 | End OK: False
[Step 180] Phase: 4  | Turn: 1/1 | Angle: 0.0°/360.0° | Progress: 0.0% | Inside: 0.00 | End OK: False
[Step 181] Phase: 4  | Turn: 1/1 | Angle: 0.0°/360.0° | Progress: 0.0% | Inside: 0.00 | End OK: False
[Step 182] Phase: 4  | Turn: 1/1 | Angle: 0.0°/360.0° | Progress: 0.0% | Inside: 0.00 | End OK: False
[Step 183] Phase: 4  | Turn: 1/1 | Angle: 0.0°/360.0° | Progress: 0.0% | Inside: 0.00 | End OK: False
[Step 184] Phase: 4  | Turn: 1/1 | Angle: 0.0°/360.0° | Progress: 0.0% | Inside: 0.00 | End OK: False
[Step 185] Phase: 4  | Turn: 1/1 | Angle: 0.0°/360.0° | Progress: 0.0% | Inside: 0.00 | End OK: False
[Step 186] Phase: 4  | Turn: 1/1 | Angle: 0.0°/360.0° | Progress: 0.0% | Inside: 0.00 | End OK: False
[Step 187] Phase: 4  | Turn: 1/1 | Angle: 0.0°/360.0° | Progress: 0.0% | Inside: 0.00 | End OK: False
[Step 188] Phase: 4  | Turn: 1/1 | Angle: 0.0°/360.0° | Progress: 0.0% | Inside: 0.00 | End OK: False
[Step 189] Phase: 4  | Turn: 1/1 | Angle: 0.0°/360.0° | Progress: 0.0% | Inside: 0.00 | End OK: False
[Step 190] Phase: 4  | Turn: 1/1 | Angle: 0.0°/360.0° | Progress: 0.0% | Inside: 0.00 | End OK: False
[Step 191] Phase: 4  | Turn: 1/1 | Angle: 0.0°/360.0° | Progress: 0.0% | Inside: 0.00 | End OK: False
[Step 192] Phase: 4  | Turn: 1/1 | Angle: 0.0°/360.0° | Progress: 0.0% | Inside: 0.00 | End OK: False
[Step 193] Phase: 4  | Turn: 1/1 | Angle: 0.0°/360.0° | Progress: 0.0% | Inside: 0.00 | End OK: False
[Step 194] Phase: 4  | Turn: 1/1 | Angle: 0.0°/360.0° | Progress: 0.0% | Inside: 0.00 | End OK: False
[Step 195] Phase: 4  | Turn: 1/1 | Angle: 0.0°/360.0° | Progress: 0.0% | Inside: 0.00 | End OK: False
[Step 196] Phase: 4  | Turn: 1/1 | Angle: 0.0°/360.0° | Progress: 0.0% | Inside: 0.00 | End OK: False
[Step 197] Phase: 4  | Turn: 1/1 | Angle: 0.0°/360.0° | Progress: 0.0% | Inside: 0.00 | End OK: False
[Step 198] Phase: 5  | Turn: 1/1 | Angle: 0.0°/360.0° | Progress: 0.0% | Inside: 0.00 | End OK: False
[Step 199] Phase: 5  | Turn: 1/1 | Angle: 0.0°/360.0° | Progress: 0.0% | Inside: 0.00 | End OK: False
[Step 200] Phase: 5  | Turn: 1/1 | Angle: 0.0°/360.0° | Progress: 0.0% | Inside: 0.00 | End OK: False
  [ep 0/1, attempt 5] step 201/530  terminated=False  truncated=False
[Step 201] Phase: 5  | Turn: 1/1 | Angle: 0.0°/360.0° | Progress: 0.0% | Inside: 0.00 | End OK: False
[Step 202] Phase: 5  | Turn: 1/1 | Angle: 0.0°/360.0° | Progress: 0.0% | Inside: 0.00 | End OK: False
[Step 203] Phase: 5  | Turn: 1/1 | Angle: 0.0°/360.0° | Progress: 0.0% | Inside: 0.00 | End OK: False
[Step 204] Phase: 5  | Turn: 1/1 | Angle: 0.0°/360.0° | Progress: 0.0% | Inside: 0.00 | End OK: False
[Step 205] Phase: 5  | Turn: 1/1 | Angle: 0.0°/360.0° | Progress: 0.0% | Inside: 0.00 | End OK: False
[Step 206] Phase: 5  | Turn: 1/1 | Angle: 0.0°/360.0° | Progress: 0.0% | Inside: 0.00 | End OK: False
[Step 207] Phase: 5  | Turn: 1/1 | Angle: 0.0°/360.0° | Progress: 0.0% | Inside: 0.00 | End OK: False
[Step 208] Phase: 5  | Turn: 1/1 | Angle: 0.0°/360.0° | Progress: 0.0% | Inside: 0.00 | End OK: False
[Step 209] Phase: 5  | Turn: 1/1 | Angle: 0.0°/360.0° | Progress: 0.0% | Inside: 0.00 | End OK: False
[Step 210] Phase: 5  | Turn: 1/1 | Angle: 0.0°/360.0° | Progress: 0.0% | Inside: 0.00 | End OK: False
[Step 211] Phase: 5  | Turn: 1/1 | Angle: 0.0°/360.0° | Progress: 0.0% | Inside: 0.00 | End OK: False
[Step 212] Phase: 5  | Turn: 1/1 | Angle: 0.0°/360.0° | Progress: 0.0% | Inside: 0.00 | End OK: False
[Step 213] Phase: 5  | Turn: 1/1 | Angle: 0.0°/360.0° | Progress: 0.0% | Inside: 0.00 | End OK: False
[Step 214] Phase: 5  | Turn: 1/1 | Angle: 0.0°/360.0° | Progress: 0.0% | Inside: 0.00 | End OK: False
[Step 215] Phase: 5  | Turn: 1/1 | Angle: 0.0°/360.0° | Progress: 0.0% | Inside: 0.00 | End OK: False
[Step 216] Phase: 5  | Turn: 1/1 | Angle: 0.0°/360.0° | Progress: 0.0% | Inside: 0.00 | End OK: False
[Step 217] Phase: 5  | Turn: 1/1 | Angle: 0.0°/360.0° | Progress: 0.0% | Inside: 0.00 | End OK: False
[Step 218] Phase: 5  | Turn: 1/1 | Angle: 0.0°/360.0° | Progress: 0.0% | Inside: 0.00 | End OK: False
[Step 219] Phase: 5  | Turn: 1/1 | Angle: 0.0°/360.0° | Progress: 0.0% | Inside: 0.00 | End OK: False
[Step 220] Phase: 5  | Turn: 1/1 | Angle: 0.0°/360.0° | Progress: 0.0% | Inside: 0.00 | End OK: False
[Step 221] Phase: 5  | Turn: 1/1 | Angle: 0.0°/360.0° | Progress: 0.0% | Inside: 0.00 | End OK: False
[Step 222] Phase: 5  | Turn: 1/1 | Angle: 0.0°/360.0° | Progress: 0.0% | Inside: 0.00 | End OK: False
[Step 223] Phase: 5  | Turn: 1/1 | Angle: 0.0°/360.0° | Progress: 0.0% | Inside: 0.00 | End OK: False
[Step 224] Phase: 5  | Turn: 1/1 | Angle: 0.0°/360.0° | Progress: 0.0% | Inside: 0.00 | End OK: False
[Step 225] Phase: 5  | Turn: 1/1 | Angle: 0.0°/360.0° | Progress: 0.0% | Inside: 0.00 | End OK: False
[Step 226] Phase: 5  | Turn: 1/1 | Angle: 0.0°/360.0° | Progress: 0.0% | Inside: 0.00 | End OK: False
[Step 227] Phase: 5  | Turn: 1/1 | Angle: 0.0°/360.0° | Progress: 0.0% | Inside: 0.00 | End OK: False
[Step 228] Phase: 5  | Turn: 1/1 | Angle: 0.0°/360.0° | Progress: 0.0% | Inside: 0.00 | End OK: False
[Step 229] Phase: 5  | Turn: 1/1 | Angle: 0.0°/360.0° | Progress: 0.0% | Inside: 0.00 | End OK: False
[Step 230] Phase: 5  | Turn: 1/1 | Angle: 0.0°/360.0° | Progress: 0.0% | Inside: 0.14 | End OK: False
[Step 231] Phase: 5  | Turn: 1/1 | Angle: 0.0°/360.0° | Progress: 0.0% | Inside: 0.14 | End OK: False
[Step 232] Phase: 5  | Turn: 1/1 | Angle: 0.0°/360.0° | Progress: 0.0% | Inside: 0.14 | End OK: False
[Step 233] Phase: 5  | Turn: 1/1 | Angle: 0.0°/360.0° | Progress: 0.0% | Inside: 0.14 | End OK: False
[Step 234] Phase: 5  | Turn: 1/1 | Angle: 0.0°/360.0° | Progress: 0.0% | Inside: 0.14 | End OK: False
[Step 235] Phase: 5  | Turn: 1/1 | Angle: 0.0°/360.0° | Progress: 0.0% | Inside: 0.14 | End OK: False
[Step 236] Phase: 5  | Turn: 1/1 | Angle: 0.0°/360.0° | Progress: 0.0% | Inside: 0.14 | End OK: False
[Step 237] Phase: 5  | Turn: 1/1 | Angle: 0.0°/360.0° | Progress: 0.0% | Inside: 0.14 | End OK: False
[Step 238] Phase: 5  | Turn: 1/1 | Angle: 0.0°/360.0° | Progress: 0.0% | Inside: 0.14 | End OK: False
[Step 239] Phase: 5  | Turn: 1/1 | Angle: 0.0°/360.0° | Progress: 0.0% | Inside: 0.07 | End OK: False
[Step 240] Phase: 5  | Turn: 1/1 | Angle: 0.0°/360.0° | Progress: 0.0% | Inside: 0.07 | End OK: False
[Step 241] Phase: 5  | Turn: 1/1 | Angle: 0.0°/360.0° | Progress: 0.0% | Inside: 0.07 | End OK: False
[Step 242] Phase: 5  | Turn: 1/1 | Angle: 0.0°/360.0° | Progress: 0.0% | Inside: 0.07 | End OK: False
[Step 243] Phase: 5  | Turn: 1/1 | Angle: 0.0°/360.0° | Progress: 0.0% | Inside: 0.07 | End OK: True
[Step 244] Phase: 5  | Turn: 1/1 | Angle: 0.0°/360.0° | Progress: 0.0% | Inside: 0.14 | End OK: True
[Step 245] Phase: 5  | Turn: 1/1 | Angle: 0.0°/360.0° | Progress: 0.0% | Inside: 0.14 | End OK: True
[Step 246] Phase: 5  | Turn: 1/1 | Angle: 0.0°/360.0° | Progress: 0.0% | Inside: 0.14 | End OK: True
[Step 247] Phase: 5  | Turn: 1/1 | Angle: 0.0°/360.0° | Progress: 0.0% | Inside: 0.14 | End OK: True
[Step 248] Phase: 5  | Turn: 1/1 | Angle: 0.0°/360.0° | Progress: 0.0% | Inside: 0.14 | End OK: True
[Step 249] Phase: 5  | Turn: 1/1 | Angle: 0.0°/360.0° | Progress: 0.0% | Inside: 0.14 | End OK: True
[Step 250] Phase: 5  | Turn: 1/1 | Angle: 0.0°/360.0° | Progress: 0.0% | Inside: 0.14 | End OK: True
[Step 251] Phase: 5  | Turn: 1/1 | Angle: 0.0°/360.0° | Progress: 0.0% | Inside: 0.14 | End OK: True
[Step 252] Phase: 5  | Turn: 1/1 | Angle: 0.0°/360.0° | Progress: 0.0% | Inside: 0.14 | End OK: True
[Step 253] Phase: 5  | Turn: 1/1 | Angle: 0.0°/360.0° | Progress: 0.0% | Inside: 0.07 | End OK: True
[Step 254] Phase: 5  | Turn: 1/1 | Angle: 0.0°/360.0° | Progress: 0.0% | Inside: 0.07 | End OK: True
[Step 255] Phase: 5  | Turn: 1/1 | Angle: 0.0°/360.0° | Progress: 0.0% | Inside: 0.14 | End OK: True
[Step 256] Phase: 5  | Turn: 1/1 | Angle: 0.0°/360.0° | Progress: 0.0% | Inside: 0.14 | End OK: True
[Step 257] Phase: 5  | Turn: 1/1 | Angle: 0.0°/360.0° | Progress: 0.0% | Inside: 0.14 | End OK: True
[Step 258] Phase: 5  | Turn: 1/1 | Angle: 0.0°/360.0° | Progress: 0.0% | Inside: 0.14 | End OK: True
[Step 259] Phase: 5  | Turn: 1/1 | Angle: 0.0°/360.0° | Progress: 0.0% | Inside: 0.14 | End OK: True
[Step 260] Phase: 5  | Turn: 1/1 | Angle: 0.0°/360.0° | Progress: 0.0% | Inside: 0.14 | End OK: True
[Step 261] Phase: 5  | Turn: 1/1 | Angle: 0.0°/360.0° | Progress: 0.0% | Inside: 0.14 | End OK: True
[Step 262] Phase: 5  | Turn: 1/1 | Angle: 0.0°/360.0° | Progress: 0.0% | Inside: 0.14 | End OK: True
[Step 263] Phase: 5  | Turn: 1/1 | Angle: 0.0°/360.0° | Progress: 0.0% | Inside: 0.14 | End OK: True
[Step 264] Phase: 5  | Turn: 1/1 | Angle: 0.0°/360.0° | Progress: 0.0% | Inside: 0.14 | End OK: True
[Step 265] Phase: 5  | Turn: 1/1 | Angle: 0.0°/360.0° | Progress: 0.0% | Inside: 0.21 | End OK: True
[Step 266] Phase: 5  | Turn: 1/1 | Angle: 0.0°/360.0° | Progress: 0.0% | Inside: 0.21 | End OK: True
[Step 267] Phase: 5  | Turn: 1/1 | Angle: 0.0°/360.0° | Progress: 0.0% | Inside: 0.21 | End OK: True
[Step 268] Phase: 5  | Turn: 1/1 | Angle: 5.7°/360.0° | Progress: 1.6% | Inside: 0.29 | End OK: True
[Step 269] Phase: 5  | Turn: 1/1 | Angle: 13.5°/360.0° | Progress: 3.8% | Inside: 0.29 | End OK: True
[Step 270] Phase: 5  | Turn: 1/1 | Angle: 14.3°/360.0° | Progress: 4.0% | Inside: 0.29 | End OK: True
[Step 271] Phase: 5  | Turn: 1/1 | Angle: 10.0°/360.0° | Progress: 2.8% | Inside: 0.29 | End OK: True
[Step 272] Phase: 5  | Turn: 1/1 | Angle: 5.0°/360.0° | Progress: 1.4% | Inside: 0.29 | End OK: True
[Step 273] Phase: 5  | Turn: 1/1 | Angle: 3.0°/360.0° | Progress: 0.8% | Inside: 0.29 | End OK: True
[Step 274] Phase: 6  | Turn: 1/1 | Angle: 2.0°/360.0° | Progress: 0.6% | Inside: 0.29 | End OK: True
[Step 275] Phase: 6  | Turn: 1/1 | Angle: 1.2°/360.0° | Progress: 0.3% | Inside: 0.29 | End OK: True
[Step 276] Phase: 6  | Turn: 1/1 | Angle: 2.2°/360.0° | Progress: 0.6% | Inside: 0.29 | End OK: True
[Step 277] Phase: 6  | Turn: 1/1 | Angle: 3.2°/360.0° | Progress: 0.9% | Inside: 0.29 | End OK: True
[Step 278] Phase: 6  | Turn: 1/1 | Angle: 4.3°/360.0° | Progress: 1.2% | Inside: 0.29 | End OK: True
[Step 279] Phase: 6  | Turn: 1/1 | Angle: 5.3°/360.0° | Progress: 1.5% | Inside: 0.29 | End OK: True
[Step 280] Phase: 6  | Turn: 1/1 | Angle: 6.2°/360.0° | Progress: 1.7% | Inside: 0.29 | End OK: True
[Step 281] Phase: 6  | Turn: 1/1 | Angle: 7.1°/360.0° | Progress: 2.0% | Inside: 0.29 | End OK: True
[Step 282] Phase: 6  | Turn: 1/1 | Angle: 7.9°/360.0° | Progress: 2.2% | Inside: 0.29 | End OK: True
[Step 283] Phase: 6  | Turn: 1/1 | Angle: 8.6°/360.0° | Progress: 2.4% | Inside: 0.29 | End OK: True
[Step 284] Phase: 6  | Turn: 1/1 | Angle: 9.3°/360.0° | Progress: 2.6% | Inside: 0.29 | End OK: True
[Step 285] Phase: 6  | Turn: 1/1 | Angle: 9.8°/360.0° | Progress: 2.7% | Inside: 0.29 | End OK: True
[Step 286] Phase: 6  | Turn: 1/1 | Angle: 10.3°/360.0° | Progress: 2.9% | Inside: 0.29 | End OK: True
[Step 287] Phase: 6  | Turn: 1/1 | Angle: 10.1°/360.0° | Progress: 2.8% | Inside: 0.29 | End OK: True
[Step 288] Phase: 6  | Turn: 1/1 | Angle: 9.1°/360.0° | Progress: 2.5% | Inside: 0.29 | End OK: True
[Step 289] Phase: 6  | Turn: 1/1 | Angle: 9.1°/360.0° | Progress: 2.5% | Inside: 0.29 | End OK: True
[Step 290] Phase: 6  | Turn: 1/1 | Angle: 9.2°/360.0° | Progress: 2.5% | Inside: 0.29 | End OK: True
[Step 291] Phase: 6  | Turn: 1/1 | Angle: 9.3°/360.0° | Progress: 2.6% | Inside: 0.29 | End OK: True
[Step 292] Phase: 6  | Turn: 1/1 | Angle: 9.5°/360.0° | Progress: 2.6% | Inside: 0.29 | End OK: True
[Step 293] Phase: 6  | Turn: 1/1 | Angle: 9.8°/360.0° | Progress: 2.7% | Inside: 0.29 | End OK: True
[Step 294] Phase: 6  | Turn: 1/1 | Angle: 10.1°/360.0° | Progress: 2.8% | Inside: 0.29 | End OK: True
[Step 295] Phase: 6  | Turn: 1/1 | Angle: 10.4°/360.0° | Progress: 2.9% | Inside: 0.29 | End OK: True
[Step 296] Phase: 6  | Turn: 1/1 | Angle: 10.7°/360.0° | Progress: 3.0% | Inside: 0.29 | End OK: True
[Step 297] Phase: 6  | Turn: 1/1 | Angle: 11.1°/360.0° | Progress: 3.1% | Inside: 0.29 | End OK: True
[Step 298] Phase: 6  | Turn: 1/1 | Angle: 11.4°/360.0° | Progress: 3.2% | Inside: 0.29 | End OK: True
[Step 299] Phase: 6  | Turn: 1/1 | Angle: 11.6°/360.0° | Progress: 3.2% | Inside: 0.29 | End OK: True
[Step 300] Phase: 6  | Turn: 1/1 | Angle: 11.9°/360.0° | Progress: 3.3% | Inside: 0.29 | End OK: True
  [ep 0/1, attempt 5] step 301/530  terminated=False  truncated=False
[Step 301] Phase: 6  | Turn: 1/1 | Angle: 12.1°/360.0° | Progress: 3.4% | Inside: 0.29 | End OK: True
[Step 302] Phase: 6  | Turn: 1/1 | Angle: 12.4°/360.0° | Progress: 3.4% | Inside: 0.29 | End OK: True
[Step 303] Phase: 7  | Turn: 1/1 | Angle: 12.7°/360.0° | Progress: 3.5% | Inside: 0.29 | End OK: True
[Step 304] Phase: 7  | Turn: 1/1 | Angle: 12.9°/360.0° | Progress: 3.6% | Inside: 0.29 | End OK: True
[Step 305] Phase: 7  | Turn: 1/1 | Angle: 13.1°/360.0° | Progress: 3.6% | Inside: 0.29 | End OK: True
[Step 306] Phase: 7  | Turn: 1/1 | Angle: 13.3°/360.0° | Progress: 3.7% | Inside: 0.29 | End OK: True
[Step 307] Phase: 7  | Turn: 1/1 | Angle: 13.5°/360.0° | Progress: 3.7% | Inside: 0.29 | End OK: True
[Step 308] Phase: 7  | Turn: 1/1 | Angle: 13.6°/360.0° | Progress: 3.8% | Inside: 0.29 | End OK: True
[Step 309] Phase: 7  | Turn: 1/1 | Angle: 13.8°/360.0° | Progress: 3.8% | Inside: 0.29 | End OK: True
[Step 310] Phase: 7  | Turn: 1/1 | Angle: 13.9°/360.0° | Progress: 3.9% | Inside: 0.29 | End OK: True
[Step 311] Phase: 7  | Turn: 1/1 | Angle: 14.1°/360.0° | Progress: 3.9% | Inside: 0.29 | End OK: True
[Step 312] Phase: 7  | Turn: 1/1 | Angle: 14.2°/360.0° | Progress: 3.9% | Inside: 0.29 | End OK: True
[Step 313] Phase: 7  | Turn: 1/1 | Angle: 14.3°/360.0° | Progress: 4.0% | Inside: 0.29 | End OK: True
[Step 314] Phase: 7  | Turn: 1/1 | Angle: 14.5°/360.0° | Progress: 4.0% | Inside: 0.29 | End OK: True
[Step 315] Phase: 7  | Turn: 1/1 | Angle: 14.6°/360.0° | Progress: 4.0% | Inside: 0.29 | End OK: True
[Step 316] Phase: 7  | Turn: 1/1 | Angle: 14.7°/360.0° | Progress: 4.1% | Inside: 0.29 | End OK: True
[Step 317] Phase: 7  | Turn: 1/1 | Angle: 14.8°/360.0° | Progress: 4.1% | Inside: 0.29 | End OK: True
[Step 318] Phase: 7  | Turn: 1/1 | Angle: 14.9°/360.0° | Progress: 4.1% | Inside: 0.29 | End OK: True
[Step 319] Phase: 7  | Turn: 1/1 | Angle: 15.0°/360.0° | Progress: 4.2% | Inside: 0.29 | End OK: True
[Step 320] Phase: 7  | Turn: 1/1 | Angle: 15.1°/360.0° | Progress: 4.2% | Inside: 0.29 | End OK: True
[Step 321] Phase: 8  | Turn: 1/1 | Angle: 15.1°/360.0° | Progress: 4.2% | Inside: 0.29 | End OK: True
[Step 322] Phase: 8  | Turn: 1/1 | Angle: 14.7°/360.0° | Progress: 4.1% | Inside: 0.29 | End OK: True
[Step 323] Phase: 8  | Turn: 1/1 | Angle: 14.3°/360.0° | Progress: 4.0% | Inside: 0.29 | End OK: True
[Step 324] Phase: 8  | Turn: 1/1 | Angle: 14.0°/360.0° | Progress: 3.9% | Inside: 0.29 | End OK: True
[Step 325] Phase: 8  | Turn: 1/1 | Angle: 13.9°/360.0° | Progress: 3.9% | Inside: 0.29 | End OK: True
[Step 326] Phase: 8  | Turn: 1/1 | Angle: 13.8°/360.0° | Progress: 3.8% | Inside: 0.29 | End OK: True
[Step 327] Phase: 8  | Turn: 1/1 | Angle: 13.8°/360.0° | Progress: 3.8% | Inside: 0.29 | End OK: True
[Step 328] Phase: 8  | Turn: 1/1 | Angle: 13.7°/360.0° | Progress: 3.8% | Inside: 0.29 | End OK: True
[Step 329] Phase: 8  | Turn: 1/1 | Angle: 13.7°/360.0° | Progress: 3.8% | Inside: 0.29 | End OK: True
[Step 330] Phase: 8  | Turn: 1/1 | Angle: 13.7°/360.0° | Progress: 3.8% | Inside: 0.29 | End OK: True
[Step 331] Phase: 8  | Turn: 1/1 | Angle: 13.7°/360.0° | Progress: 3.8% | Inside: 0.29 | End OK: True
[Step 332] Phase: 8  | Turn: 1/1 | Angle: 13.8°/360.0° | Progress: 3.8% | Inside: 0.29 | End OK: True
[Step 333] Phase: 8  | Turn: 1/1 | Angle: 13.9°/360.0° | Progress: 3.9% | Inside: 0.29 | End OK: True
[Step 334] Phase: 8  | Turn: 1/1 | Angle: 14.0°/360.0° | Progress: 3.9% | Inside: 0.29 | End OK: True
[Step 335] Phase: 8  | Turn: 1/1 | Angle: 14.1°/360.0° | Progress: 3.9% | Inside: 0.29 | End OK: True
[Step 336] Phase: 8  | Turn: 1/1 | Angle: 14.2°/360.0° | Progress: 4.0% | Inside: 0.29 | End OK: True
[Step 337] Phase: 8  | Turn: 1/1 | Angle: 14.4°/360.0° | Progress: 4.0% | Inside: 0.29 | End OK: True
[Step 338] Phase: 8  | Turn: 1/1 | Angle: 14.5°/360.0° | Progress: 4.0% | Inside: 0.29 | End OK: True
[Step 339] Phase: 8  | Turn: 1/1 | Angle: 14.7°/360.0° | Progress: 4.1% | Inside: 0.29 | End OK: True
[Step 340] Phase: 8  | Turn: 1/1 | Angle: 14.9°/360.0° | Progress: 4.1% | Inside: 0.29 | End OK: True
[Step 341] Phase: 8  | Turn: 1/1 | Angle: 15.1°/360.0° | Progress: 4.2% | Inside: 0.29 | End OK: True
[Step 342] Phase: 8  | Turn: 1/1 | Angle: 15.2°/360.0° | Progress: 4.2% | Inside: 0.29 | End OK: True
[Step 343] Phase: 8  | Turn: 1/1 | Angle: 15.3°/360.0° | Progress: 4.3% | Inside: 0.29 | End OK: True
[Step 344] Phase: 8  | Turn: 1/1 | Angle: 15.4°/360.0° | Progress: 4.3% | Inside: 0.29 | End OK: True
[Step 345] Phase: 8  | Turn: 1/1 | Angle: 15.5°/360.0° | Progress: 4.3% | Inside: 0.29 | End OK: True
[Step 346] Phase: 8  | Turn: 1/1 | Angle: 15.6°/360.0° | Progress: 4.3% | Inside: 0.29 | End OK: True
[Step 347] Phase: 8  | Turn: 1/1 | Angle: 15.7°/360.0° | Progress: 4.4% | Inside: 0.29 | End OK: True
[Step 348] Phase: 8  | Turn: 1/1 | Angle: 15.7°/360.0° | Progress: 4.4% | Inside: 0.29 | End OK: True
[Step 349] Phase: 8  | Turn: 1/1 | Angle: 15.8°/360.0° | Progress: 4.4% | Inside: 0.29 | End OK: True
[Step 350] Phase: 8  | Turn: 1/1 | Angle: 15.8°/360.0° | Progress: 4.4% | Inside: 0.29 | End OK: True
[Step 351] Phase: 8  | Turn: 1/1 | Angle: 15.9°/360.0° | Progress: 4.4% | Inside: 0.29 | End OK: True
[Step 352] Phase: 8  | Turn: 1/1 | Angle: 15.9°/360.0° | Progress: 4.4% | Inside: 0.29 | End OK: True
[Step 353] Phase: 8  | Turn: 1/1 | Angle: 15.9°/360.0° | Progress: 4.4% | Inside: 0.29 | End OK: True
[Step 354] Phase: 8  | Turn: 1/1 | Angle: 16.0°/360.0° | Progress: 4.4% | Inside: 0.29 | End OK: True
[Step 355] Phase: 8  | Turn: 1/1 | Angle: 16.0°/360.0° | Progress: 4.4% | Inside: 0.29 | End OK: True
[Step 356] Phase: 8  | Turn: 1/1 | Angle: 16.0°/360.0° | Progress: 4.4% | Inside: 0.29 | End OK: True
[Step 357] Phase: 8  | Turn: 1/1 | Angle: 15.9°/360.0° | Progress: 4.4% | Inside: 0.29 | End OK: True
[Step 358] Phase: 8  | Turn: 1/1 | Angle: 15.9°/360.0° | Progress: 4.4% | Inside: 0.29 | End OK: True
[Step 359] Phase: 8  | Turn: 1/1 | Angle: 15.9°/360.0° | Progress: 4.4% | Inside: 0.29 | End OK: True
[Step 360] Phase: 8  | Turn: 1/1 | Angle: 15.9°/360.0° | Progress: 4.4% | Inside: 0.29 | End OK: True
[Step 361] Phase: 8  | Turn: 1/1 | Angle: 15.9°/360.0° | Progress: 4.4% | Inside: 0.29 | End OK: True
[Step 362] Phase: 8  | Turn: 1/1 | Angle: 15.9°/360.0° | Progress: 4.4% | Inside: 0.29 | End OK: True
[Step 363] Phase: 8  | Turn: 1/1 | Angle: 15.9°/360.0° | Progress: 4.4% | Inside: 0.29 | End OK: True
[Step 364] Phase: 8  | Turn: 1/1 | Angle: 15.9°/360.0° | Progress: 4.4% | Inside: 0.29 | End OK: True
[Step 365] Phase: 8  | Turn: 1/1 | Angle: 15.9°/360.0° | Progress: 4.4% | Inside: 0.29 | End OK: True
[Step 366] Phase: 8  | Turn: 1/1 | Angle: 15.9°/360.0° | Progress: 4.4% | Inside: 0.29 | End OK: True
[Step 367] Phase: 8  | Turn: 1/1 | Angle: 15.9°/360.0° | Progress: 4.4% | Inside: 0.29 | End OK: True
[Step 368] Phase: 8  | Turn: 1/1 | Angle: 15.9°/360.0° | Progress: 4.4% | Inside: 0.29 | End OK: True
[Step 369] Phase: 8  | Turn: 1/1 | Angle: 16.0°/360.0° | Progress: 4.4% | Inside: 0.29 | End OK: True
[Step 370] Phase: 8  | Turn: 1/1 | Angle: 16.0°/360.0° | Progress: 4.4% | Inside: 0.29 | End OK: True
[Step 371] Phase: 8  | Turn: 1/1 | Angle: 16.0°/360.0° | Progress: 4.4% | Inside: 0.29 | End OK: True
[Step 372] Phase: 8  | Turn: 1/1 | Angle: 16.0°/360.0° | Progress: 4.4% | Inside: 0.29 | End OK: True
[Step 373] Phase: 8  | Turn: 1/1 | Angle: 16.0°/360.0° | Progress: 4.5% | Inside: 0.29 | End OK: True
[Step 374] Phase: 8  | Turn: 1/1 | Angle: 16.0°/360.0° | Progress: 4.5% | Inside: 0.29 | End OK: True
[Step 375] Phase: 8  | Turn: 1/1 | Angle: 16.0°/360.0° | Progress: 4.5% | Inside: 0.29 | End OK: True
[Step 376] Phase: 8  | Turn: 1/1 | Angle: 16.0°/360.0° | Progress: 4.5% | Inside: 0.29 | End OK: True
[Step 377] Phase: 8  | Turn: 1/1 | Angle: 16.0°/360.0° | Progress: 4.5% | Inside: 0.29 | End OK: True
[Step 378] Phase: 8  | Turn: 1/1 | Angle: 16.0°/360.0° | Progress: 4.5% | Inside: 0.29 | End OK: True
[Step 379] Phase: 8  | Turn: 1/1 | Angle: 16.0°/360.0° | Progress: 4.5% | Inside: 0.29 | End OK: True
[Step 380] Phase: 8  | Turn: 1/1 | Angle: 16.0°/360.0° | Progress: 4.4% | Inside: 0.29 | End OK: True
[Step 381] Phase: 8  | Turn: 1/1 | Angle: 16.0°/360.0° | Progress: 4.4% | Inside: 0.29 | End OK: True
[Step 382] Phase: 8  | Turn: 1/1 | Angle: 16.0°/360.0° | Progress: 4.4% | Inside: 0.29 | End OK: True
[Step 383] Phase: 8  | Turn: 1/1 | Angle: 16.0°/360.0° | Progress: 4.4% | Inside: 0.29 | End OK: True
[Step 384] Phase: 8  | Turn: 1/1 | Angle: 16.0°/360.0° | Progress: 4.4% | Inside: 0.29 | End OK: True
[Step 385] Phase: 9  | Turn: 1/1 | Angle: 16.0°/360.0° | Progress: 4.4% | Inside: 0.29 | End OK: True
[Step 386] Phase: 9  | Turn: 1/1 | Angle: 16.1°/360.0° | Progress: 4.5% | Inside: 0.29 | End OK: True
[Step 387] Phase: 9  | Turn: 1/1 | Angle: 16.1°/360.0° | Progress: 4.5% | Inside: 0.29 | End OK: True
[Step 388] Phase: 9  | Turn: 1/1 | Angle: 16.1°/360.0° | Progress: 4.5% | Inside: 0.29 | End OK: True
[Step 389] Phase: 9  | Turn: 1/1 | Angle: 16.1°/360.0° | Progress: 4.5% | Inside: 0.29 | End OK: True
[Step 390] Phase: 9  | Turn: 1/1 | Angle: 16.1°/360.0° | Progress: 4.5% | Inside: 0.29 | End OK: True
[Step 391] Phase: 9  | Turn: 1/1 | Angle: 16.2°/360.0° | Progress: 4.5% | Inside: 0.29 | End OK: True
[Step 392] Phase: 9  | Turn: 1/1 | Angle: 16.2°/360.0° | Progress: 4.5% | Inside: 0.29 | End OK: True
[Step 393] Phase: 9  | Turn: 1/1 | Angle: 16.1°/360.0° | Progress: 4.5% | Inside: 0.29 | End OK: True
[Step 394] Phase: 9  | Turn: 1/1 | Angle: 16.1°/360.0° | Progress: 4.5% | Inside: 0.29 | End OK: True
[Step 395] Phase: 9  | Turn: 1/1 | Angle: 16.1°/360.0° | Progress: 4.5% | Inside: 0.29 | End OK: True
[Step 396] Phase: 9  | Turn: 1/1 | Angle: 16.2°/360.0° | Progress: 4.5% | Inside: 0.29 | End OK: True
[Step 397] Phase: 9  | Turn: 1/1 | Angle: 16.3°/360.0° | Progress: 4.5% | Inside: 0.29 | End OK: True
[Step 398] Phase: 9  | Turn: 1/1 | Angle: 16.3°/360.0° | Progress: 4.5% | Inside: 0.29 | End OK: True
[Step 399] Phase: 10 | Turn: 1/1 | Angle: 16.3°/360.0° | Progress: 4.5% | Inside: 0.29 | End OK: True
[Step 400] Phase: 10 | Turn: 1/1 | Angle: 16.3°/360.0° | Progress: 4.5% | Inside: 0.29 | End OK: True
  [ep 0/1, attempt 5] step 401/530  terminated=False  truncated=False
[Step 401] Phase: 10 | Turn: 1/1 | Angle: 16.3°/360.0° | Progress: 4.5% | Inside: 0.29 | End OK: True
[Step 402] Phase: 10 | Turn: 1/1 | Angle: 16.3°/360.0° | Progress: 4.5% | Inside: 0.29 | End OK: True
[Step 403] Phase: 10 | Turn: 1/1 | Angle: 16.3°/360.0° | Progress: 4.5% | Inside: 0.29 | End OK: True
[Step 404] Phase: 10 | Turn: 1/1 | Angle: 16.3°/360.0° | Progress: 4.5% | Inside: 0.29 | End OK: True
[Step 405] Phase: 10 | Turn: 1/1 | Angle: 16.3°/360.0° | Progress: 4.5% | Inside: 0.29 | End OK: True
[Step 406] Phase: 10 | Turn: 1/1 | Angle: 16.3°/360.0° | Progress: 4.5% | Inside: 0.29 | End OK: True
[Step 407] Phase: 10 | Turn: 1/1 | Angle: 16.3°/360.0° | Progress: 4.5% | Inside: 0.29 | End OK: True
[Step 408] Phase: 10 | Turn: 1/1 | Angle: 16.3°/360.0° | Progress: 4.5% | Inside: 0.29 | End OK: True
[Step 409] Phase: 10 | Turn: 1/1 | Angle: 16.3°/360.0° | Progress: 4.5% | Inside: 0.29 | End OK: True
[Step 410] Phase: 10 | Turn: 1/1 | Angle: 16.3°/360.0° | Progress: 4.5% | Inside: 0.29 | End OK: True
[Step 411] Phase: 10 | Turn: 1/1 | Angle: 16.3°/360.0° | Progress: 4.5% | Inside: 0.29 | End OK: True
[Step 412] Phase: 10 | Turn: 1/1 | Angle: 16.3°/360.0° | Progress: 4.5% | Inside: 0.29 | End OK: True
[Step 413] Phase: 10 | Turn: 1/1 | Angle: 16.3°/360.0° | Progress: 4.5% | Inside: 0.29 | End OK: True
[Step 414] Phase: 10 | Turn: 1/1 | Angle: 16.4°/360.0° | Progress: 4.5% | Inside: 0.29 | End OK: True
[Step 415] Phase: 10 | Turn: 1/1 | Angle: 16.4°/360.0° | Progress: 4.5% | Inside: 0.29 | End OK: True
[Step 416] Phase: 10 | Turn: 1/1 | Angle: 16.4°/360.0° | Progress: 4.5% | Inside: 0.29 | End OK: True
[Step 417] Phase: 10 | Turn: 1/1 | Angle: 16.4°/360.0° | Progress: 4.5% | Inside: 0.29 | End OK: True
[Step 418] Phase: 10 | Turn: 1/1 | Angle: 16.4°/360.0° | Progress: 4.5% | Inside: 0.29 | End OK: True
[Step 419] Phase: 10 | Turn: 1/1 | Angle: 16.4°/360.0° | Progress: 4.5% | Inside: 0.29 | End OK: True
[Step 420] Phase: 10 | Turn: 1/1 | Angle: 16.3°/360.0° | Progress: 4.5% | Inside: 0.29 | End OK: True
[Step 421] Phase: 10 | Turn: 1/1 | Angle: 16.4°/360.0° | Progress: 4.5% | Inside: 0.29 | End OK: True
[Step 422] Phase: 10 | Turn: 1/1 | Angle: 16.4°/360.0° | Progress: 4.5% | Inside: 0.29 | End OK: True
[Step 423] Phase: 10 | Turn: 1/1 | Angle: 16.4°/360.0° | Progress: 4.5% | Inside: 0.29 | End OK: True
[Step 424] Phase: 10 | Turn: 1/1 | Angle: 16.4°/360.0° | Progress: 4.5% | Inside: 0.29 | End OK: True
[Step 425] Phase: 10 | Turn: 1/1 | Angle: 16.3°/360.0° | Progress: 4.5% | Inside: 0.29 | End OK: True
[Step 426] Phase: 11 | Turn: 1/1 | Angle: 16.3°/360.0° | Progress: 4.5% | Inside: 0.29 | End OK: True
[Step 427] Phase: 11 | Turn: 1/1 | Angle: 16.3°/360.0° | Progress: 4.5% | Inside: 0.29 | End OK: True
[Step 428] Phase: 11 | Turn: 1/1 | Angle: 16.3°/360.0° | Progress: 4.5% | Inside: 0.29 | End OK: True
[Step 429] Phase: 11 | Turn: 1/1 | Angle: 16.2°/360.0° | Progress: 4.5% | Inside: 0.29 | End OK: True
[Step 430] Phase: 11 | Turn: 1/1 | Angle: 16.2°/360.0° | Progress: 4.5% | Inside: 0.29 | End OK: True
[Step 431] Phase: 11 | Turn: 1/1 | Angle: 16.0°/360.0° | Progress: 4.4% | Inside: 0.29 | End OK: True
[Step 432] Phase: 11 | Turn: 1/1 | Angle: 15.4°/360.0° | Progress: 4.3% | Inside: 0.29 | End OK: True
[Step 433] Phase: 11 | Turn: 1/1 | Angle: 15.1°/360.0° | Progress: 4.2% | Inside: 0.29 | End OK: True
[Step 434] Phase: 11 | Turn: 1/1 | Angle: 14.9°/360.0° | Progress: 4.1% | Inside: 0.29 | End OK: True
[Step 435] Phase: 11 | Turn: 1/1 | Angle: 14.7°/360.0° | Progress: 4.1% | Inside: 0.29 | End OK: True
[Step 436] Phase: 11 | Turn: 1/1 | Angle: 14.5°/360.0° | Progress: 4.0% | Inside: 0.29 | End OK: True
[Step 437] Phase: 11 | Turn: 1/1 | Angle: 14.5°/360.0° | Progress: 4.0% | Inside: 0.29 | End OK: True
[Step 438] Phase: 11 | Turn: 1/1 | Angle: 14.4°/360.0° | Progress: 4.0% | Inside: 0.29 | End OK: True
[Step 439] Phase: 11 | Turn: 1/1 | Angle: 14.3°/360.0° | Progress: 4.0% | Inside: 0.29 | End OK: True
[Step 440] Phase: 11 | Turn: 1/1 | Angle: 14.4°/360.0° | Progress: 4.0% | Inside: 0.29 | End OK: True
[Step 441] Phase: 11 | Turn: 1/1 | Angle: 14.4°/360.0° | Progress: 4.0% | Inside: 0.29 | End OK: True
[Step 442] Phase: 11 | Turn: 1/1 | Angle: 14.4°/360.0° | Progress: 4.0% | Inside: 0.29 | End OK: True
[Step 443] Phase: 11 | Turn: 1/1 | Angle: 14.5°/360.0° | Progress: 4.0% | Inside: 0.29 | End OK: True
[Step 444] Phase: 11 | Turn: 1/1 | Angle: 14.5°/360.0° | Progress: 4.0% | Inside: 0.29 | End OK: True
[Step 445] Phase: 11 | Turn: 1/1 | Angle: 14.5°/360.0° | Progress: 4.0% | Inside: 0.29 | End OK: True
[Step 446] Phase: 11 | Turn: 1/1 | Angle: 14.4°/360.0° | Progress: 4.0% | Inside: 0.29 | End OK: True
[Step 447] Phase: 11 | Turn: 1/1 | Angle: 14.4°/360.0° | Progress: 4.0% | Inside: 0.29 | End OK: True
[Step 448] Phase: 11 | Turn: 1/1 | Angle: 14.4°/360.0° | Progress: 4.0% | Inside: 0.29 | End OK: True
[Step 449] Phase: 11 | Turn: 1/1 | Angle: 14.4°/360.0° | Progress: 4.0% | Inside: 0.29 | End OK: True
[Step 450] Phase: 11 | Turn: 1/1 | Angle: 14.4°/360.0° | Progress: 4.0% | Inside: 0.29 | End OK: True
[Step 451] Phase: 11 | Turn: 1/1 | Angle: 14.4°/360.0° | Progress: 4.0% | Inside: 0.29 | End OK: True
[Step 452] Phase: 11 | Turn: 1/1 | Angle: 14.3°/360.0° | Progress: 4.0% | Inside: 0.29 | End OK: True
[Step 453] Phase: 11 | Turn: 1/1 | Angle: 14.3°/360.0° | Progress: 4.0% | Inside: 0.29 | End OK: True
[Step 454] Phase: 11 | Turn: 1/1 | Angle: 14.3°/360.0° | Progress: 4.0% | Inside: 0.29 | End OK: True
[Step 455] Phase: 11 | Turn: 1/1 | Angle: 14.2°/360.0° | Progress: 3.9% | Inside: 0.29 | End OK: True
[Step 456] Phase: 11 | Turn: 1/1 | Angle: 14.1°/360.0° | Progress: 3.9% | Inside: 0.29 | End OK: True
[Step 457] Phase: 11 | Turn: 1/1 | Angle: 14.0°/360.0° | Progress: 3.9% | Inside: 0.29 | End OK: True
[Step 458] Phase: 11 | Turn: 1/1 | Angle: 14.0°/360.0° | Progress: 3.9% | Inside: 0.29 | End OK: True
[Step 459] Phase: 11 | Turn: 1/1 | Angle: 14.0°/360.0° | Progress: 3.9% | Inside: 0.29 | End OK: True
[Step 460] Phase: 11 | Turn: 1/1 | Angle: 13.9°/360.0° | Progress: 3.9% | Inside: 0.29 | End OK: True
[Step 461] Phase: 11 | Turn: 1/1 | Angle: 13.9°/360.0° | Progress: 3.9% | Inside: 0.29 | End OK: True
[Step 462] Phase: 11 | Turn: 1/1 | Angle: 13.9°/360.0° | Progress: 3.9% | Inside: 0.29 | End OK: True
[Step 463] Phase: 11 | Turn: 1/1 | Angle: 13.9°/360.0° | Progress: 3.9% | Inside: 0.29 | End OK: True
[Step 464] Phase: 11 | Turn: 1/1 | Angle: 13.9°/360.0° | Progress: 3.9% | Inside: 0.29 | End OK: True
[Step 465] Phase: 11 | Turn: 1/1 | Angle: 13.9°/360.0° | Progress: 3.9% | Inside: 0.29 | End OK: True
[Step 466] Phase: 11 | Turn: 1/1 | Angle: 13.9°/360.0° | Progress: 3.9% | Inside: 0.29 | End OK: True
[Step 467] Phase: 11 | Turn: 1/1 | Angle: 13.9°/360.0° | Progress: 3.9% | Inside: 0.29 | End OK: True
[Step 468] Phase: 11 | Turn: 1/1 | Angle: 13.9°/360.0° | Progress: 3.9% | Inside: 0.29 | End OK: True
[Step 469] Phase: 11 | Turn: 1/1 | Angle: 13.9°/360.0° | Progress: 3.9% | Inside: 0.29 | End OK: True
[Step 470] Phase: 11 | Turn: 1/1 | Angle: 13.9°/360.0° | Progress: 3.9% | Inside: 0.29 | End OK: True
[Step 471] Phase: 11 | Turn: 1/1 | Angle: 13.9°/360.0° | Progress: 3.9% | Inside: 0.29 | End OK: True
[Step 472] Phase: 11 | Turn: 1/1 | Angle: 13.9°/360.0° | Progress: 3.9% | Inside: 0.29 | End OK: True
[Step 473] Phase: 11 | Turn: 1/1 | Angle: 14.0°/360.0° | Progress: 3.9% | Inside: 0.29 | End OK: True
[Step 474] Phase: 11 | Turn: 1/1 | Angle: 14.0°/360.0° | Progress: 3.9% | Inside: 0.29 | End OK: True
[Step 475] Phase: 11 | Turn: 1/1 | Angle: 14.0°/360.0° | Progress: 3.9% | Inside: 0.29 | End OK: True
[Step 476] Phase: 11 | Turn: 1/1 | Angle: 14.1°/360.0° | Progress: 3.9% | Inside: 0.29 | End OK: True
[Step 477] Phase: 11 | Turn: 1/1 | Angle: 14.1°/360.0° | Progress: 3.9% | Inside: 0.29 | End OK: True
[Step 478] Phase: 11 | Turn: 1/1 | Angle: 14.1°/360.0° | Progress: 3.9% | Inside: 0.29 | End OK: True
[Step 479] Phase: 11 | Turn: 1/1 | Angle: 14.1°/360.0° | Progress: 3.9% | Inside: 0.29 | End OK: True
[Step 480] Phase: 11 | Turn: 1/1 | Angle: 14.1°/360.0° | Progress: 3.9% | Inside: 0.29 | End OK: True
[Step 481] Phase: 11 | Turn: 1/1 | Angle: 14.0°/360.0° | Progress: 3.9% | Inside: 0.29 | End OK: True
[Step 482] Phase: 11 | Turn: 1/1 | Angle: 14.0°/360.0° | Progress: 3.9% | Inside: 0.29 | End OK: True
[Step 483] Phase: 11 | Turn: 1/1 | Angle: 14.0°/360.0° | Progress: 3.9% | Inside: 0.29 | End OK: True
[Step 484] Phase: 11 | Turn: 1/1 | Angle: 14.0°/360.0° | Progress: 3.9% | Inside: 0.29 | End OK: True
[Step 485] Phase: 11 | Turn: 1/1 | Angle: 14.0°/360.0° | Progress: 3.9% | Inside: 0.29 | End OK: True
[Step 486] Phase: 11 | Turn: 1/1 | Angle: 14.0°/360.0° | Progress: 3.9% | Inside: 0.29 | End OK: True
[Step 487] Phase: 11 | Turn: 1/1 | Angle: 14.1°/360.0° | Progress: 3.9% | Inside: 0.29 | End OK: True
[Step 488] Phase: 11 | Turn: 1/1 | Angle: 14.1°/360.0° | Progress: 3.9% | Inside: 0.29 | End OK: True
[Step 489] Phase: 11 | Turn: 1/1 | Angle: 14.1°/360.0° | Progress: 3.9% | Inside: 0.29 | End OK: True
[Step 490] Phase: 11 | Turn: 1/1 | Angle: 14.1°/360.0° | Progress: 3.9% | Inside: 0.29 | End OK: True
[Step 491] Phase: 11 | Turn: 1/1 | Angle: 14.1°/360.0° | Progress: 3.9% | Inside: 0.29 | End OK: True
[Step 492] Phase: 11 | Turn: 1/1 | Angle: 14.1°/360.0° | Progress: 3.9% | Inside: 0.29 | End OK: True
[Step 493] Phase: 11 | Turn: 1/1 | Angle: 14.1°/360.0° | Progress: 3.9% | Inside: 0.29 | End OK: True
[Step 494] Phase: 11 | Turn: 1/1 | Angle: 14.1°/360.0° | Progress: 3.9% | Inside: 0.29 | End OK: True
[Step 495] Phase: 11 | Turn: 1/1 | Angle: 14.1°/360.0° | Progress: 3.9% | Inside: 0.29 | End OK: True
[Step 496] Phase: 12 | Turn: 1/1 | Angle: 14.1°/360.0° | Progress: 3.9% | Inside: 0.29 | End OK: True
[Step 497] Phase: 12 | Turn: 1/1 | Angle: 14.1°/360.0° | Progress: 3.9% | Inside: 0.29 | End OK: True
[Step 498] Phase: 12 | Turn: 1/1 | Angle: 14.1°/360.0° | Progress: 3.9% | Inside: 0.29 | End OK: True
[Step 499] Phase: 12 | Turn: 1/1 | Angle: 14.1°/360.0° | Progress: 3.9% | Inside: 0.29 | End OK: True
[Step 500] Phase: 12 | Turn: 1/1 | Angle: 14.1°/360.0° | Progress: 3.9% | Inside: 0.29 | End OK: True
  [ep 0/1, attempt 5] step 501/530  terminated=False  truncated=False
[Step 501] Phase: 12 | Turn: 1/1 | Angle: 14.1°/360.0° | Progress: 3.9% | Inside: 0.29 | End OK: True
[Step 502] Phase: 12 | Turn: 1/1 | Angle: 14.1°/360.0° | Progress: 3.9% | Inside: 0.29 | End OK: True
[Step 503] Phase: 12 | Turn: 1/1 | Angle: 14.1°/360.0° | Progress: 3.9% | Inside: 0.29 | End OK: True
[Step 504] Phase: 12 | Turn: 1/1 | Angle: 14.1°/360.0° | Progress: 3.9% | Inside: 0.29 | End OK: True
[Step 505] Phase: 12 | Turn: 1/1 | Angle: 14.1°/360.0° | Progress: 3.9% | Inside: 0.29 | End OK: True
[Step 506] Phase: 12 | Turn: 1/1 | Angle: 14.2°/360.0° | Progress: 3.9% | Inside: 0.29 | End OK: True
[Step 507] Phase: 12 | Turn: 1/1 | Angle: 14.3°/360.0° | Progress: 4.0% | Inside: 0.29 | End OK: True
[Step 508] Phase: 12 | Turn: 1/1 | Angle: 14.5°/360.0° | Progress: 4.0% | Inside: 0.29 | End OK: True
[Step 509] Phase: 12 | Turn: 1/1 | Angle: 14.7°/360.0° | Progress: 4.1% | Inside: 0.29 | End OK: True
[Step 510] Phase: 12 | Turn: 1/1 | Angle: 14.8°/360.0° | Progress: 4.1% | Inside: 0.29 | End OK: True
[Step 511] Phase: 12 | Turn: 1/1 | Angle: 14.9°/360.0° | Progress: 4.1% | Inside: 0.29 | End OK: True
[Step 512] Phase: 12 | Turn: 1/1 | Angle: 15.0°/360.0° | Progress: 4.2% | Inside: 0.29 | End OK: True
[Step 513] Phase: 12 | Turn: 1/1 | Angle: 15.0°/360.0° | Progress: 4.2% | Inside: 0.29 | End OK: True
[Step 514] Phase: 12 | Turn: 1/1 | Angle: 15.1°/360.0° | Progress: 4.2% | Inside: 0.29 | End OK: True
[Step 515] Phase: 12 | Turn: 1/1 | Angle: 15.2°/360.0° | Progress: 4.2% | Inside: 0.29 | End OK: True
[Step 516] Phase: 12 | Turn: 1/1 | Angle: 15.2°/360.0° | Progress: 4.2% | Inside: 0.29 | End OK: True
[Step 517] Phase: 12 | Turn: 1/1 | Angle: 15.3°/360.0° | Progress: 4.2% | Inside: 0.29 | End OK: True
[Step 518] Phase: 12 | Turn: 1/1 | Angle: 15.3°/360.0° | Progress: 4.2% | Inside: 0.29 | End OK: True
[Step 519] Phase: 12 | Turn: 1/1 | Angle: 15.3°/360.0° | Progress: 4.3% | Inside: 0.29 | End OK: True
[Step 520] Phase: 12 | Turn: 1/1 | Angle: 15.3°/360.0° | Progress: 4.2% | Inside: 0.29 | End OK: True
[Step 521] Phase: 12 | Turn: 1/1 | Angle: 15.3°/360.0° | Progress: 4.2% | Inside: 0.29 | End OK: True
[Step 522] Phase: 12 | Turn: 1/1 | Angle: 15.1°/360.0° | Progress: 4.2% | Inside: 0.29 | End OK: True
[Step 523] Phase: 12 | Turn: 1/1 | Angle: 14.8°/360.0° | Progress: 4.1% | Inside: 0.29 | End OK: True
[Step 524] Phase: 12 | Turn: 1/1 | Angle: 14.5°/360.0° | Progress: 4.0% | Inside: 0.29 | End OK: True
[Step 525] Phase: 12 | Turn: 1/1 | Angle: 14.3°/360.0° | Progress: 4.0% | Inside: 0.29 | End OK: True
[Step 526] Phase: 12 | Turn: 1/1 | Angle: 14.1°/360.0° | Progress: 3.9% | Inside: 0.29 | End OK: True
[Step 527] Phase: 12 | Turn: 1/1 | Angle: 14.0°/360.0° | Progress: 3.9% | Inside: 0.29 | End OK: True
[Step 528] Phase: 12 | Turn: 1/1 | Angle: 13.9°/360.0° | Progress: 3.9% | Inside: 0.29 | End OK: True
[Step 529] Phase: 12 | Turn: 1/1 | Angle: 13.8°/360.0° | Progress: 3.8% | Inside: 0.29 | End OK: True
  [ep 0/1, attempt 5] step 530/530  terminated=False  truncated=True
  [WARNING] Episode 0 attempt 5 truncated without success. Discarding and retrying...
  [Success Rate] overall: 0.0% (0/5) | moving avg (last 5): 0.0%
  [ep 0/1, attempt 6] step 1/530  terminated=False  truncated=False
[Step  11] Phase: 0  | Turn: 1/1 | Angle: 0.0°/360.0° | Progress: 0.0% | Inside: 0.00 | End OK: False
[Step  12] Phase: 0  | Turn: 1/1 | Angle: 0.0°/360.0° | Progress: 0.0% | Inside: 0.00 | End OK: False
[Step  13] Phase: 0  | Turn: 1/1 | Angle: 0.0°/360.0° | Progress: 0.0% | Inside: 0.00 | End OK: False
[Step  14] Phase: 0  | Turn: 1/1 | Angle: 0.0°/360.0° | Progress: 0.0% | Inside: 0.00 | End OK: False
[Step  15] Phase: 0  | Turn: 1/1 | Angle: 0.0°/360.0° | Progress: 0.0% | Inside: 0.00 | End OK: False
[Step  16] Phase: 0  | Turn: 1/1 | Angle: 0.0°/360.0° | Progress: 0.0% | Inside: 0.00 | End OK: False
[Step  17] Phase: 0  | Turn: 1/1 | Angle: 0.0°/360.0° | Progress: 0.0% | Inside: 0.00 | End OK: False
[Step  18] Phase: 0  | Turn: 1/1 | Angle: 0.0°/360.0° | Progress: 0.0% | Inside: 0.00 | End OK: False
[Step  19] Phase: 0  | Turn: 1/1 | Angle: 0.0°/360.0° | Progress: 0.0% | Inside: 0.00 | End OK: False
[Step  20] Phase: 0  | Turn: 1/1 | Angle: 0.0°/360.0° | Progress: 0.0% | Inside: 0.00 | End OK: False
[Step  21] Phase: 0  | Turn: 1/1 | Angle: 0.0°/360.0° | Progress: 0.0% | Inside: 0.00 | End OK: False
[Step  22] Phase: 0  | Turn: 1/1 | Angle: 0.0°/360.0° | Progress: 0.0% | Inside: 0.00 | End OK: False
[Step  23] Phase: 0  | Turn: 1/1 | Angle: 0.0°/360.0° | Progress: 0.0% | Inside: 0.00 | End OK: False
[Step  24] Phase: 0  | Turn: 1/1 | Angle: 0.0°/360.0° | Progress: 0.0% | Inside: 0.00 | End OK: False
[Step  25] Phase: 0  | Turn: 1/1 | Angle: 0.0°/360.0° | Progress: 0.0% | Inside: 0.00 | End OK: False
[Step  26] Phase: 0  | Turn: 1/1 | Angle: 0.0°/360.0° | Progress: 0.0% | Inside: 0.00 | End OK: False
[Step  27] Phase: 1  | Turn: 1/1 | Angle: 0.0°/360.0° | Progress: 0.0% | Inside: 0.00 | End OK: False
[Step  28] Phase: 1  | Turn: 1/1 | Angle: 0.0°/360.0° | Progress: 0.0% | Inside: 0.00 | End OK: False
[Step  29] Phase: 1  | Turn: 1/1 | Angle: 0.0°/360.0° | Progress: 0.0% | Inside: 0.00 | End OK: False
[Step  30] Phase: 1  | Turn: 1/1 | Angle: 0.0°/360.0° | Progress: 0.0% | Inside: 0.00 | End OK: False
[Step  31] Phase: 1  | Turn: 1/1 | Angle: 0.0°/360.0° | Progress: 0.0% | Inside: 0.00 | End OK: False
[Step  32] Phase: 1  | Turn: 1/1 | Angle: 0.0°/360.0° | Progress: 0.0% | Inside: 0.00 | End OK: False
[Step  33] Phase: 1  | Turn: 1/1 | Angle: 0.0°/360.0° | Progress: 0.0% | Inside: 0.00 | End OK: False
[Step  34] Phase: 1  | Turn: 1/1 | Angle: 0.0°/360.0° | Progress: 0.0% | Inside: 0.00 | End OK: False
[Step  35] Phase: 1  | Turn: 1/1 | Angle: 0.0°/360.0° | Progress: 0.0% | Inside: 0.00 | End OK: False
[Step  36] Phase: 1  | Turn: 1/1 | Angle: 0.0°/360.0° | Progress: 0.0% | Inside: 0.00 | End OK: False
[Step  37] Phase: 1  | Turn: 1/1 | Angle: 0.0°/360.0° | Progress: 0.0% | Inside: 0.00 | End OK: False
[Step  38] Phase: 1  | Turn: 1/1 | Angle: 0.0°/360.0° | Progress: 0.0% | Inside: 0.00 | End OK: False
[Step  39] Phase: 1  | Turn: 1/1 | Angle: 0.0°/360.0° | Progress: 0.0% | Inside: 0.00 | End OK: False
[Step  40] Phase: 1  | Turn: 1/1 | Angle: 0.0°/360.0° | Progress: 0.0% | Inside: 0.00 | End OK: False
[Step  41] Phase: 1  | Turn: 1/1 | Angle: 0.0°/360.0° | Progress: 0.0% | Inside: 0.00 | End OK: False
[Step  42] Phase: 1  | Turn: 1/1 | Angle: 0.0°/360.0° | Progress: 0.0% | Inside: 0.00 | End OK: False
[Step  43] Phase: 1  | Turn: 1/1 | Angle: 0.0°/360.0° | Progress: 0.0% | Inside: 0.00 | End OK: False
[Step  44] Phase: 1  | Turn: 1/1 | Angle: 0.0°/360.0° | Progress: 0.0% | Inside: 0.00 | End OK: False
[Step  45] Phase: 1  | Turn: 1/1 | Angle: 0.0°/360.0° | Progress: 0.0% | Inside: 0.00 | End OK: False
[Step  46] Phase: 1  | Turn: 1/1 | Angle: 0.0°/360.0° | Progress: 0.0% | Inside: 0.00 | End OK: False
[Step  47] Phase: 1  | Turn: 1/1 | Angle: 0.0°/360.0° | Progress: 0.0% | Inside: 0.00 | End OK: False
[Step  48] Phase: 1  | Turn: 1/1 | Angle: 0.0°/360.0° | Progress: 0.0% | Inside: 0.00 | End OK: False
[Step  49] Phase: 1  | Turn: 1/1 | Angle: 0.0°/360.0° | Progress: 0.0% | Inside: 0.00 | End OK: False
[Step  50] Phase: 1  | Turn: 1/1 | Angle: 0.0°/360.0° | Progress: 0.0% | Inside: 0.00 | End OK: False
[Step  51] Phase: 1  | Turn: 1/1 | Angle: 0.0°/360.0° | Progress: 0.0% | Inside: 0.00 | End OK: False
[Step  52] Phase: 1  | Turn: 1/1 | Angle: 0.0°/360.0° | Progress: 0.0% | Inside: 0.00 | End OK: False
[Step  53] Phase: 1  | Turn: 1/1 | Angle: 0.0°/360.0° | Progress: 0.0% | Inside: 0.00 | End OK: False
[Step  54] Phase: 1  | Turn: 1/1 | Angle: 0.0°/360.0° | Progress: 0.0% | Inside: 0.00 | End OK: False
[Step  55] Phase: 1  | Turn: 1/1 | Angle: 0.0°/360.0° | Progress: 0.0% | Inside: 0.00 | End OK: False
[Step  56] Phase: 1  | Turn: 1/1 | Angle: 0.0°/360.0° | Progress: 0.0% | Inside: 0.00 | End OK: False
[Step  57] Phase: 1  | Turn: 1/1 | Angle: 0.0°/360.0° | Progress: 0.0% | Inside: 0.00 | End OK: False
[Step  58] Phase: 1  | Turn: 1/1 | Angle: 0.0°/360.0° | Progress: 0.0% | Inside: 0.00 | End OK: False
[Step  59] Phase: 1  | Turn: 1/1 | Angle: 0.0°/360.0° | Progress: 0.0% | Inside: 0.00 | End OK: False
[Step  60] Phase: 1  | Turn: 1/1 | Angle: 0.0°/360.0° | Progress: 0.0% | Inside: 0.00 | End OK: False
[Step  61] Phase: 1  | Turn: 1/1 | Angle: 0.0°/360.0° | Progress: 0.0% | Inside: 0.00 | End OK: False
[Step  62] Phase: 1  | Turn: 1/1 | Angle: 0.0°/360.0° | Progress: 0.0% | Inside: 0.00 | End OK: False
[Step  63] Phase: 1  | Turn: 1/1 | Angle: 0.0°/360.0° | Progress: 0.0% | Inside: 0.00 | End OK: False
[Step  64] Phase: 1  | Turn: 1/1 | Angle: 0.0°/360.0° | Progress: 0.0% | Inside: 0.00 | End OK: False
[Step  65] Phase: 1  | Turn: 1/1 | Angle: 0.0°/360.0° | Progress: 0.0% | Inside: 0.00 | End OK: False
[Step  66] Phase: 1  | Turn: 1/1 | Angle: 0.0°/360.0° | Progress: 0.0% | Inside: 0.00 | End OK: False
[Step  67] Phase: 1  | Turn: 1/1 | Angle: 0.0°/360.0° | Progress: 0.0% | Inside: 0.00 | End OK: False
[Step  68] Phase: 1  | Turn: 1/1 | Angle: 0.0°/360.0° | Progress: 0.0% | Inside: 0.00 | End OK: False
[Step  69] Phase: 1  | Turn: 1/1 | Angle: 0.0°/360.0° | Progress: 0.0% | Inside: 0.00 | End OK: False
[Step  70] Phase: 1  | Turn: 1/1 | Angle: 0.0°/360.0° | Progress: 0.0% | Inside: 0.00 | End OK: False
[Step  71] Phase: 1  | Turn: 1/1 | Angle: 0.0°/360.0° | Progress: 0.0% | Inside: 0.00 | End OK: False
[Step  72] Phase: 1  | Turn: 1/1 | Angle: 0.0°/360.0° | Progress: 0.0% | Inside: 0.00 | End OK: False
[Step  73] Phase: 1  | Turn: 1/1 | Angle: 0.0°/360.0° | Progress: 0.0% | Inside: 0.00 | End OK: False
[Step  74] Phase: 1  | Turn: 1/1 | Angle: 0.0°/360.0° | Progress: 0.0% | Inside: 0.00 | End OK: False
[Step  75] Phase: 1  | Turn: 1/1 | Angle: 0.0°/360.0° | Progress: 0.0% | Inside: 0.00 | End OK: False
[Step  76] Phase: 1  | Turn: 1/1 | Angle: 0.0°/360.0° | Progress: 0.0% | Inside: 0.00 | End OK: False
[Step  77] Phase: 1  | Turn: 1/1 | Angle: 0.0°/360.0° | Progress: 0.0% | Inside: 0.00 | End OK: False
[Step  78] Phase: 1  | Turn: 1/1 | Angle: 0.0°/360.0° | Progress: 0.0% | Inside: 0.00 | End OK: False
[Step  79] Phase: 1  | Turn: 1/1 | Angle: 0.0°/360.0° | Progress: 0.0% | Inside: 0.00 | End OK: False
[Step  80] Phase: 1  | Turn: 1/1 | Angle: 0.0°/360.0° | Progress: 0.0% | Inside: 0.00 | End OK: False
[Step  81] Phase: 1  | Turn: 1/1 | Angle: 0.0°/360.0° | Progress: 0.0% | Inside: 0.00 | End OK: False
[Step  82] Phase: 1  | Turn: 1/1 | Angle: 0.0°/360.0° | Progress: 0.0% | Inside: 0.00 | End OK: False
[Step  83] Phase: 1  | Turn: 1/1 | Angle: 0.0°/360.0° | Progress: 0.0% | Inside: 0.00 | End OK: False
[Step  84] Phase: 1  | Turn: 1/1 | Angle: 0.0°/360.0° | Progress: 0.0% | Inside: 0.00 | End OK: False
[Step  85] Phase: 1  | Turn: 1/1 | Angle: 0.0°/360.0° | Progress: 0.0% | Inside: 0.00 | End OK: False
[Step  86] Phase: 1  | Turn: 1/1 | Angle: 0.0°/360.0° | Progress: 0.0% | Inside: 0.00 | End OK: False
[Step  87] Phase: 1  | Turn: 1/1 | Angle: 0.0°/360.0° | Progress: 0.0% | Inside: 0.00 | End OK: False
[Step  88] Phase: 1  | Turn: 1/1 | Angle: 0.0°/360.0° | Progress: 0.0% | Inside: 0.00 | End OK: False
[Step  89] Phase: 1  | Turn: 1/1 | Angle: 0.0°/360.0° | Progress: 0.0% | Inside: 0.00 | End OK: False
[Step  90] Phase: 1  | Turn: 1/1 | Angle: 0.0°/360.0° | Progress: 0.0% | Inside: 0.00 | End OK: False
[Step  91] Phase: 1  | Turn: 1/1 | Angle: 0.0°/360.0° | Progress: 0.0% | Inside: 0.00 | End OK: False
[Step  92] Phase: 1  | Turn: 1/1 | Angle: 0.0°/360.0° | Progress: 0.0% | Inside: 0.00 | End OK: False
[Step  93] Phase: 1  | Turn: 1/1 | Angle: 0.0°/360.0° | Progress: 0.0% | Inside: 0.00 | End OK: False
[Step  94] Phase: 1  | Turn: 1/1 | Angle: 0.0°/360.0° | Progress: 0.0% | Inside: 0.00 | End OK: False
[Step  95] Phase: 2  | Turn: 1/1 | Angle: 0.0°/360.0° | Progress: 0.0% | Inside: 0.00 | End OK: False
[Step  96] Phase: 2  | Turn: 1/1 | Angle: 0.0°/360.0° | Progress: 0.0% | Inside: 0.00 | End OK: False
[Step  97] Phase: 2  | Turn: 1/1 | Angle: 0.0°/360.0° | Progress: 0.0% | Inside: 0.00 | End OK: False
[Step  98] Phase: 2  | Turn: 1/1 | Angle: 0.0°/360.0° | Progress: 0.0% | Inside: 0.00 | End OK: False
[Step  99] Phase: 2  | Turn: 1/1 | Angle: 0.0°/360.0° | Progress: 0.0% | Inside: 0.00 | End OK: False
[Step 100] Phase: 2  | Turn: 1/1 | Angle: 104.6°/360.0° | Progress: 29.1% | Inside: 0.00 | End OK: False
  [ep 0/1, attempt 6] step 101/530  terminated=False  truncated=False
[Step 101] Phase: 2  | Turn: 1/1 | Angle: 18.0°/360.0° | Progress: 5.0% | Inside: 0.00 | End OK: False
[Step 102] Phase: 2  | Turn: 1/1 | Angle: 22.4°/360.0° | Progress: 6.2% | Inside: 0.00 | End OK: False
[Step 103] Phase: 2  | Turn: 1/1 | Angle: 136.2°/360.0° | Progress: 37.8% | Inside: 0.00 | End OK: False
[Step 104] Phase: 2  | Turn: 1/1 | Angle: 132.3°/360.0° | Progress: 36.7% | Inside: 0.00 | End OK: False
[Step 105] Phase: 2  | Turn: 1/1 | Angle: 129.2°/360.0° | Progress: 35.9% | Inside: 0.00 | End OK: False
[Step 106] Phase: 2  | Turn: 1/1 | Angle: 127.0°/360.0° | Progress: 35.3% | Inside: 0.00 | End OK: False
[Step 107] Phase: 2  | Turn: 1/1 | Angle: 126.0°/360.0° | Progress: 35.0% | Inside: 0.00 | End OK: False
[Step 108] Phase: 2  | Turn: 1/1 | Angle: 123.7°/360.0° | Progress: 34.4% | Inside: 0.00 | End OK: False
[Step 109] Phase: 2  | Turn: 1/1 | Angle: 7.7°/360.0° | Progress: 2.1% | Inside: 0.00 | End OK: False
[Step 110] Phase: 2  | Turn: 1/1 | Angle: 117.7°/360.0° | Progress: 32.7% | Inside: 0.00 | End OK: False
[Step 111] Phase: 2  | Turn: 1/1 | Angle: 16.2°/360.0° | Progress: 4.5% | Inside: 0.00 | End OK: False
[Step 112] Phase: 2  | Turn: 1/1 | Angle: 18.8°/360.0° | Progress: 5.2% | Inside: 0.00 | End OK: False
[Step 113] Phase: 2  | Turn: 1/1 | Angle: 22.6°/360.0° | Progress: 6.3% | Inside: 0.00 | End OK: False
[Step 114] Phase: 2  | Turn: 1/1 | Angle: 24.4°/360.0° | Progress: 6.8% | Inside: 0.00 | End OK: False
[Step 115] Phase: 2  | Turn: 1/1 | Angle: 27.1°/360.0° | Progress: 7.5% | Inside: 0.00 | End OK: False
[Step 116] Phase: 3  | Turn: 1/1 | Angle: 29.5°/360.0° | Progress: 8.2% | Inside: 0.00 | End OK: False
[Step 117] Phase: 3  | Turn: 1/1 | Angle: 31.2°/360.0° | Progress: 8.7% | Inside: 0.00 | End OK: False
[Step 118] Phase: 3  | Turn: 1/1 | Angle: 16.9°/360.0° | Progress: 4.7% | Inside: 0.00 | End OK: False
[Step 119] Phase: 3  | Turn: 1/1 | Angle: 229.9°/360.0° | Progress: 63.9% | Inside: 0.00 | End OK: False
[Step 120] Phase: 3  | Turn: 1/1 | Angle: 222.8°/360.0° | Progress: 61.9% | Inside: 0.00 | End OK: False
[Step 121] Phase: 3  | Turn: 1/1 | Angle: 221.8°/360.0° | Progress: 61.6% | Inside: 0.00 | End OK: False
[Step 122] Phase: 3  | Turn: 1/1 | Angle: 0.0°/360.0° | Progress: 0.0% | Inside: 0.00 | End OK: False
[Step 123] Phase: 3  | Turn: 1/1 | Angle: 226.3°/360.0° | Progress: 62.9% | Inside: 0.00 | End OK: False
[Step 124] Phase: 3  | Turn: 1/1 | Angle: 0.0°/360.0° | Progress: 0.0% | Inside: 0.00 | End OK: False
[Step 125] Phase: 3  | Turn: 1/1 | Angle: 195.1°/360.0° | Progress: 54.2% | Inside: 0.00 | End OK: False
[Step 126] Phase: 3  | Turn: 1/1 | Angle: 192.1°/360.0° | Progress: 53.3% | Inside: 0.00 | End OK: False
[Step 127] Phase: 3  | Turn: 1/1 | Angle: 178.7°/360.0° | Progress: 49.6% | Inside: 0.00 | End OK: False
[Step 128] Phase: 3  | Turn: 1/1 | Angle: 149.7°/360.0° | Progress: 41.6% | Inside: 0.00 | End OK: False
[Step 129] Phase: 3  | Turn: 1/1 | Angle: 160.8°/360.0° | Progress: 44.7% | Inside: 0.00 | End OK: False
[Step 130] Phase: 3  | Turn: 1/1 | Angle: 0.0°/360.0° | Progress: 0.0% | Inside: 0.00 | End OK: False
[Step 131] Phase: 3  | Turn: 1/1 | Angle: 0.0°/360.0° | Progress: 0.0% | Inside: 0.00 | End OK: False
[Step 132] Phase: 3  | Turn: 1/1 | Angle: 142.5°/360.0° | Progress: 39.6% | Inside: 0.00 | End OK: False
[Step 133] Phase: 3  | Turn: 1/1 | Angle: 0.0°/360.0° | Progress: 0.0% | Inside: 0.00 | End OK: False
[Step 134] Phase: 3  | Turn: 1/1 | Angle: 0.0°/360.0° | Progress: 0.0% | Inside: 0.00 | End OK: False
[Step 135] Phase: 3  | Turn: 1/1 | Angle: 0.0°/360.0° | Progress: 0.0% | Inside: 0.00 | End OK: False
[Step 136] Phase: 3  | Turn: 1/1 | Angle: 0.0°/360.0° | Progress: 0.0% | Inside: 0.00 | End OK: False
[Step 137] Phase: 3  | Turn: 1/1 | Angle: 0.0°/360.0° | Progress: 0.0% | Inside: 0.00 | End OK: False
[Step 138] Phase: 3  | Turn: 1/1 | Angle: 0.0°/360.0° | Progress: 0.0% | Inside: 0.00 | End OK: False
[Step 139] Phase: 3  | Turn: 1/1 | Angle: 0.0°/360.0° | Progress: 0.0% | Inside: 0.00 | End OK: False
[Step 140] Phase: 3  | Turn: 1/1 | Angle: 0.0°/360.0° | Progress: 0.0% | Inside: 0.00 | End OK: False
[Step 141] Phase: 3  | Turn: 1/1 | Angle: 0.0°/360.0° | Progress: 0.0% | Inside: 0.00 | End OK: False
[Step 142] Phase: 3  | Turn: 1/1 | Angle: 0.0°/360.0° | Progress: 0.0% | Inside: 0.00 | End OK: False
[Step 143] Phase: 3  | Turn: 1/1 | Angle: 0.0°/360.0° | Progress: 0.0% | Inside: 0.00 | End OK: False
[Step 144] Phase: 3  | Turn: 1/1 | Angle: 0.0°/360.0° | Progress: 0.0% | Inside: 0.00 | End OK: False
[Step 145] Phase: 3  | Turn: 1/1 | Angle: 0.0°/360.0° | Progress: 0.0% | Inside: 0.00 | End OK: False
[Step 146] Phase: 3  | Turn: 1/1 | Angle: 0.0°/360.0° | Progress: 0.0% | Inside: 0.00 | End OK: False
[Step 147] Phase: 3  | Turn: 1/1 | Angle: 0.0°/360.0° | Progress: 0.0% | Inside: 0.00 | End OK: False
[Step 148] Phase: 3  | Turn: 1/1 | Angle: 0.0°/360.0° | Progress: 0.0% | Inside: 0.00 | End OK: False
[Step 149] Phase: 3  | Turn: 1/1 | Angle: 0.0°/360.0° | Progress: 0.0% | Inside: 0.00 | End OK: False
[Step 150] Phase: 3  | Turn: 1/1 | Angle: 0.0°/360.0° | Progress: 0.0% | Inside: 0.00 | End OK: False
[Step 151] Phase: 3  | Turn: 1/1 | Angle: 0.0°/360.0° | Progress: 0.0% | Inside: 0.00 | End OK: False
[Step 152] Phase: 3  | Turn: 1/1 | Angle: 0.0°/360.0° | Progress: 0.0% | Inside: 0.00 | End OK: False
[Step 153] Phase: 3  | Turn: 1/1 | Angle: 0.0°/360.0° | Progress: 0.0% | Inside: 0.00 | End OK: False
[Step 154] Phase: 3  | Turn: 1/1 | Angle: 0.0°/360.0° | Progress: 0.0% | Inside: 0.00 | End OK: False
[Step 155] Phase: 3  | Turn: 1/1 | Angle: 0.0°/360.0° | Progress: 0.0% | Inside: 0.00 | End OK: False
[Step 156] Phase: 3  | Turn: 1/1 | Angle: 0.0°/360.0° | Progress: 0.0% | Inside: 0.00 | End OK: False
[Step 157] Phase: 3  | Turn: 1/1 | Angle: 0.0°/360.0° | Progress: 0.0% | Inside: 0.00 | End OK: False
[Step 158] Phase: 3  | Turn: 1/1 | Angle: 0.0°/360.0° | Progress: 0.0% | Inside: 0.00 | End OK: False
[Step 159] Phase: 3  | Turn: 1/1 | Angle: 0.0°/360.0° | Progress: 0.0% | Inside: 0.00 | End OK: False
[Step 160] Phase: 3  | Turn: 1/1 | Angle: 0.0°/360.0° | Progress: 0.0% | Inside: 0.00 | End OK: False
[Step 161] Phase: 3  | Turn: 1/1 | Angle: 0.0°/360.0° | Progress: 0.0% | Inside: 0.00 | End OK: False
[Step 162] Phase: 3  | Turn: 1/1 | Angle: 0.0°/360.0° | Progress: 0.0% | Inside: 0.00 | End OK: False
[Step 163] Phase: 3  | Turn: 1/1 | Angle: 0.0°/360.0° | Progress: 0.0% | Inside: 0.00 | End OK: False
[Step 164] Phase: 3  | Turn: 1/1 | Angle: 0.0°/360.0° | Progress: 0.0% | Inside: 0.00 | End OK: False
[Step 165] Phase: 3  | Turn: 1/1 | Angle: 0.0°/360.0° | Progress: 0.0% | Inside: 0.00 | End OK: False
[Step 166] Phase: 3  | Turn: 1/1 | Angle: 0.0°/360.0° | Progress: 0.0% | Inside: 0.00 | End OK: False
[Step 167] Phase: 3  | Turn: 1/1 | Angle: 0.0°/360.0° | Progress: 0.0% | Inside: 0.00 | End OK: False
[Step 168] Phase: 4  | Turn: 1/1 | Angle: 0.0°/360.0° | Progress: 0.0% | Inside: 0.00 | End OK: False
[Step 169] Phase: 5  | Turn: 1/1 | Angle: 0.0°/360.0° | Progress: 0.0% | Inside: 0.00 | End OK: False
[Step 170] Phase: 5  | Turn: 1/1 | Angle: 0.0°/360.0° | Progress: 0.0% | Inside: 0.00 | End OK: False
[Step 171] Phase: 5  | Turn: 1/1 | Angle: 0.0°/360.0° | Progress: 0.0% | Inside: 0.00 | End OK: False
[Step 172] Phase: 5  | Turn: 1/1 | Angle: 0.0°/360.0° | Progress: 0.0% | Inside: 0.00 | End OK: False
[Step 173] Phase: 5  | Turn: 1/1 | Angle: 0.0°/360.0° | Progress: 0.0% | Inside: 0.00 | End OK: False
[Step 174] Phase: 5  | Turn: 1/1 | Angle: 0.0°/360.0° | Progress: 0.0% | Inside: 0.00 | End OK: False
[Step 175] Phase: 5  | Turn: 1/1 | Angle: 0.0°/360.0° | Progress: 0.0% | Inside: 0.00 | End OK: False
[Step 176] Phase: 5  | Turn: 1/1 | Angle: 0.0°/360.0° | Progress: 0.0% | Inside: 0.00 | End OK: False
[Step 177] Phase: 5  | Turn: 1/1 | Angle: 0.0°/360.0° | Progress: 0.0% | Inside: 0.00 | End OK: False
[Step 178] Phase: 5  | Turn: 1/1 | Angle: 0.0°/360.0° | Progress: 0.0% | Inside: 0.00 | End OK: False
[Step 179] Phase: 5  | Turn: 1/1 | Angle: 0.0°/360.0° | Progress: 0.0% | Inside: 0.00 | End OK: False
[Step 180] Phase: 5  | Turn: 1/1 | Angle: 0.0°/360.0° | Progress: 0.0% | Inside: 0.00 | End OK: False
[Step 181] Phase: 5  | Turn: 1/1 | Angle: 0.0°/360.0° | Progress: 0.0% | Inside: 0.00 | End OK: False
[Step 182] Phase: 5  | Turn: 1/1 | Angle: 95.7°/360.0° | Progress: 26.6% | Inside: 0.00 | End OK: False
[Step 183] Phase: 5  | Turn: 1/1 | Angle: 0.0°/360.0° | Progress: 0.0% | Inside: 0.00 | End OK: False
[Step 184] Phase: 5  | Turn: 1/1 | Angle: 92.9°/360.0° | Progress: 25.8% | Inside: 0.00 | End OK: False
[Step 185] Phase: 5  | Turn: 1/1 | Angle: 84.0°/360.0° | Progress: 23.3% | Inside: 0.00 | End OK: False
[Step 186] Phase: 5  | Turn: 1/1 | Angle: 0.0°/360.0° | Progress: 0.0% | Inside: 0.00 | End OK: False
[Step 187] Phase: 5  | Turn: 1/1 | Angle: 0.0°/360.0° | Progress: 0.0% | Inside: 0.00 | End OK: False
[Step 188] Phase: 5  | Turn: 1/1 | Angle: 0.0°/360.0° | Progress: 0.0% | Inside: 0.00 | End OK: False
[Step 189] Phase: 5  | Turn: 1/1 | Angle: 0.0°/360.0° | Progress: 0.0% | Inside: 0.00 | End OK: False
[Step 190] Phase: 5  | Turn: 1/1 | Angle: 0.0°/360.0° | Progress: 0.0% | Inside: 0.00 | End OK: False
[Step 191] Phase: 5  | Turn: 1/1 | Angle: 0.0°/360.0° | Progress: 0.0% | Inside: 0.00 | End OK: False
[Step 192] Phase: 5  | Turn: 1/1 | Angle: 0.0°/360.0° | Progress: 0.0% | Inside: 0.00 | End OK: False
[Step 193] Phase: 5  | Turn: 1/1 | Angle: 0.0°/360.0° | Progress: 0.0% | Inside: 0.00 | End OK: False
[Step 194] Phase: 5  | Turn: 1/1 | Angle: 0.0°/360.0° | Progress: 0.0% | Inside: 0.00 | End OK: False
[Step 195] Phase: 5  | Turn: 1/1 | Angle: 0.0°/360.0° | Progress: 0.0% | Inside: 0.00 | End OK: False
[Step 196] Phase: 5  | Turn: 1/1 | Angle: 0.0°/360.0° | Progress: 0.0% | Inside: 0.00 | End OK: False
[Step 197] Phase: 5  | Turn: 1/1 | Angle: 0.0°/360.0° | Progress: 0.0% | Inside: 0.00 | End OK: False
[Step 198] Phase: 5  | Turn: 1/1 | Angle: 0.0°/360.0° | Progress: 0.0% | Inside: 0.00 | End OK: False
[Step 199] Phase: 5  | Turn: 1/1 | Angle: 0.0°/360.0° | Progress: 0.0% | Inside: 0.00 | End OK: False
[Step 200] Phase: 5  | Turn: 1/1 | Angle: 0.0°/360.0° | Progress: 0.0% | Inside: 0.07 | End OK: False
  [ep 0/1, attempt 6] step 201/530  terminated=False  truncated=False
[Step 201] Phase: 5  | Turn: 1/1 | Angle: 0.0°/360.0° | Progress: 0.0% | Inside: 0.07 | End OK: False
[Step 202] Phase: 5  | Turn: 1/1 | Angle: 0.0°/360.0° | Progress: 0.0% | Inside: 0.14 | End OK: False
[Step 203] Phase: 5  | Turn: 1/1 | Angle: 0.0°/360.0° | Progress: 0.0% | Inside: 0.14 | End OK: False
[Step 204] Phase: 5  | Turn: 1/1 | Angle: 0.0°/360.0° | Progress: 0.0% | Inside: 0.14 | End OK: False
[Step 205] Phase: 5  | Turn: 1/1 | Angle: 0.0°/360.0° | Progress: 0.0% | Inside: 0.14 | End OK: False
[Step 206] Phase: 5  | Turn: 1/1 | Angle: 0.0°/360.0° | Progress: 0.0% | Inside: 0.14 | End OK: False
[Step 207] Phase: 5  | Turn: 1/1 | Angle: 0.0°/360.0° | Progress: 0.0% | Inside: 0.14 | End OK: False
[Step 208] Phase: 5  | Turn: 1/1 | Angle: 0.0°/360.0° | Progress: 0.0% | Inside: 0.14 | End OK: False
[Step 209] Phase: 5  | Turn: 1/1 | Angle: 0.0°/360.0° | Progress: 0.0% | Inside: 0.14 | End OK: False
[Step 210] Phase: 5  | Turn: 1/1 | Angle: 0.0°/360.0° | Progress: 0.0% | Inside: 0.14 | End OK: False
[Step 211] Phase: 5  | Turn: 1/1 | Angle: 0.0°/360.0° | Progress: 0.0% | Inside: 0.14 | End OK: False
[Step 212] Phase: 5  | Turn: 1/1 | Angle: 0.0°/360.0° | Progress: 0.0% | Inside: 0.14 | End OK: False
[Step 213] Phase: 5  | Turn: 1/1 | Angle: 0.0°/360.0° | Progress: 0.0% | Inside: 0.14 | End OK: False
[Step 214] Phase: 5  | Turn: 1/1 | Angle: 0.0°/360.0° | Progress: 0.0% | Inside: 0.14 | End OK: False
[Step 215] Phase: 5  | Turn: 1/1 | Angle: 0.0°/360.0° | Progress: 0.0% | Inside: 0.14 | End OK: False
[Step 216] Phase: 5  | Turn: 1/1 | Angle: 0.0°/360.0° | Progress: 0.0% | Inside: 0.14 | End OK: False
[Step 217] Phase: 5  | Turn: 1/1 | Angle: 0.0°/360.0° | Progress: 0.0% | Inside: 0.14 | End OK: False
[Step 218] Phase: 5  | Turn: 1/1 | Angle: 0.0°/360.0° | Progress: 0.0% | Inside: 0.07 | End OK: False
[Step 219] Phase: 5  | Turn: 1/1 | Angle: 0.0°/360.0° | Progress: 0.0% | Inside: 0.14 | End OK: False
[Step 220] Phase: 5  | Turn: 1/1 | Angle: 0.0°/360.0° | Progress: 0.0% | Inside: 0.14 | End OK: False
[Step 221] Phase: 5  | Turn: 1/1 | Angle: 0.0°/360.0° | Progress: 0.0% | Inside: 0.14 | End OK: False
[Step 222] Phase: 5  | Turn: 1/1 | Angle: 0.0°/360.0° | Progress: 0.0% | Inside: 0.14 | End OK: False
[Step 223] Phase: 5  | Turn: 1/1 | Angle: 0.0°/360.0° | Progress: 0.0% | Inside: 0.14 | End OK: False
[Step 224] Phase: 5  | Turn: 1/1 | Angle: 0.0°/360.0° | Progress: 0.0% | Inside: 0.14 | End OK: False
[Step 225] Phase: 5  | Turn: 1/1 | Angle: 0.0°/360.0° | Progress: 0.0% | Inside: 0.14 | End OK: False
[Step 226] Phase: 5  | Turn: 1/1 | Angle: 0.0°/360.0° | Progress: 0.0% | Inside: 0.14 | End OK: False
[Step 227] Phase: 5  | Turn: 1/1 | Angle: 0.0°/360.0° | Progress: 0.0% | Inside: 0.14 | End OK: False
[Step 228] Phase: 5  | Turn: 1/1 | Angle: 0.0°/360.0° | Progress: 0.0% | Inside: 0.14 | End OK: False
[Step 229] Phase: 5  | Turn: 1/1 | Angle: 0.0°/360.0° | Progress: 0.0% | Inside: 0.07 | End OK: False
[Step 230] Phase: 5  | Turn: 1/1 | Angle: 0.0°/360.0° | Progress: 0.0% | Inside: 0.14 | End OK: False
[Step 231] Phase: 5  | Turn: 1/1 | Angle: 0.0°/360.0° | Progress: 0.0% | Inside: 0.14 | End OK: False
[Step 232] Phase: 5  | Turn: 1/1 | Angle: 0.0°/360.0° | Progress: 0.0% | Inside: 0.14 | End OK: False
[Step 233] Phase: 5  | Turn: 1/1 | Angle: 0.0°/360.0° | Progress: 0.0% | Inside: 0.14 | End OK: False
[Step 234] Phase: 5  | Turn: 1/1 | Angle: 0.0°/360.0° | Progress: 0.0% | Inside: 0.14 | End OK: False
[Step 235] Phase: 5  | Turn: 1/1 | Angle: 0.0°/360.0° | Progress: 0.0% | Inside: 0.14 | End OK: False
[Step 236] Phase: 5  | Turn: 1/1 | Angle: 0.0°/360.0° | Progress: 0.0% | Inside: 0.14 | End OK: False
[Step 237] Phase: 5  | Turn: 1/1 | Angle: 0.0°/360.0° | Progress: 0.0% | Inside: 0.14 | End OK: False
[Step 238] Phase: 5  | Turn: 1/1 | Angle: 0.0°/360.0° | Progress: 0.0% | Inside: 0.14 | End OK: False
[Step 239] Phase: 5  | Turn: 1/1 | Angle: 0.0°/360.0° | Progress: 0.0% | Inside: 0.14 | End OK: True
[Step 240] Phase: 5  | Turn: 1/1 | Angle: 0.0°/360.0° | Progress: 0.0% | Inside: 0.14 | End OK: True
[Step 241] Phase: 5  | Turn: 1/1 | Angle: 0.0°/360.0° | Progress: 0.0% | Inside: 0.14 | End OK: True
[Step 242] Phase: 5  | Turn: 1/1 | Angle: 0.0°/360.0° | Progress: 0.0% | Inside: 0.14 | End OK: True
[Step 243] Phase: 5  | Turn: 1/1 | Angle: 0.0°/360.0° | Progress: 0.0% | Inside: 0.14 | End OK: True
[Step 244] Phase: 5  | Turn: 1/1 | Angle: 0.0°/360.0° | Progress: 0.0% | Inside: 0.14 | End OK: True
[Step 245] Phase: 5  | Turn: 1/1 | Angle: 0.0°/360.0° | Progress: 0.0% | Inside: 0.14 | End OK: True
[Step 246] Phase: 5  | Turn: 1/1 | Angle: 0.0°/360.0° | Progress: 0.0% | Inside: 0.14 | End OK: True
[Step 247] Phase: 6  | Turn: 1/1 | Angle: 0.0°/360.0° | Progress: 0.0% | Inside: 0.14 | End OK: True
[Step 248] Phase: 6  | Turn: 1/1 | Angle: 0.0°/360.0° | Progress: 0.0% | Inside: 0.21 | End OK: True
[Step 249] Phase: 6  | Turn: 1/1 | Angle: 0.0°/360.0° | Progress: 0.0% | Inside: 0.21 | End OK: True
[Step 250] Phase: 6  | Turn: 1/1 | Angle: 0.0°/360.0° | Progress: 0.0% | Inside: 0.21 | End OK: True
[Step 251] Phase: 6  | Turn: 1/1 | Angle: 0.0°/360.0° | Progress: 0.0% | Inside: 0.21 | End OK: True
[Step 252] Phase: 6  | Turn: 1/1 | Angle: 0.0°/360.0° | Progress: 0.0% | Inside: 0.21 | End OK: True
[Step 253] Phase: 6  | Turn: 1/1 | Angle: 0.0°/360.0° | Progress: 0.0% | Inside: 0.21 | End OK: True
[Step 254] Phase: 6  | Turn: 1/1 | Angle: 0.0°/360.0° | Progress: 0.0% | Inside: 0.21 | End OK: True
[Step 255] Phase: 6  | Turn: 1/1 | Angle: 0.0°/360.0° | Progress: 0.0% | Inside: 0.21 | End OK: True
[Step 256] Phase: 6  | Turn: 1/1 | Angle: 0.0°/360.0° | Progress: 0.0% | Inside: 0.21 | End OK: True
[Step 257] Phase: 6  | Turn: 1/1 | Angle: 0.0°/360.0° | Progress: 0.0% | Inside: 0.21 | End OK: True
[Step 258] Phase: 6  | Turn: 1/1 | Angle: 0.0°/360.0° | Progress: 0.0% | Inside: 0.21 | End OK: True
[Step 259] Phase: 6  | Turn: 1/1 | Angle: 0.0°/360.0° | Progress: 0.0% | Inside: 0.21 | End OK: True
[Step 260] Phase: 6  | Turn: 1/1 | Angle: 0.0°/360.0° | Progress: 0.0% | Inside: 0.21 | End OK: True
[Step 261] Phase: 6  | Turn: 1/1 | Angle: 0.0°/360.0° | Progress: 0.0% | Inside: 0.21 | End OK: True
[Step 262] Phase: 6  | Turn: 1/1 | Angle: 0.0°/360.0° | Progress: 0.0% | Inside: 0.21 | End OK: True
[Step 263] Phase: 6  | Turn: 1/1 | Angle: 0.0°/360.0° | Progress: 0.0% | Inside: 0.21 | End OK: True
[Step 264] Phase: 6  | Turn: 1/1 | Angle: 0.0°/360.0° | Progress: 0.0% | Inside: 0.21 | End OK: True
[Step 265] Phase: 6  | Turn: 1/1 | Angle: 0.0°/360.0° | Progress: 0.0% | Inside: 0.21 | End OK: True
[Step 266] Phase: 6  | Turn: 1/1 | Angle: 0.0°/360.0° | Progress: 0.0% | Inside: 0.21 | End OK: True
[Step 267] Phase: 6  | Turn: 1/1 | Angle: 0.0°/360.0° | Progress: 0.0% | Inside: 0.21 | End OK: True
[Step 268] Phase: 6  | Turn: 1/1 | Angle: 0.0°/360.0° | Progress: 0.0% | Inside: 0.21 | End OK: True
[Step 269] Phase: 6  | Turn: 1/1 | Angle: 0.0°/360.0° | Progress: 0.0% | Inside: 0.21 | End OK: True
[Step 270] Phase: 6  | Turn: 1/1 | Angle: 0.0°/360.0° | Progress: 0.0% | Inside: 0.21 | End OK: True
[Step 271] Phase: 6  | Turn: 1/1 | Angle: 0.0°/360.0° | Progress: 0.0% | Inside: 0.21 | End OK: True
[Step 272] Phase: 6  | Turn: 1/1 | Angle: 0.0°/360.0° | Progress: 0.0% | Inside: 0.21 | End OK: True
[Step 273] Phase: 6  | Turn: 1/1 | Angle: 0.0°/360.0° | Progress: 0.0% | Inside: 0.21 | End OK: True
[Step 274] Phase: 6  | Turn: 1/1 | Angle: 0.0°/360.0° | Progress: 0.0% | Inside: 0.21 | End OK: True
[Step 275] Phase: 7  | Turn: 1/1 | Angle: 0.0°/360.0° | Progress: 0.0% | Inside: 0.21 | End OK: True
[Step 276] Phase: 7  | Turn: 1/1 | Angle: 0.0°/360.0° | Progress: 0.0% | Inside: 0.21 | End OK: True
[Step 277] Phase: 7  | Turn: 1/1 | Angle: 0.0°/360.0° | Progress: 0.0% | Inside: 0.21 | End OK: True
[Step 278] Phase: 7  | Turn: 1/1 | Angle: 0.0°/360.0° | Progress: 0.0% | Inside: 0.21 | End OK: True
[Step 279] Phase: 7  | Turn: 1/1 | Angle: 0.0°/360.0° | Progress: 0.0% | Inside: 0.21 | End OK: True
[Step 280] Phase: 7  | Turn: 1/1 | Angle: 0.0°/360.0° | Progress: 0.0% | Inside: 0.21 | End OK: True
[Step 281] Phase: 7  | Turn: 1/1 | Angle: 0.0°/360.0° | Progress: 0.0% | Inside: 0.21 | End OK: True
[Step 282] Phase: 7  | Turn: 1/1 | Angle: 0.0°/360.0° | Progress: 0.0% | Inside: 0.21 | End OK: True
[Step 283] Phase: 7  | Turn: 1/1 | Angle: 0.0°/360.0° | Progress: 0.0% | Inside: 0.21 | End OK: True
[Step 284] Phase: 7  | Turn: 1/1 | Angle: 0.0°/360.0° | Progress: 0.0% | Inside: 0.21 | End OK: True
[Step 285] Phase: 7  | Turn: 1/1 | Angle: 0.0°/360.0° | Progress: 0.0% | Inside: 0.21 | End OK: True
[Step 286] Phase: 7  | Turn: 1/1 | Angle: 0.0°/360.0° | Progress: 0.0% | Inside: 0.21 | End OK: True
[Step 287] Phase: 7  | Turn: 1/1 | Angle: 0.0°/360.0° | Progress: 0.0% | Inside: 0.21 | End OK: True
[Step 288] Phase: 7  | Turn: 1/1 | Angle: 0.0°/360.0° | Progress: 0.0% | Inside: 0.21 | End OK: True
[Step 289] Phase: 7  | Turn: 1/1 | Angle: 0.0°/360.0° | Progress: 0.0% | Inside: 0.21 | End OK: True
[Step 290] Phase: 7  | Turn: 1/1 | Angle: 0.0°/360.0° | Progress: 0.0% | Inside: 0.21 | End OK: True
[Step 291] Phase: 7  | Turn: 1/1 | Angle: 0.0°/360.0° | Progress: 0.0% | Inside: 0.21 | End OK: True
[Step 292] Phase: 7  | Turn: 1/1 | Angle: 0.0°/360.0° | Progress: 0.0% | Inside: 0.21 | End OK: True
[Step 293] Phase: 7  | Turn: 1/1 | Angle: 0.0°/360.0° | Progress: 0.0% | Inside: 0.21 | End OK: True
[Step 294] Phase: 7  | Turn: 1/1 | Angle: 0.0°/360.0° | Progress: 0.0% | Inside: 0.21 | End OK: True
[Step 295] Phase: 7  | Turn: 1/1 | Angle: 0.0°/360.0° | Progress: 0.0% | Inside: 0.29 | End OK: True
[Step 296] Phase: 8  | Turn: 1/1 | Angle: 0.0°/360.0° | Progress: 0.0% | Inside: 0.29 | End OK: True
[Step 297] Phase: 8  | Turn: 1/1 | Angle: 0.0°/360.0° | Progress: 0.0% | Inside: 0.29 | End OK: True
[Step 298] Phase: 8  | Turn: 1/1 | Angle: 0.0°/360.0° | Progress: 0.0% | Inside: 0.29 | End OK: True
[Step 299] Phase: 8  | Turn: 1/1 | Angle: 0.0°/360.0° | Progress: 0.0% | Inside: 0.29 | End OK: True
[Step 300] Phase: 8  | Turn: 1/1 | Angle: 0.0°/360.0° | Progress: 0.0% | Inside: 0.29 | End OK: True
  [ep 0/1, attempt 6] step 301/530  terminated=False  truncated=False
[Step 301] Phase: 8  | Turn: 1/1 | Angle: 0.0°/360.0° | Progress: 0.0% | Inside: 0.29 | End OK: True
[Step 302] Phase: 8  | Turn: 1/1 | Angle: 0.0°/360.0° | Progress: 0.0% | Inside: 0.29 | End OK: True
[Step 303] Phase: 8  | Turn: 1/1 | Angle: 0.0°/360.0° | Progress: 0.0% | Inside: 0.29 | End OK: True
[Step 304] Phase: 8  | Turn: 1/1 | Angle: 0.0°/360.0° | Progress: 0.0% | Inside: 0.29 | End OK: True
[Step 305] Phase: 8  | Turn: 1/1 | Angle: 0.0°/360.0° | Progress: 0.0% | Inside: 0.29 | End OK: True
[Step 306] Phase: 8  | Turn: 1/1 | Angle: 0.0°/360.0° | Progress: 0.0% | Inside: 0.29 | End OK: True
[Step 307] Phase: 8  | Turn: 1/1 | Angle: 0.0°/360.0° | Progress: 0.0% | Inside: 0.29 | End OK: True
[Step 308] Phase: 8  | Turn: 1/1 | Angle: 0.0°/360.0° | Progress: 0.0% | Inside: 0.29 | End OK: True
[Step 309] Phase: 8  | Turn: 1/1 | Angle: 0.0°/360.0° | Progress: 0.0% | Inside: 0.29 | End OK: True
[Step 310] Phase: 8  | Turn: 1/1 | Angle: 0.0°/360.0° | Progress: 0.0% | Inside: 0.29 | End OK: True
[Step 311] Phase: 8  | Turn: 1/1 | Angle: 0.0°/360.0° | Progress: 0.0% | Inside: 0.29 | End OK: True
[Step 312] Phase: 8  | Turn: 1/1 | Angle: 0.0°/360.0° | Progress: 0.0% | Inside: 0.29 | End OK: True
[Step 313] Phase: 8  | Turn: 1/1 | Angle: 0.0°/360.0° | Progress: 0.0% | Inside: 0.29 | End OK: True
[Step 314] Phase: 8  | Turn: 1/1 | Angle: 0.0°/360.0° | Progress: 0.0% | Inside: 0.29 | End OK: True
[Step 315] Phase: 8  | Turn: 1/1 | Angle: 0.0°/360.0° | Progress: 0.0% | Inside: 0.29 | End OK: True
[Step 316] Phase: 8  | Turn: 1/1 | Angle: 0.0°/360.0° | Progress: 0.0% | Inside: 0.29 | End OK: True
[Step 317] Phase: 8  | Turn: 1/1 | Angle: 0.0°/360.0° | Progress: 0.0% | Inside: 0.29 | End OK: True
[Step 318] Phase: 8  | Turn: 1/1 | Angle: 0.0°/360.0° | Progress: 0.0% | Inside: 0.29 | End OK: True
[Step 319] Phase: 8  | Turn: 1/1 | Angle: 0.0°/360.0° | Progress: 0.0% | Inside: 0.29 | End OK: True
[Step 320] Phase: 8  | Turn: 1/1 | Angle: 0.9°/360.0° | Progress: 0.3% | Inside: 0.29 | End OK: True
[Step 321] Phase: 8  | Turn: 1/1 | Angle: 5.1°/360.0° | Progress: 1.4% | Inside: 0.29 | End OK: True
[Step 322] Phase: 8  | Turn: 1/1 | Angle: 5.8°/360.0° | Progress: 1.6% | Inside: 0.29 | End OK: True
[Step 323] Phase: 8  | Turn: 1/1 | Angle: 7.6°/360.0° | Progress: 2.1% | Inside: 0.29 | End OK: True
[Step 324] Phase: 8  | Turn: 1/1 | Angle: 8.9°/360.0° | Progress: 2.5% | Inside: 0.29 | End OK: True
[Step 325] Phase: 8  | Turn: 1/1 | Angle: 11.3°/360.0° | Progress: 3.1% | Inside: 0.29 | End OK: True
[Step 326] Phase: 8  | Turn: 1/1 | Angle: 13.0°/360.0° | Progress: 3.6% | Inside: 0.29 | End OK: True
[Step 327] Phase: 8  | Turn: 1/1 | Angle: 14.8°/360.0° | Progress: 4.1% | Inside: 0.29 | End OK: True
[Step 328] Phase: 8  | Turn: 1/1 | Angle: 16.2°/360.0° | Progress: 4.5% | Inside: 0.29 | End OK: True
[Step 329] Phase: 8  | Turn: 1/1 | Angle: 17.3°/360.0° | Progress: 4.8% | Inside: 0.29 | End OK: True
[Step 330] Phase: 8  | Turn: 1/1 | Angle: 17.2°/360.0° | Progress: 4.8% | Inside: 0.29 | End OK: True
[Step 331] Phase: 8  | Turn: 1/1 | Angle: 19.7°/360.0° | Progress: 5.5% | Inside: 0.29 | End OK: True
[Step 332] Phase: 8  | Turn: 1/1 | Angle: 20.6°/360.0° | Progress: 5.7% | Inside: 0.29 | End OK: True
[Step 333] Phase: 8  | Turn: 1/1 | Angle: 22.3°/360.0° | Progress: 6.2% | Inside: 0.29 | End OK: True
[Step 334] Phase: 8  | Turn: 1/1 | Angle: 181.3°/360.0° | Progress: 50.4% | Inside: 0.29 | End OK: True
[Step 335] Phase: 8  | Turn: 1/1 | Angle: 179.1°/360.0° | Progress: 49.8% | Inside: 0.29 | End OK: True
[Step 336] Phase: 8  | Turn: 1/1 | Angle: 177.1°/360.0° | Progress: 49.2% | Inside: 0.29 | End OK: True
[Step 337] Phase: 8  | Turn: 1/1 | Angle: 174.8°/360.0° | Progress: 48.6% | Inside: 0.29 | End OK: True
[Step 338] Phase: 8  | Turn: 1/1 | Angle: 172.6°/360.0° | Progress: 47.9% | Inside: 0.29 | End OK: True
[Step 339] Phase: 8  | Turn: 1/1 | Angle: 170.6°/360.0° | Progress: 47.4% | Inside: 0.29 | End OK: True
[Step 340] Phase: 8  | Turn: 1/1 | Angle: 169.3°/360.0° | Progress: 47.0% | Inside: 0.29 | End OK: True
[Step 341] Phase: 8  | Turn: 1/1 | Angle: 168.6°/360.0° | Progress: 46.8% | Inside: 0.29 | End OK: True
[Step 342] Phase: 8  | Turn: 1/1 | Angle: 167.3°/360.0° | Progress: 46.5% | Inside: 0.29 | End OK: True
[Step 343] Phase: 8  | Turn: 1/1 | Angle: 166.3°/360.0° | Progress: 46.2% | Inside: 0.29 | End OK: True
[Step 344] Phase: 8  | Turn: 1/1 | Angle: 165.2°/360.0° | Progress: 45.9% | Inside: 0.29 | End OK: True
[Step 345] Phase: 8  | Turn: 1/1 | Angle: 164.2°/360.0° | Progress: 45.6% | Inside: 0.29 | End OK: True
[Step 346] Phase: 8  | Turn: 1/1 | Angle: 162.7°/360.0° | Progress: 45.2% | Inside: 0.29 | End OK: True
[Step 347] Phase: 8  | Turn: 1/1 | Angle: 161.4°/360.0° | Progress: 44.8% | Inside: 0.29 | End OK: True
[Step 348] Phase: 8  | Turn: 1/1 | Angle: 160.1°/360.0° | Progress: 44.5% | Inside: 0.36 | End OK: True
[Step 349] Phase: 8  | Turn: 1/1 | Angle: 158.4°/360.0° | Progress: 44.0% | Inside: 0.36 | End OK: True
[Step 350] Phase: 8  | Turn: 1/1 | Angle: 157.0°/360.0° | Progress: 43.6% | Inside: 0.36 | End OK: True
[Step 351] Phase: 8  | Turn: 1/1 | Angle: 155.8°/360.0° | Progress: 43.3% | Inside: 0.36 | End OK: True
[Step 352] Phase: 8  | Turn: 1/1 | Angle: 154.9°/360.0° | Progress: 43.0% | Inside: 0.36 | End OK: True
[Step 353] Phase: 8  | Turn: 1/1 | Angle: 153.1°/360.0° | Progress: 42.5% | Inside: 0.36 | End OK: True
[Step 354] Phase: 8  | Turn: 1/1 | Angle: 151.6°/360.0° | Progress: 42.1% | Inside: 0.36 | End OK: True
[Step 355] Phase: 8  | Turn: 1/1 | Angle: 150.2°/360.0° | Progress: 41.7% | Inside: 0.36 | End OK: True
[Step 356] Phase: 8  | Turn: 1/1 | Angle: 148.3°/360.0° | Progress: 41.2% | Inside: 0.36 | End OK: True
[Step 357] Phase: 8  | Turn: 1/1 | Angle: 146.3°/360.0° | Progress: 40.6% | Inside: 0.36 | End OK: True
[Step 358] Phase: 8  | Turn: 1/1 | Angle: 144.5°/360.0° | Progress: 40.1% | Inside: 0.36 | End OK: True
[Step 359] Phase: 8  | Turn: 1/1 | Angle: 142.5°/360.0° | Progress: 39.6% | Inside: 0.36 | End OK: True
[Step 360] Phase: 8  | Turn: 1/1 | Angle: 141.0°/360.0° | Progress: 39.2% | Inside: 0.36 | End OK: True
[Step 361] Phase: 9  | Turn: 1/1 | Angle: 139.4°/360.0° | Progress: 38.7% | Inside: 0.36 | End OK: True
[Step 362] Phase: 9  | Turn: 1/1 | Angle: 140.6°/360.0° | Progress: 39.1% | Inside: 0.36 | End OK: True
[Step 363] Phase: 9  | Turn: 1/1 | Angle: 142.0°/360.0° | Progress: 39.4% | Inside: 0.36 | End OK: True
[Step 364] Phase: 9  | Turn: 1/1 | Angle: 143.5°/360.0° | Progress: 39.9% | Inside: 0.36 | End OK: True
[Step 365] Phase: 9  | Turn: 1/1 | Angle: 144.2°/360.0° | Progress: 40.1% | Inside: 0.36 | End OK: True
[Step 366] Phase: 9  | Turn: 1/1 | Angle: 145.1°/360.0° | Progress: 40.3% | Inside: 0.36 | End OK: True
[Step 367] Phase: 9  | Turn: 1/1 | Angle: 146.1°/360.0° | Progress: 40.6% | Inside: 0.36 | End OK: True
[Step 368] Phase: 9  | Turn: 1/1 | Angle: 147.5°/360.0° | Progress: 41.0% | Inside: 0.36 | End OK: True
[Step 369] Phase: 9  | Turn: 1/1 | Angle: 147.7°/360.0° | Progress: 41.0% | Inside: 0.36 | End OK: True
[Step 370] Phase: 9  | Turn: 1/1 | Angle: 149.0°/360.0° | Progress: 41.4% | Inside: 0.36 | End OK: True
[Step 371] Phase: 9  | Turn: 1/1 | Angle: 148.3°/360.0° | Progress: 41.2% | Inside: 0.36 | End OK: True
[Step 372] Phase: 9  | Turn: 1/1 | Angle: 148.4°/360.0° | Progress: 41.2% | Inside: 0.36 | End OK: True
[Step 373] Phase: 9  | Turn: 1/1 | Angle: 148.5°/360.0° | Progress: 41.2% | Inside: 0.36 | End OK: True
[Step 374] Phase: 10 | Turn: 1/1 | Angle: 149.2°/360.0° | Progress: 41.5% | Inside: 0.36 | End OK: True
[Step 375] Phase: 10 | Turn: 1/1 | Angle: 149.9°/360.0° | Progress: 41.6% | Inside: 0.36 | End OK: True
[Step 376] Phase: 10 | Turn: 1/1 | Angle: 151.7°/360.0° | Progress: 42.2% | Inside: 0.36 | End OK: True
[Step 377] Phase: 10 | Turn: 1/1 | Angle: 152.4°/360.0° | Progress: 42.3% | Inside: 0.36 | End OK: True
[Step 378] Phase: 10 | Turn: 1/1 | Angle: 153.8°/360.0° | Progress: 42.7% | Inside: 0.36 | End OK: True
[Step 379] Phase: 10 | Turn: 1/1 | Angle: 155.3°/360.0° | Progress: 43.1% | Inside: 0.36 | End OK: True
[Step 380] Phase: 10 | Turn: 1/1 | Angle: 156.5°/360.0° | Progress: 43.5% | Inside: 0.36 | End OK: True
[Step 381] Phase: 10 | Turn: 1/1 | Angle: 157.0°/360.0° | Progress: 43.6% | Inside: 0.36 | End OK: True
[Step 382] Phase: 10 | Turn: 1/1 | Angle: 157.6°/360.0° | Progress: 43.8% | Inside: 0.36 | End OK: True
[Step 383] Phase: 10 | Turn: 1/1 | Angle: 158.1°/360.0° | Progress: 43.9% | Inside: 0.36 | End OK: True
[Step 384] Phase: 10 | Turn: 1/1 | Angle: 158.7°/360.0° | Progress: 44.1% | Inside: 0.36 | End OK: True
[Step 385] Phase: 10 | Turn: 1/1 | Angle: 159.3°/360.0° | Progress: 44.3% | Inside: 0.36 | End OK: True
[Step 386] Phase: 10 | Turn: 1/1 | Angle: 159.7°/360.0° | Progress: 44.4% | Inside: 0.36 | End OK: True
[Step 387] Phase: 10 | Turn: 1/1 | Angle: 160.1°/360.0° | Progress: 44.5% | Inside: 0.36 | End OK: True
[Step 388] Phase: 10 | Turn: 1/1 | Angle: 160.2°/360.0° | Progress: 44.5% | Inside: 0.36 | End OK: True
[Step 389] Phase: 10 | Turn: 1/1 | Angle: 160.0°/360.0° | Progress: 44.4% | Inside: 0.36 | End OK: True
[Step 390] Phase: 10 | Turn: 1/1 | Angle: 159.4°/360.0° | Progress: 44.3% | Inside: 0.43 | End OK: True
[Step 391] Phase: 10 | Turn: 1/1 | Angle: 158.5°/360.0° | Progress: 44.0% | Inside: 0.43 | End OK: True
[Step 392] Phase: 10 | Turn: 1/1 | Angle: 156.5°/360.0° | Progress: 43.5% | Inside: 0.43 | End OK: True
[Step 393] Phase: 10 | Turn: 1/1 | Angle: 154.9°/360.0° | Progress: 43.0% | Inside: 0.43 | End OK: True
[Step 394] Phase: 10 | Turn: 1/1 | Angle: 154.0°/360.0° | Progress: 42.8% | Inside: 0.43 | End OK: True
[Step 395] Phase: 10 | Turn: 1/1 | Angle: 152.7°/360.0° | Progress: 42.4% | Inside: 0.43 | End OK: True
[Step 396] Phase: 10 | Turn: 1/1 | Angle: 150.5°/360.0° | Progress: 41.8% | Inside: 0.43 | End OK: True
[Step 397] Phase: 10 | Turn: 1/1 | Angle: 148.0°/360.0° | Progress: 41.1% | Inside: 0.43 | End OK: True
[Step 398] Phase: 10 | Turn: 1/1 | Angle: 146.4°/360.0° | Progress: 40.7% | Inside: 0.43 | End OK: True
[Step 399] Phase: 10 | Turn: 1/1 | Angle: 146.6°/360.0° | Progress: 40.7% | Inside: 0.43 | End OK: True
[Step 400] Phase: 10 | Turn: 1/1 | Angle: 146.2°/360.0° | Progress: 40.6% | Inside: 0.43 | End OK: True
  [ep 0/1, attempt 6] step 401/530  terminated=False  truncated=False
[Step 401] Phase: 11 | Turn: 1/1 | Angle: 147.3°/360.0° | Progress: 40.9% | Inside: 0.43 | End OK: True
[Step 402] Phase: 11 | Turn: 1/1 | Angle: 150.0°/360.0° | Progress: 41.7% | Inside: 0.43 | End OK: True
[Step 403] Phase: 11 | Turn: 1/1 | Angle: 152.6°/360.0° | Progress: 42.4% | Inside: 0.43 | End OK: True
[Step 404] Phase: 11 | Turn: 1/1 | Angle: 158.1°/360.0° | Progress: 43.9% | Inside: 0.43 | End OK: True
[Step 405] Phase: 11 | Turn: 1/1 | Angle: 162.8°/360.0° | Progress: 45.2% | Inside: 0.43 | End OK: True
[Step 406] Phase: 11 | Turn: 1/1 | Angle: 168.3°/360.0° | Progress: 46.8% | Inside: 0.43 | End OK: True
[Step 407] Phase: 11 | Turn: 1/1 | Angle: 171.5°/360.0° | Progress: 47.6% | Inside: 0.43 | End OK: True
[Step 408] Phase: 11 | Turn: 1/1 | Angle: 174.0°/360.0° | Progress: 48.3% | Inside: 0.43 | End OK: True
[Step 409] Phase: 11 | Turn: 1/1 | Angle: 176.9°/360.0° | Progress: 49.1% | Inside: 0.50 | End OK: True
[Step 410] Phase: 11 | Turn: 1/1 | Angle: 178.7°/360.0° | Progress: 49.6% | Inside: 0.50 | End OK: True
[Step 411] Phase: 11 | Turn: 1/1 | Angle: 179.9°/360.0° | Progress: 50.0% | Inside: 0.50 | End OK: True
[Step 412] Phase: 11 | Turn: 1/1 | Angle: 181.1°/360.0° | Progress: 50.3% | Inside: 0.50 | End OK: True
[Step 413] Phase: 11 | Turn: 1/1 | Angle: 181.7°/360.0° | Progress: 50.5% | Inside: 0.50 | End OK: True
[Step 414] Phase: 11 | Turn: 1/1 | Angle: 182.6°/360.0° | Progress: 50.7% | Inside: 0.50 | End OK: True
[Step 415] Phase: 11 | Turn: 1/1 | Angle: 183.4°/360.0° | Progress: 50.9% | Inside: 0.50 | End OK: True
[Step 416] Phase: 11 | Turn: 1/1 | Angle: 184.7°/360.0° | Progress: 51.3% | Inside: 0.50 | End OK: True
[Step 417] Phase: 11 | Turn: 1/1 | Angle: 185.8°/360.0° | Progress: 51.6% | Inside: 0.57 | End OK: True
[Step 418] Phase: 11 | Turn: 1/1 | Angle: 187.7°/360.0° | Progress: 52.1% | Inside: 0.57 | End OK: True
[Step 419] Phase: 11 | Turn: 1/1 | Angle: 190.2°/360.0° | Progress: 52.8% | Inside: 0.57 | End OK: True
[Step 420] Phase: 11 | Turn: 1/1 | Angle: 192.8°/360.0° | Progress: 53.5% | Inside: 0.57 | End OK: True
[Step 421] Phase: 11 | Turn: 1/1 | Angle: 195.1°/360.0° | Progress: 54.2% | Inside: 0.57 | End OK: True
[Step 422] Phase: 11 | Turn: 1/1 | Angle: 197.3°/360.0° | Progress: 54.8% | Inside: 0.57 | End OK: True
[Step 423] Phase: 11 | Turn: 1/1 | Angle: 199.0°/360.0° | Progress: 55.3% | Inside: 0.57 | End OK: True
[Step 424] Phase: 11 | Turn: 1/1 | Angle: 200.8°/360.0° | Progress: 55.8% | Inside: 0.57 | End OK: True
[Step 425] Phase: 11 | Turn: 1/1 | Angle: 203.3°/360.0° | Progress: 56.5% | Inside: 0.57 | End OK: True
[Step 426] Phase: 11 | Turn: 1/1 | Angle: 205.5°/360.0° | Progress: 57.1% | Inside: 0.57 | End OK: True
[Step 427] Phase: 11 | Turn: 1/1 | Angle: 207.8°/360.0° | Progress: 57.7% | Inside: 0.57 | End OK: True
[Step 428] Phase: 11 | Turn: 1/1 | Angle: 210.4°/360.0° | Progress: 58.4% | Inside: 0.57 | End OK: True
[Step 429] Phase: 11 | Turn: 1/1 | Angle: 212.6°/360.0° | Progress: 59.0% | Inside: 0.57 | End OK: True
[Step 430] Phase: 11 | Turn: 1/1 | Angle: 215.0°/360.0° | Progress: 59.7% | Inside: 0.57 | End OK: True
[Step 431] Phase: 11 | Turn: 1/1 | Angle: 217.3°/360.0° | Progress: 60.4% | Inside: 0.57 | End OK: True
[Step 432] Phase: 11 | Turn: 1/1 | Angle: 219.9°/360.0° | Progress: 61.1% | Inside: 0.57 | End OK: True
[Step 433] Phase: 11 | Turn: 1/1 | Angle: 221.0°/360.0° | Progress: 61.4% | Inside: 0.57 | End OK: True
[Step 434] Phase: 11 | Turn: 1/1 | Angle: 222.2°/360.0° | Progress: 61.7% | Inside: 0.57 | End OK: True
[Step 435] Phase: 11 | Turn: 1/1 | Angle: 224.0°/360.0° | Progress: 62.2% | Inside: 0.57 | End OK: True
[Step 436] Phase: 11 | Turn: 1/1 | Angle: 225.1°/360.0° | Progress: 62.5% | Inside: 0.57 | End OK: True
[Step 437] Phase: 11 | Turn: 1/1 | Angle: 226.5°/360.0° | Progress: 62.9% | Inside: 0.57 | End OK: True
[Step 438] Phase: 11 | Turn: 1/1 | Angle: 226.8°/360.0° | Progress: 63.0% | Inside: 0.57 | End OK: True
[Step 439] Phase: 11 | Turn: 1/1 | Angle: 228.1°/360.0° | Progress: 63.4% | Inside: 0.57 | End OK: True
[Step 440] Phase: 11 | Turn: 1/1 | Angle: 230.1°/360.0° | Progress: 63.9% | Inside: 0.57 | End OK: True
[Step 441] Phase: 11 | Turn: 1/1 | Angle: 231.4°/360.0° | Progress: 64.3% | Inside: 0.57 | End OK: True
[Step 442] Phase: 11 | Turn: 1/1 | Angle: 232.0°/360.0° | Progress: 64.4% | Inside: 0.57 | End OK: True
[Step 443] Phase: 11 | Turn: 1/1 | Angle: 234.2°/360.0° | Progress: 65.0% | Inside: 0.57 | End OK: True
[Step 444] Phase: 11 | Turn: 1/1 | Angle: 240.7°/360.0° | Progress: 66.9% | Inside: 0.57 | End OK: True
[Step 445] Phase: 11 | Turn: 1/1 | Angle: 252.1°/360.0° | Progress: 70.0% | Inside: 0.57 | End OK: True
[Step 446] Phase: 11 | Turn: 1/1 | Angle: 266.7°/360.0° | Progress: 74.1% | Inside: 0.57 | End OK: True
[Step 447] Phase: 11 | Turn: 1/1 | Angle: 283.9°/360.0° | Progress: 78.9% | Inside: 0.57 | End OK: True
[Step 448] Phase: 11 | Turn: 1/1 | Angle: 296.4°/360.0° | Progress: 82.3% | Inside: 0.57 | End OK: True
[Step 449] Phase: 11 | Turn: 1/1 | Angle: 306.4°/360.0° | Progress: 85.1% | Inside: 0.64 | End OK: True
[Step 450] Phase: 11 | Turn: 1/1 | Angle: 314.3°/360.0° | Progress: 87.3% | Inside: 0.64 | End OK: True
[Step 451] Phase: 11 | Turn: 1/1 | Angle: 321.3°/360.0° | Progress: 89.2% | Inside: 0.64 | End OK: True
[Step 452] Phase: 11 | Turn: 1/1 | Angle: 328.0°/360.0° | Progress: 91.1% | Inside: 0.64 | End OK: True
[Step 453] Phase: 11 | Turn: 1/1 | Angle: 333.8°/360.0° | Progress: 92.7% | Inside: 0.64 | End OK: True
[Step 454] Phase: 11 | Turn: 1/1 | Angle: 338.7°/360.0° | Progress: 94.1% | Inside: 0.64 | End OK: True
[Step 455] Phase: 11 | Turn: 1/1 | Angle: 342.6°/360.0° | Progress: 95.2% | Inside: 0.64 | End OK: True
[Step 456] Phase: 11 | Turn: 1/1 | Angle: 346.1°/360.0° | Progress: 96.1% | Inside: 0.64 | End OK: True
[Step 457] Phase: 11 | Turn: 1/1 | Angle: 348.8°/360.0° | Progress: 96.9% | Inside: 0.64 | End OK: True
[Step 458] Phase: 11 | Turn: 1/1 | Angle: 350.5°/360.0° | Progress: 97.4% | Inside: 0.64 | End OK: True
[Step 459] Phase: 11 | Turn: 1/1 | Angle: 351.6°/360.0° | Progress: 97.7% | Inside: 0.64 | End OK: True
[Step 460] Phase: 11 | Turn: 1/1 | Angle: 352.4°/360.0° | Progress: 97.9% | Inside: 0.64 | End OK: True
[Step 461] Phase: 11 | Turn: 1/1 | Angle: 352.9°/360.0° | Progress: 98.0% | Inside: 0.64 | End OK: True
[Step 462] Phase: 11 | Turn: 1/1 | Angle: 353.2°/360.0° | Progress: 98.1% | Inside: 0.64 | End OK: True
[Step 463] Phase: 11 | Turn: 1/1 | Angle: 353.5°/360.0° | Progress: 98.2% | Inside: 0.64 | End OK: True
[Step 464] Phase: 11 | Turn: 1/1 | Angle: 353.7°/360.0° | Progress: 98.3% | Inside: 0.64 | End OK: True
[Step 465] Phase: 11 | Turn: 1/1 | Angle: 353.9°/360.0° | Progress: 98.3% | Inside: 0.64 | End OK: True
[Step 466] Phase: 11 | Turn: 1/1 | Angle: 354.2°/360.0° | Progress: 98.4% | Inside: 0.64 | End OK: True
[Step 467] Phase: 11 | Turn: 1/1 | Angle: 354.5°/360.0° | Progress: 98.5% | Inside: 0.64 | End OK: True
[Step 468] Phase: 11 | Turn: 1/1 | Angle: 354.7°/360.0° | Progress: 98.5% | Inside: 0.64 | End OK: True
[Step 469] Phase: 11 | Turn: 1/1 | Angle: 354.9°/360.0° | Progress: 98.6% | Inside: 0.64 | End OK: True
[Step 470] Phase: 11 | Turn: 1/1 | Angle: 355.1°/360.0° | Progress: 98.6% | Inside: 0.64 | End OK: True
[Step 471] Phase: 11 | Turn: 1/1 | Angle: 355.3°/360.0° | Progress: 98.7% | Inside: 0.64 | End OK: True
[Step 472] Phase: 11 | Turn: 1/1 | Angle: 355.5°/360.0° | Progress: 98.7% | Inside: 0.64 | End OK: True
[Step 473] Phase: 11 | Turn: 1/1 | Angle: 355.6°/360.0° | Progress: 98.8% | Inside: 0.64 | End OK: True
[Step 474] Phase: 12 | Turn: 1/1 | Angle: 355.8°/360.0° | Progress: 98.8% | Inside: 0.64 | End OK: True
[Step 475] Phase: 12 | Turn: 1/1 | Angle: 356.0°/360.0° | Progress: 98.9% | Inside: 0.64 | End OK: True
[Step 476] Phase: 12 | Turn: 1/1 | Angle: 356.1°/360.0° | Progress: 98.9% | Inside: 0.64 | End OK: True
[Step 477] Phase: 12 | Turn: 1/1 | Angle: 356.2°/360.0° | Progress: 98.9% | Inside: 0.64 | End OK: True
[Step 478] Phase: 12 | Turn: 1/1 | Angle: 356.2°/360.0° | Progress: 99.0% | Inside: 0.64 | End OK: True
[Step 479] Phase: 12 | Turn: 1/1 | Angle: 356.3°/360.0° | Progress: 99.0% | Inside: 0.64 | End OK: True
[Step 480] Phase: 12 | Turn: 1/1 | Angle: 356.3°/360.0° | Progress: 99.0% | Inside: 0.64 | End OK: True
[Step 481] Phase: 12 | Turn: 1/1 | Angle: 356.3°/360.0° | Progress: 99.0% | Inside: 0.64 | End OK: True
[Step 482] Phase: 12 | Turn: 1/1 | Angle: 356.4°/360.0° | Progress: 99.0% | Inside: 0.64 | End OK: True
[Step 483] Phase: 12 | Turn: 1/1 | Angle: 356.4°/360.0° | Progress: 99.0% | Inside: 0.64 | End OK: True
[Step 484] Phase: 12 | Turn: 1/1 | Angle: 356.5°/360.0° | Progress: 99.0% | Inside: 0.64 | End OK: True
[Step 485] Phase: 12 | Turn: 1/1 | Angle: 356.5°/360.0° | Progress: 99.0% | Inside: 0.64 | End OK: True
[Step 486] Phase: 12 | Turn: 1/1 | Angle: 356.5°/360.0° | Progress: 99.0% | Inside: 0.64 | End OK: True
[Step 487] Phase: 12 | Turn: 1/1 | Angle: 356.5°/360.0° | Progress: 99.0% | Inside: 0.64 | End OK: True
[Step 488] Phase: 12 | Turn: 1/1 | Angle: 356.6°/360.0° | Progress: 99.1% | Inside: 0.64 | End OK: True
[Step 489] Phase: 12 | Turn: 1/1 | Angle: 356.6°/360.0° | Progress: 99.0% | Inside: 0.64 | End OK: True
[Step 490] Phase: 12 | Turn: 1/1 | Angle: 356.5°/360.0° | Progress: 99.0% | Inside: 0.64 | End OK: True

=======================================================
🧵 [Episode Report] 绕线任务透视面板 | SUCCESS Step: 491/1000
=======================================================
📌 缠绕进度: 99.0% (要求: >= 90.0%)
⏳ 稳态保持帧数: 达标 (>= 20 steps)
-------------------------------------------------------
🏆 终局裁定: ✅ 绝对成功 (SUCCESS)
=======================================================

[Step 491] Phase: 12 | Turn: 1/1 | Angle: 356.5°/360.0° | Progress: 99.0% | Inside: 0.64 | End OK: True
  [ep 0/1, attempt 6] step 492/530  terminated=True  truncated=False
[Step 492] Phase: 12 | Turn: 1/1 | Angle: 356.5°/360.0° | Progress: 99.0% | Inside: 0.64 | End OK: True
[Step 493] Phase: 12 | Turn: 1/1 | Angle: 356.6°/360.0° | Progress: 99.1% | Inside: 0.64 | End OK: True
[Step 494] Phase: 12 | Turn: 1/1 | Angle: 356.7°/360.0° | Progress: 99.1% | Inside: 0.64 | End OK: True
[Step 495] Phase: 12 | Turn: 1/1 | Angle: 356.7°/360.0° | Progress: 99.1% | Inside: 0.64 | End OK: True
[Step 496] Phase: 12 | Turn: 1/1 | Angle: 356.7°/360.0° | Progress: 99.1% | Inside: 0.64 | End OK: True
[Step 497] Phase: 12 | Turn: 1/1 | Angle: 356.7°/360.0° | Progress: 99.1% | Inside: 0.64 | End OK: True
[Step 498] Phase: 12 | Turn: 1/1 | Angle: 356.8°/360.0° | Progress: 99.1% | Inside: 0.64 | End OK: True
[Step 499] Phase: 12 | Turn: 1/1 | Angle: 356.8°/360.0° | Progress: 99.1% | Inside: 0.64 | End OK: True
[Step 500] Phase: 12 | Turn: 1/1 | Angle: 356.8°/360.0° | Progress: 99.1% | Inside: 0.64 | End OK: True
[Step 501] Phase: 12 | Turn: 1/1 | Angle: 356.8°/360.0° | Progress: 99.1% | Inside: 0.64 | End OK: True
[Step 502] Phase: 12 | Turn: 1/1 | Angle: 356.8°/360.0° | Progress: 99.1% | Inside: 0.64 | End OK: True
[Step 503] Phase: 12 | Turn: 1/1 | Angle: 356.7°/360.0° | Progress: 99.1% | Inside: 0.64 | End OK: True
[Step 504] Phase: 12 | Turn: 1/1 | Angle: 356.7°/360.0° | Progress: 99.1% | Inside: 0.64 | End OK: True
[Step 505] Phase: 12 | Turn: 1/1 | Angle: 356.7°/360.0° | Progress: 99.1% | Inside: 0.64 | End OK: True
[Step 506] Phase: 12 | Turn: 1/1 | Angle: 356.9°/360.0° | Progress: 99.1% | Inside: 0.64 | End OK: True
[Step 507] Phase: 12 | Turn: 1/1 | Angle: 357.2°/360.0° | Progress: 99.2% | Inside: 0.64 | End OK: True
[Step 508] Phase: 12 | Turn: 1/1 | Angle: 357.5°/360.0° | Progress: 99.3% | Inside: 0.64 | End OK: True
[Step 509] Phase: 12 | Turn: 1/1 | Angle: 357.7°/360.0° | Progress: 99.4% | Inside: 0.64 | End OK: True
[Step 510] Phase: 12 | Turn: 1/1 | Angle: 357.8°/360.0° | Progress: 99.4% | Inside: 0.64 | End OK: True
[Step 511] Phase: 12 | Turn: 1/1 | Angle: 357.8°/360.0° | Progress: 99.4% | Inside: 0.64 | End OK: True
[Step 512] Phase: 12 | Turn: 1/1 | Angle: 357.8°/360.0° | Progress: 99.4% | Inside: 0.64 | End OK: True
[Step 513] Phase: 12 | Turn: 1/1 | Angle: 357.8°/360.0° | Progress: 99.4% | Inside: 0.64 | End OK: True
[Step 514] Phase: 12 | Turn: 1/1 | Angle: 357.8°/360.0° | Progress: 99.4% | Inside: 0.64 | End OK: True
[Step 515] Phase: 12 | Turn: 1/1 | Angle: 357.8°/360.0° | Progress: 99.4% | Inside: 0.64 | End OK: True
[Step 516] Phase: 12 | Turn: 1/1 | Angle: 357.6°/360.0° | Progress: 99.3% | Inside: 0.64 | End OK: True
[Step 517] Phase: 12 | Turn: 1/1 | Angle: 357.7°/360.0° | Progress: 99.4% | Inside: 0.64 | End OK: True
[Step 518] Phase: 12 | Turn: 1/1 | Angle: 357.9°/360.0° | Progress: 99.4% | Inside: 0.64 | End OK: True
[Step 519] Phase: 12 | Turn: 1/1 | Angle: 358.1°/360.0° | Progress: 99.5% | Inside: 0.64 | End OK: True
[Step 520] Phase: 12 | Turn: 1/1 | Angle: 358.3°/360.0° | Progress: 99.5% | Inside: 0.64 | End OK: True
[Step 521] Phase: 12 | Turn: 1/1 | Angle: 358.3°/360.0° | Progress: 99.5% | Inside: 0.64 | End OK: True
  [ep 0, attempt 6] Success at step 492, collected 30 extra steps.
  [Success Rate] overall: 16.7% (1/6) | moving avg (last 6): 16.7%
[ManiLadder Camera] stop_recording target=/mnt/gck_website/maniladder.github.io/generated_demos/WrapRope-v1/videos/orbit_camera_ep0.mp4
[38;5;159m[Genesis] [09:07:30] [INFO] Saving video to [38;5;121m"/mnt/gck_website/maniladder.github.io/generated_demos/WrapRope-v1/videos/orbit_camera_ep0.mp4"[0m[38;5;159m...[0m
[38;5;159m[Genesis] [09:07:33] [INFO] Video saved.[0m
  Saved video: /mnt/gck_website/maniladder.github.io/generated_demos/WrapRope-v1/videos/orbit_camera_ep0.mp4 exists=True
  Videos for episode 0 saved to /mnt/gck_website/maniladder.github.io/generated_demos/WrapRope-v1/videos

============================================================
Done. 1 demo trajectories (traj_0..traj_0) saved to /mnt/gck_website/maniladder.github.io/generated_demos
Final   [Success Rate] overall: 16.7% (1/6) | moving avg (last 6): 16.7%
============================================================
[38;5;159m[Genesis] [09:07:33] [INFO] 💤 Exiting Genesis and caching compiled kernels...[0m
[W 09/29/26 09:07:33.577 4061840] [offline_cache.h:run@186] Lock /home/gck/.cache/gstaichi/ticache/kernel_compilation_manager/ticache.lock failed. You can run 'ti cache clean -p /home/gck/.cache/gstaichi/ticache/kernel_compilation_manager' and try again.
[W 09/29/26 09:07:33.778 4061840] [kernel_compilation_manager.cpp:dump@104] Lock /home/gck/.cache/gstaichi/ticache/kernel_compilation_manager/ticache.lock failed. Please run 'ti cache clean -p /home/gck/.cache/gstaichi/ticache/kernel_compilation_manager' and try again.
[W 09/29/26 09:07:34.021 4061840] [ptx_cache.cpp:dump@92] Lock /home/gck/.cache/gstaichi/ticache/ptx_cache/ptxcache.lock failed. Please run 'ti cache clean -p /home/gck/.cache/gstaichi/ticache/ptx_cache' and try again.
